provenance,domain,family,input_group,selection_hash
SIMULATED,TD-SV1,Structured visuals,SIM-08-OOD-0000,321eb5528f464378e92e57cff3726515bb494313e39f123bbeb30149c59f2272
SIMULATED,TD-SV1,Structured visuals,SIM-08-OOD-0001,6f941be546e261eaa280f97ce74f9998d1e82b770a89a1acbb4d04a94e35c563
SIMULATED,TD-SV1,Structured visuals,SIM-08-OOD-0002,5165b43a60ccab84bcbe470167dcc0ab25269cc2d143df001d851b82c9c5979b
SIMULATED,TD-SV1,Structured visuals,SIM-08-OOD-0003,82eaf6151fa5fc0719fb7eaaa39a77301590ed7c03e876e718d76ad89c13cc5d
SIMULATED,TD-SV1,Structured visuals,SIM-08-OOD-0004,8049f43e42fc45dd09b29ccf86fc6992311f30d3c8ffbde2282dc0537fff9536
SIMULATED,TD-SV1,Structured visuals,SIM-08-OOD-0005,b601a4b0477cc80a7fc2bd3e8d7674dfbdddd930f62b95ad9281f0558ecd78f1
SIMULATED,TD-SV1,Structured visuals,SIM-08-OOD-0007,1bd79a8f3fac546600b7ce7716e76cd74b6b7cd8fb5c1cf491f2fd30b2b419d8
SIMULATED,TD-SV1,Structured visuals,SIM-08-OOD-0008,1fe6421f85bc3ea1def816d2bc2cd8fa71f90093c3045565b2cb7c5ad701ae08
SIMULATED,TD-SV1,Structured visuals,SIM-08-OOD-0009,2cacddd15625b86bbf31df6fa5d116941507e088948e61412f96c2643f5bbff5
SIMULATED,TD-SV1,Structured visuals,SIM-08-OOD-0010,4ac0d0ad7acb396f95da2bee21435d6d88a881dbd74998bf8998878489cdeaf4
SIMULATED,TD-SV1,Structured visuals,SIM-08-OOD-0012,3f05d8ccb210ec18927bb96164760a2e2261cf36ebb2f64a5c488fca0c7aeede
SIMULATED,TD-SV1,Structured visuals,SIM-08-OOD-0013,04ecccce7b1b0fe4a1732ce4b1dabd5e83344b3d409c7428aa8ee7bcbb7e58ee
SIMULATED,TD-SV1,Structured visuals,SIM-08-OOD-0014,89f4fc18d87751df132bd71da9a3dc744afabbcfc08e9929c1803918181b4d62
SIMULATED,TD-SV1,Structured visuals,SIM-08-OOD-0015,2d12e4682206dd1a1de3b8e275bede2970150a60cef8c1e0b96af3317cc58796
SIMULATED,TD-SV1,Structured visuals,SIM-08-OOD-0016,3d409f4e50e81baf06c2d58528def7accdb6705bda65f6ddea56d14a9eb510b9
SIMULATED,TD-SV1,Structured visuals,SIM-08-OOD-0018,4c26b98017363fb935ffcf116e766469eef3f1fa90d5c3345afccc07da973d1d
SIMULATED,TD-SV1,Structured visuals,SIM-08-OOD-0019,92ad41b7c5d6aa9c7509e8227ead5d52fa99c5bf6709f1ad3af57a732d38e263
SIMULATED,TD-SV1,Structured visuals,SIM-08-OOD-0020,18669f76b4cc4fbc07791f0a73eeb399fb015470f5f9a6bda817c7236d2dd92e
SIMULATED,TD-SV1,Structured visuals,SIM-08-OOD-0021,b64dfaa89e6b87923602d3331150c3e03b93b342bf77be2026339e951fe2d7a9
SIMULATED,TD-SV1,Structured visuals,SIM-08-OOD-0022,427fdf35d075da7e6d7b128a36bb4faaec969ada15c4f4991801aee6506d17fb
SIMULATED,TD-SV1,Structured visuals,SIM-08-OOD-0024,4be51887a930c42bb218376a7dbb0a372a012030ddb29510af510663f8d27684
SIMULATED,TD-SV1,Structured visuals,SIM-08-OOD-0025,800584cbb0258b2304baa57777baccb763d8cab793bc9b3a999834f90e434448
SIMULATED,TD-SV1,Structured visuals,SIM-08-OOD-0026,bd08d065f708512db589c67de05f1ab6b3f318571bac6456ec21b0b1139693e1
SIMULATED,TD-SV1,Structured visuals,SIM-08-OOD-0028,955f9f739beb97e58c7b6d6559c300e310a65997bef134668b50eacc774924c9
SIMULATED,TD-SV1,Structured visuals,SIM-08-OOD-0029,6375f7627300baa910bf6c02f23272223ca8396eeddadfcd9bb0cf141187a1a9
SIMULATED,TD-SV1,Structured visuals,SIM-08-OOD-0030,20713dd59e745c8bc5a5b8ff1d632615c79465bf861a050347a651b6fe0d7ac4
SIMULATED,TD-SV1,Structured visuals,SIM-08-OOD-0034,2518fdcd71589f6cc893a23463ff798fbe2fb16dcdef9f81ec84fe3e43470ff1
SIMULATED,TD-SV1,Structured visuals,SIM-08-OOD-0035,a4034af3a303840e1f5273f5eca9512cf8e1ccabbafe85ab813cd88b0924936e
SIMULATED,TD-SV1,Structured visuals,SIM-08-OOD-0038,7ddbc3d7fdebece52a8ea25a6b16afd2304a2da92bf948e4c24a2d672ff3f380
SIMULATED,TD-SV1,Structured visuals,SIM-08-OOD-0040,8beead95cbf54a8b0066c96175f0cfbec1120fff01aaa8c73410d8516c44c3eb
SIMULATED,TD-SV1,Structured visuals,SIM-08-OOD-0042,8cab72fc3982300105f5a42c82399ac37703350e64b3977ad7ce428a5ed2d7e2
SIMULATED,TD-SV1,Structured visuals,SIM-08-OOD-0043,7486ddca66236734dae6ac6e7f5d2750ff021d750f16db752776b4e76367483f
SIMULATED,TD-SV1,Structured visuals,SIM-08-OOD-0049,af46c2c84410c0b1300f292250e28e51707110a0a478e250908c4a4c445221b8
SIMULATED,TD-SV1,Structured visuals,SIM-08-OOD-0050,401d1dc45bfd68822b4e5f57af10c6b823c937837af18298a8fb3693c47cfd94
SIMULATED,TD-SV1,Structured visuals,SIM-08-OOD-0051,680a633da222f3c0d1a592dc71869193e78f4f840493cdd6285e12a5c8a9fd63
SIMULATED,TD-SV1,Structured visuals,SIM-08-OOD-0052,79c158617329e4142f74278192971370af3d2fdb3580eaede9bfbc803a536618
SIMULATED,TD-SV1,Structured visuals,SIM-08-OOD-0053,4560ccef7fbf559f8f18d53122b6c3c867d6e09162f71f93552ea9325364b7f8
SIMULATED,TD-SV1,Structured visuals,SIM-08-OOD-0054,18d45baf3698026105ca7c008ca7adef2a4989bf7795b187460ca4bd74ded905
SIMULATED,TD-SV1,Structured visuals,SIM-08-OOD-0055,20b20becfa373411b1100b59dd28a99a67a6f7349158587645cda602a157fa3b
SIMULATED,TD-SV1,Structured visuals,SIM-08-OOD-0056,4f4dc618902528534445595bb20531e6a78baa724f7ddc88dc0e396ff064466c
SIMULATED,TD-SV1,Structured visuals,SIM-08-OOD-0057,7e53ff4074749ccecae50d4918e23c24c91169d43fe0c63328a88fad49d689c0
SIMULATED,TD-SV1,Structured visuals,SIM-08-OOD-0058,90aa3fab4e5c9ddf88f0d5d0632d068d89fa196f4b3343a86f60497b6cb12270
SIMULATED,TD-SV1,Structured visuals,SIM-08-OOD-0059,943303b671f339e5f3b7c9b8cbb0aa87f7a8599720e4b6ec5e86f14b47536dff
SIMULATED,TD-SV1,Structured visuals,SIM-08-OOD-0060,2913a48dc62705732dcd9ec9ed2e2c5b6a284e6879042e76888f1af9abe7a10f
SIMULATED,TD-SV1,Structured visuals,SIM-08-OOD-0061,356fd43f96ce64629e23a0c5907ffafff628c021e54e4fead9925f62ff6bb8ae
SIMULATED,TD-SV1,Structured visuals,SIM-08-OOD-0062,571ac806a89c01af40de8448af2875b6c4d1be555c32d72869c39696eeaa89a6
SIMULATED,TD-SV1,Structured visuals,SIM-08-OOD-0063,5c9faba61c7ba7f6ecb509ad843b9ce780077081f05f16a53cbd146319805ce3
SIMULATED,TD-SV1,Structured visuals,SIM-08-OOD-0064,7457164c82e66cc24f7b76b6500f5f957bd0a3ab263e7533c44429d60fe54bce
SIMULATED,TD-SV1,Structured visuals,SIM-08-OOD-0065,82912fe71d9d8db9f1f26585ce86f35aeed7e1f8fafd33604020f3aa53498019
SIMULATED,TD-SV1,Structured visuals,SIM-08-OOD-0067,883c122d70cfaa205f5539f1547ff78286abdb0ff9e302bc378c9f3ffa580044
SIMULATED,TD-SV1,Structured visuals,SIM-08-OOD-0068,366b20c60b7c597cbfeeb07631f4675029c950bcad69987b1bf633d3266950ad
SIMULATED,TD-SV1,Structured visuals,SIM-08-OOD-0069,75e826164869e0a9105dc7edd7b9738bab8c73a9925415c7cb4f1dfd615da0a7
SIMULATED,TD-SV1,Structured visuals,SIM-08-OOD-0070,9962157ee3f780aa54d585b99af308c6e772b3cce829f6de829a595fba3a4c55
SIMULATED,TD-SV1,Structured visuals,SIM-08-OOD-0071,0bd35959c066e6c4fd6ef35accb4bcbbf6edff81605c3cda5e8cc093983f5055
SIMULATED,TD-SV1,Structured visuals,SIM-08-OOD-0074,3b5eb01e76b86c31f6edcea020a1c6353f5a9d373aa250c09579b966f70d68a0
SIMULATED,TD-SV1,Structured visuals,SIM-08-OOD-0075,329bdb6fba1b7fd008ccd361e102ef5e0ffc2efb4a2b9c41f5d2c3d0cdfb2486
SIMULATED,TD-SV1,Structured visuals,SIM-08-OOD-0076,55401049618a1460aa119352cbe01139821037f89e74ef1ed31f452f3fe12d41
SIMULATED,TD-SV1,Structured visuals,SIM-08-OOD-0077,3ad35f0b93c8dc0b680697bacc5eba707cd004f9811ebb7c92a8c5e5122f65ee
SIMULATED,TD-SV1,Structured visuals,SIM-08-OOD-0078,74e92f9bfce387c3738b7ae1840fcc83fa23d5be9c3e4976978765cdce492740
SIMULATED,TD-SV1,Structured visuals,SIM-08-OOD-0079,51cf6cc6c5ddd6f5803216cc06f6b1374d0c3197671725f0484a5dcff75070b6
SIMULATED,TD-SV1,Structured visuals,SIM-08-OOD-0080,6bba5270d8270c93309f20c8bcfbfaa936505a32a079f4e808717911dddd5196
SIMULATED,TD-SV1,Structured visuals,SIM-08-OOD-0081,a446dba04c0f9ef6d691e3c5040cacc6c249d648b413bd60dafd9661b62f888b
SIMULATED,TD-SV1,Structured visuals,SIM-08-OOD-0082,7f7b6ab2021b30053a7b72ee95a49874105193b1a6855b6f27c843afae77bdf5
SIMULATED,TD-SV1,Structured visuals,SIM-08-OOD-0083,14de4228e5b3db95ad8a318fd490d5e30207f4bc52199c36306a8ed2da63b2eb
SIMULATED,TD-SV1,Structured visuals,SIM-08-OOD-0084,95a9f4807420f4e3dded7030626fe958e7828b11d92fe4842f2736dc5357796a
SIMULATED,TD-SV1,Structured visuals,SIM-08-OOD-0085,1dc16f05896da0950789b42899066d96762c84b344f2cb40e06cddfd05d14187
SIMULATED,TD-SV1,Structured visuals,SIM-08-OOD-0086,541bf16ac3fa09a187ad8fec8c1c944a9243a5e77537c6f0bd1830c1f134cc20
SIMULATED,TD-SV1,Structured visuals,SIM-08-OOD-0087,643e1c4a296dde2d18df6c520142e9e7130eeba8719cc7dcab645b64e9ecbf9e
SIMULATED,TD-SV1,Structured visuals,SIM-08-OOD-0088,0b05e948448154f96cf153078408e3e917c5da013d6862e6469a12679f289554
SIMULATED,TD-SV1,Structured visuals,SIM-08-OOD-0089,8f01a85562d3c3355fb2946bac2864df4350d74c45268f62c3c39ee43dfc872d
SIMULATED,TD-SV1,Structured visuals,SIM-08-OOD-0091,74be14ee9cc6887e26c066953997ecb3f7ed7f563c6dbce792d2fa0942ff3b2d
SIMULATED,TD-SV1,Structured visuals,SIM-08-OOD-0092,b0239c2db3dbe27a006d7143296ec16bd6c06dec0e881a4fc4b75c54ef9ec480
SIMULATED,TD-SV1,Structured visuals,SIM-08-OOD-0093,7b9e58202f9205fb5be6534d5684f02ed856ead18b7ef6e173d5e3de3bbf6f6d
SIMULATED,TD-SV1,Structured visuals,SIM-08-OOD-0094,b0fddb5c1b22487628efea018c6bcd53597e8cb5dcc0e7eff03c3ebcf4782e03
SIMULATED,TD-SV1,Structured visuals,SIM-08-OOD-0095,57e1f6d7beec6a209a1f46bda4ed47b4bce8800a7ff9085f2191dae60f461449
SIMULATED,TD-SV1,Structured visuals,SIM-08-OOD-0098,b22f117a4cdbc9913470d2b3ccfa0b3573d1395677e6399880ef3ad1f6d701a7
SIMULATED,TD-SV1,Structured visuals,SIM-08-OOD-0099,95ca156918f6c8c093eee87e3b0840469987cd8db8132493c7fbdfe2cf5b0f27
SIMULATED,TD-SV1,Structured visuals,SIM-08-OOD-0101,48709d392029d2323ce4735a99d77d99a8a14a5c6affff617283325598b51df1
SIMULATED,TD-SV1,Structured visuals,SIM-08-OOD-0102,4a9d53d80dc610253c7d65f097667ce7541e75103d1a10b26a97bfdefc55b9ac
SIMULATED,TD-SV1,Structured visuals,SIM-08-OOD-0103,6cb8c9e398de14015573b22501a74daf66ee3759d4006b9f2bf5cdfe2eaa58cb
SIMULATED,TD-SV1,Structured visuals,SIM-08-OOD-0104,4c4e41327232fb6de79ce4dc049b95daa0f4769386f979049ea199310065d8f4
SIMULATED,TD-SV1,Structured visuals,SIM-08-OOD-0107,1ff4a3c6b7ce40cceb2a21fb81c2acc39e4f01ac42a137159b6c47be5dcc3075
SIMULATED,TD-SV1,Structured visuals,SIM-08-OOD-0108,7a57d9c12035b6a6e83f8be9331019a9070a1cb7d94179650b1536a67a02424c
SIMULATED,TD-SV1,Structured visuals,SIM-08-OOD-0109,b584b337b8f720219fcbcb87036bc57a961c2cff297eda8ed24438bf04002135
SIMULATED,TD-SV1,Structured visuals,SIM-08-OOD-0112,20c66c1365fd715904c04436e6004083c185471da04ea3f0824da724f6b414d8
SIMULATED,TD-SV1,Structured visuals,SIM-08-OOD-0113,6d79d0e07949cbefa7f1e2ab813cc8d0df878479f49be40e749e526013f22e1c
SIMULATED,TD-SV1,Structured visuals,SIM-08-OOD-0114,50adfc07c958fa3c14c904d9d6ca16d95832c1685a07a2fabc2ba9cbcb950654
SIMULATED,TD-SV1,Structured visuals,SIM-08-OOD-0116,12c6b07d78b79839eb80051295a1f0ca507224fc1288e9239e2eae4c6a05ccb9
SIMULATED,TD-SV1,Structured visuals,SIM-08-OOD-0117,acd76b20ee850b19c16e7762873cfbe873eefa540b45cc76e8a796298bbf3e53
SIMULATED,TD-SV1,Structured visuals,SIM-08-OOD-0119,37dcf4fdad6478fa035cb4b901a2c6ea73d54c9331e9d4c7e1bd9028a034e3ac
SIMULATED,TD-SV1,Structured visuals,SIM-08-OOD-0121,449951ad6595cae133fc2d35f53b35c845289bb100329f7881e6d859d55622b8
SIMULATED,TD-SV1,Structured visuals,SIM-08-OOD-0123,6b09ffb90e03ad1eb2901c2a8b22b710f1e8337aa8c35c483914142dd6773e70
SIMULATED,TD-SV1,Structured visuals,SIM-08-OOD-0125,bd26fda8d88f7c645b1ecee9bfc4766b51dcf577fcbe4e866daa4def0fe0e24c
SIMULATED,TD-SV1,Structured visuals,SIM-08-OOD-0126,9543b8b2a230b0aef02c1d8f60c3954918c8eeb677225a1977a69c2dc8555018
SIMULATED,TD-SV1,Structured visuals,SIM-08-OOD-0129,745f30829380eb1d5dd386ec256115f4f999d0a7174931d9b0735d1de5d18d82
SIMULATED,TD-SV1,Structured visuals,SIM-08-OOD-0130,09d53f08ff468297a7a39c0e6c1c0249cb2151e490029a17040ffa8766fe58e5
SIMULATED,TD-SV1,Structured visuals,SIM-08-OOD-0132,7d5f3194b6291596cf77d70def5ab00ef2e48fc0e4d8d66f388355a7b96c5eff
SIMULATED,TD-SV1,Structured visuals,SIM-08-OOD-0134,1db86b5d91f8641c550f5f424471f80ca016a8303bfb4d67d59ab01165cfe96a
SIMULATED,TD-SV1,Structured visuals,SIM-08-OOD-0135,9ac5de626b0411dc17297afc902c22bee3fbc9823cd1b025070a3e62c26f13bf
SIMULATED,TD-SV1,Structured visuals,SIM-08-OOD-0136,3c673abf29373e5e2f8ee282b6ff810c49c6072012a4b563f8051e431a370d85
SIMULATED,TD-SV1,Structured visuals,SIM-08-OOD-0137,54a8ae2ea950709c7c7522647a412bf588875e3f25222ac88e20131f3c13c4ec
SIMULATED,TD-SV1,Structured visuals,SIM-08-OOD-0138,0c7f276871bbdf99450044c01335f20bdcd719a7d92de599dddfa89bc0b0c63f
SIMULATED,TD-SV1,Structured visuals,SIM-08-OOD-0139,005603058aa301c53cdf3d098f226366c8af7dc81cdb769146ff2527bfa6f714
SIMULATED,TD-SV1,Structured visuals,SIM-08-OOD-0140,083d25a053f50639ca85d48262f882487ff2d98296e5a2f004f25b5e1bc50d67
SIMULATED,TD-SV1,Structured visuals,SIM-08-OOD-0141,674f25e0f2015ae6faa67f249b0bd135f38c1cab196afd02a16417d2dbf00d67
SIMULATED,TD-SV1,Structured visuals,SIM-08-OOD-0144,325e433f26e49e316c83c37492999ebeb77c12e82b855be5058cb0e737f22ba5
SIMULATED,TD-SV1,Structured visuals,SIM-08-OOD-0145,1a354e06b9b01995db1c0f31ef046163b6dc26a1d8605fe0bef72d50557d4219
SIMULATED,TD-SV1,Structured visuals,SIM-08-OOD-0146,ac33352e76832c6a04ba7d7c56937366f872b9111ced180156d4249644a80fdb
SIMULATED,TD-SV1,Structured visuals,SIM-08-OOD-0147,82f34f27cceee49cdb1bd6fef5c2ea4a3933b082717ad4567c0cc61a8cffb85a
SIMULATED,TD-SV1,Structured visuals,SIM-08-OOD-0148,62d78021fe095b1cb168f8ac292641965771514e7a02ae658d7b0e2da6b6edec
SIMULATED,TD-SV1,Structured visuals,SIM-08-OOD-0149,930488b4806f7d344ec25a4ecc090728022cc480e7f1bb5e88346ab5bcc60530
SIMULATED,TD-SV1,Structured visuals,SIM-08-OOD-0150,54f7019d1e1c66ad774530596386dd6740e2f1b1c73b5dc1c67edc17152e1e22
SIMULATED,TD-SV1,Structured visuals,SIM-08-OOD-0151,117cd595f87f6070f6f56f9d2111cc8d24352c86a57bcad3c646e1b8240dddb4
SIMULATED,TD-SV1,Structured visuals,SIM-08-OOD-0152,26a994aa4a444f84be0aa91839a37bac116828e5274320629c2a9455b75469f9
SIMULATED,TD-SV1,Structured visuals,SIM-08-OOD-0153,030665e0ced3544f50fea02ee7c42914169f78576a7361aedc3789cb39b404c5
SIMULATED,TD-SV1,Structured visuals,SIM-08-OOD-0154,9f1748fa2fe10e392c304ac78646f7dc3d9e3649b05e64e81fef294c2bfceb15
SIMULATED,TD-SV1,Structured visuals,SIM-08-OOD-0155,167af833e1ed451909ce079f5003d1e795c27af2f7fc65d5f268c6c7607e1828
SIMULATED,TD-SV1,Structured visuals,SIM-08-OOD-0156,7e61624b65624f54b74ace45448e41cb9074a2d9976d1fa5418ce136241ac17e
SIMULATED,TD-SV1,Structured visuals,SIM-08-OOD-0158,6724fcf7808d1c619791ede93b3f583e579fb6d23477919dcdb9784dfbbb7bc0
SIMULATED,TD-SV1,Structured visuals,SIM-08-OOD-0159,4bb8c4d223b25c5df4cb7dbd254fd74d403e4bed8b32bc63972ccad28722d10b
SIMULATED,TD-SV2,Structured visuals,SIM-04-OOD-0000,409b75c0ee4bc8ed0d449aa60caae9a34e06faccffb6973105ccfd9f2ae3f5ab
SIMULATED,TD-SV2,Structured visuals,SIM-04-OOD-0001,21bb53d81b0dde7fb526a862a7b0af455c661ced336b21a465605ab1c837bdef
SIMULATED,TD-SV2,Structured visuals,SIM-04-OOD-0002,95fdbc1c2c89bea13fa25d00bd167c1323300a31620c0b3051c706cc5c9505b1
SIMULATED,TD-SV2,Structured visuals,SIM-04-OOD-0003,2b8c41a18a303b59514ad6132663f45811afd71b95f85b600ec29ab87feef779
SIMULATED,TD-SV2,Structured visuals,SIM-04-OOD-0005,a826c954ddefcd07cc192892bfd21abb26b4e3ecfe065c7ddf38479f29057c75
SIMULATED,TD-SV2,Structured visuals,SIM-04-OOD-0006,13278705318a7a90f6b91e59d4fd2d4d67abfd22d972654beb24441b206bd909
SIMULATED,TD-SV2,Structured visuals,SIM-04-OOD-0007,689e2a069d287f4165bbb7ebc66ba08d0bf806095089abe36a5f680a417d9fe1
SIMULATED,TD-SV2,Structured visuals,SIM-04-OOD-0008,9e720824cd2cde0778df08f0f01fd272ba5e0a4ffc234a1159874e65ea4b2bf4
SIMULATED,TD-SV2,Structured visuals,SIM-04-OOD-0009,1bc237c6b25f0afe4edcdb831f2a789bf47a48c6f79390604c0ed264ffe09460
SIMULATED,TD-SV2,Structured visuals,SIM-04-OOD-0010,9c7fc8fa43de8feb94e5012f4009572519cea983ab65b40e7c547d4d2c3dda32
SIMULATED,TD-SV2,Structured visuals,SIM-04-OOD-0011,5662cf44f9914c56a88efbc0aa9179e7a1d6b7e6e0c7b52503324558e7b8aa1e
SIMULATED,TD-SV2,Structured visuals,SIM-04-OOD-0015,05de35263c63945b614f58e8d509a6826d76d75915fc145191d8bc615bdab7a1
SIMULATED,TD-SV2,Structured visuals,SIM-04-OOD-0017,735fb2b7febb39264618cf0e7f1f3093c1ce17f3aea67a47c42c3a9c2a761eb8
SIMULATED,TD-SV2,Structured visuals,SIM-04-OOD-0019,a1a3e9cd3a88e2c322707ca3784ca86649a74a808e637e30d24f7d3ddc4f7b27
SIMULATED,TD-SV2,Structured visuals,SIM-04-OOD-0020,1f1d1aa81929283067e048a14e58ef0577cfff15b11df2b617a382624810e1e6
SIMULATED,TD-SV2,Structured visuals,SIM-04-OOD-0021,04370f4c3c4231bf07f1daba8f7911a82f319d0c100715fcece7eec5a83deecb
SIMULATED,TD-SV2,Structured visuals,SIM-04-OOD-0022,7145f14e47572b25b0c0934cccb3adea8f06e38705f25a2348803624c9d1fd31
SIMULATED,TD-SV2,Structured visuals,SIM-04-OOD-0027,669ad62940ea9e8c19174ec0929865017b9978ea8e7429d6cf29eee92bf29b2b
SIMULATED,TD-SV2,Structured visuals,SIM-04-OOD-0028,c2cd3d5b6c5403d63e323ecfadb20f1b03f1924fe09a35339e00fc1f750353e4
SIMULATED,TD-SV2,Structured visuals,SIM-04-OOD-0029,82011e3b4d65c6b996d351b6c468238e753e67c2f5f235553d59762a0393e11c
SIMULATED,TD-SV2,Structured visuals,SIM-04-OOD-0030,696471dadaff67d389d124d8a60133d9c7594731428d2dbccb07daba97f7b07d
SIMULATED,TD-SV2,Structured visuals,SIM-04-OOD-0031,79f14f1dcd1064f4e1341c30a1bc8667ec001f15ebce79c777ba11d7d3e2cdf1
SIMULATED,TD-SV2,Structured visuals,SIM-04-OOD-0032,a32f67ab53d483f5ac176bf00f10822b3edc1a8ba13a71e723c239498e6370a2
SIMULATED,TD-SV2,Structured visuals,SIM-04-OOD-0033,3a77e24e863f06aa8053118db9f43e2fbe62a61650b36a62e1e877c4f14bc4d4
SIMULATED,TD-SV2,Structured visuals,SIM-04-OOD-0034,4c269dcadeac3355163b61d77e644b0b7b5e2ab5785a5bc273d59a3131bb03bd
SIMULATED,TD-SV2,Structured visuals,SIM-04-OOD-0035,48390be243a53d017f45f50b339662efc4b2486eeca937ca9bcfe941056bdafe
SIMULATED,TD-SV2,Structured visuals,SIM-04-OOD-0037,4df5e7b21a74a6b99a45fa15f42869961ac3b5fa918291c2b90ebb12c7289da8
SIMULATED,TD-SV2,Structured visuals,SIM-04-OOD-0039,4c6fe87b1ccd4c62727eb4755ccbbca6a32c6db2fd663e7159d55f27e7a18dd6
SIMULATED,TD-SV2,Structured visuals,SIM-04-OOD-0040,0d25fbcbbe9f2f56564814ed809a426f7e1dbca18fea74704f34185c9660f32d
SIMULATED,TD-SV2,Structured visuals,SIM-04-OOD-0042,3dab390a3848f79a779c07c64ff27b66075fd275c23c18f642814b74b259bf7f
SIMULATED,TD-SV2,Structured visuals,SIM-04-OOD-0043,21c22fa8dccb4ae78e246ea9f35de23cf8e68ab04022dba2bfd996ebc9c41672
SIMULATED,TD-SV2,Structured visuals,SIM-04-OOD-0044,68258c0db4980f88b3fb86ee6bdc5cf0104b546bdc8864284a89793f29eb38b0
SIMULATED,TD-SV2,Structured visuals,SIM-04-OOD-0045,c217473e8d62730f8394ea2d8223eb6382cdca9b563c85727b52d9e2c8e85df9
SIMULATED,TD-SV2,Structured visuals,SIM-04-OOD-0046,524d895cee772ea98481a5fc1bc5f91612773c8053c9148e46a3597a895e70d0
SIMULATED,TD-SV2,Structured visuals,SIM-04-OOD-0048,24e38b1f125e5439fd1b579f7fa3e780eaa1181335509def1f3a08b32669b3ce
SIMULATED,TD-SV2,Structured visuals,SIM-04-OOD-0049,7a0c32613e33bdf0b304bf8813811322f5b97db9a9b0c28e3cff2c1e3b59e655
SIMULATED,TD-SV2,Structured visuals,SIM-04-OOD-0050,bc8f024a456a6987a21a86bc74c2810f45ae0992076949c20df7910698c38b36
SIMULATED,TD-SV2,Structured visuals,SIM-04-OOD-0051,1ab8a9ca0f7bc1f7e5e91bb10a2ffe663aeaafefb50bf063b1eae9a58a8c4815
SIMULATED,TD-SV2,Structured visuals,SIM-04-OOD-0053,b4a9e7728b2b25a15451cc62a8c5a4cf854e168081e87fdaef1204e0bacde684
SIMULATED,TD-SV2,Structured visuals,SIM-04-OOD-0054,beb98f7a95b1d630bcbbfd32533b2e034b221f81b3d93518d689d2c47af5b9a6
SIMULATED,TD-SV2,Structured visuals,SIM-04-OOD-0055,c368e48fdf616e7602c09c27bec27237523c4014099a136b5a8eeb80738b41aa
SIMULATED,TD-SV2,Structured visuals,SIM-04-OOD-0056,42c1e94e865318c96ed07222fa15e83964832d466cbbc167caab9151fade2fbd
SIMULATED,TD-SV2,Structured visuals,SIM-04-OOD-0057,bcb8e3ce96df5f8cd029e184ecbec820b7d3e700f89d57993491f141efc5b73c
SIMULATED,TD-SV2,Structured visuals,SIM-04-OOD-0058,62ab7043228b170f8cb17eb2332d2fe341434d4f1288f0281f7439c88aff86b0
SIMULATED,TD-SV2,Structured visuals,SIM-04-OOD-0061,50f3fc89d8ee401dc31c98a24d191d4f7af1dcb7726db11cda9c78a05b8d360d
SIMULATED,TD-SV2,Structured visuals,SIM-04-OOD-0062,b90b80b579206b6c4e02f53a0857669b5ffff64bfd5c1838ffd94038289a3b9e
SIMULATED,TD-SV2,Structured visuals,SIM-04-OOD-0063,68db173dd06c6113ed380e178d5319e3364bb78091d40afef7429240e893677c
SIMULATED,TD-SV2,Structured visuals,SIM-04-OOD-0064,0e8a39614521be396cc9cfae62e1db89b6b965cd5f90876706c29f816c09f47e
SIMULATED,TD-SV2,Structured visuals,SIM-04-OOD-0065,1f3283a9b90bc6e73cc5674621df63fb1230ea31d9bec9f2aecf5bf7433ece6f
SIMULATED,TD-SV2,Structured visuals,SIM-04-OOD-0066,424fdd291b7e4506325930110a547d5a034ff771a32fba5637932df4bc50929e
SIMULATED,TD-SV2,Structured visuals,SIM-04-OOD-0067,3ab5956a51f5b986dcb20836b626179bdc0a262dc4b8037e43ea5c3391f9b725
SIMULATED,TD-SV2,Structured visuals,SIM-04-OOD-0069,c2240c52f1a0cbc652c4a7f696b7d6adbb3eb37213681f8aec4ac0f9a3018684
SIMULATED,TD-SV2,Structured visuals,SIM-04-OOD-0074,9b4e6b7ff6f60433add5e80357b0ef247b8721bec8b6d511d7c0bd5f485721ae
SIMULATED,TD-SV2,Structured visuals,SIM-04-OOD-0075,a52e3dc2a57d38520b519dcac509231f78aceb185532aca8b2968b8c9c41b7c1
SIMULATED,TD-SV2,Structured visuals,SIM-04-OOD-0076,169bcb720f19c3b4daa239bc84af8641c33d7ab0492c9ffa94db9febbf1c98be
SIMULATED,TD-SV2,Structured visuals,SIM-04-OOD-0077,88dc328b1805f4513741296dc472388b8ce16374fa3851cc45959a24af9133c1
SIMULATED,TD-SV2,Structured visuals,SIM-04-OOD-0078,8255d7c497efb985c969a7099d90232e23b469a7c12d4767f125b751802aca8e
SIMULATED,TD-SV2,Structured visuals,SIM-04-OOD-0079,675ee24b858bd309241053b4efcd0cf71e677480c54b4d0dedf303fd18c0ebba
SIMULATED,TD-SV2,Structured visuals,SIM-04-OOD-0080,2f761362882316f2e8f1906595edb6f3f1a601a1da9fac77738aed71a7242ff9
SIMULATED,TD-SV2,Structured visuals,SIM-04-OOD-0081,190c6fa85388a3b8ba6149926829a04b50a841e7c6e9735fd00c4c608b8b6036
SIMULATED,TD-SV2,Structured visuals,SIM-04-OOD-0082,3cf2679ef2711ec2d76c6918791298e33a5d73cdb87514175caa64685c578224
SIMULATED,TD-SV2,Structured visuals,SIM-04-OOD-0083,12053d00c7c4de869216f2f415d8d443e886843c34032688d965aae1d240c69a
SIMULATED,TD-SV2,Structured visuals,SIM-04-OOD-0084,91569d406b9b40600bebf76b81a9b01032204fc80ef19c4b949b1e6845407593
SIMULATED,TD-SV2,Structured visuals,SIM-04-OOD-0085,0791516a66d74e4fc50940df16b89ebddcf4b10f815d94ddc89d5e073d8b53e8
SIMULATED,TD-SV2,Structured visuals,SIM-04-OOD-0086,ab5869b7c169a3fde3c4226a7ecaab9d860f93f1d6edc51e4fc8aae26933a837
SIMULATED,TD-SV2,Structured visuals,SIM-04-OOD-0087,c46f36d7a7ffdc5195296c91c99cc4e2fa0d9b166b7e85bd2a6ace8c064c4e08
SIMULATED,TD-SV2,Structured visuals,SIM-04-OOD-0088,547ddc1f88978a5793fae8c3cc1063ad4a98bd07e8d6d491073fc69d155d7f49
SIMULATED,TD-SV2,Structured visuals,SIM-04-OOD-0089,7923738f6ccc579e22a1e0bb0a0ececd53b9513650324a043b0f704df43ed819
SIMULATED,TD-SV2,Structured visuals,SIM-04-OOD-0090,c133538d7371602072c427a09299ba215e391c58ae658fdc9c33c1d07f2f96d6
SIMULATED,TD-SV2,Structured visuals,SIM-04-OOD-0092,c1163949c3dc087faadb7fc36f568e7602da904fd80f6304981a8e36ec5f15c5
SIMULATED,TD-SV2,Structured visuals,SIM-04-OOD-0094,a11586a50c70dda788848c037172aaab64b61f51cbb14994df702ab32bde6d03
SIMULATED,TD-SV2,Structured visuals,SIM-04-OOD-0095,b3772768bcb7677dc00101af8e99dd90d85bfb2cf46a9cd30bdc29354d9d1c34
SIMULATED,TD-SV2,Structured visuals,SIM-04-OOD-0096,1eb7e50db7e7411ac1f35d6cb1139af0f524b21e4cf4ad6e32d09873f4960977
SIMULATED,TD-SV2,Structured visuals,SIM-04-OOD-0097,879c6a9ad8c436fde2b111d70fdec4b5cec1ed7875c0bd118411dcfeee8cac08
SIMULATED,TD-SV2,Structured visuals,SIM-04-OOD-0098,304acc55f5f7b61a53a4f49c3d0febc46bc4c6eccd56a60fabcec51e544acc3b
SIMULATED,TD-SV2,Structured visuals,SIM-04-OOD-0099,9c5e22ce85043d464d7219b260709f99cf8b35fbce06d66a31c77cd14e9d1ce4
SIMULATED,TD-SV2,Structured visuals,SIM-04-OOD-0100,54d3efa089bfac4148c0e08d229032b83a682405da062cf9aef9e6817c5464ac
SIMULATED,TD-SV2,Structured visuals,SIM-04-OOD-0101,0fb365c4b1e19229017418c77de93062f51fee77dbb03f15dffcf641b1e65478
SIMULATED,TD-SV2,Structured visuals,SIM-04-OOD-0102,752794eb87dc0e00d04bcf126eeb7c9388e21cab3a1cf360c6a0ce7ff08b524d
SIMULATED,TD-SV2,Structured visuals,SIM-04-OOD-0103,3c12159e0c960a0361e947459dabcc3b2f1443307174450fcd2ea429ddb8392c
SIMULATED,TD-SV2,Structured visuals,SIM-04-OOD-0105,3a32cdbcc1df19989a41261bc423e4372b9f8bdfe02f8577aeddb71eb752f85d
SIMULATED,TD-SV2,Structured visuals,SIM-04-OOD-0106,2d4d53dcf0390668257254447fe48ddad9700f26611a2a387771e0fd81a629f1
SIMULATED,TD-SV2,Structured visuals,SIM-04-OOD-0107,84bf5533706ceff77a2712be30a16425eced2746e3f9781f26d1119d9158500e
SIMULATED,TD-SV2,Structured visuals,SIM-04-OOD-0108,5f98a840ce2d7712903c03cba01b8031e7f1fdf8b6fb8ba31bbf149fbe3050db
SIMULATED,TD-SV2,Structured visuals,SIM-04-OOD-0109,0af44806d59cc837cf3a025aee9534ac49b1921dba6c0e9d90f83d3c72f8c043
SIMULATED,TD-SV2,Structured visuals,SIM-04-OOD-0111,90c771a49a8c2966a6c47261c49346d3b5b6888692f54bfe32b3e6ecfb078b4c
SIMULATED,TD-SV2,Structured visuals,SIM-04-OOD-0112,54732df52817d596fb2f3b507100f81cdba6a128de7b0d4e523093af02ac0989
SIMULATED,TD-SV2,Structured visuals,SIM-04-OOD-0115,91f88cd0bd7bbbf856069e35bfd130eee1fca8023be8948f1c87eaca304c23da
SIMULATED,TD-SV2,Structured visuals,SIM-04-OOD-0116,6fa0a52c57b65cf9adee80d89398b30f6b737e3d3a8f9e9b4cbcffa67ae252e0
SIMULATED,TD-SV2,Structured visuals,SIM-04-OOD-0117,1ca1fd1d00c73f95327207182a67785758e7f15f061fe4342bc8755f3a8d7d7e
SIMULATED,TD-SV2,Structured visuals,SIM-04-OOD-0118,38f9e8401be11d8796ac67dfee07f5ad38ec2f24bb88737e69d294e1ad6353c8
SIMULATED,TD-SV2,Structured visuals,SIM-04-OOD-0119,7131f646e263120f39c741ea02ed0f732bd1d1c581b81d18755998ccc6352422
SIMULATED,TD-SV2,Structured visuals,SIM-04-OOD-0120,9fea3df74bf4bb535d7af45554f14de0d83ab0199745835d9cb13b471a48e12d
SIMULATED,TD-SV2,Structured visuals,SIM-04-OOD-0121,7f6901733e798dae5724bacf37433ee83cc49e36670ba11ce469aa9ff31d8f5d
SIMULATED,TD-SV2,Structured visuals,SIM-04-OOD-0124,3225028c342b9be61f88f400f3face7c646230920f6c8e7961159bd3868cd142
SIMULATED,TD-SV2,Structured visuals,SIM-04-OOD-0126,3ea43206aef4c9a455a4fd593ef86a89e8a43bb6db8663e2f50dcc677ba05a9a
SIMULATED,TD-SV2,Structured visuals,SIM-04-OOD-0129,78abf209d643503d7e4048dc133a57616d8a3d74ac020b265aa63b9f600758e4
SIMULATED,TD-SV2,Structured visuals,SIM-04-OOD-0130,be715902a4547d6c5d100eaffb0aa019ca263984f1e23aa7f9b1097748a8c344
SIMULATED,TD-SV2,Structured visuals,SIM-04-OOD-0131,6636f8d58ffae5341e424ea44106192c38812db6c5d71710cc824a6dc25da208
SIMULATED,TD-SV2,Structured visuals,SIM-04-OOD-0132,21333357f444548493e15695091c7ca8a18170b61f8ab2243d052ad366ba2b0d
SIMULATED,TD-SV2,Structured visuals,SIM-04-OOD-0133,7d74c589e7781ef008c331dadb16690aef2aed5c948c8bbd5c150a1c734504ee
SIMULATED,TD-SV2,Structured visuals,SIM-04-OOD-0135,858479098071b0abb4a3546923ad8a50932ddeaf10ad4fc4b981cae3ee81d5a7
SIMULATED,TD-SV2,Structured visuals,SIM-04-OOD-0137,b0d067b2c7a65fde86f84c6a44c59e58fa6e24f5c48727137b9001400dee1ecf
SIMULATED,TD-SV2,Structured visuals,SIM-04-OOD-0138,22463eb7ce0884e033bc77184c1b8115921538633f2ff5fe2f62d48c6e16cc8c
SIMULATED,TD-SV2,Structured visuals,SIM-04-OOD-0139,c341b0849700803c2b24ea1651da57e2159f595328fdb29f202adae0d990d50e
SIMULATED,TD-SV2,Structured visuals,SIM-04-OOD-0140,18545aebaeab1668b4b6771e60bc50d5eda24f7f206187a82a83d59d0b521a54
SIMULATED,TD-SV2,Structured visuals,SIM-04-OOD-0142,b5c12a15b7ce4cb314b2f47a8a1a87d2bd753a2e05d81843bb1e679483ef629c
SIMULATED,TD-SV2,Structured visuals,SIM-04-OOD-0143,444a7498ee7794eec9a49c2416b63e49f06a0a7de4d938ad69d2e80b3edf9920
SIMULATED,TD-SV2,Structured visuals,SIM-04-OOD-0144,06638c614147a6dc1de269342cf58c60b82eee7cf53f5551bb58b68d3d0d1af9
SIMULATED,TD-SV2,Structured visuals,SIM-04-OOD-0146,1b96ded831933ad21150bb132fcc440489782e2ed6fc1796ceea9cc4d54d4e3b
SIMULATED,TD-SV2,Structured visuals,SIM-04-OOD-0147,725cb7017c34181b197d775d99c6c2f90d6b6087ca28a32facc07ab1dfd49c47
SIMULATED,TD-SV2,Structured visuals,SIM-04-OOD-0149,abc66ca5c9ae30c65dad749dc29fe78979c12ea6a8344da365186d74cef6040f
SIMULATED,TD-SV2,Structured visuals,SIM-04-OOD-0151,a2b0c6f43291beedb7b8cb35f2635f59d3df9ef9f03a0bf33c26f6b209e25d13
SIMULATED,TD-SV2,Structured visuals,SIM-04-OOD-0152,1090209ddd645c1907bb3bb68b36251b73c9576f6c1e34c3ac7588f83d6d5418
SIMULATED,TD-SV2,Structured visuals,SIM-04-OOD-0153,04598894aed240cb5412be42eaae6c584d7db51136d132f19f742c5bbc9a6cbf
SIMULATED,TD-SV2,Structured visuals,SIM-04-OOD-0154,2f5c78caf7ce078ef306e146a427908ce4caeb8800910f3114ca4fa73949d253
SIMULATED,TD-SV2,Structured visuals,SIM-04-OOD-0155,37ccddb8a7149f67ca6ae3f2bf3efbc1e906dc4c6cddf79be49a4ed24b515b2e
SIMULATED,TD-SV2,Structured visuals,SIM-04-OOD-0156,4cec3a8878d78758e8de9d3a6d81208cdfd8c0f781857d3e6e31b7a39e3a102e
SIMULATED,TD-SV2,Structured visuals,SIM-04-OOD-0158,1b364cbf7d04831c331b68ad1287639bd0839bed00ab44703967d3903b3c5f5b
SIMULATED,TD-SV2,Structured visuals,SIM-04-OOD-0159,1f7f3a6dde676847a57b81728817c1b960846a1ab5933a2f15ce39e37a8d2e63
SIMULATED,TD-SV3,Structured visuals,SIM-09-OOD-0000,887e0354fad3885a9e145dd1f6440a448dac47dc887b0e84165c9d813b93916f
SIMULATED,TD-SV3,Structured visuals,SIM-09-OOD-0003,19a2181e0a7bd68ebbe71cf6889bdf6ed431318b43ff94c2cbfbb806f7770cf2
SIMULATED,TD-SV3,Structured visuals,SIM-09-OOD-0005,156415a236599420c4507cba6c0080ae2fd7d622634c29cffadae78e9caf7c17
SIMULATED,TD-SV3,Structured visuals,SIM-09-OOD-0007,21b6994c617e635caaeb11078f039cc7de2cfd0ba28d6d091c0fb8116a438196
SIMULATED,TD-SV3,Structured visuals,SIM-09-OOD-0010,1c7f24e821aedc28917d0fd04f57c68c3654fa3e7f8bd41468d2b6f4810da368
SIMULATED,TD-SV3,Structured visuals,SIM-09-OOD-0011,0bbb85bc81234013baae5b62d94bebbf8b069a7e78d72d2eef402166ea9169ab
SIMULATED,TD-SV3,Structured visuals,SIM-09-OOD-0012,3e76270be12c14682c082996d289d094eccf594187b935b120c9f238139e3caa
SIMULATED,TD-SV3,Structured visuals,SIM-09-OOD-0013,1c549d69eae05d645e19bae7b72c8595e9d343ad4b833fad02c7848849e8f073
SIMULATED,TD-SV3,Structured visuals,SIM-09-OOD-0014,9208e8978bf0320824a50001bb7a2b11f853861c054d1ad9a38ffed837f03786
SIMULATED,TD-SV3,Structured visuals,SIM-09-OOD-0015,4e66107d20afbe6234a95cb86641bfe2cb0492cf94f836dad9142da7e39f4a4d
SIMULATED,TD-SV3,Structured visuals,SIM-09-OOD-0016,381d9eb20fcd90efacbd5e3749d8196ab94def37999c7f9b295ef8321777577f
SIMULATED,TD-SV3,Structured visuals,SIM-09-OOD-0017,61daa665e6170544c91ab3768ff6440dab3891b884451ea36d588c844e5d5842
SIMULATED,TD-SV3,Structured visuals,SIM-09-OOD-0018,73fd79fe37042226abe21e8ef0f57a6580c23acaa6fd1bec1d92ee1eba4af61d
SIMULATED,TD-SV3,Structured visuals,SIM-09-OOD-0020,88fd05acb382dc3cec1ae64c393964b6bd1af1b3c2002dc602e2c9f1c90f6af8
SIMULATED,TD-SV3,Structured visuals,SIM-09-OOD-0024,3e614b97ef9de4a3b3dc6d116018b7319d076578e9824debf87693cb19c7e65b
SIMULATED,TD-SV3,Structured visuals,SIM-09-OOD-0025,8f6ca54e6cfd22d0a8a6bd454f52c8b554ea3f42fbae5eac5dcc206e1c120dc6
SIMULATED,TD-SV3,Structured visuals,SIM-09-OOD-0027,bcb65b2756514bee0c1209131cb65980abc19259adb64eb0591ab1dbf3800c5d
SIMULATED,TD-SV3,Structured visuals,SIM-09-OOD-0029,8c4fa263a8e920820686c8c46eefdc46a7ff4893d7fcfe16408cfb7825ac31c6
SIMULATED,TD-SV3,Structured visuals,SIM-09-OOD-0030,33330f7c8699402ee5e807d1842827f61d3e7f247f630ca347bfb6718399248f
SIMULATED,TD-SV3,Structured visuals,SIM-09-OOD-0031,7935406a67a0ad598f2e6fc6ecfaaa28a27da6931d1ea336b8209b8abe15605f
SIMULATED,TD-SV3,Structured visuals,SIM-09-OOD-0032,2cb24b13ec2d38d3a9d71dc741fae59bc6d1e192b837d5a22bb1a51762730aa3
SIMULATED,TD-SV3,Structured visuals,SIM-09-OOD-0033,300135ef70b2cdeb907d246a6acf8b513752a8cc87cbf4c9e4b0b1fdaed0fa59
SIMULATED,TD-SV3,Structured visuals,SIM-09-OOD-0034,0eda4a143e591f5f72f5234e8a4a2ea4919f76fb32c1c0fcef24ba1c02b3976e
SIMULATED,TD-SV3,Structured visuals,SIM-09-OOD-0035,097f26844fbb1cbceb53a344b6ca76e500652153f9eb5f002d46cd4140302df9
SIMULATED,TD-SV3,Structured visuals,SIM-09-OOD-0038,4392d38b81370ed2a998d965e7a075d26e43a6dfde08b1161d6b52bcdd9e7b3e
SIMULATED,TD-SV3,Structured visuals,SIM-09-OOD-0039,599356080e7ce29daef9acd537dbd75cfc7b45759565c5878863e81696df3651
SIMULATED,TD-SV3,Structured visuals,SIM-09-OOD-0040,1b8313e38a802f42c7bcfd1c04cc233b0322cd1eaf65cf33742aaef77e76ab37
SIMULATED,TD-SV3,Structured visuals,SIM-09-OOD-0041,777138b0e4098f18d456d305e245b359ba7b97e7fb0350c19fc16e9fa766453d
SIMULATED,TD-SV3,Structured visuals,SIM-09-OOD-0042,acd0183b38b7e947ea1e1c932c753fd23e10771caacf9e1b8abb025aa0be5886
SIMULATED,TD-SV3,Structured visuals,SIM-09-OOD-0043,52318703e2c4eb3b3cc291496775bb072ad47a9450c15c193998b85fa4e03d92
SIMULATED,TD-SV3,Structured visuals,SIM-09-OOD-0044,53703c803d6fb48147f52ae71b1d4108af53696f9371fc85d8031f257d7557e4
SIMULATED,TD-SV3,Structured visuals,SIM-09-OOD-0046,8efbf4127bd8e0a4f9a78c25ba0ba9b7d13276c61a5a8e5f7e5e4fdac1e363f5
SIMULATED,TD-SV3,Structured visuals,SIM-09-OOD-0049,61b934baf4848b7c2caf5ebd33ef2d235b5d144061f7217cafddddb490b0dff6
SIMULATED,TD-SV3,Structured visuals,SIM-09-OOD-0050,bfda4f7e6472a0d3a4b51be741d10990fd379fd6d860a2cb483c607d6945130d
SIMULATED,TD-SV3,Structured visuals,SIM-09-OOD-0051,1adcb8cc66d2cccdb0b8b3dd5438df354738728a9a477417a0f99a90da0a088f
SIMULATED,TD-SV3,Structured visuals,SIM-09-OOD-0052,7ca7f4f181a322733ec5a48f404ddb7be4a10fdcca93021df62c6b99773952fa
SIMULATED,TD-SV3,Structured visuals,SIM-09-OOD-0053,5c6b49b5aa748dc524657247181ae2258d381f6cd06168f3ce33a45bcacebd7a
SIMULATED,TD-SV3,Structured visuals,SIM-09-OOD-0056,18872a4f3982b1084c50859b9c011bf172b5e0c2c9a24c491f9fa47c337e0dcf
SIMULATED,TD-SV3,Structured visuals,SIM-09-OOD-0058,249c498f7cfc288730500cd31dc5a7a3acd5ddbbcec72e3d599bb2703f564192
SIMULATED,TD-SV3,Structured visuals,SIM-09-OOD-0059,1e52e1bcf930d3c10ce3efbe45685fa05e611a81bc0335b7108c0bdedf25fdfd
SIMULATED,TD-SV3,Structured visuals,SIM-09-OOD-0061,3946a128f66a185fe7c92936dedd1b116fdc5af4cb543f3b204216db6dff902e
SIMULATED,TD-SV3,Structured visuals,SIM-09-OOD-0062,2bdb623b068821cba5b5ccb6b88141b33381d0a422abf13ab4f1078d624a53ee
SIMULATED,TD-SV3,Structured visuals,SIM-09-OOD-0063,20f82e10773caa8b75e251c5a407e6ffc53284bbbd9ff2d8630a16c76bf75374
SIMULATED,TD-SV3,Structured visuals,SIM-09-OOD-0064,543a44eb99b59e142acbb496d72a20ed104a66a5ce082dbc8ac6b7701ec4b7a9
SIMULATED,TD-SV3,Structured visuals,SIM-09-OOD-0065,17e1ab1664b845c8ce101d730cd52e01eae161e60eceea4c699ed456cafa235c
SIMULATED,TD-SV3,Structured visuals,SIM-09-OOD-0066,042bfc1478bdd1eaa0dc4c8b8a4228faec9c3cd2f9e7e473de93bc4b17bd2697
SIMULATED,TD-SV3,Structured visuals,SIM-09-OOD-0067,0dba21d4232bef6828c59a4eaf89d010b48a75927cd73ba1bbbac3f959397788
SIMULATED,TD-SV3,Structured visuals,SIM-09-OOD-0068,b47ce5b7d41a1f0d012c45f978664dee68258078b0e08fcf55f6dc3d1707bc42
SIMULATED,TD-SV3,Structured visuals,SIM-09-OOD-0069,6c3af8d1935481075916e2c664fc42d09fec0e58f93ddeeec04d2fbc12fcb9d6
SIMULATED,TD-SV3,Structured visuals,SIM-09-OOD-0070,6e1f8ceddd7ab9ecde07b945dba4da8e8f0b611e3d99b7f06c25f78e0207a017
SIMULATED,TD-SV3,Structured visuals,SIM-09-OOD-0071,1112cd8096a64faf1a188746f0186c54e9311f2c27d91d53e64c1c1d3be9db55
SIMULATED,TD-SV3,Structured visuals,SIM-09-OOD-0074,320ec0ab8d8d07d8adf5e7e2258760fbd2bccbc3e17365acfeaf46655fa8ee8a
SIMULATED,TD-SV3,Structured visuals,SIM-09-OOD-0075,8ce65ab8234816925773c5ef23633074e350a8ae9119b07c37a06a2403552dfd
SIMULATED,TD-SV3,Structured visuals,SIM-09-OOD-0077,5956eb8f47ba81de3dee642463674e2b00aa21bbb1cc6d2305b7c55043234c17
SIMULATED,TD-SV3,Structured visuals,SIM-09-OOD-0078,853b9c95ea20027f0b171190e2332acfb55446f2133816f000673a4c2d993cd3
SIMULATED,TD-SV3,Structured visuals,SIM-09-OOD-0079,bbd31f36f3b1293c1cc6de28e0596469d0983cf6e906ad15112a51a04b4e620a
SIMULATED,TD-SV3,Structured visuals,SIM-09-OOD-0081,036673b687f5c7a7b85e01435fc36d3ff610253ed89cecc9556be22246ee6672
SIMULATED,TD-SV3,Structured visuals,SIM-09-OOD-0082,1913f3a86befdef5759b31e51a1e630fcc801d90484bcbe1a26f15bc3a62bf9b
SIMULATED,TD-SV3,Structured visuals,SIM-09-OOD-0084,68de762c2db722766d9fea78b33ce6fa08e8b2516a56708697900cad79867c98
SIMULATED,TD-SV3,Structured visuals,SIM-09-OOD-0085,3882d98efd37d91fc4b0dc659911811891b316345683cbca1be4bc1146c60b3a
SIMULATED,TD-SV3,Structured visuals,SIM-09-OOD-0086,7509203dd3eb9962249f659f1216c9990b0b07672c30bd8fb74aa66940ac4bce
SIMULATED,TD-SV3,Structured visuals,SIM-09-OOD-0087,744589ed1f576314294425698b27156299b70b792d322fff8b8ae71b9056df58
SIMULATED,TD-SV3,Structured visuals,SIM-09-OOD-0088,03624e20c800b21c6c48ee1fc67884c7eabf4ca5f211919f3d2a85d09f7d8b99
SIMULATED,TD-SV3,Structured visuals,SIM-09-OOD-0089,30ded317c728c60df225d20cce68bf9d1e43985ccb541a223a2931f7bc5b2d97
SIMULATED,TD-SV3,Structured visuals,SIM-09-OOD-0090,ab6d85963b75bfaa085e75c6ec541359d87e1c5000c1bf08e05fca13ab83a5f5
SIMULATED,TD-SV3,Structured visuals,SIM-09-OOD-0091,145e937ffde47cfc0e041503e0f651a58a1f45959d3905b8bd74386ca0416eaf
SIMULATED,TD-SV3,Structured visuals,SIM-09-OOD-0093,454197b5be25afe5fcb910f0824003eb6f8b38c1705ac8ee5213638171a95ce4
SIMULATED,TD-SV3,Structured visuals,SIM-09-OOD-0094,a7fd9eb5168d3ddc25055530b7bed5daa77e4479b8121f3e86fe9c5959d4211b
SIMULATED,TD-SV3,Structured visuals,SIM-09-OOD-0096,87c2cb8d18b5732051a9c6a1a6831650b9d527db6a990b8ef81026b6b5633b17
SIMULATED,TD-SV3,Structured visuals,SIM-09-OOD-0097,3b02bcd4c026b1e64cd0d8d58c724517bd977377137c391a25b7488900ca7b83
SIMULATED,TD-SV3,Structured visuals,SIM-09-OOD-0099,91b76f5988ebecd7857794b31984dd15e854e3e9a76bef7a0e728ba7cd99c79c
SIMULATED,TD-SV3,Structured visuals,SIM-09-OOD-0100,4412874ba919847e2cf7d5d26e44bd9ce3ecde3ae2ab0e4541670887e1d56ef8
SIMULATED,TD-SV3,Structured visuals,SIM-09-OOD-0101,369df93038a03b9695d9d0934a40d02e339ecbe73bf1ee510a63c22ced8fac99
SIMULATED,TD-SV3,Structured visuals,SIM-09-OOD-0103,078e7c5c6dbac74ec647541401d5a3ba82c0158d3fb6ff5bd5d7f815bf5462c3
SIMULATED,TD-SV3,Structured visuals,SIM-09-OOD-0104,29d5a58ff0d432a15db32d8c21ecf7051cd5a7d5d501fd53b2a2af3fa44753cc
SIMULATED,TD-SV3,Structured visuals,SIM-09-OOD-0106,be92fc54e395f51aabaaacac1da0234a41c645eaa30ee2bf945ac3da19fa92d2
SIMULATED,TD-SV3,Structured visuals,SIM-09-OOD-0107,8ac0bbe843b26a2aca94a3a8184d67338f0a4d76346bed7b5ea2b177a53bf748
SIMULATED,TD-SV3,Structured visuals,SIM-09-OOD-0108,aa5471892415cc5d1995a8f45db436d6390e9f45e47d36ac263df9db5a5e0367
SIMULATED,TD-SV3,Structured visuals,SIM-09-OOD-0110,8b99cd3e253b1b698d9973443ed559599e4ba863ab774d3613955d91f265a47e
SIMULATED,TD-SV3,Structured visuals,SIM-09-OOD-0111,61aff188799f8e79c9054dd3f6519c9242bf3c45bde60e8c8ab8726b41b0edda
SIMULATED,TD-SV3,Structured visuals,SIM-09-OOD-0113,5cd2648a8f3aa3d52f7c08f7fa9ece0ddded9a4191a6e67a4d94bcd037ca0aec
SIMULATED,TD-SV3,Structured visuals,SIM-09-OOD-0114,7d103c1ed93deea63a9b06151496bc0c28e3c155560009d10781d656b96f9e83
SIMULATED,TD-SV3,Structured visuals,SIM-09-OOD-0115,33757be00b218d5d5febbea0af9ab1ed6cdc4b86306cd8c5dccdade92b76a874
SIMULATED,TD-SV3,Structured visuals,SIM-09-OOD-0116,546a7dbf22fab51375b5db36d1c4ce27cbc296d25b0510bd6a0c95a4620b2445
SIMULATED,TD-SV3,Structured visuals,SIM-09-OOD-0117,99b32fafa4c2a3cc54c217f0c4690b58e20359fc7bf8444487b8a83ef16020fe
SIMULATED,TD-SV3,Structured visuals,SIM-09-OOD-0118,5f0f4bcba78e293eb41f08b642ee2a047fa2015ce4d2d51fef5044a1914aebf3
SIMULATED,TD-SV3,Structured visuals,SIM-09-OOD-0119,38e124766e4592625e41d46860dc5815d8c03fa52821a0638bd359eab422c0b4
SIMULATED,TD-SV3,Structured visuals,SIM-09-OOD-0120,6ae094572da59493eef32fa096d7cda3f9f2ce0ff6f761eba0c03dbd2dcbe41a
SIMULATED,TD-SV3,Structured visuals,SIM-09-OOD-0121,606fdfffaff937f187b282c21da34c733525f83b86a70f524acec5fe8978f2ad
SIMULATED,TD-SV3,Structured visuals,SIM-09-OOD-0122,85541d3f2a2c2bbb2eaa3f70398846dcc01d583ee73ee8feda0ebf03934d2efc
SIMULATED,TD-SV3,Structured visuals,SIM-09-OOD-0123,b34b5d7a67a5a1686c0dc89fe91067f3e6dcef391b2a4dd583e9c6dd4f832ca6
SIMULATED,TD-SV3,Structured visuals,SIM-09-OOD-0124,17faa8019d3754214929667a5752716c55ca56b3912c16bfb9c95ff51c13cf9c
SIMULATED,TD-SV3,Structured visuals,SIM-09-OOD-0125,0be5d340c13aec64738db72b7665bc1e4de51d75120cb6eea97d4e51d0f726bd
SIMULATED,TD-SV3,Structured visuals,SIM-09-OOD-0126,7e58fc2b2aa37d5ccdb3811a63d156e73af54d291436a38388290f092973e533
SIMULATED,TD-SV3,Structured visuals,SIM-09-OOD-0127,a493cec2a51fda1566e3d38aebe90717eae000939490fb4482fec11abaccff07
SIMULATED,TD-SV3,Structured visuals,SIM-09-OOD-0129,501903f0135ab508f5e46eba6e14e842e4b7715aaec4675c101732e6fb3e8d3c
SIMULATED,TD-SV3,Structured visuals,SIM-09-OOD-0130,92e3a996dd443522067d96c8c648f6c9c76602acc353fddf1b3714b9da386e1e
SIMULATED,TD-SV3,Structured visuals,SIM-09-OOD-0131,983c58be5c94476faef353497cc3932d581d6d54d8ed46ad7128f6d18ce1a3fc
SIMULATED,TD-SV3,Structured visuals,SIM-09-OOD-0133,498bbd0dde2f78e24ec7ac0753a27ef8e7a8358309c6ca6edffe9502e4906061
SIMULATED,TD-SV3,Structured visuals,SIM-09-OOD-0134,ac941911a11206e780ba8b022c758f184918e32739a54e1f0a1f978b7d7fb456
SIMULATED,TD-SV3,Structured visuals,SIM-09-OOD-0135,7016fa59525062e668d0734fafed706d5d08b31c005962a208f277e6e7dbc0e2
SIMULATED,TD-SV3,Structured visuals,SIM-09-OOD-0136,0439e0841caaa2ea61af1ff7ed2d4ff342bd82a92dcfae9c448a4a65ceb173d0
SIMULATED,TD-SV3,Structured visuals,SIM-09-OOD-0137,8f6466ceab63c369c100333b53dd34dbfccdd5adca5d18688eda24e623c0af84
SIMULATED,TD-SV3,Structured visuals,SIM-09-OOD-0138,553757d0b10a3df5846da28588976b28d8038f8550c5f25633ae9b96efd824f6
SIMULATED,TD-SV3,Structured visuals,SIM-09-OOD-0139,0c08e943d34f662fbeb7efe1456bb04aacbf78a5ffc0e8de751e719dd13e3d57
SIMULATED,TD-SV3,Structured visuals,SIM-09-OOD-0140,18b774c8fb0763d65ba721423a4f0bc9cf5ec458c6fbc491b1fcf6abd38c4b4b
SIMULATED,TD-SV3,Structured visuals,SIM-09-OOD-0142,7d11dc05b9d3a3fa9218aab6b187e4990648a152b940e67ee7834ee061711491
SIMULATED,TD-SV3,Structured visuals,SIM-09-OOD-0143,0d4b6f98540d736aaf962bf22b623d1563db9cb2fef1bc6d7868e21fe994e445
SIMULATED,TD-SV3,Structured visuals,SIM-09-OOD-0144,08043705eb41244c50d47a8a08cdcac878b7e0ef76a1a4c8f0a2c8dd0d2b8623
SIMULATED,TD-SV3,Structured visuals,SIM-09-OOD-0146,5c0a42a483bccc145c8695a8e2d3aa8f738160019becd9e9218cf3c02e984860
SIMULATED,TD-SV3,Structured visuals,SIM-09-OOD-0147,3e4157e095b2323b070542c2b393b1b550518a3a888411a507d55bbfb6735146
SIMULATED,TD-SV3,Structured visuals,SIM-09-OOD-0148,03873c35aa9cd4c828cb897f7f11d8f607cb7bba0b7e0bc67f78222ed8c7fd73
SIMULATED,TD-SV3,Structured visuals,SIM-09-OOD-0149,88dc48e4c2db06a4c99085aa480a40f748f37aa43a48f6d776431a0e481f869e
SIMULATED,TD-SV3,Structured visuals,SIM-09-OOD-0150,093413e0459e89e2ee306cce729696ce438802e0e269b3d6f34f83b90b00e838
SIMULATED,TD-SV3,Structured visuals,SIM-09-OOD-0151,5f92bebc58b1d66321fa8a28415426aaa475d005cd0e9652eddf0cb39f973d41
SIMULATED,TD-SV3,Structured visuals,SIM-09-OOD-0154,72547fdd7aebaac8d6880dacd817231142655853867fdd20dce7fa68ed0be02e
SIMULATED,TD-SV3,Structured visuals,SIM-09-OOD-0155,837f9d7eb3afd3fea7c80a4400669acda81ebe4bc6da3ae28f6b143fa8b59d72
SIMULATED,TD-SV3,Structured visuals,SIM-09-OOD-0156,b55d0eba917cab7e578976002f627333409ccf969d339d8520b24ec03000b7b8
SIMULATED,TD-SV3,Structured visuals,SIM-09-OOD-0157,a1a94629c693eb77166c8ccfe19be435408ca58273e11983e05231f127b63a0c
SIMULATED,TD-SV3,Structured visuals,SIM-09-OOD-0158,727e7419d9c006c4949572af8d5903bcc7bb913929b77a092f66a70bba95449a
SIMULATED,TD-SV4,Structured visuals,SIM-00-OOD-0000,122313c04dd74ce786d99a5d4dbdfa017a57752667d6df5bdd2a77a860279a70
SIMULATED,TD-SV4,Structured visuals,SIM-00-OOD-0001,a9acb18d794e2df1f3280b3fc6800936a874ad8979c85b386cdbac5a5e05b2af
SIMULATED,TD-SV4,Structured visuals,SIM-00-OOD-0002,c000c46f385a5a5e525ef68e0ad4c52794f929e3f4aadf2867d9feaba9ffbe4a
SIMULATED,TD-SV4,Structured visuals,SIM-00-OOD-0003,82ed93026af0a73e618c1a92f00e57501813a9b8ad5e92a9d0c0aa86967f92c8
SIMULATED,TD-SV4,Structured visuals,SIM-00-OOD-0004,8b7ce7bea81ce3543e85bad6740beeefc05b54b853a52ef4d8d31174b063d4f1
SIMULATED,TD-SV4,Structured visuals,SIM-00-OOD-0005,845b73e4befbf3bd7bdc393ca6cf0069b74475c53ae8d40a72a891ec597b05c0
SIMULATED,TD-SV4,Structured visuals,SIM-00-OOD-0006,81f9a860bfbf76495d90b339d8ef2501db675c01c714468e76543a7e7ff93133
SIMULATED,TD-SV4,Structured visuals,SIM-00-OOD-0007,1ffe26d65a52d3035f478b3af55b29d0d08194070bd7589cadd87099ccfc582d
SIMULATED,TD-SV4,Structured visuals,SIM-00-OOD-0008,5ce2a514837f8f2068845e71f9f4b5a91e1bb2386762c8651d12d9c1d1046d43
SIMULATED,TD-SV4,Structured visuals,SIM-00-OOD-0009,941816a42b03f7c18cd71b1cca8b41447b1de1495788733a30dff87d572afe11
SIMULATED,TD-SV4,Structured visuals,SIM-00-OOD-0010,7caa944c84689a18e55d9f22953ce025e1b02682f7af8fb3e765739481ffe9df
SIMULATED,TD-SV4,Structured visuals,SIM-00-OOD-0011,5a8839b25b1790d8c9829f42de9a6ca4cb1c4d0d4863470492fea4733681727c
SIMULATED,TD-SV4,Structured visuals,SIM-00-OOD-0012,027fd2f444c38f2e64a698b4f0779112b23def1a1b4d1335c50836e8f84e54ad
SIMULATED,TD-SV4,Structured visuals,SIM-00-OOD-0013,78576613741660624b631edf49546ec5f06a884dfa0c1db99ae331eb3d884b76
SIMULATED,TD-SV4,Structured visuals,SIM-00-OOD-0014,5bfa1f94fbb2ef2b14cdbfc6c2ef16ae4c2a8137f96c0d9b17a35744978af397
SIMULATED,TD-SV4,Structured visuals,SIM-00-OOD-0016,6eb3a5ec2299e9bb8310300d1ab44b7d888fc0c3962e5a961b3600d5c72d57b5
SIMULATED,TD-SV4,Structured visuals,SIM-00-OOD-0017,5e26246cf1c410ca90eebae962cc27d33debcc4e39b855b5cae0b069c535eb24
SIMULATED,TD-SV4,Structured visuals,SIM-00-OOD-0018,2f8ddde9eede2fe36497157c7717149429894080a27233d874d32fd9fe859bba
SIMULATED,TD-SV4,Structured visuals,SIM-00-OOD-0019,34f1f108eb298f8dcf7f7243614e1cbec0fb472d1117c6a12fd2de2085cb7be8
SIMULATED,TD-SV4,Structured visuals,SIM-00-OOD-0020,59288df6643fd304f863f5ff27d974e6a6aa495cb557569efa8be0636bddc226
SIMULATED,TD-SV4,Structured visuals,SIM-00-OOD-0021,459ddef85538496f224828f39757587244402b1debc425f4a0b8d861315aac4c
SIMULATED,TD-SV4,Structured visuals,SIM-00-OOD-0022,3e41bb17184b0c2a0b13f4a975e06d67d573116f4dc5fe3fa0a2069de2e3bdc4
SIMULATED,TD-SV4,Structured visuals,SIM-00-OOD-0024,4bda52caa8c97a035c0094505e5cf36aeb22ce81bffdc81798e7b19869c4804d
SIMULATED,TD-SV4,Structured visuals,SIM-00-OOD-0025,94d21fe92e707455f206d5d2e0694ede349af6d65b86c6fe33c391cfe781dce5
SIMULATED,TD-SV4,Structured visuals,SIM-00-OOD-0026,bd2368d39b9dcef1abafce7a48cc2cf903d668ca1e85f3fbfab0ead716044203
SIMULATED,TD-SV4,Structured visuals,SIM-00-OOD-0027,33488a19162d9cff8fbb65230044cd4cfe8d69c307e5d5cbb70f080a7c85ad97
SIMULATED,TD-SV4,Structured visuals,SIM-00-OOD-0028,b680f80d8a5dbab0614a408c204fc7c080696071982fabca72b1e89893b12ed8
SIMULATED,TD-SV4,Structured visuals,SIM-00-OOD-0029,a6d518b342d5c0ec5bb35a77ce8b2e7e652af5abc13c657bdc8804efcd2020e0
SIMULATED,TD-SV4,Structured visuals,SIM-00-OOD-0030,5d78663b6610a6f58901382d8f551c7e4684843c1ee4efb1079caca7dad2f1c2
SIMULATED,TD-SV4,Structured visuals,SIM-00-OOD-0031,13cd59500ecc7a3bb95c5cd04c69468cc8a46d05bd0b501f49bfc8da9b5a2153
SIMULATED,TD-SV4,Structured visuals,SIM-00-OOD-0033,572a9e060927824b17759dc35462d7753bf5b0a1d0074da06a3478905e95979e
SIMULATED,TD-SV4,Structured visuals,SIM-00-OOD-0034,7cf7322fe62b299218d0e55233ef905804accf307223794dcb1827604a40fa13
SIMULATED,TD-SV4,Structured visuals,SIM-00-OOD-0035,a9a3d9c54100721a7f83df6cb66c8bd0996b12b79c77b8fdb4c7805da9b9b10e
SIMULATED,TD-SV4,Structured visuals,SIM-00-OOD-0036,06636d8ae54465103d35e14c1edb07650fa59d84cc2e86edf9ed859719e47b2f
SIMULATED,TD-SV4,Structured visuals,SIM-00-OOD-0037,377acf218a884f155eb2d30a35d669bae05d414970410695b375cf07503779e3
SIMULATED,TD-SV4,Structured visuals,SIM-00-OOD-0041,35d94bd0962a8ab25676bd3e790ad6f7d17a25e4b59b07b93865d42cd5718d45
SIMULATED,TD-SV4,Structured visuals,SIM-00-OOD-0044,60e343c98e5557ec8534db27f04e47a012c85aec5896f6541b642800ad9d549e
SIMULATED,TD-SV4,Structured visuals,SIM-00-OOD-0045,50851a6ba0c76431ff887cdb7a8633397ab1230c9ae8cf5ddf53d94d64ec416b
SIMULATED,TD-SV4,Structured visuals,SIM-00-OOD-0046,848b9c58ab95634259ecbfdcdea1a2a5d3126194dda2897b558c3500d57d4d77
SIMULATED,TD-SV4,Structured visuals,SIM-00-OOD-0047,5db39bb39319665fd6dcaf13c935845f970cbf95a771d4854ae82ebf33dc1e8d
SIMULATED,TD-SV4,Structured visuals,SIM-00-OOD-0048,85d11424cc3668a124c8ce71b11d220070d5cd684f889c579fa589a297c62b6e
SIMULATED,TD-SV4,Structured visuals,SIM-00-OOD-0049,a2c205db4ea9bee72afb112e400fb4f4b726363adc060c193a9a2859ad0bacd6
SIMULATED,TD-SV4,Structured visuals,SIM-00-OOD-0050,b9f0f3441207c98f7a2cf7b6df13e153355b42648eb2525ea8ca31aa447bc631
SIMULATED,TD-SV4,Structured visuals,SIM-00-OOD-0051,7e3e92908957af8bc449698643704b223c8ff0bc5a053b320c1ce3057aa34248
SIMULATED,TD-SV4,Structured visuals,SIM-00-OOD-0052,53a7b09fef6dc2fb520b1951af1cf0450a8cdd3d09b073a1519fefa2fc9e0c7e
SIMULATED,TD-SV4,Structured visuals,SIM-00-OOD-0053,200d609e1cac8de636b44a26d9a79363e0b9fcecbf3e7cde84ebd0f624bcdd31
SIMULATED,TD-SV4,Structured visuals,SIM-00-OOD-0055,bb54af00826c0d350acbb585eeda707fe96a6ee63c5aeffacc5bacb582e9c1d3
SIMULATED,TD-SV4,Structured visuals,SIM-00-OOD-0057,965a42846ba8951dd120b604ae9547fa75e182a8e4d78c804485916039902482
SIMULATED,TD-SV4,Structured visuals,SIM-00-OOD-0058,9b5de2619a10ce526ccf7f18f45eeb1face6d348bcc195397c37881edc8503e0
SIMULATED,TD-SV4,Structured visuals,SIM-00-OOD-0059,17fc1958d2a274ffa7c1f9bdfad14aa5a26cde37cf3c16b135f0a5ca830fdfd0
SIMULATED,TD-SV4,Structured visuals,SIM-00-OOD-0060,c5c554f17ab8ae7a0b0926059c406c31aee7e7436ca12331a4776c016a0e0056
SIMULATED,TD-SV4,Structured visuals,SIM-00-OOD-0061,3189f4060c87efa3748edab56ccd1c420e97afe1b963ff46a6cd95a2fd17f27b
SIMULATED,TD-SV4,Structured visuals,SIM-00-OOD-0062,0615e44a028eda43ff4efdc9eed255abb5d8e068ad8e26f0b507b7f567156945
SIMULATED,TD-SV4,Structured visuals,SIM-00-OOD-0063,5b9326eaa777434ff2530e4f496afd239041a633fded0817708e374a0818e172
SIMULATED,TD-SV4,Structured visuals,SIM-00-OOD-0064,b917e5f1483c244cb9959183e6e1ab66db3f04e54828b0d112b8645838a6888e
SIMULATED,TD-SV4,Structured visuals,SIM-00-OOD-0065,acb9ee6b7822ae1a46d8d54ddc2b6b25fc579927e4a814880756d2c4d22673a4
SIMULATED,TD-SV4,Structured visuals,SIM-00-OOD-0066,b250236251d0b52231017905515018c052fcc1e5b1afe150c1e73518c147730e
SIMULATED,TD-SV4,Structured visuals,SIM-00-OOD-0067,c1cab43507e47f32ceb10bd39d95f16c87f123dc1547981e41389be17afe541f
SIMULATED,TD-SV4,Structured visuals,SIM-00-OOD-0068,2d01408197c3cf8c8d9c504e0f7955e1cbb4b50d7b6ac121fc37691aa5324ff6
SIMULATED,TD-SV4,Structured visuals,SIM-00-OOD-0069,153e5a29aa3c98863cdee01560d572616c45ba684733e7d564ac2d0ad8a60f16
SIMULATED,TD-SV4,Structured visuals,SIM-00-OOD-0070,37828d4f1ff967f0dc9bcf26a52592a898b53588c4de7d17b95e4e4902be67d6
SIMULATED,TD-SV4,Structured visuals,SIM-00-OOD-0072,21df3b41b914f6b0bd539acc8e282a4b782c6e79e7aa8c2e45964f881480c140
SIMULATED,TD-SV4,Structured visuals,SIM-00-OOD-0076,4b9cd12dc5ac8fcfba3b3fcc66d75d58cc929923384e5ddeda6689471c1921b6
SIMULATED,TD-SV4,Structured visuals,SIM-00-OOD-0077,1c354e4088cf4aae293bab425f46bf4daea14d8ce67ef437343690c2ee8e3568
SIMULATED,TD-SV4,Structured visuals,SIM-00-OOD-0078,1a672b89afc9ef415b7072863e70c38f89ac3d82af2bedf382a7a0563d96e1d7
SIMULATED,TD-SV4,Structured visuals,SIM-00-OOD-0081,6957b36e788b1ba6585a442d5ae93432d4dae584b8c2835eab96a975d52cacde
SIMULATED,TD-SV4,Structured visuals,SIM-00-OOD-0082,c68982a59ac38512a2716bfcaf58c940594d56d1276e7825f72193363172f288
SIMULATED,TD-SV4,Structured visuals,SIM-00-OOD-0083,967e81a33ea3ee76da7b0d5d7ee7d636f98ac50799fb7424a502d15e1c089a0b
SIMULATED,TD-SV4,Structured visuals,SIM-00-OOD-0084,9cf7db46c259d392d774b1a6b73ee032b6e905fb9518aee1cfe5e0b5ff995a80
SIMULATED,TD-SV4,Structured visuals,SIM-00-OOD-0086,bcaac29214635b61978675e9512baa9921ecb838dee469f92e0e1fff12bc98b9
SIMULATED,TD-SV4,Structured visuals,SIM-00-OOD-0087,7f58c1df916aaff43e55677bdb89168bb96467c9e6903cae49c6311984693c90
SIMULATED,TD-SV4,Structured visuals,SIM-00-OOD-0088,9a46294ab389bfb90fe5111ada30622491487581ef9dc6a3b921925f90321d96
SIMULATED,TD-SV4,Structured visuals,SIM-00-OOD-0089,09339d462ee67616a9319de74ecbe9532936f0f6acd7a3c4abf5312d5368e861
SIMULATED,TD-SV4,Structured visuals,SIM-00-OOD-0093,200c7fbc714929fb94819c7e576047a38d02cbc2047d8aed57c4554f1110afa5
SIMULATED,TD-SV4,Structured visuals,SIM-00-OOD-0094,01a0a41222c1feec348719204f2c9deb914829113426f7117000431096183c3e
SIMULATED,TD-SV4,Structured visuals,SIM-00-OOD-0096,1b389098807a8fc82823db3612169d6830968a1aff310b95958b31c329d2e025
SIMULATED,TD-SV4,Structured visuals,SIM-00-OOD-0097,507bf84ea335b2378e7c8e19a04642205664f1db8ea27e1c465a5bc7d7413880
SIMULATED,TD-SV4,Structured visuals,SIM-00-OOD-0098,28032641aaf210131b7069cfe5f355ff142270837289a2ea8610f3ec9a0ed3e8
SIMULATED,TD-SV4,Structured visuals,SIM-00-OOD-0100,4947a75442f49ef85f997d760d155563012a86d6c4c5bbf1bb9931b174fd9cba
SIMULATED,TD-SV4,Structured visuals,SIM-00-OOD-0101,221525ca897b108a788eba0eabdbc8c1d414eb67f1e565900098cdeeeee2a45b
SIMULATED,TD-SV4,Structured visuals,SIM-00-OOD-0102,29060a8ee70617218e3ca4a336994e8e4f546aed5424a0a55a3bd3958a4ab5ea
SIMULATED,TD-SV4,Structured visuals,SIM-00-OOD-0103,79ae475e5fb676b64f85224863d4c6ca49fda1dd7c8ee69e817204a59b12eab9
SIMULATED,TD-SV4,Structured visuals,SIM-00-OOD-0105,2445d3c0208afb1c6eccc0af0a11260e2f39f825090cf3932d6a104de4115405
SIMULATED,TD-SV4,Structured visuals,SIM-00-OOD-0106,57698a595728359a2879695bb6a5cf844fd2d5a3fb8adb2a45c0579665bd43ab
SIMULATED,TD-SV4,Structured visuals,SIM-00-OOD-0107,9ac8326dba71b0dcfbc374bc92eda8dfeeb78050710e31e2acd8756589161ae0
SIMULATED,TD-SV4,Structured visuals,SIM-00-OOD-0109,06053fd7ec7a6461bdce36e63dcfaad944a5a26541ef34f2b6811bfd2651440c
SIMULATED,TD-SV4,Structured visuals,SIM-00-OOD-0111,668cbbaf8301d6b8470cf92a24cd0b78ec721c0b513e031d07178ac7f32cdd8b
SIMULATED,TD-SV4,Structured visuals,SIM-00-OOD-0112,aef63133b5de5cd3bae5a608107f3f216a93fee32812422e8fb6b05f413ea17d
SIMULATED,TD-SV4,Structured visuals,SIM-00-OOD-0113,11d13a338df300399a5d8e8266547b612cb25737c8b7bf999c515a97b11ac6c5
SIMULATED,TD-SV4,Structured visuals,SIM-00-OOD-0114,65c5ba68e390c96d5beade8463e07fa8a682d0898dfcb9add17d9e801e545ed3
SIMULATED,TD-SV4,Structured visuals,SIM-00-OOD-0115,c90deb5e554f7ee145e524dc3c5f09e485d5a2afcb314f45a2e2a43dbb0170ae
SIMULATED,TD-SV4,Structured visuals,SIM-00-OOD-0116,885c0018b47eeead32aedbca9eb9d3685732c56d44629484faab7badf12d48d7
SIMULATED,TD-SV4,Structured visuals,SIM-00-OOD-0120,b0f14037e4bd8b5da6553dddb24c016d78ea884c3e7dd77995c2a389fa2a321c
SIMULATED,TD-SV4,Structured visuals,SIM-00-OOD-0121,812aa178e21e0fc02612f9e468f9f3b0133a0ed5155d622b495e72c6c2fa22cf
SIMULATED,TD-SV4,Structured visuals,SIM-00-OOD-0123,506562434b20b0e997853459a62e7ba68999d7cef5e176741225aa6f3cee7baa
SIMULATED,TD-SV4,Structured visuals,SIM-00-OOD-0124,72dc20e7d8af5fc5d9dcf78ff7eccdab8851f1b2c038b5e5437d87abe3998379
SIMULATED,TD-SV4,Structured visuals,SIM-00-OOD-0126,410abe78da41a68273de3958e9c5c28f6bc62bc06d85f8755a116d30bc8625e6
SIMULATED,TD-SV4,Structured visuals,SIM-00-OOD-0130,adda8abb5adb106f56d7a6a91fa3c5eff7476545d214f07849ad459a500d70e1
SIMULATED,TD-SV4,Structured visuals,SIM-00-OOD-0132,658bbd00121f878cadd634bd95bd7a7beb9502f7f24ed81d39be33a897cef023
SIMULATED,TD-SV4,Structured visuals,SIM-00-OOD-0134,bd36843c11bca8f5301bd74780c1fe3879c424d61e298b20a13cdae0c303651e
SIMULATED,TD-SV4,Structured visuals,SIM-00-OOD-0136,7e21b9dd43385b44c2e6b1d7d0309d9c777f99b16ea58710df30171b91bde123
SIMULATED,TD-SV4,Structured visuals,SIM-00-OOD-0138,b5b96d20b1cb7c6ae7ddbc7dea4749cd1834a02ad1fb4f32178b2b8386ab90ba
SIMULATED,TD-SV4,Structured visuals,SIM-00-OOD-0139,08d74183d76abcc1f6e21af4e19e4dd42954f995bc32ad650b585ff9a14d128b
SIMULATED,TD-SV4,Structured visuals,SIM-00-OOD-0140,588e6870241caa599593cbff935562129fb629a314329a93382fc4007edd354f
SIMULATED,TD-SV4,Structured visuals,SIM-00-OOD-0141,36f3914a58be444fce25bbf3ff67863fb19ff1af7f40f17695d7db8ab3f0ac96
SIMULATED,TD-SV4,Structured visuals,SIM-00-OOD-0142,9807b3549a44e899360248fdc86b8be0de5741276ecc5e85bbf3c7366901ece7
SIMULATED,TD-SV4,Structured visuals,SIM-00-OOD-0143,03525e274fd1a0b654bd559bc085c42984908e80c6582f0ca8b0ab05beb6abc0
SIMULATED,TD-SV4,Structured visuals,SIM-00-OOD-0144,74716b74d9d4629116626adb30c8baa4732f5ea715236db12a809fa830075b7c
SIMULATED,TD-SV4,Structured visuals,SIM-00-OOD-0145,a6a28a9acb1850a766e0906db40dde4b98426df42a16753c59b99f5ccfd948d1
SIMULATED,TD-SV4,Structured visuals,SIM-00-OOD-0147,94666dc9676ed08060da0391596085cb3e87ed08c0dfe9ef27c05bca7f55a5b7
SIMULATED,TD-SV4,Structured visuals,SIM-00-OOD-0148,0ac946de0b68026341994f50f96e8955802c2066c7daff53543491bdac64e0a7
SIMULATED,TD-SV4,Structured visuals,SIM-00-OOD-0149,00df4691ba429ce7e3d960b2071937567d153cf24c4b83339d0019e6d1ab1c57
SIMULATED,TD-SV4,Structured visuals,SIM-00-OOD-0150,8780da7dea2540b500a68c17490337919ce552a839e49d449771b5849cf90b9d
SIMULATED,TD-SV4,Structured visuals,SIM-00-OOD-0152,81680c9490b17fa564b5e76b578fc885a0c00fef44e171152ebea740f506bfc1
SIMULATED,TD-SV4,Structured visuals,SIM-00-OOD-0153,05bf5e5a219901d87957483ea88871f0c2224ffc64dd3c8aa47aa33bac5678a6
SIMULATED,TD-SV4,Structured visuals,SIM-00-OOD-0154,af26c09e15ac892c5613d5600332c6bae7c20e907755ac54a81fd052bb88efb5
SIMULATED,TD-SV4,Structured visuals,SIM-00-OOD-0155,017a052c3f874b69bae4205eeda4d9236e67e6298d11e9bcdd3caf2d218ca0f8
SIMULATED,TD-SV4,Structured visuals,SIM-00-OOD-0157,2ac77a6a3ee3b8a2dadc4027c2d36e2c8f96e82d990684ebbdbe85717827768e
SIMULATED,TD-SV4,Structured visuals,SIM-00-OOD-0158,84f06480dbd60e17bd6bc261b6d0ca3360f4302f174436ca7d6ba6266deed3a2
SIMULATED,TD-SV4,Structured visuals,SIM-00-OOD-0159,2c7ee65eb67102a2a2f4f875aa665010491a936af482f37dfad796c763a0f70f
SIMULATED,TD-SV5,Structured visuals,SIM-10-OOD-0000,6599c5c3fbcc4553a532d0677ebe338ecafceca7d795eba1ba2ebfc00a35515c
SIMULATED,TD-SV5,Structured visuals,SIM-10-OOD-0002,1c116572a25c5b5671cde8bb0abf924725652057941fa47d2baa7354b759992d
SIMULATED,TD-SV5,Structured visuals,SIM-10-OOD-0003,13980567845fecb640555eb58b78532fd854ac9da6d7c1a0bdbf338e98c14cc5
SIMULATED,TD-SV5,Structured visuals,SIM-10-OOD-0004,955d4bfdfe4e8864a62105a8bc78326b41baa428d57e326e9d29ff6f7129eddf
SIMULATED,TD-SV5,Structured visuals,SIM-10-OOD-0005,6b6556443fbb968c619a0a6b7faeb34423a99ba99ff1a2ed45a876a40b29f1b9
SIMULATED,TD-SV5,Structured visuals,SIM-10-OOD-0006,61089f0efb40d20d0690572878d5408354a59792f5db306291116b8b212074f3
SIMULATED,TD-SV5,Structured visuals,SIM-10-OOD-0007,888987046fc2283ea8dc0c179629cfd3c47bfcf1969b819b6f34e86256dc165f
SIMULATED,TD-SV5,Structured visuals,SIM-10-OOD-0008,c503a4632c2dfe8ab1254e851f2b13d0769b97be2c907bcd67df1f8bccab31e2
SIMULATED,TD-SV5,Structured visuals,SIM-10-OOD-0009,3ad2d3d8a207b3144799bc8794a62411181da5a1b957d63dc662949acef4a49d
SIMULATED,TD-SV5,Structured visuals,SIM-10-OOD-0010,623b84ae109de964fe4cf35a788936e8d2e4939d63668d4bc495e4e13765b3d6
SIMULATED,TD-SV5,Structured visuals,SIM-10-OOD-0011,3408ae502cdc03429d11c6847a941911585868667c0d86dfbc513f93c2cafa82
SIMULATED,TD-SV5,Structured visuals,SIM-10-OOD-0012,075fe4934087079b44ccce1093f7534a2785eb5688e4871f8b69b713a1a49d91
SIMULATED,TD-SV5,Structured visuals,SIM-10-OOD-0015,2c275725d7cd70a8cfdfa082124f18de9091b6e6881e082d4011f15c80de9d73
SIMULATED,TD-SV5,Structured visuals,SIM-10-OOD-0016,31d6dd6fa81218884a500b8db9ae123dd015179142c0ee79802053b328c6b347
SIMULATED,TD-SV5,Structured visuals,SIM-10-OOD-0017,a0f39d3a30916a3dfc587289c9e52ffb08da12be7c2080451ee8299f5740b5f6
SIMULATED,TD-SV5,Structured visuals,SIM-10-OOD-0018,2985f6c362ca2e2eb1eaee9202a0819b17573c5ff8ec995990cf5e8beb2f0c29
SIMULATED,TD-SV5,Structured visuals,SIM-10-OOD-0019,9865536f6ae091bd2cbcc4c2f5c06b101dcb7dd834f652932d04e5163b885d1d
SIMULATED,TD-SV5,Structured visuals,SIM-10-OOD-0021,56f4dcd1c02094b2568cf319529edabc209d9991736ae8f18fab9d499ec31953
SIMULATED,TD-SV5,Structured visuals,SIM-10-OOD-0022,b6c0d94dbae9c813370181744beba1b67898924c7019e14001313c878e12ca00
SIMULATED,TD-SV5,Structured visuals,SIM-10-OOD-0023,9268ef651229679f657a49000c678b3bf6fa1df7127c91cb4693d803394615aa
SIMULATED,TD-SV5,Structured visuals,SIM-10-OOD-0024,600503104a00c2a02a7f80d2252a4410be2dd89b06b03aaa7f9cac973563445d
SIMULATED,TD-SV5,Structured visuals,SIM-10-OOD-0025,28237d7c24e722a980d27cabaec316432fd5f053e38abb4bf049e5a2f8c37ca0
SIMULATED,TD-SV5,Structured visuals,SIM-10-OOD-0026,aece8994a33c6d71c6b48c85b39a2faf4e7284b4983cb097fb1f4d2b5e495f28
SIMULATED,TD-SV5,Structured visuals,SIM-10-OOD-0027,aa861bd567970537cfcd2ef957dc1ca98ea1953b2254714b00198c257dd67a88
SIMULATED,TD-SV5,Structured visuals,SIM-10-OOD-0029,90c4cfd0a7fd58e4293873a4c99ac5954be9a8186078c5926304e7ecc2254adb
SIMULATED,TD-SV5,Structured visuals,SIM-10-OOD-0030,2cc3bcab88d697c61b9ed2d9fb31ba3d9b5060eeb3f3a765c4c78c140cfd0f78
SIMULATED,TD-SV5,Structured visuals,SIM-10-OOD-0031,b06f17b76c6c74b0b0477b63505a0d9a7d677cf9d9e611436cf92ae9116c3d86
SIMULATED,TD-SV5,Structured visuals,SIM-10-OOD-0032,2d97a64188ada0fc814c7452f1d516422663168ae0c6e478bb2cd8b9781ae393
SIMULATED,TD-SV5,Structured visuals,SIM-10-OOD-0033,1c3cfaffd02e2d391fdaa01145b018a49e28928aaf2a8a182a2e49017bbd0b26
SIMULATED,TD-SV5,Structured visuals,SIM-10-OOD-0034,5678373fbd8cae4644ef3329eabf523704ef7cdf5e9d5c6e4ecc9804690d86b6
SIMULATED,TD-SV5,Structured visuals,SIM-10-OOD-0035,8f4e8aab0ffcf9d673b867ce653cb0042e74f23abc5b707e83123cd97c73715d
SIMULATED,TD-SV5,Structured visuals,SIM-10-OOD-0037,374d6fdf6708010d724ced57f2e779f2e161b71d24880fb62610965d4e159ab8
SIMULATED,TD-SV5,Structured visuals,SIM-10-OOD-0038,96f41cca6984db71e8fc042cbfdf3e1b71a514795ea5d4040fd4df468adbd64e
SIMULATED,TD-SV5,Structured visuals,SIM-10-OOD-0039,25d8499d54be8036b9595c8e25b2f9ae4094c245e5a5537d4fb6fba11ada4f9a
SIMULATED,TD-SV5,Structured visuals,SIM-10-OOD-0040,2dc152412b027a3eac566069387abb3ff46c7c6781bcb5c0e72723700ff27192
SIMULATED,TD-SV5,Structured visuals,SIM-10-OOD-0041,a3a39d59ab92931fb8a0a6e3896e6e055686c7527ec5573a1041a4fcbbbe14b6
SIMULATED,TD-SV5,Structured visuals,SIM-10-OOD-0042,983670f213a4a3b376ca82a765f864af5b0415273c988c5334b2080d8da5f091
SIMULATED,TD-SV5,Structured visuals,SIM-10-OOD-0043,8dafbd98af536e16b9a3e50f3be44abfd295cf310a5d9a5814a6932289062616
SIMULATED,TD-SV5,Structured visuals,SIM-10-OOD-0048,687ef51a3cfd8b06e770044da94d895bfcb4bb479954943bcecf8a354b3c4145
SIMULATED,TD-SV5,Structured visuals,SIM-10-OOD-0050,72a493102aaed83138767bfebf79a4c3724e9094f54ece392ce30209fc977cf5
SIMULATED,TD-SV5,Structured visuals,SIM-10-OOD-0051,b06bd5748d97f79dc8205d201ff6f1686dd8cb5c4cde567e39f53bbbb5deb821
SIMULATED,TD-SV5,Structured visuals,SIM-10-OOD-0052,25a69cc56aacee83fac08652b4902b5e2a6243317505daf996461aa5546b1bfe
SIMULATED,TD-SV5,Structured visuals,SIM-10-OOD-0053,7a6570f95a0f7ed83e6d4b46af14606368dde9f81b96e361411c1ac784c75ffd
SIMULATED,TD-SV5,Structured visuals,SIM-10-OOD-0057,32d411bbbd01de3db233313ee44e9b89d31c285ef7594ad4d493acce1a0b9ba3
SIMULATED,TD-SV5,Structured visuals,SIM-10-OOD-0058,8478e523f8fab1cd416c9cc62f7185a5923e45ecc210f759859bb76df4ddd4b2
SIMULATED,TD-SV5,Structured visuals,SIM-10-OOD-0059,1b82828277de872bece0b603f735e4a7918f5a4067328fb5fc43cb15a1f3c6ee
SIMULATED,TD-SV5,Structured visuals,SIM-10-OOD-0060,0b3edb5233a92b8ac1d10360d190702ec69ed759a27998d97d12a4a41f7c1fe1
SIMULATED,TD-SV5,Structured visuals,SIM-10-OOD-0061,9aa52f05ef3f3d9314cf215a993607243aab3c38b5d36c35bced6758b138d639
SIMULATED,TD-SV5,Structured visuals,SIM-10-OOD-0062,6879d8fa843f9fe17f949f5326b103a902796dcc3bad6cfc704d4fa2f420b6b9
SIMULATED,TD-SV5,Structured visuals,SIM-10-OOD-0063,23400ca6c0e22b35966f9029cee2900f807883b21357e5a35dfb93cb41815cb5
SIMULATED,TD-SV5,Structured visuals,SIM-10-OOD-0064,770e98b07ea7fa384a35431cd5d10fd1b8fcdbb548f77d401614d2360999edeb
SIMULATED,TD-SV5,Structured visuals,SIM-10-OOD-0065,c02c7ed3b208be6e35fcbf01e354d0cb9a90215c3f636b802acd7caf40a36366
SIMULATED,TD-SV5,Structured visuals,SIM-10-OOD-0066,a5a50a6facb0187771b9b91e98ef7e9dc3977e384e3d235a1b952301fa593f91
SIMULATED,TD-SV5,Structured visuals,SIM-10-OOD-0067,3fd29b1a68367d36635560e67782bcf70ae1f701bba985501363490b809a67aa
SIMULATED,TD-SV5,Structured visuals,SIM-10-OOD-0068,038810c4127fbe13164d15118d61440bc00d7a2f338ecc9b67c7d647c962784a
SIMULATED,TD-SV5,Structured visuals,SIM-10-OOD-0069,0db113f97f55750d9441a0c75c3924e0f0261fd16b5c8ead25e529903bea37c2
SIMULATED,TD-SV5,Structured visuals,SIM-10-OOD-0070,7ad6075829b674450306aea8844a7eaa31406efdf2ea74cd907403e3716cff66
SIMULATED,TD-SV5,Structured visuals,SIM-10-OOD-0071,236b4be885a03802fa66968e78def3dfbf2dd68bd99ec59e5d5dc93770340880
SIMULATED,TD-SV5,Structured visuals,SIM-10-OOD-0072,c4987235af39c00349869fe61c0b335aca361ea64f371160cd8ed3964e3ba935
SIMULATED,TD-SV5,Structured visuals,SIM-10-OOD-0074,b67c8a94009ccdf3a264211380528667a82c186a7f1380af0542e53e153899d9
SIMULATED,TD-SV5,Structured visuals,SIM-10-OOD-0075,972f246b949e7af8b14f81147cf2a0fba3680bc1f8fe1b45639f3d176d708433
SIMULATED,TD-SV5,Structured visuals,SIM-10-OOD-0076,167d58117ff97bc75ac02cb9fb6c086bfce6b5e2f4bdbae4a927a4e89124b779
SIMULATED,TD-SV5,Structured visuals,SIM-10-OOD-0078,5cf225ecaa1ba89d36048d859fd9ebfd6ab641a3a5791b923166ca0dd76c1250
SIMULATED,TD-SV5,Structured visuals,SIM-10-OOD-0079,82de5e56922a69d27369901a8658b1e0447e80c543378262c25575f3c706bf3b
SIMULATED,TD-SV5,Structured visuals,SIM-10-OOD-0082,1b3c9dc7d01cffb02645c6d75933a08a668190493efd3c4817558ecaa3ed387d
SIMULATED,TD-SV5,Structured visuals,SIM-10-OOD-0083,b9ec4ffc123136304080559024a88c2349d443cd07198e75453cf6f4624afb4d
SIMULATED,TD-SV5,Structured visuals,SIM-10-OOD-0084,b12213bce645d87db037567eea96d05519eaad81d1ba10eddf235b852ad36fcf
SIMULATED,TD-SV5,Structured visuals,SIM-10-OOD-0085,255dc4d5af70d6f26641ac410694876aab3733cedaeea7d684b974236bc7eea0
SIMULATED,TD-SV5,Structured visuals,SIM-10-OOD-0087,0a3b12cdb580a4e7d3dceee2df4bdfd01b4a3dcce070d9d4e78f7cbc8b47efb5
SIMULATED,TD-SV5,Structured visuals,SIM-10-OOD-0090,2baf64b5802aef1126d388b6e814ac3d747827b2aa6e988bae780c1597661a69
SIMULATED,TD-SV5,Structured visuals,SIM-10-OOD-0092,3220921d3f091aa70d2c9263b2144bf67b91f8930f973826aa993d83bdc99f86
SIMULATED,TD-SV5,Structured visuals,SIM-10-OOD-0093,2d7f1cb91e3fc44d71e14951b51adbcba3bd8d21442415552085e701f7bca7fa
SIMULATED,TD-SV5,Structured visuals,SIM-10-OOD-0094,5e04959917c35f251e660ee7c2f91ad015c1952f1a6e905d7c9b8473402fc6d5
SIMULATED,TD-SV5,Structured visuals,SIM-10-OOD-0095,acfa65c919246fab141506ebbec6e9133cade6a794d7dbdb780ecb37719e3a5c
SIMULATED,TD-SV5,Structured visuals,SIM-10-OOD-0096,b9bba05b29b4e68a3daecfcaa0c5f342463970d1ac18997fbf099f6ca97b84db
SIMULATED,TD-SV5,Structured visuals,SIM-10-OOD-0097,be2cef746287f76ce69298282cd5374c3a650a0b27ab6f85d116a3a66a71b86c
SIMULATED,TD-SV5,Structured visuals,SIM-10-OOD-0098,16427a8176e53800977127504be6d7c47ef7c9d29f0db5403561cb82c2cb9d15
SIMULATED,TD-SV5,Structured visuals,SIM-10-OOD-0099,c05ebc21a3ae213ea4e5dd6a2576a5f8777b8fec46f87f80c6278fe5df943e5c
SIMULATED,TD-SV5,Structured visuals,SIM-10-OOD-0100,9ae9046e59f24107c3ec10b43ecfe606a8541754b8879a28f13818921956ee21
SIMULATED,TD-SV5,Structured visuals,SIM-10-OOD-0103,1d8b736a65e86adb8c6acbd96984f04fdd2fb505589ed5332011fc1dcc70a0e7
SIMULATED,TD-SV5,Structured visuals,SIM-10-OOD-0104,3ca513f970a1e5d398b8ef44fc0a150d1e9b0d3da08d455cc4b0db6aaedd3473
SIMULATED,TD-SV5,Structured visuals,SIM-10-OOD-0105,38d58ee42b8380912b09035535a79b7cc23a7efd2fe867181ef4aff033631ce6
SIMULATED,TD-SV5,Structured visuals,SIM-10-OOD-0108,5b4bd6aed53dc645dcc1b2a6428305075b46f8f0db9de6c6a65cecb386a8fefe
SIMULATED,TD-SV5,Structured visuals,SIM-10-OOD-0109,91db2798153d52877a7026a6850e35a2450f47b2bbb88ac66e413c4f100b6388
SIMULATED,TD-SV5,Structured visuals,SIM-10-OOD-0110,a5d13fa6ff118b4a969985f568248495351442d6e4e0d88f7cb581c3fcffd5e7
SIMULATED,TD-SV5,Structured visuals,SIM-10-OOD-0111,0239e0cd594d7a45efeb6ec2d232a046fa1bead820ebe35309cf4c94a9de183e
SIMULATED,TD-SV5,Structured visuals,SIM-10-OOD-0112,2b72566be38493fd78bf6e144dff7372008019aaf168b69ff1c01d72e34946d7
SIMULATED,TD-SV5,Structured visuals,SIM-10-OOD-0113,891f70028d4f52144a720391a361305b1332031d246d636f94ef948b568dc7d4
SIMULATED,TD-SV5,Structured visuals,SIM-10-OOD-0114,c30ba423e5f5f0e93e78f2f41450d2b606f0c07ad7d6092b255c787b4d55c741
SIMULATED,TD-SV5,Structured visuals,SIM-10-OOD-0115,b565797794708918ba64698e822975cf46777fc1a54bd92c75134a504377af14
SIMULATED,TD-SV5,Structured visuals,SIM-10-OOD-0116,6e00aaba3fa0ca507648a3722dc22c205e79f92d205c9a2d58d31de80618ed58
SIMULATED,TD-SV5,Structured visuals,SIM-10-OOD-0117,a00d5c471cc168df9a986adc66412321647e76d4a636b12d36d35821212cc709
SIMULATED,TD-SV5,Structured visuals,SIM-10-OOD-0118,015c0f35aee4285afeeebac58fde32f7a09f40671bd2c18f88acea958eeeb68f
SIMULATED,TD-SV5,Structured visuals,SIM-10-OOD-0119,70d35322a778c32e0b8eafdce359b48a6e4e58f46301e8ed6ef61a4362e2c248
SIMULATED,TD-SV5,Structured visuals,SIM-10-OOD-0123,69259f5c69b2dd019178814704d73c5789ebfe1209009a627cda3108f350afeb
SIMULATED,TD-SV5,Structured visuals,SIM-10-OOD-0125,51a5ec5f5b056fe13cd5a8c8d61aff8ecaeeed19e7e076d30db3990454badde7
SIMULATED,TD-SV5,Structured visuals,SIM-10-OOD-0126,87b921a87871d355df73a11896b850ee860774cc3d6319e1c32bb8e5fe87378d
SIMULATED,TD-SV5,Structured visuals,SIM-10-OOD-0127,49e8e5a43240be98addd21a53fa16bd666f4fea6432655cee26babd0a3bcc34a
SIMULATED,TD-SV5,Structured visuals,SIM-10-OOD-0129,07cd61510faf0a2a6dab5d29e10915deb871d31a77c94d75c524147298eb6b6c
SIMULATED,TD-SV5,Structured visuals,SIM-10-OOD-0130,26f92dbe85c66b0221229452df25de00df3874d1dd278f9da078e454c170274b
SIMULATED,TD-SV5,Structured visuals,SIM-10-OOD-0131,515501a56958f23a37b7e1ca720d39e83328b3e0feb646d3628b1432cc6457b1
SIMULATED,TD-SV5,Structured visuals,SIM-10-OOD-0134,aecd1bc70354a9adbdb7906a521fee41b22ef01f2630941dc80d29c074e2d8d9
SIMULATED,TD-SV5,Structured visuals,SIM-10-OOD-0135,7703aede52e8ffccae2ba0fce7682677ceb4e2136ac2a6705279bb2f2b424cec
SIMULATED,TD-SV5,Structured visuals,SIM-10-OOD-0136,42347d7488447981bc4dbda5c30c2fab91d835f13167416d3e2d9c13eb162e9b
SIMULATED,TD-SV5,Structured visuals,SIM-10-OOD-0138,6140bd8f502666fd11facb1e72e5488a4ca0ad1880e7097a61b7e36dfd60a9bb
SIMULATED,TD-SV5,Structured visuals,SIM-10-OOD-0140,947947c0a21570122a5df73997a8d048b37843e8f647b295f2e55e9047a2dabc
SIMULATED,TD-SV5,Structured visuals,SIM-10-OOD-0143,1416f61334a0fc526f978065fd6003a5487cdae2aa1ceffed8f9a088a2b9f2cf
SIMULATED,TD-SV5,Structured visuals,SIM-10-OOD-0144,63be3bc6c9c63ffca6219c2444293c1e4b7df57f87a0c7656407d91fab666001
SIMULATED,TD-SV5,Structured visuals,SIM-10-OOD-0145,46934bfc37a789b967a899e927bc45e8f9712b5246d1da2ee455a97cdae3a856
SIMULATED,TD-SV5,Structured visuals,SIM-10-OOD-0146,7d01cbeda5271ae6d8348fc489fd3e6c2692728fdadce0016d933db3782e31b1
SIMULATED,TD-SV5,Structured visuals,SIM-10-OOD-0147,9db090e0f0fe28a8fed1a3d598d6174c0dd500b31d850e6ecbd6bece3d4449b7
SIMULATED,TD-SV5,Structured visuals,SIM-10-OOD-0148,a081455d48d80631dfb79e5d0a5c4ac02ee5e6dff8b9f398ea3ef6937f70d9ac
SIMULATED,TD-SV5,Structured visuals,SIM-10-OOD-0149,c7aef7a883822f256cde7a6ae8ed22f1b0396f421e3ebaa1653771993b1996ad
SIMULATED,TD-SV5,Structured visuals,SIM-10-OOD-0150,28b0d8ca8b02292a7b7716dbd596e1a5f26a0652c37c942bb36d8be605471e1c
SIMULATED,TD-SV5,Structured visuals,SIM-10-OOD-0152,5185ee977c431bb818cf581fbef443a8cd586e1e3c1d5eda3d0ab878f0c997f5
SIMULATED,TD-SV5,Structured visuals,SIM-10-OOD-0153,a7950189518a74f5e4cb0a7e85167b389208105fccf41a97be307619ccae3d99
SIMULATED,TD-SV5,Structured visuals,SIM-10-OOD-0154,c7381b4ef67e01eadcb50d344a810c0a47003fed8b5f136215bf47fa4172f32a
SIMULATED,TD-SV5,Structured visuals,SIM-10-OOD-0155,1ec25b3ed513190b27f04de8f41ec82f274c09b29bc8c5ce2017b4516b494af7
SIMULATED,TD-SV5,Structured visuals,SIM-10-OOD-0157,1077f482856c61f6799809fc247db80303dc879fdcc49be258c11303da72e0c3
SIMULATED,TD-SV5,Structured visuals,SIM-10-OOD-0159,b6c4d346a24b9739571a5695d21433953714a65c566e6a2613935429c767f50f
SIMULATED,TD-SV6,Structured visuals,SIM-11-OOD-0000,83dea936cb844d730c1058be320ea934826be368e1bf538999a9ce0f2c6e2611
SIMULATED,TD-SV6,Structured visuals,SIM-11-OOD-0002,7e48a79887d0fd84e250cb951be27ea0bea396dbf64d3baeecc07dfa0b1f8ffe
SIMULATED,TD-SV6,Structured visuals,SIM-11-OOD-0003,0be25e6bd335706b3db8f3cf91e6ff3e9013b1fac3587c583ae828cedc0c8d02
SIMULATED,TD-SV6,Structured visuals,SIM-11-OOD-0004,0f8f37fa4d4ee65ce80d27743e725100a39c2ca342af8c6e2dea7c0ef72a73e5
SIMULATED,TD-SV6,Structured visuals,SIM-11-OOD-0005,112d821b3621b91fcdd042bb6490f47d5636b7129ee5f95048b879edeec727d9
SIMULATED,TD-SV6,Structured visuals,SIM-11-OOD-0006,7c87a65db6e0980bbdaf694633311b3db8851a00c3da7d8c1aca48b4783c0d04
SIMULATED,TD-SV6,Structured visuals,SIM-11-OOD-0007,2882d6cc14b48b0f9dd011f408576dc10b7cab9313af4d1d8d661088569d634b
SIMULATED,TD-SV6,Structured visuals,SIM-11-OOD-0008,78ab47d18e9430e8e5dc562bd176911a14299f77d0d5ddea3f017cd877c11fb4
SIMULATED,TD-SV6,Structured visuals,SIM-11-OOD-0009,90692ebccf309452da08ba2910d12b02460ced7ac5a3960687a7d6cdc3ae9358
SIMULATED,TD-SV6,Structured visuals,SIM-11-OOD-0010,7c9ceba739972a8034a6d050ed3a41bc6d1b5eb1a70e175ca55ef2e5c1d7f041
SIMULATED,TD-SV6,Structured visuals,SIM-11-OOD-0011,035c913ba2b79a6168491d074c93c8d8c013beb85240fe7fa5df1b0eda319579
SIMULATED,TD-SV6,Structured visuals,SIM-11-OOD-0014,25155db882436dc99b4534665041c26db7d1bdd9a75f9dd764d84857ca9c2702
SIMULATED,TD-SV6,Structured visuals,SIM-11-OOD-0015,223c7c5dc79db3274ba36621daa1d6625d468c4e1b25415289d16dc21b64dc81
SIMULATED,TD-SV6,Structured visuals,SIM-11-OOD-0017,4c089f4637fbdf77661eacae072389ef56240c36e1e03186f62d03074612ae69
SIMULATED,TD-SV6,Structured visuals,SIM-11-OOD-0019,7006a1326e0682d24dc8fff77983c11dbcb7772ffe79e9dc879c6fa5c491af76
SIMULATED,TD-SV6,Structured visuals,SIM-11-OOD-0021,123db2f976e57061c10d7b4db614aa3f78ed7b85a4c53c3ab0fda6f7ca5c7238
SIMULATED,TD-SV6,Structured visuals,SIM-11-OOD-0023,ace581906c5f37dd316d79dd70a3efb6e04a0418eb726ab8711ededabbecd13a
SIMULATED,TD-SV6,Structured visuals,SIM-11-OOD-0024,03e06d5db929ad4ffcb27216c1010ae55e756ed98ebb472b4ff847a6dc453509
SIMULATED,TD-SV6,Structured visuals,SIM-11-OOD-0025,146a89b825323443f5e6bdefdf785a3662bb448c1dca50d43d24a4ccb4a8b608
SIMULATED,TD-SV6,Structured visuals,SIM-11-OOD-0026,5697c5f01cec40ec5663a2c4cea99b0749831c07a63cf04f276d659864e48014
SIMULATED,TD-SV6,Structured visuals,SIM-11-OOD-0028,51abd7a41566cfaff7bb38ecd9ed7d6c9401fabb9dda3d88788c475298232247
SIMULATED,TD-SV6,Structured visuals,SIM-11-OOD-0029,4a2851e6374a82d9b5cfecb54d40a6ae8240cc0e7d328be678f9938fe0bc1929
SIMULATED,TD-SV6,Structured visuals,SIM-11-OOD-0030,6818cfde7fd823ea8701f29226257647fa3fbf1101bff8a91bcb93287cb88980
SIMULATED,TD-SV6,Structured visuals,SIM-11-OOD-0031,8b49e7f1a8bf6c5b727be90ed3ad5cc8bacac796c7386faf63b69396d15b2fab
SIMULATED,TD-SV6,Structured visuals,SIM-11-OOD-0032,4a43cfc95423a9721357d60342060bb2cdb4067533d9e55d4450f5454e6abfcb
SIMULATED,TD-SV6,Structured visuals,SIM-11-OOD-0033,21a2cd621d1c604283e42c581d6132f0a9ddf3a0aa300228fb8cb15e27fc3f05
SIMULATED,TD-SV6,Structured visuals,SIM-11-OOD-0034,77ddd1c6d5b5b6e39c2e6af73816f15255968d501ed03fc8023722d736f31b7a
SIMULATED,TD-SV6,Structured visuals,SIM-11-OOD-0035,86f98723e2a8c3e05cd6611fbbf63471e30d5cc8052517c2f438adc672d1a85c
SIMULATED,TD-SV6,Structured visuals,SIM-11-OOD-0036,98fda3197684a4f53d45c4f1e5504ed0de2de1035e812df4df021d64ef806388
SIMULATED,TD-SV6,Structured visuals,SIM-11-OOD-0038,51bdf46f414d1e95f0142e85864a516ae7741226f71d89cc22dab13a42807806
SIMULATED,TD-SV6,Structured visuals,SIM-11-OOD-0039,3687213d1bcfcd00a0b40afeb8ea0ed7d80a2807b379d1a2c2c6ff08b5206805
SIMULATED,TD-SV6,Structured visuals,SIM-11-OOD-0040,31255c04a70fcadf351fce81187e14085e26e6980f8b05e43fd301c0f3baa0b9
SIMULATED,TD-SV6,Structured visuals,SIM-11-OOD-0041,3d5e128d6180d8be99b92ac4b735558c6367e136a4ede91e2fbddce24b3edbfa
SIMULATED,TD-SV6,Structured visuals,SIM-11-OOD-0042,3a91d63eab01b16ca5933673f26d9e58d2a8786e176f17942aa5f0e02ffd39e9
SIMULATED,TD-SV6,Structured visuals,SIM-11-OOD-0044,9ee5303fc9f67ca4c0a4a42ab7eb7563ff61b2e55acfc6960f8e4b7f4063783a
SIMULATED,TD-SV6,Structured visuals,SIM-11-OOD-0045,485d73d9eb74bf88fe3ebd38f9bdb3fc5211a00d7d5f762c7c97cb8caa8446ac
SIMULATED,TD-SV6,Structured visuals,SIM-11-OOD-0046,0f113aec9f1e4ad7f959946cedf9f41681826c9362d17be02a19bc21f6c8647c
SIMULATED,TD-SV6,Structured visuals,SIM-11-OOD-0047,55461ebcfe3273078e3262f7e484998dffd0be3ec173d22b630d6ad91d4ca7f3
SIMULATED,TD-SV6,Structured visuals,SIM-11-OOD-0049,73f0c9cd6f6483aa3f36c02d3979391663067b19c946034130d6cd22a3c5c205
SIMULATED,TD-SV6,Structured visuals,SIM-11-OOD-0050,004e24c5d73d265ca1de2245928c8ef3eed77f9883882e18935d19f087580a07
SIMULATED,TD-SV6,Structured visuals,SIM-11-OOD-0051,a6eac32db48604d38ed5448642179641f54796cb490d8b043dc6b06be522a0d7
SIMULATED,TD-SV6,Structured visuals,SIM-11-OOD-0053,49d291b43e4ae2e3eae7b4e5a624d7c5a455a03ec16c4bf1b698e15484c26fda
SIMULATED,TD-SV6,Structured visuals,SIM-11-OOD-0054,adc9446088406b2045b4992aade3a92990476ee2944bce761072c305353f046b
SIMULATED,TD-SV6,Structured visuals,SIM-11-OOD-0055,67b39a8477157f81b84d60bffd79740fdbb8ef8d8f40d801c6638755ea64e50c
SIMULATED,TD-SV6,Structured visuals,SIM-11-OOD-0057,40c77effa6281b233e07382197dd1b5ededc19b9cd8fdf104e852fd2f3a4578c
SIMULATED,TD-SV6,Structured visuals,SIM-11-OOD-0058,64978ca3920e0bee91a38e2831abc5bdd2318bd7d63411103e7ba3229e4e86b9
SIMULATED,TD-SV6,Structured visuals,SIM-11-OOD-0059,8debabbd8bbc50c30d8f225b658c5c8984918b8dfeb6b043d4173bb145094186
SIMULATED,TD-SV6,Structured visuals,SIM-11-OOD-0061,20604a08a601310455a721fa54d2da66bc5413a2cb14cb7aca7b51c7c7ccb5d2
SIMULATED,TD-SV6,Structured visuals,SIM-11-OOD-0062,8ab7856fc3d13df0126cf52189b3833ad1dd170730331297c84655f1f2603424
SIMULATED,TD-SV6,Structured visuals,SIM-11-OOD-0063,6175cbe789864b4a62eed142d5f7a9efb566e68127d9324e4213f55449787058
SIMULATED,TD-SV6,Structured visuals,SIM-11-OOD-0064,4b6557feaf4e2ac230c94a5ee2c6841bce9fc8ad7c69b2d44b7f4476543be21c
SIMULATED,TD-SV6,Structured visuals,SIM-11-OOD-0067,3eeab2abde80e31371ce0a7cde6e532626ce943a99691bd2024959d7647bbb4e
SIMULATED,TD-SV6,Structured visuals,SIM-11-OOD-0068,55c0062eabcdc62e32f880005a6c5b1e064500165f357eb1a42cbd162263585b
SIMULATED,TD-SV6,Structured visuals,SIM-11-OOD-0069,80ffffe85bdcc2884b971b7aab5acc4c3d492864ac2f8301f7059cb4d28006ac
SIMULATED,TD-SV6,Structured visuals,SIM-11-OOD-0070,7ea8d5a89176961f4a8127f2f65a458c51005bf2ddf8e07cabf487c4c8cfb683
SIMULATED,TD-SV6,Structured visuals,SIM-11-OOD-0071,5862e54a5b1c70a6293122d6eda86c626aeee60e9d868f5be118e2c2caefe81b
SIMULATED,TD-SV6,Structured visuals,SIM-11-OOD-0072,75b8244c69605e19afe0237498b97f66a9527cc8732121a9b2825d598ae0e522
SIMULATED,TD-SV6,Structured visuals,SIM-11-OOD-0075,af4eadd2b633e1407a7614a5ae1c1b769f914961eb648f53883abf2f8975421a
SIMULATED,TD-SV6,Structured visuals,SIM-11-OOD-0078,1e13119e1014b869691a44dce0927e5bda390959fb0d1d963c66ae971a1fb02f
SIMULATED,TD-SV6,Structured visuals,SIM-11-OOD-0079,90716e5d16074528b916e6b2a237ac7abe5de8a51612776d0bc1fe53e0fd95a2
SIMULATED,TD-SV6,Structured visuals,SIM-11-OOD-0081,523f7588c2065fe70a9abd7287d210a5528895995ebb11870c356fe01d69d17a
SIMULATED,TD-SV6,Structured visuals,SIM-11-OOD-0083,0a4b505ba11e0cc4847123cb5dbaa40db06c84de341076d90b6932eb80403922
SIMULATED,TD-SV6,Structured visuals,SIM-11-OOD-0084,4742b47a8aad46d39579eebf7e8f073413f771a1d723a555a6706e292a92a215
SIMULATED,TD-SV6,Structured visuals,SIM-11-OOD-0085,1c91ef3df16d9a612a41e5fe1506edfdcef1b9ea6874b6a2e73695a3ea805c9f
SIMULATED,TD-SV6,Structured visuals,SIM-11-OOD-0086,41de4bed39740a8e1bb0c2023eb7c465c8e5ce568d4b6d9427a8435bfa062bb9
SIMULATED,TD-SV6,Structured visuals,SIM-11-OOD-0088,5868a232d8d5046294e9039e494eaeaa244b89a85e88b8bb2a662941249f1db4
SIMULATED,TD-SV6,Structured visuals,SIM-11-OOD-0089,407c7ce7b837ce92b8b3701119c66e4e9507d4cbdf22cf64b159bcdc0dea13d1
SIMULATED,TD-SV6,Structured visuals,SIM-11-OOD-0090,479b58ee3508b33d2ff346af88276ff87481970a2ea58f6fff5ed8af68f282e0
SIMULATED,TD-SV6,Structured visuals,SIM-11-OOD-0091,51a1d90a39e2b746afa7404e85aeaed593e947b5fac805feb6d2584701c6bca7
SIMULATED,TD-SV6,Structured visuals,SIM-11-OOD-0092,478d7aa3338179df96703840b57e1bcb356c491109237dd0e8ed78e3dae45231
SIMULATED,TD-SV6,Structured visuals,SIM-11-OOD-0093,8f0daa05e18ad2b6e5f1a35b5417956e7faa38df5fea9a3f0e5eeac323c6d438
SIMULATED,TD-SV6,Structured visuals,SIM-11-OOD-0094,303343ed73c0f37905fba67cba063ceae244701ece964006aea43e5e47c144dc
SIMULATED,TD-SV6,Structured visuals,SIM-11-OOD-0096,4de114ed3c5428b70f39f1b659fc7bbc9876c1e6c4bb1852225a67f1ec73a679
SIMULATED,TD-SV6,Structured visuals,SIM-11-OOD-0098,9655ef2038282653ee30edbb544159ec2d2c2359600ad032f4611dc42292087b
SIMULATED,TD-SV6,Structured visuals,SIM-11-OOD-0099,1472ec713f5a7e42e72658b6cdfdf5ce8e948705660d5f4f7c2f4f84dd379a51
SIMULATED,TD-SV6,Structured visuals,SIM-11-OOD-0100,69a39fd8970752711710d4bb0bcac77e02643902763c252d35c52ea52502a4b6
SIMULATED,TD-SV6,Structured visuals,SIM-11-OOD-0103,84ca5d146847735eb2857afbdcbeafcbd37edcb225a87ba2447c87d62d3c5579
SIMULATED,TD-SV6,Structured visuals,SIM-11-OOD-0105,028e7fbd3629f82389ed6ca300ec9e856b069e76aacbe2f6b753ebfca778c72c
SIMULATED,TD-SV6,Structured visuals,SIM-11-OOD-0106,911c579cf89763c5e4a59db59cf2c146b1ae5528ac90638e80717787d52ce2fd
SIMULATED,TD-SV6,Structured visuals,SIM-11-OOD-0107,8fd3186affdbcf1816d031a1d3bb05625b2d3a10418a4e21619418d3561eeae7
SIMULATED,TD-SV6,Structured visuals,SIM-11-OOD-0108,aee3202fa253e05cedc4dd5c97418c395ca7fb39f0760d78ffa2f4729d8575df
SIMULATED,TD-SV6,Structured visuals,SIM-11-OOD-0109,9b7c0885a4022fd2039b92dca614313970847409db245c6027b1fd7a62057f8a
SIMULATED,TD-SV6,Structured visuals,SIM-11-OOD-0110,9e1f78ff15bd72b18331d35acb9b466f9e0aed9a0d11e1195f1de86d5849713a
SIMULATED,TD-SV6,Structured visuals,SIM-11-OOD-0111,42d221048643ed14d04f37175777711002318d3a7070f82e996535a473174d96
SIMULATED,TD-SV6,Structured visuals,SIM-11-OOD-0112,68cc01cc363f703ed3bb0b03991d063f911730bf22972551431ebabc1683ffc5
SIMULATED,TD-SV6,Structured visuals,SIM-11-OOD-0113,9a43befeffeaa5132363b1f7e33bc6a244965454c3821150190dc09b9f1c554a
SIMULATED,TD-SV6,Structured visuals,SIM-11-OOD-0115,1354e163d742879e9623288d8b47b7c3ea1ec051bd2d23488d02c22da645d6d4
SIMULATED,TD-SV6,Structured visuals,SIM-11-OOD-0116,71f94e844d989253c302032a949f2db2ef713a775f2d959747c2d46fd17a2c31
SIMULATED,TD-SV6,Structured visuals,SIM-11-OOD-0117,8c082678f59dcda9beffea0ac48fdfd80e63d224d01ceae0342d2d2e3f935c65
SIMULATED,TD-SV6,Structured visuals,SIM-11-OOD-0119,6f5f3a48977556ee98358cbd943ef78c1b4edb3fa0e44272e487cfb1c88c4889
SIMULATED,TD-SV6,Structured visuals,SIM-11-OOD-0121,94934f0adb53bf5d4af0bf7d38b95c87a98b9679296a4af9072b2c633fc4a436
SIMULATED,TD-SV6,Structured visuals,SIM-11-OOD-0123,1446f03bc8d229547c9f6de20d51fb5e1e98d93a2ffb524d4db3c318da485273
SIMULATED,TD-SV6,Structured visuals,SIM-11-OOD-0124,1a858da2940ac0e3d0d0a99a952e38ed1bb575b4de265caa6186ee96d120b985
SIMULATED,TD-SV6,Structured visuals,SIM-11-OOD-0125,9241a95d525e45aacb309cd8807e768f290c0947b17314d72da90b7473c62ef0
SIMULATED,TD-SV6,Structured visuals,SIM-11-OOD-0126,69e275d0d34ad35d2ad06c950af7f880965919f3db39a5cef211353ba63dc291
SIMULATED,TD-SV6,Structured visuals,SIM-11-OOD-0127,031f3dda4bf1e4a2ffb9b184f46ea0426b529b97f5114b59f2c7f44caddd1505
SIMULATED,TD-SV6,Structured visuals,SIM-11-OOD-0128,28f6cd78a1b57a596eb4176f5112c08df7ff2de77d7d6b51e446d56130d94074
SIMULATED,TD-SV6,Structured visuals,SIM-11-OOD-0129,8cb3cd9ea08dffd537ed8f4704fe4f980d91de9fb62248b54566d5d5c2d4f04f
SIMULATED,TD-SV6,Structured visuals,SIM-11-OOD-0132,6143024f7fe617bbc8bc174d88789b099faedcf4ab42dc342ddcba648ed69e22
SIMULATED,TD-SV6,Structured visuals,SIM-11-OOD-0133,a1a2996a946193feae9b09a528987fa2ada71045a37b1d22d1aa8c3f7044a98f
SIMULATED,TD-SV6,Structured visuals,SIM-11-OOD-0134,944b6ede883b46f30a7d3684d320e5da22cc601dfb51eddf7206cb4a50374b07
SIMULATED,TD-SV6,Structured visuals,SIM-11-OOD-0135,6e4b44a9714301953d4d66af380fdb5a5beaba6de6dc4624911945ecd6b950f8
SIMULATED,TD-SV6,Structured visuals,SIM-11-OOD-0136,4b1c4393be2cd97e995b4d6229a82172ede9f7d6e0facc5de51f5c404c5b7861
SIMULATED,TD-SV6,Structured visuals,SIM-11-OOD-0137,5f3fb6c18f535a7fb35cde6dac1114f2212c87ca96f3d26372b35e639d00716e
SIMULATED,TD-SV6,Structured visuals,SIM-11-OOD-0139,9a3986976d201a6d01ca5920455e9e59cdca7f3ab5be1b29b8413241eac35dcd
SIMULATED,TD-SV6,Structured visuals,SIM-11-OOD-0140,632af4a04531e9a8a3a5d0d74bf8bd36a762b66e11c6e03329f5cabe000baeac
SIMULATED,TD-SV6,Structured visuals,SIM-11-OOD-0141,953c301acfe4ce4241bdd296f13c43c51fe36d4ffbad55e887776f5c67d20880
SIMULATED,TD-SV6,Structured visuals,SIM-11-OOD-0143,0f49508ccb4f6ec9535ea2bd179c3cb4b7d6db7d2271ff1b0b595218f19d5266
SIMULATED,TD-SV6,Structured visuals,SIM-11-OOD-0144,0c9219beba720d1080e09d612ac1e32988b6a90d48b1cb2a834924ddf5e9189e
SIMULATED,TD-SV6,Structured visuals,SIM-11-OOD-0145,1b9fa3915c7b0bf73f33bfd7e6097f4c26cf2e4cff6d35388192d1f4a72d9ab9
SIMULATED,TD-SV6,Structured visuals,SIM-11-OOD-0146,1e7a67bdccf7630b2d2f47afd4cc65b6a986ada787c5f33fc3f0e777e93ef343
SIMULATED,TD-SV6,Structured visuals,SIM-11-OOD-0147,88d7d3dfe286c1396f957d25c98ef93f89e150803fdd3d50206a11b675961fdd
SIMULATED,TD-SV6,Structured visuals,SIM-11-OOD-0150,71d762456b635c73e6d911080838f3f76e65740aec884ea55969bca6f59cbddb
SIMULATED,TD-SV6,Structured visuals,SIM-11-OOD-0151,13b685aa0d5ef4f1e3aebf784483156884ad50ba8f012b6f01493800943ceba8
SIMULATED,TD-SV6,Structured visuals,SIM-11-OOD-0152,84373f287d815fa9980169c44087dfb334842039f30b5f2ad70d93838955fdbd
SIMULATED,TD-SV6,Structured visuals,SIM-11-OOD-0155,153bf2a38eb671b8e9143fcd3d31a059a0ea45effa153ccbc4028189f0de2b58
SIMULATED,TD-SV6,Structured visuals,SIM-11-OOD-0156,7c8ef944ab718352629439ffa75780066bf80eaba7830473a51fca72fb259919
SIMULATED,TD-SV6,Structured visuals,SIM-11-OOD-0157,7596ef0c93f725acd74325a368f182eb9e4f6002911b7e4121993d235723611a
SIMULATED,TD-SV6,Structured visuals,SIM-11-OOD-0158,8415f42019f4d1646aa0533ad8454e34a1450c30c5eba906d29556d07f7c5c25
SIMULATED,TD-SV6,Structured visuals,SIM-11-OOD-0159,a60c5cb58118b4dd0e10b4bc5323232f5a7ea6df6c33579e1b1cdc7cb90f7bbd
SIMULATED,TD-IG1,Images / 3D,SIM-01-OOD-0000,7e8cc40320ab9520feebf4bf12a9d2363808ed650d8aa7c933244a2b20c86bfc
SIMULATED,TD-IG1,Images / 3D,SIM-01-OOD-0001,af5dca9b82784d442c8c3b85c280574f2603bf3ac0a53ea9d241fc0fd92bf12a
SIMULATED,TD-IG1,Images / 3D,SIM-01-OOD-0002,3e2df8204c9f87283f96180b7d60a17f232d207b3d71307e2b337d197609bb7e
SIMULATED,TD-IG1,Images / 3D,SIM-01-OOD-0003,43018e6e727737c9fb462a7229ebff897a5b84adc16d405f745063ba6c4dd895
SIMULATED,TD-IG1,Images / 3D,SIM-01-OOD-0004,1e057508cb5e7a02b91f81cea1d9b9082e90289342ca1834059b9e6f4bd8f51b
SIMULATED,TD-IG1,Images / 3D,SIM-01-OOD-0007,c22bbc28b4f43b01801f8c6d1680c50eb6bfcacbc1f1140ca66704dd08b7b136
SIMULATED,TD-IG1,Images / 3D,SIM-01-OOD-0008,84ea06e9242b1a32423626931aa3b334cc031b174af45ad66ab6b8a1ca38cfa7
SIMULATED,TD-IG1,Images / 3D,SIM-01-OOD-0011,691e6b35a3ee2b14f4b7b4a99dea63f7a3116aa13b4156bec4a2ce85558a2d49
SIMULATED,TD-IG1,Images / 3D,SIM-01-OOD-0012,9d0235e940d0552f21ee61a93200c7f307fec0eadf3c5d5624ddd963aa104471
SIMULATED,TD-IG1,Images / 3D,SIM-01-OOD-0013,5ce918bdd4cd9f41684c96d3a1ae9edb1cd36a21624b15d69111d8bdf9f52037
SIMULATED,TD-IG1,Images / 3D,SIM-01-OOD-0014,c7e722fd6860c3f0a9bf0a1be53ba7e29b8c6a4dc03472bc810283dc63d68b35
SIMULATED,TD-IG1,Images / 3D,SIM-01-OOD-0016,596bc722fe7261962ff5b483ae3c3b5f087ac40665effb19114635bbcc8ddf58
SIMULATED,TD-IG1,Images / 3D,SIM-01-OOD-0018,36a30ee6c61b3b82b9529cb6daa70fb01cda4581c6e374eb7f4b8b6d4baab426
SIMULATED,TD-IG1,Images / 3D,SIM-01-OOD-0019,997bcd5bd68be93c4836f5143c3b6389ea595941b1775b29cc02da0eb865e9a4
SIMULATED,TD-IG1,Images / 3D,SIM-01-OOD-0020,60efffb131208410f7637ad7a16fd3ab1b393dfb0eea6014c933f69eca3ebc4b
SIMULATED,TD-IG1,Images / 3D,SIM-01-OOD-0021,4af911cda6988dc4e497e23c9ab01bdad91fcb243ea522d569167804dc17dbb9
SIMULATED,TD-IG1,Images / 3D,SIM-01-OOD-0022,9022498bbec7086e71daad34a306f3c90cece0309a9073f97f1137ac7c6cfaef
SIMULATED,TD-IG1,Images / 3D,SIM-01-OOD-0024,5a3fda4c66a0fdb1d98f5b449da2cb68f23a4465e1082b0a9ae00f388c6f6bd7
SIMULATED,TD-IG1,Images / 3D,SIM-01-OOD-0025,7997100c842aef46142edcfcf2f9fecbe78fd44ed420db634b49de5ea0e765ef
SIMULATED,TD-IG1,Images / 3D,SIM-01-OOD-0027,313ce8a9084bc61e19266c13f5c93f2da544bf9daa5ff84694a3cc609bbbd5c2
SIMULATED,TD-IG1,Images / 3D,SIM-01-OOD-0029,9a5cf481a586f4c630f4aaa728a0575dba48af993009611f32d0a1ffd84126aa
SIMULATED,TD-IG1,Images / 3D,SIM-01-OOD-0032,08008e14526030f4dd9a441680bd326f2148fb9d763f3f877d079057df962671
SIMULATED,TD-IG1,Images / 3D,SIM-01-OOD-0033,66ab7fc7001f0c1c449344dd10858e9e6cd739e9e1298d631d6115dfab1e72e5
SIMULATED,TD-IG1,Images / 3D,SIM-01-OOD-0035,c41e3b18e3e1bf776968fbd7ebc5bb88dce65c731b875ed845483600866d025a
SIMULATED,TD-IG1,Images / 3D,SIM-01-OOD-0036,082ad96746a3af50f84a1fcd00f91610bc1654a64c59e27f9ed6e4780c0e69df
SIMULATED,TD-IG1,Images / 3D,SIM-01-OOD-0037,a7424f0569473f17473cc3128f04de78f98d2a873307a4f5393a8b30aae40207
SIMULATED,TD-IG1,Images / 3D,SIM-01-OOD-0038,7683c30dfc1cd532336929bcac82d4b66b2dd466010a900906c769a40305342f
SIMULATED,TD-IG1,Images / 3D,SIM-01-OOD-0039,561826cf27f29d70222070cd7cef82ca1d2a95406295a96b24b9a04aaf146cc0
SIMULATED,TD-IG1,Images / 3D,SIM-01-OOD-0040,6f502b3139078cd89a6b828ad05c1271b84e0cf9efdd8cf2c1c65a773eb8e946
SIMULATED,TD-IG1,Images / 3D,SIM-01-OOD-0041,c25909fb072586bbdc9a462a7ce05d80edeee3fe4be6e9ca0ce81d0ce67ba610
SIMULATED,TD-IG1,Images / 3D,SIM-01-OOD-0042,5d7d701822f9fdc8012bf04f2e9fcf6efb054d2a84f946245b48564b844a4a02
SIMULATED,TD-IG1,Images / 3D,SIM-01-OOD-0043,4ab37af8dd634e18b6f3a239409dcee939cef5e3934a47a1cf1eac3992520373
SIMULATED,TD-IG1,Images / 3D,SIM-01-OOD-0044,a8a7fb38d708a1bfad56fb751d39f84a587dfa4d05dd016a3ac5a036abaa7111
SIMULATED,TD-IG1,Images / 3D,SIM-01-OOD-0045,03bcfb73feb7b97a177b06f4ceb6b46d39267e39c0dff8865ba82e530a3c1ee8
SIMULATED,TD-IG1,Images / 3D,SIM-01-OOD-0046,5ba6553edd31b86554d5594eedb24b91864bb4301282943b7a1ffd3ce21d1d1e
SIMULATED,TD-IG1,Images / 3D,SIM-01-OOD-0048,9a176fda24c78f0779f4b28a138489377d7a05d734567adff062b82329e60a00
SIMULATED,TD-IG1,Images / 3D,SIM-01-OOD-0050,516d3f491eb39d3341e4dc636d7229eb6867913a4f68b9de6f427a9200a8e661
SIMULATED,TD-IG1,Images / 3D,SIM-01-OOD-0051,2393df03d22077c9631e3790f08e75cffd64c5cd42221de8374b6e255413d1b7
SIMULATED,TD-IG1,Images / 3D,SIM-01-OOD-0052,63993828e1a9476ec26a7e4326e61bfd3f826fe3b7f45914482e8a7c135c15a8
SIMULATED,TD-IG1,Images / 3D,SIM-01-OOD-0053,0a87e1bcdc11eb7e85d3685f7dbef62354a528af7d8cd25970860e6816a190ee
SIMULATED,TD-IG1,Images / 3D,SIM-01-OOD-0055,0db79da35db1f9284d50c3444110e9cfd9826fdcbd5057b3f291e68b292d4354
SIMULATED,TD-IG1,Images / 3D,SIM-01-OOD-0056,528064c5aaf0a2fcf8f3a6b6cbb81bb291bfe224ff9f866346a15b68a1445d29
SIMULATED,TD-IG1,Images / 3D,SIM-01-OOD-0057,23f08bb28e43531da6dd3f22c1539b8ba4c84b67c0a692fe4042fdd192c46c36
SIMULATED,TD-IG1,Images / 3D,SIM-01-OOD-0058,7b9e1d0c5de11cd61b80dcf656bbf2e4cd4ea0a001e801c91908ad20a3d2cf51
SIMULATED,TD-IG1,Images / 3D,SIM-01-OOD-0060,bf582fe8ee19bf430ddd4188aab0b3bf96dd349ac858a8155f60983225adb79b
SIMULATED,TD-IG1,Images / 3D,SIM-01-OOD-0061,1fee97a8d0d069dbf11b954ba25249cb24a559b77c8b4778c840f383eb466f94
SIMULATED,TD-IG1,Images / 3D,SIM-01-OOD-0062,75bd266e59fd1f7ce1cf7ef088be29cb4c2155ad4780cd3eadc40cd01575a851
SIMULATED,TD-IG1,Images / 3D,SIM-01-OOD-0064,04c2317a596f13b646116f3cb6d44956944738e6f5cfcc470f1a4d654003727f
SIMULATED,TD-IG1,Images / 3D,SIM-01-OOD-0065,6751a632e21336ada205e6a06ec499d414df3c196c970204c24b7a1b594ff9d5
SIMULATED,TD-IG1,Images / 3D,SIM-01-OOD-0067,6a57611d9f60b11ccb47bf3135711f76f3b9539825e2f560692ce73ec8850044
SIMULATED,TD-IG1,Images / 3D,SIM-01-OOD-0068,822732f58bc7510cea96e36fc056768830d9a43c59d2e5880daa7ed1be3a231d
SIMULATED,TD-IG1,Images / 3D,SIM-01-OOD-0069,4a51399bc549c4ce54a8b49ed865a9c9181644d9981e46094b88b44d16bd5424
SIMULATED,TD-IG1,Images / 3D,SIM-01-OOD-0070,327a849c4250e9acf1a5683656062ee5006edea3011b6001fdd67a091ac3e2ec
SIMULATED,TD-IG1,Images / 3D,SIM-01-OOD-0071,43af5db005792dd6d6b8fef289c4105fbd3361ae1b41363d0345aa7d81461561
SIMULATED,TD-IG1,Images / 3D,SIM-01-OOD-0072,a8fef4660a154a4b7feb0aa226926a5b66c1f059e781a43413fd1d65bd4961eb
SIMULATED,TD-IG1,Images / 3D,SIM-01-OOD-0073,747905354ec43ccd8a6436f29e2333e94b3d1302178404ebcaa525598f030d2a
SIMULATED,TD-IG1,Images / 3D,SIM-01-OOD-0074,4bf9f81f28f5efc3decc94d0e611d337708241670212e4e0e0062285aa44a03f
SIMULATED,TD-IG1,Images / 3D,SIM-01-OOD-0075,b8ed9760f0253ba6b570f8aeebf31fb13b84b6becaff06156c5c104094abf84f
SIMULATED,TD-IG1,Images / 3D,SIM-01-OOD-0076,296c5c27000227b5becddb17378e4732a55c08d3191e5847d325816ab94e6dbd
SIMULATED,TD-IG1,Images / 3D,SIM-01-OOD-0078,72e335b32c2d9a45cf48229bf26c222ca7114c33044f210f3f4979675bdd5bdf
SIMULATED,TD-IG1,Images / 3D,SIM-01-OOD-0080,309910061a8b0ee0fb83852d9aba2534a35904b8adfa313ac10a86ead19ef9fa
SIMULATED,TD-IG1,Images / 3D,SIM-01-OOD-0081,5095bbe38a538c46831734b5b271df393711f7e525852c3f13e780cbaa526478
SIMULATED,TD-IG1,Images / 3D,SIM-01-OOD-0082,1b46c8495bf10f959a57a9ead27427a9a553b2796d0d8a85dcf0dbe6a1fbbb82
SIMULATED,TD-IG1,Images / 3D,SIM-01-OOD-0083,c6713b9ede66378512398a5bda51e816741c119e32d99067510cefefcc971750
SIMULATED,TD-IG1,Images / 3D,SIM-01-OOD-0085,8821f7bc49a5e1c07a40cf0c72f1b953905cb064c344b03c772b8f8bfc9cfc52
SIMULATED,TD-IG1,Images / 3D,SIM-01-OOD-0086,3adc41f243fc4b07637ccbaf39360421afe5780e5a286f901d3e5fd756e01862
SIMULATED,TD-IG1,Images / 3D,SIM-01-OOD-0087,5ce7f8e3ce62db2674cf7efd606d34f72214dd7385ac50c986559182aad45a6f
SIMULATED,TD-IG1,Images / 3D,SIM-01-OOD-0088,80db46e19258b993af04f6be5d8cf15818ce0381257ff5fb8322733dfe4715c4
SIMULATED,TD-IG1,Images / 3D,SIM-01-OOD-0089,4375e5d9d078de5b0dc7e8688f7f914134e690a266b54c0eaaf5d35939cef632
SIMULATED,TD-IG1,Images / 3D,SIM-01-OOD-0090,1b2a657239badfe6e6ec3a30c49c950b081b27e94ef0e5a3841e1175d68de053
SIMULATED,TD-IG1,Images / 3D,SIM-01-OOD-0091,6f67507825a13e535ebc34ddd622508490c5892fad198bfa66f794e09cb4f9f2
SIMULATED,TD-IG1,Images / 3D,SIM-01-OOD-0093,a54aeb52b711f09894e48af8f42a06e0fe4d85cd75557ec9d78df0b05afe2d65
SIMULATED,TD-IG1,Images / 3D,SIM-01-OOD-0094,475078a52638280b487b5fcccf2bf65c8213149e1fbc76f52cd82a18f9f09ca0
SIMULATED,TD-IG1,Images / 3D,SIM-01-OOD-0095,99c5596d27da13d330011a619ce6d5618c5ad1e285032e54e497f736398372cb
SIMULATED,TD-IG1,Images / 3D,SIM-01-OOD-0096,063abb717b7b886ba642f462a33d54094a20fc788aa35a017583c2d61ae591ab
SIMULATED,TD-IG1,Images / 3D,SIM-01-OOD-0098,5c3ec147714067ada91fb01c4b98df4ec75c3ee813ac2f821fded3864f34722d
SIMULATED,TD-IG1,Images / 3D,SIM-01-OOD-0099,6f9cca77ca4affcf051fe8cdd18168ac708223810c45009bd9615fa64faee6b6
SIMULATED,TD-IG1,Images / 3D,SIM-01-OOD-0102,0e0d18c68c65963ba7d5685246ad14b2087cc155858440d8b2baa11c6d25db04
SIMULATED,TD-IG1,Images / 3D,SIM-01-OOD-0103,58ae74fdc5378431319375798c6abf333a6c45d54a4c9d8858dddee7aa45fef2
SIMULATED,TD-IG1,Images / 3D,SIM-01-OOD-0104,946c5848b62ce67dc8e33471553a01e5ba526dc5f1920c9f4f7c974ad316276e
SIMULATED,TD-IG1,Images / 3D,SIM-01-OOD-0105,18a81172aaefb24e14bac1b332d4742b1d1c91e826a940c5761c1e943adf8f97
SIMULATED,TD-IG1,Images / 3D,SIM-01-OOD-0107,211bc665c011c59edeefc99a6f106adf4fd6299da52d227e59d5227b3e60671c
SIMULATED,TD-IG1,Images / 3D,SIM-01-OOD-0108,0c0225318b2e1b04c2e2e724658047573259b86a66b16a3e228b8761ffb08ea0
SIMULATED,TD-IG1,Images / 3D,SIM-01-OOD-0109,1b573fbd4fddfcf5f4d956dc6841b8136a84052dac6ed61da5f6e651cd9b7d1a
SIMULATED,TD-IG1,Images / 3D,SIM-01-OOD-0110,76c540c356f32e609a89ca107c9d374f0c5c7a042265c1eda6c73741f085d3ba
SIMULATED,TD-IG1,Images / 3D,SIM-01-OOD-0111,99e21aa637d0cce3371fdd0202e5d96cc288846a11595f986744b9318eb85529
SIMULATED,TD-IG1,Images / 3D,SIM-01-OOD-0113,39243f38c2f9eeccaa3af5861aa61719529fafb0fed9619e4b5c2150108f61d6
SIMULATED,TD-IG1,Images / 3D,SIM-01-OOD-0114,970126a7585c20238bda936ab248d337cea05e85af2c5b9ca47ed8cf388cdbdc
SIMULATED,TD-IG1,Images / 3D,SIM-01-OOD-0115,8f0ccdd2351ae6c19afc3be99e801820c9f37abf1c75bea435743f0d1d5c4855
SIMULATED,TD-IG1,Images / 3D,SIM-01-OOD-0116,01d4df6f0132869af2735e0d3b096fcc63366d1641b3f8ebca1bad02e01f9a58
SIMULATED,TD-IG1,Images / 3D,SIM-01-OOD-0117,a613469b0452824b8fba23a78abf085493f0435a5ca8d5b2e675d0fc3e2989bf
SIMULATED,TD-IG1,Images / 3D,SIM-01-OOD-0118,b73c7572300bd045fd2588a425cf5902576ee6f283f6e600e5d6f4c7bc240aba
SIMULATED,TD-IG1,Images / 3D,SIM-01-OOD-0119,7a8d86d6173ac69af4813cc1424c2588ec6773dc3747e93b76d5fe7d5fd70913
SIMULATED,TD-IG1,Images / 3D,SIM-01-OOD-0120,6454998ac3da4c0d58467c760b3bd52a751185e362df80197dc9071505429c38
SIMULATED,TD-IG1,Images / 3D,SIM-01-OOD-0121,a4f84b801bb78139f16ef85d0e68edce0523cc2e5b46f246629d8d3e9c4425e0
SIMULATED,TD-IG1,Images / 3D,SIM-01-OOD-0122,c34e94b6e8653484162ca1d375861f8e335e8a555b085c570319a4d474f0e2e8
SIMULATED,TD-IG1,Images / 3D,SIM-01-OOD-0123,1a9eceba14db2d93848d7673480f288226615e42223411493ebd1bd140758c8b
SIMULATED,TD-IG1,Images / 3D,SIM-01-OOD-0124,c896ea2bde0c6d56e7641759a0dc2d1ba8cad0cb7055f0272801ed63b76a8864
SIMULATED,TD-IG1,Images / 3D,SIM-01-OOD-0127,91333cd3001fba31794eb9eeef36a92187caa6014c366d0c94ee6e7f6685ca71
SIMULATED,TD-IG1,Images / 3D,SIM-01-OOD-0128,538a9207e0c9e50acbb7a74a16edee5426dca5a72a0d77d389056aa04a0e4ac0
SIMULATED,TD-IG1,Images / 3D,SIM-01-OOD-0130,2f58632a12847a689e07c4f6d2d3ba3409f3a3f07896794835f5c560a9307ba0
SIMULATED,TD-IG1,Images / 3D,SIM-01-OOD-0132,9135df3d828d4062337e76c7386d39853de05f639acebd3850d2ef035c947d69
SIMULATED,TD-IG1,Images / 3D,SIM-01-OOD-0133,9a07e52d73055e501ab4af44b478d241102c2b0aafc5531cc0b4c0def333ce56
SIMULATED,TD-IG1,Images / 3D,SIM-01-OOD-0134,0d12578cbc1dfcb863ebe69cb7eae4850b3e71795ffc5ef4566f4d40f0177b5d
SIMULATED,TD-IG1,Images / 3D,SIM-01-OOD-0135,6a4c8801dedefcbf9a0bf0eada5996e80a12097e2e6b4c5411d04d2829d395dd
SIMULATED,TD-IG1,Images / 3D,SIM-01-OOD-0137,b52f1caa73d48d368565557d34f364cd8a65d15234f5ed01548e7d1d165e0bdd
SIMULATED,TD-IG1,Images / 3D,SIM-01-OOD-0138,a66ae6593f87a72ac0c7b065515b3041f785baa49e2569cda4dc2c8bcdaa3ed7
SIMULATED,TD-IG1,Images / 3D,SIM-01-OOD-0140,abe547efa63521fec7a48d457ac37b9ea9039fa970926ac38ae9908f8e7120c8
SIMULATED,TD-IG1,Images / 3D,SIM-01-OOD-0141,1142e9c838bf05fe72b572660c5ecd5ca345fd706462675153b5e8b189147ef1
SIMULATED,TD-IG1,Images / 3D,SIM-01-OOD-0144,b66f84c6f7e50d9e10bfde4dd077ce32ae3b79b98180e30e91d73230b385e69e
SIMULATED,TD-IG1,Images / 3D,SIM-01-OOD-0145,65c4a32fdf9ab0e06f39bbbae23d75a3cd60dc3879c8d914000e245cb0427bda
SIMULATED,TD-IG1,Images / 3D,SIM-01-OOD-0148,0b1cdc13dcaf357e7b980fe7ee0e58cf47ab3167dff4e9241e0a3bd1a8654961
SIMULATED,TD-IG1,Images / 3D,SIM-01-OOD-0150,4ca33cd8b53c1f5de97e322770e35a1d18be8bbc8b8e70cebfecb24fddb7795c
SIMULATED,TD-IG1,Images / 3D,SIM-01-OOD-0152,75a2d67b357fb25f4630cd93cb6bc2e36702fe5993596c7e3777d37a197bbef3
SIMULATED,TD-IG1,Images / 3D,SIM-01-OOD-0153,8526f0e27d9030a7842dd394a1a3ad98bd1eaf90e790b7e34bce645607917711
SIMULATED,TD-IG1,Images / 3D,SIM-01-OOD-0154,28d8fd3a1752926d2c4081e09a3681f75672cbaf6b44f68bbea0ed3a5c356ae9
SIMULATED,TD-IG1,Images / 3D,SIM-01-OOD-0155,043b0b99777e65847f00dfa0f28f7b97f7999813e8ae6996057a5a3708a7c768
SIMULATED,TD-IG1,Images / 3D,SIM-01-OOD-0156,1fa7d71593457339dff3f77a9e2497ad5561b31bd0170a682d7ed6125356a604
SIMULATED,TD-IG1,Images / 3D,SIM-01-OOD-0158,c8e05efefd2ce2ca053df7d4c90372bf7ab4c75bb0d7d1046bf933924d198cae
SIMULATED,TD-IG1,Images / 3D,SIM-01-OOD-0159,37aeb24d6ff663f52a642673c5192c44c4d8f0ed968cc3cdee179807537eae1a
SIMULATED,TD-IG2,Images / 3D,SIM-12-OOD-0000,a8ab489dcecafc0de8f880e51fbe04cb6b8d6629bdae964aacccf256910d8539
SIMULATED,TD-IG2,Images / 3D,SIM-12-OOD-0001,a15ea575a7fa307824317cfd3bb24a9c7a240cb4a1972c40148c4ada309b454d
SIMULATED,TD-IG2,Images / 3D,SIM-12-OOD-0006,43dc7702e5b67552f2422b3a4db05cfda6438dc74bc2dcb796fc9d7426a68b16
SIMULATED,TD-IG2,Images / 3D,SIM-12-OOD-0007,8450c863c75a0a419b8a32a03336c327df5ce8f57714a3c22fbbfb6a792397b9
SIMULATED,TD-IG2,Images / 3D,SIM-12-OOD-0008,4db09945a5654ec98d4afdec499d3147d57725350da4f0ba511ac2f5171020b9
SIMULATED,TD-IG2,Images / 3D,SIM-12-OOD-0009,c03ecd4f151797d4324bf0e7f14469f8d10a2a127aa92a2fe2a515a199233267
SIMULATED,TD-IG2,Images / 3D,SIM-12-OOD-0011,462e532d03e453d561601d48674fd564927dca26b0f329a40b42d79cf59819ab
SIMULATED,TD-IG2,Images / 3D,SIM-12-OOD-0012,8568e06c3bfb51001423a6d4d894fe1f0da61054da0fa440b746909b1b913ef9
SIMULATED,TD-IG2,Images / 3D,SIM-12-OOD-0014,229f06bb92d292687db95c02b23378dcf5de9419d249f1b83147f747cea3cff8
SIMULATED,TD-IG2,Images / 3D,SIM-12-OOD-0015,6bfdbcbcde690a7d36ac9f4a24453dbcd5160e7201346d3be3ec5b5d827ffa65
SIMULATED,TD-IG2,Images / 3D,SIM-12-OOD-0016,51eee783a585568bd094b105180e53449414b4e4dd2260a8f1eda800903eafbf
SIMULATED,TD-IG2,Images / 3D,SIM-12-OOD-0017,1263e96d4c2f64908907e18b9ee1fd4cd490a6ca2c57fe88bee489aa47a19578
SIMULATED,TD-IG2,Images / 3D,SIM-12-OOD-0018,182cb4c1b8300e6144ef7b052d5606d7a3fca037566660a0d4d0c823698a70c8
SIMULATED,TD-IG2,Images / 3D,SIM-12-OOD-0020,7983a5357eccd4aa57877d17a4e7da360234b58a56a34136ee6ade7cfb6175ba
SIMULATED,TD-IG2,Images / 3D,SIM-12-OOD-0021,817a3e50f88899b622518db3ed1a3d73727379a0acf327d10360e2956d03d8f0
SIMULATED,TD-IG2,Images / 3D,SIM-12-OOD-0022,ae590bbd6b10768c7878eef9606340fb23c04fc1061af6f99b8b64bb52c4d508
SIMULATED,TD-IG2,Images / 3D,SIM-12-OOD-0025,aff5691cd5d1376bb8df6683fbf9b5760950256ac53ccb2b857994614822b292
SIMULATED,TD-IG2,Images / 3D,SIM-12-OOD-0026,3a3557d23498f870ad1e43d3bc85e4e297ab1c9c4f39b8e2ab891a7970174d58
SIMULATED,TD-IG2,Images / 3D,SIM-12-OOD-0027,9fbdf3858cb7e658ac23d42aef79b707547ad9776938d0e408cc94b7390c12f0
SIMULATED,TD-IG2,Images / 3D,SIM-12-OOD-0028,831c1b0b5c9a7341c8f5f3a217dc9bfd3a7cabf001669b91c4612a50be059ecb
SIMULATED,TD-IG2,Images / 3D,SIM-12-OOD-0029,2d4a857095d93bbbc53651477629033c98cf52b97f63626709cbc6ae7d26e339
SIMULATED,TD-IG2,Images / 3D,SIM-12-OOD-0030,9996a607af78395a0410e89a83d96413a5fd5c8a3d115b348f9da783ec417b39
SIMULATED,TD-IG2,Images / 3D,SIM-12-OOD-0031,2dcbbc27b30e2a0adb1beb60e26dd23499d9ce799bf9c3cc6cc232376ac02876
SIMULATED,TD-IG2,Images / 3D,SIM-12-OOD-0037,66fc5e5c3b4967c21a7858f1bc5e01591d073b50360ba407ec04dab9113d3035
SIMULATED,TD-IG2,Images / 3D,SIM-12-OOD-0038,58b4b19d2566891d46eae0284c41c3cfdee2966ec21fcc314afd690780077b33
SIMULATED,TD-IG2,Images / 3D,SIM-12-OOD-0039,742fffd1514beaddecf2ba97c64bfab09e38ca2142118ac1a2113e0f717ddfa9
SIMULATED,TD-IG2,Images / 3D,SIM-12-OOD-0040,8a2b8b3b29be39229f7d48dbc946e755c83c58fcc3abc5f195643b624a6d7b05
SIMULATED,TD-IG2,Images / 3D,SIM-12-OOD-0041,5acbe32ed5c61d145bae32e107af53992af2105997507f929a90a2113b756aac
SIMULATED,TD-IG2,Images / 3D,SIM-12-OOD-0042,bcb9a3f8fdaabd54a0db75fa143cab0547f1d5676ebbaa393bfd9059e217f293
SIMULATED,TD-IG2,Images / 3D,SIM-12-OOD-0043,3fb52401ae449cf2c5859b0c188aad266c9884d796a78fc9e0f491d055c85376
SIMULATED,TD-IG2,Images / 3D,SIM-12-OOD-0044,986b836648a9a3f57ecb21eadf5f6b6c8bfdd20988049b1feae6f480727de263
SIMULATED,TD-IG2,Images / 3D,SIM-12-OOD-0045,07a0f29fd9ed9b05fa07e374e2152b46d3e0f3c44a145a4b3a8175455d5b8906
SIMULATED,TD-IG2,Images / 3D,SIM-12-OOD-0047,36fc7055d3f3ab256ebc3089a39c64b1cd5c68d1abcf605353c08095f869fb85
SIMULATED,TD-IG2,Images / 3D,SIM-12-OOD-0048,4486b3696e23ce2d32f829b368856324e936908758c36364c57fe141f27debc2
SIMULATED,TD-IG2,Images / 3D,SIM-12-OOD-0050,0f977e2b2a25f9572119880b27706c82f6b3ee3a7f076292aad3b8e5ceda3180
SIMULATED,TD-IG2,Images / 3D,SIM-12-OOD-0051,47cddd5925a40c5c681b32102f9e5f91822a6ec9e07ef7e28131fa23a17fadfc
SIMULATED,TD-IG2,Images / 3D,SIM-12-OOD-0052,25929fbb812b2de393b8a2bbc46b0235d5c723c3146a9b7e6d7797c21b960d55
SIMULATED,TD-IG2,Images / 3D,SIM-12-OOD-0053,64bb4291df3c7353eb25a3aa7551bf869579974f02f6fe2493efd78920a79129
SIMULATED,TD-IG2,Images / 3D,SIM-12-OOD-0054,7795d963ba3314d31492b0fa819119e3afd9e0e990b47b9aefdf862e263eb830
SIMULATED,TD-IG2,Images / 3D,SIM-12-OOD-0055,aa777505223bebd8b881f4508755613a40a7df759774249812df2cfabe050e7d
SIMULATED,TD-IG2,Images / 3D,SIM-12-OOD-0056,a86960f0a3d84177ed0cad5f4048a25df258b1ce90288817b26fe90564927cd4
SIMULATED,TD-IG2,Images / 3D,SIM-12-OOD-0057,5254922fc4a8ba80623ac5c368694eec5b46a1647cd6d17b5834460503e7d062
SIMULATED,TD-IG2,Images / 3D,SIM-12-OOD-0058,3fea0135c93f397117dc413150c72490652233c8d84b268bfaf6a82fd50d73f8
SIMULATED,TD-IG2,Images / 3D,SIM-12-OOD-0060,7b467670bd1397af2defea4335c8856de4473e5cd4b01092125d6bd3b779ce9b
SIMULATED,TD-IG2,Images / 3D,SIM-12-OOD-0062,698654e3b0f2db10f71ff61d6dac84a6baa374bc03d16c627fed79f6833a7ff1
SIMULATED,TD-IG2,Images / 3D,SIM-12-OOD-0064,86c3d2d19c28b277b1fe4cbea1b6514095a651a9de221265b753b4a382498330
SIMULATED,TD-IG2,Images / 3D,SIM-12-OOD-0066,32f693f48162f768719a10fea8ee6dac1c2a3a3e40f9b95a6f1e91b5544078ea
SIMULATED,TD-IG2,Images / 3D,SIM-12-OOD-0067,1aba065c88483db76da8fed4d4bec47223d768798b64e2fdb182b5713c73fab3
SIMULATED,TD-IG2,Images / 3D,SIM-12-OOD-0068,46f18373dc5ec4e500c39e3a80c7cd217c095e52a16239e062d118a39b92281f
SIMULATED,TD-IG2,Images / 3D,SIM-12-OOD-0069,43b3e7c060e23954907239c9f57e77497586faf7c84f04b4bd8ba0f6420ab4cd
SIMULATED,TD-IG2,Images / 3D,SIM-12-OOD-0070,87a9fa317bb0e7bd45ee095ef1859f4a173182617f710b13d9ab9e789173cd35
SIMULATED,TD-IG2,Images / 3D,SIM-12-OOD-0071,9a13e5f2c5f19222d3eebe83f73c073b403b270d997bcc75427b6a410d196a43
SIMULATED,TD-IG2,Images / 3D,SIM-12-OOD-0072,504a1e4b029e5ebff0c42a6749a03914f7dc31df7230e0300e880284333aa909
SIMULATED,TD-IG2,Images / 3D,SIM-12-OOD-0073,9e2a378eb5950c626ec586429f9d2cc7e91a175ea038b0da93cabc0be15f1500
SIMULATED,TD-IG2,Images / 3D,SIM-12-OOD-0074,36e7e57c689bcaaaf24d96053da3aed7dcf14a7d4eef7007295abeb97afea567
SIMULATED,TD-IG2,Images / 3D,SIM-12-OOD-0075,3438216ffa9610b0eb15d71fea5dfb76b1d35a4bd2ebc435ffcffc88b9cefa48
SIMULATED,TD-IG2,Images / 3D,SIM-12-OOD-0076,08cb720e92ddfe4d650e815edc567f6a06b61cc369d9637fdf79890ef7bbd442
SIMULATED,TD-IG2,Images / 3D,SIM-12-OOD-0077,3b004b722871679e5e25ef3ac684e1374ad6500847410cb18a8dfc241b0610f0
SIMULATED,TD-IG2,Images / 3D,SIM-12-OOD-0078,87c04e27f6331c635d0438a6389e6d8c9ac4e076e6cf32fdd01542886bdb1bef
SIMULATED,TD-IG2,Images / 3D,SIM-12-OOD-0080,94b6e7ce1c7cd6fc6a1471316d79bf8ea7380fa4ffd03095d976c0a6abca5493
SIMULATED,TD-IG2,Images / 3D,SIM-12-OOD-0081,87ad0df79ad0cb72d6304b5decfa3160f96c2e6c26e7bc6f06c4aed7d8105ebf
SIMULATED,TD-IG2,Images / 3D,SIM-12-OOD-0082,69334ddbcc35649adc212f6e9ad9b1a5d23c54b8ba593369a0acf98e30592d85
SIMULATED,TD-IG2,Images / 3D,SIM-12-OOD-0083,3163c9093ffaec4b70ec087fa4938fb5cd7ab8e64a51218eae7bb36eb9322dbe
SIMULATED,TD-IG2,Images / 3D,SIM-12-OOD-0084,5fc2b52605784e65e9ff295a74168655505d7d9aff6b81e2867fa4324b7b325e
SIMULATED,TD-IG2,Images / 3D,SIM-12-OOD-0086,3b66aafb7690f0c79852605aa60e861c88a02f2b6fe818be856f9addab5806d4
SIMULATED,TD-IG2,Images / 3D,SIM-12-OOD-0088,be673521f08bcbc09b47c63b719cf94039360f27e86e5418c0efcf50224ab511
SIMULATED,TD-IG2,Images / 3D,SIM-12-OOD-0089,bd2d20992051c54a0146117d5c59b14b02bbe0d26244d5bc1ed9acdf63f34c6e
SIMULATED,TD-IG2,Images / 3D,SIM-12-OOD-0090,a7248d12c1c858a120a4b288cab18523094e16d1198a1a1ee65d5dd219019477
SIMULATED,TD-IG2,Images / 3D,SIM-12-OOD-0092,6ec651a283ca2acf572dbe669f5c1358ed0cff56c685093190a8f5a944f360f6
SIMULATED,TD-IG2,Images / 3D,SIM-12-OOD-0093,ae7e49c4d977a93255bf1baa4e59dd90562947321423a55cf9c06b1c1fad39bf
SIMULATED,TD-IG2,Images / 3D,SIM-12-OOD-0095,74ffe67f7c5a6e63b333384908658dee349e9eb746bd65320b9a9c13e7be2775
SIMULATED,TD-IG2,Images / 3D,SIM-12-OOD-0097,549dc4231f1dc9551b63d7aecad3327f4ec38e0d9ab506449671f49256be1add
SIMULATED,TD-IG2,Images / 3D,SIM-12-OOD-0099,2a19d65c49a18c94ba4c77c64ca955c7b2c10ec5066881bcf245b61d58f105f5
SIMULATED,TD-IG2,Images / 3D,SIM-12-OOD-0100,910cf399f32a86be33c02034cfadae311b2e364aa2a5049a5b01bdce4b94d4e3
SIMULATED,TD-IG2,Images / 3D,SIM-12-OOD-0102,b13d3e93399a1a3c6fe1090417b4a8eac02069f61f66208ac1f37b030d949596
SIMULATED,TD-IG2,Images / 3D,SIM-12-OOD-0103,3996b90818a53e4c25231a76f34f958d3ba76d407cef5c3c51ebb34c51f3dd53
SIMULATED,TD-IG2,Images / 3D,SIM-12-OOD-0104,10e92779bcacb9aadf4f6d1c67f5b7b74e81adbd9171d834a8b375f8a32009fa
SIMULATED,TD-IG2,Images / 3D,SIM-12-OOD-0105,439c55b7d2a23e340c5e076ee2a541cd611c9661ed9e41600af7839c242a8c95
SIMULATED,TD-IG2,Images / 3D,SIM-12-OOD-0106,751c893585bfe71bac922aef854d7f6b5afc8076279c91b640bf5aba6ae407ea
SIMULATED,TD-IG2,Images / 3D,SIM-12-OOD-0107,a1e8a0c7bca6ccf0d9bd54e5a2d5794faee42a88cfdd3b30afd7ec500059a4b7
SIMULATED,TD-IG2,Images / 3D,SIM-12-OOD-0108,683a41294e908b63e1e2078fe6aad88bcc6b4705e57143310dc7b2d7a4bece5e
SIMULATED,TD-IG2,Images / 3D,SIM-12-OOD-0109,c1063ca6fd7357b546bf2a95023884641372e45579ef162597c926257030ee3c
SIMULATED,TD-IG2,Images / 3D,SIM-12-OOD-0110,ba3154edced8715ef3dacdfb569368b53b6ec72d81d1af56ffdb33f6bd0526fc
SIMULATED,TD-IG2,Images / 3D,SIM-12-OOD-0111,a7146572f04226e165201df52953d5a28b2443a2d29583fadf7103615538a1a1
SIMULATED,TD-IG2,Images / 3D,SIM-12-OOD-0112,559e8c5999fb436a544f2de32aacefe0d5698d3230ec79c2c57f61212a782eac
SIMULATED,TD-IG2,Images / 3D,SIM-12-OOD-0114,04e34342ed0767f6ab87894140c2e7e030c1f461296001388af15f44c8d0c61b
SIMULATED,TD-IG2,Images / 3D,SIM-12-OOD-0115,7af29d00b4896659c07c69a53c6809c79803b2e7f92d9f4f2e02a0218cc3f4e1
SIMULATED,TD-IG2,Images / 3D,SIM-12-OOD-0116,2ee66209f53944d39bfa08e95a0bf0ae749794ff2c72bf383a8b8838995f99a5
SIMULATED,TD-IG2,Images / 3D,SIM-12-OOD-0117,9c025fa600695598076dce4a54d5a3572fa60abe6e9f96aa0cc0c820c1a2d00a
SIMULATED,TD-IG2,Images / 3D,SIM-12-OOD-0118,b5a5dd7de5f2fc008c303e96853440a7dad7ad7f0a6866164906bef10dcc566b
SIMULATED,TD-IG2,Images / 3D,SIM-12-OOD-0119,a022bc210221c8c79ba05feeb2c964b28f785bb3ad7b31ad246fed62123b76f7
SIMULATED,TD-IG2,Images / 3D,SIM-12-OOD-0120,a29aec07082eee5ba81faaf16a6bc4cd2ae09d83aa10377e64fb40a5e6aa8f8a
SIMULATED,TD-IG2,Images / 3D,SIM-12-OOD-0121,793672c07fdc52473a83a3254631db2553b6d2e469861c62ee9af99b5de98102
SIMULATED,TD-IG2,Images / 3D,SIM-12-OOD-0122,85f6b93598e67b990ce4921129b15df7e50fec3f7948cb3abc331f3c90415fe8
SIMULATED,TD-IG2,Images / 3D,SIM-12-OOD-0124,9fd4490f57cebe07347e996b2ecec766ace59355764b5466126f958023d79d6f
SIMULATED,TD-IG2,Images / 3D,SIM-12-OOD-0125,a69d8e5e505e28954e30cd5cd811dcaf022d570160a1d90753aba7be07e84ab1
SIMULATED,TD-IG2,Images / 3D,SIM-12-OOD-0127,c158b4282dfbb5ffeb670ac01485a69959ee256a1e81f134ec1975dd6ad762e0
SIMULATED,TD-IG2,Images / 3D,SIM-12-OOD-0128,434d8d4cd7f42c2afdc545b07403296444bc410ae25b2bf3cce25287fff40adf
SIMULATED,TD-IG2,Images / 3D,SIM-12-OOD-0130,261dad79436e350a1ea178a4e71a5d2f341c76e2197be63cd823aea6959d6adf
SIMULATED,TD-IG2,Images / 3D,SIM-12-OOD-0132,65318cac6925c0294a47abe6417bf83c3315528b2d3b3116605163ffc39cd8f9
SIMULATED,TD-IG2,Images / 3D,SIM-12-OOD-0133,362ab907a037830eaf5e12f82b715872bb9b2c8cf3fae1434178e00ebbf6e552
SIMULATED,TD-IG2,Images / 3D,SIM-12-OOD-0134,50b5936869082af4aba1caf0b07e8ddecbd8cdab024aae32fedf0268e580fb7d
SIMULATED,TD-IG2,Images / 3D,SIM-12-OOD-0135,427fa647d84c05ebcf73a82a3e70c82e07dd59bf4fe1b3227e177f01620f8b34
SIMULATED,TD-IG2,Images / 3D,SIM-12-OOD-0136,2e92915987fe5e8f5dcddd62401b1283f109507dd9df93726e06945cc0c26acd
SIMULATED,TD-IG2,Images / 3D,SIM-12-OOD-0137,1ce6e81a7da1794734e40715b91415f1899a129950e5fc184f532c2ddfe80f6c
SIMULATED,TD-IG2,Images / 3D,SIM-12-OOD-0138,7f80c4a1590239d5360eda2a1eb1b278437a799d6caa53084db996c916c2f7ca
SIMULATED,TD-IG2,Images / 3D,SIM-12-OOD-0139,80397c4e41e45e4b8f62e99a58142b9e2a0b8feab51a67db4284805cb7e7021b
SIMULATED,TD-IG2,Images / 3D,SIM-12-OOD-0141,57afb594692d127cfde7cea56cef1d24f99348ec9b821251e1af5a3659cdc208
SIMULATED,TD-IG2,Images / 3D,SIM-12-OOD-0142,0916b1eff21f6baccb2da8d861a9fdbd04aa5c2068e4c2f4b38080684e307deb
SIMULATED,TD-IG2,Images / 3D,SIM-12-OOD-0143,21e0463ebee2c3cef3cb2c8784a439207bf4c3eeb1b48d89ce07c30fbac7d5ec
SIMULATED,TD-IG2,Images / 3D,SIM-12-OOD-0145,0fe836495e306f541deed65f51551ff888df9c0d12ae0dd9e5646475e9c0853f
SIMULATED,TD-IG2,Images / 3D,SIM-12-OOD-0146,5aef7abe1d8660a78725a5f86749ab5382e872f9529d35191453b65ad60f903c
SIMULATED,TD-IG2,Images / 3D,SIM-12-OOD-0147,0222907ecb7a09fb4b4e2966b42b0837816c7ea4cc8edbebef5a60fb61b08176
SIMULATED,TD-IG2,Images / 3D,SIM-12-OOD-0148,4322f55bec1a22d7eb412c8cd122657864e2c265208e84f2473607d8085daae1
SIMULATED,TD-IG2,Images / 3D,SIM-12-OOD-0150,22b59ee36ac95256b678d277be1f617c8484c2e29fd20f3de2117a96febb64c0
SIMULATED,TD-IG2,Images / 3D,SIM-12-OOD-0153,6e4333f4ce2cecfa37bf9f6981af653764a6f3c6750579004339d92e1ba3931d
SIMULATED,TD-IG2,Images / 3D,SIM-12-OOD-0154,6a537332bc3bb3143ff33c8924cf38a2434889c2b267d79d8411c568f28fb20e
SIMULATED,TD-IG2,Images / 3D,SIM-12-OOD-0156,904e66baf9f6caa3b9bf0da33547598eac2fd4001fb914a21c628bc59e06070b
SIMULATED,TD-IG2,Images / 3D,SIM-12-OOD-0157,30e2240eac7d581c486729eb5afcfdcebd6bc458fb2c9d4a31d16961990b3a3a
SIMULATED,TD-IG2,Images / 3D,SIM-12-OOD-0159,729458e273637f5be73ad223dc2d13bda2c2a2a5fca111aeeeaf922dbb08767f
SIMULATED,TD-IG3,Images / 3D,SIM-05-OOD-0000,9e7a5407cc261b629045c73c61e3a1dac07846a3961532e075b63efb5773d371
SIMULATED,TD-IG3,Images / 3D,SIM-05-OOD-0001,4b396cc8bf6871de7ad20db4e2c464f3cf0e1c31fe345df1947f3afe3c334a0d
SIMULATED,TD-IG3,Images / 3D,SIM-05-OOD-0003,193126d9ae2e78c0152788032f9c6dbaa7657caa5d0ab47d41927fa8e8937a48
SIMULATED,TD-IG3,Images / 3D,SIM-05-OOD-0004,034f907563580fec26f97a428a9991a3c47767c8bac58564b878c2273f925428
SIMULATED,TD-IG3,Images / 3D,SIM-05-OOD-0006,59c8e5720eed3d93b2e3dc818e3518fbb54411b0c0d9b76b06823894b05bb43e
SIMULATED,TD-IG3,Images / 3D,SIM-05-OOD-0007,13d7441769ff96737e6be05bb71bb8da6fc47575a8013582e8f5cdc1185418ed
SIMULATED,TD-IG3,Images / 3D,SIM-05-OOD-0008,0e15a822975f99eff8f3b64d397247fb427afa5c8f7eacd6a106ec16cedf2c01
SIMULATED,TD-IG3,Images / 3D,SIM-05-OOD-0009,502ba66b94b6dcd9a9a205c6c74a8fc8075a2c632fb942e534c3a6b111a8aa05
SIMULATED,TD-IG3,Images / 3D,SIM-05-OOD-0010,6e8ae17eec4454757682a871c97c505445dc4e5aa74cd6808b57dfc9464b58cc
SIMULATED,TD-IG3,Images / 3D,SIM-05-OOD-0011,6da603d7bb92b964c37702814771fcc4b015e95dea876b49f3c3949461938db9
SIMULATED,TD-IG3,Images / 3D,SIM-05-OOD-0012,c1eb9be3a9aaef17a5bcbd918531cc30f6a7de864010624ebcedf3aec449dc0b
SIMULATED,TD-IG3,Images / 3D,SIM-05-OOD-0013,9c0ccdbcdbddd1be14988380e6e3b615bc04c030ae435553987309f915b3e7bf
SIMULATED,TD-IG3,Images / 3D,SIM-05-OOD-0014,a63d92d1aff8fe1ce12e01ac0af7e0c6ec2ec117ff906d1ddfd5d1dc75eed695
SIMULATED,TD-IG3,Images / 3D,SIM-05-OOD-0015,31667054c1918ea312dece5fe7948ab0ec67f40d4c53ec38e78e0e5903e982c7
SIMULATED,TD-IG3,Images / 3D,SIM-05-OOD-0016,9f49ae56fc995e3997d7af158435e0a1b1c55c154d5c7fe1084d039e1b1f8d84
SIMULATED,TD-IG3,Images / 3D,SIM-05-OOD-0017,82f09c1c1d85c048d87ef602d04c357e2e002cfbf1da9e33c2d34ffb49c7b122
SIMULATED,TD-IG3,Images / 3D,SIM-05-OOD-0018,87c271a087e1f18f0bb7426e288904d06f210510fe02683c66f188661d690027
SIMULATED,TD-IG3,Images / 3D,SIM-05-OOD-0019,b5675fb7d3b851832acafda39ad8c5b2f2c7a0015c0ed55589f736e83e8dae52
SIMULATED,TD-IG3,Images / 3D,SIM-05-OOD-0024,ba846efac79e6fd9408254c5c0cbe1cef2e673fec2fdbb3c3d6de03089ee7413
SIMULATED,TD-IG3,Images / 3D,SIM-05-OOD-0025,9f3b4a5a010c7b484e57df71bf1596cf72a10adf6b6b183b38976d05b43d838f
SIMULATED,TD-IG3,Images / 3D,SIM-05-OOD-0028,3e4fb09dad769b9252cefb4b9e159551abf97562cb99c9abec97f4ff0381423c
SIMULATED,TD-IG3,Images / 3D,SIM-05-OOD-0029,242543ee6bbc6f842434ecc5081a8a379ec47a0947d971f7862a43df9d145835
SIMULATED,TD-IG3,Images / 3D,SIM-05-OOD-0030,31f4e3e040b0adc6af52d24063ae89dcc406ded764afdcf82ffaf1f69b871bd6
SIMULATED,TD-IG3,Images / 3D,SIM-05-OOD-0031,8323b64c86c1aa7e0650d14a20004365d27e6f6e1e777c1e99954d013598962b
SIMULATED,TD-IG3,Images / 3D,SIM-05-OOD-0032,771379581e6bbd004f6475a85f56347fd41350b98e4374a4491d63609e86a3b4
SIMULATED,TD-IG3,Images / 3D,SIM-05-OOD-0033,b4ddcd4b79b917aed259d4a8bf2095fd9cf2829e3271f1a06ad85459d21e56bf
SIMULATED,TD-IG3,Images / 3D,SIM-05-OOD-0035,28adf486b287fed8e52ddb411741b30d7c64991d9e097e472314a6d979efb7ea
SIMULATED,TD-IG3,Images / 3D,SIM-05-OOD-0036,57a7cb664a6e9f22f99a5ab561c1c9af53ad9e3278f6012c0b76640b2cc4c656
SIMULATED,TD-IG3,Images / 3D,SIM-05-OOD-0040,0d6ec60d970612a13498caaf76ed08710a594225608b14e1f1f2d95958311525
SIMULATED,TD-IG3,Images / 3D,SIM-05-OOD-0041,55696ea93dfd4017a4356b7deb87a157ed5a86f29fdbeddd57fc643fb66e9126
SIMULATED,TD-IG3,Images / 3D,SIM-05-OOD-0042,c58857cbe0ec1e3979e5660f59d0763da580ac19c87059f6c16c236d5fff0675
SIMULATED,TD-IG3,Images / 3D,SIM-05-OOD-0043,05d9a3479de5d7262ceeccaea099c09dc66ab2abce290737106a40f27d2518bc
SIMULATED,TD-IG3,Images / 3D,SIM-05-OOD-0044,a8026f7fa3de40d68728a0e018b79564eff3c6488bc5325de121784da0cb6d06
SIMULATED,TD-IG3,Images / 3D,SIM-05-OOD-0045,c24bd96affc5b4457bfe947de3f9a386f51e52932b1cc81278a3ad39fe77237d
SIMULATED,TD-IG3,Images / 3D,SIM-05-OOD-0046,22077ecf20a9c0655493dd3320c563364c1ecddcb0ffe61696f80729b1900ebd
SIMULATED,TD-IG3,Images / 3D,SIM-05-OOD-0047,b85eedb941c3b58de88ae48a6fe267f0dcd3462b605e1ecacb147322c8b17c00
SIMULATED,TD-IG3,Images / 3D,SIM-05-OOD-0049,401cb7fee7ff92bd66144f01028b3f3222fdc1397d3153e15dd06de216489bbf
SIMULATED,TD-IG3,Images / 3D,SIM-05-OOD-0050,0ffbe6274b5c7b0e72c4972d3ad77391c950a5b3bf6c6ba0b8a37f78fdd9a82c
SIMULATED,TD-IG3,Images / 3D,SIM-05-OOD-0051,492b081adacc52ebb88fb1989edc37d4508c43c6b4f5e5c973d974dcbd419310
SIMULATED,TD-IG3,Images / 3D,SIM-05-OOD-0052,9fc83d46e13c812f392c5a49393630e465d8e3331ada07673390438fb8c22a2a
SIMULATED,TD-IG3,Images / 3D,SIM-05-OOD-0053,95f4131de47114093f8b92296339a46c88bc73869098a2fd39fcfd07c8f30d79
SIMULATED,TD-IG3,Images / 3D,SIM-05-OOD-0054,9cfc1de20fdce279e4942374a181852a7bc60d5d9c93ad1da25c0c991856f804
SIMULATED,TD-IG3,Images / 3D,SIM-05-OOD-0055,1adddc01a492bd4e6797280cdce41714316a6704012ac849c6df8fcae4f49845
SIMULATED,TD-IG3,Images / 3D,SIM-05-OOD-0056,0eb0176ad294fa513a0f91cb17ccf4a7f03894a9d2ba2933b13c7dd58c521b31
SIMULATED,TD-IG3,Images / 3D,SIM-05-OOD-0058,63bbab0a74c868f151d608f51c320eb1b73161b5ca74590b4abbcb2f853ff19e
SIMULATED,TD-IG3,Images / 3D,SIM-05-OOD-0059,13a2ba5a02e7063b28c2582949f43d088ec5f69902966d00039806ca825f2822
SIMULATED,TD-IG3,Images / 3D,SIM-05-OOD-0060,26e48c4131da09174484dfc4381d8a603f5efa048e599e1c0511f85f95231ac4
SIMULATED,TD-IG3,Images / 3D,SIM-05-OOD-0061,c6d173ec3fb3da5a7cb825964e03163d1d8711f7b64e4e3d6e22ea1dc6daa97b
SIMULATED,TD-IG3,Images / 3D,SIM-05-OOD-0062,c7172399ccc0615f80bed1479f68c7ded2c40476363a56f384ad6a9d5dc57753
SIMULATED,TD-IG3,Images / 3D,SIM-05-OOD-0065,4d217f8813eee1ccb98b3497bb2a8d99641d84266b2cd81908588cb518fb0c2b
SIMULATED,TD-IG3,Images / 3D,SIM-05-OOD-0066,6a8c0642666b08164051a6d373679411960b4d957dd59101cf1ca97c8f818ac5
SIMULATED,TD-IG3,Images / 3D,SIM-05-OOD-0067,97120a8c0a3402a5ccb780700455709b0ef0765c3a016af3580f3f1f14e5db8a
SIMULATED,TD-IG3,Images / 3D,SIM-05-OOD-0068,23844d1a205a56340b79c02032ebe57f092a1a484a8417dad81226a273be5382
SIMULATED,TD-IG3,Images / 3D,SIM-05-OOD-0069,60d992aabd79cdb5bf5854755c6b12e498395c75f96fa82384f30c868b888ca7
SIMULATED,TD-IG3,Images / 3D,SIM-05-OOD-0070,b8c840425884968de15ebd6f71bacca062834f65cd62e92392633c430862e46e
SIMULATED,TD-IG3,Images / 3D,SIM-05-OOD-0071,89da7ad9577627be3397a315af274f59bb06fb6e180c9c987861f3bbc224fb1d
SIMULATED,TD-IG3,Images / 3D,SIM-05-OOD-0072,1a0d92b66a8843ff02841b872f767f52de57b49170fd3db33fe7e7ccffebb062
SIMULATED,TD-IG3,Images / 3D,SIM-05-OOD-0073,c3114128e01c6b3b880291ca9c908eb8ea6adbec21a8acbd2421fa2cc2221f8b
SIMULATED,TD-IG3,Images / 3D,SIM-05-OOD-0074,2760fe420d156da9d59bccfde1cee2de71de906c1fdb0e6a5e84d83b06e3477c
SIMULATED,TD-IG3,Images / 3D,SIM-05-OOD-0075,975b188e66c8d06c8c563d2c7c2524ddadc7221965959d2572ee337183047dbf
SIMULATED,TD-IG3,Images / 3D,SIM-05-OOD-0077,748684d646dff960bf1ab76c1aa8380694c6262f7709bb45f7c7a862be098409
SIMULATED,TD-IG3,Images / 3D,SIM-05-OOD-0078,8f997196b6da9fe4452dbbfa55fe71d47f290e56cd41572d74916d1879859d4c
SIMULATED,TD-IG3,Images / 3D,SIM-05-OOD-0081,56d6cea5c2db503e7cf8e47f6b082d6f89ff3ae1fb2e466bd178a65b2d712996
SIMULATED,TD-IG3,Images / 3D,SIM-05-OOD-0082,96374e4372d0368221e3fed073103eab6e601a8106ea86d5af9a3115ed536a96
SIMULATED,TD-IG3,Images / 3D,SIM-05-OOD-0083,c67372874262e243d8c7d835fb8f06258376377269c5ea74d5747101917a97f9
SIMULATED,TD-IG3,Images / 3D,SIM-05-OOD-0084,bac00064bbc18ba9ea246096838618e98e6c8c0be4b62487aa494f7e81c179c2
SIMULATED,TD-IG3,Images / 3D,SIM-05-OOD-0085,79a61e6f0036b2701a39229f29a15802bdc5a14130d62acc62e82ea43c37a2c7
SIMULATED,TD-IG3,Images / 3D,SIM-05-OOD-0086,7558d2f99e83d4ff11ca6ff23fa03d4dc0638e84f16b2bff407a6d4e45c3e859
SIMULATED,TD-IG3,Images / 3D,SIM-05-OOD-0087,91d936ee3df7a32fdc20095f261a9f49bbd809d1f6dc7c05472c322f5aea7ca8
SIMULATED,TD-IG3,Images / 3D,SIM-05-OOD-0088,8f449d3ed97d7dff22f0210d20948b4e373ffe9faf5e2c55d62c8599bd5bd257
SIMULATED,TD-IG3,Images / 3D,SIM-05-OOD-0091,3f8627f24af2f36f0cdbbabd3a29b31e9e6a3e84c8aebc6e0526624c484098d5
SIMULATED,TD-IG3,Images / 3D,SIM-05-OOD-0092,539b2b56db9c29447b40bd645189b77855d952a97c4f8bcdc65591b0ea6b9e55
SIMULATED,TD-IG3,Images / 3D,SIM-05-OOD-0093,20fe05c849faa1dcb7289bc0cef30af95c3d85945d8eee8c50a95d10fb967c1c
SIMULATED,TD-IG3,Images / 3D,SIM-05-OOD-0094,5f5db782dd8e7de72ba0eaba8f53f2a8b047b847222aece76ec16d8e78304476
SIMULATED,TD-IG3,Images / 3D,SIM-05-OOD-0095,465dcbd52a3258985439853fc2f5c8912c1402bee5d8f82ecb4103b66d4c276f
SIMULATED,TD-IG3,Images / 3D,SIM-05-OOD-0099,4de1578d6accbad2e0efff479466c3c2c8909ccfde169e2a0ad28ab1bb2e541a
SIMULATED,TD-IG3,Images / 3D,SIM-05-OOD-0100,67f62b37591fac1d3fc8cacb717a681822f680f5c52f498be0f2832e7413a36b
SIMULATED,TD-IG3,Images / 3D,SIM-05-OOD-0101,38451e04da9ebe4fd8ec5fa313e505b94a72e61fe546ef59e0e5c2c83b4cd033
SIMULATED,TD-IG3,Images / 3D,SIM-05-OOD-0102,1a9d730139ffe4ba3fc73813485dc8c5a052c096572249a40614438c6c623e16
SIMULATED,TD-IG3,Images / 3D,SIM-05-OOD-0104,172dbf3acd7dae5da70819576bb657a97ef1710ed38270f16d15c9c760e3026c
SIMULATED,TD-IG3,Images / 3D,SIM-05-OOD-0105,3f1b039778b6625561edd6d2a65591a16facaa52925836de44d90f45ce72812b
SIMULATED,TD-IG3,Images / 3D,SIM-05-OOD-0111,9e4426580f4fe221ecbed4309e97aac46a7ec12fe48b888ed0ee4a922a8d8534
SIMULATED,TD-IG3,Images / 3D,SIM-05-OOD-0112,aa6d30f0fcea721c6ee10d84b95e3c6ad420b6481037d911fbed778a3e59f4fa
SIMULATED,TD-IG3,Images / 3D,SIM-05-OOD-0113,3990889fa97e667b72124dad6904a2e106f3efc7c1a5b2f24d7bb4a6cd5de09f
SIMULATED,TD-IG3,Images / 3D,SIM-05-OOD-0114,c40c05226c07b317e6aa2d99e897f9d1a7d45ea6a27f418ec3c7b23a76602e45
SIMULATED,TD-IG3,Images / 3D,SIM-05-OOD-0115,c530cd050fa36d298140d0272396f3489ff1912e7361f6a1997d6c3fa1be0eb4
SIMULATED,TD-IG3,Images / 3D,SIM-05-OOD-0116,8d5df792a1b981643e98cf955616b7f8d0b269ac8d88d9075d1b0c233e53d712
SIMULATED,TD-IG3,Images / 3D,SIM-05-OOD-0117,0f49aeb47f1dd650f2a81e4f5486a872ea3e5cf566e79a644c746835b2dcd181
SIMULATED,TD-IG3,Images / 3D,SIM-05-OOD-0119,30fdd60c4fcbc7c16805f64b06d30858f8117c4a9226407cb7f53a15b5802eaf
SIMULATED,TD-IG3,Images / 3D,SIM-05-OOD-0120,8f10044e44ff675b8b3518ce278a1e9f4ea408a17b545be6b6935e6a4680e673
SIMULATED,TD-IG3,Images / 3D,SIM-05-OOD-0121,b3ca0fdd86c718b87bba930950fbd4249ce490833220722debbd6f34ab2a98e5
SIMULATED,TD-IG3,Images / 3D,SIM-05-OOD-0122,6a26a5e4dec685644f46c8370df42b28a63e519e705352e5cc450a70aa2f04ae
SIMULATED,TD-IG3,Images / 3D,SIM-05-OOD-0123,551b2d31a987cbc479dab3e57cc20112307c91d156f6bc1e550bc7a30f30dc9b
SIMULATED,TD-IG3,Images / 3D,SIM-05-OOD-0124,0f90a914c419de1c9fc05f9b307b2804ed96762a5067ad0903420152889ad465
SIMULATED,TD-IG3,Images / 3D,SIM-05-OOD-0125,54b4e47f125c50a66471e5049370b31a6b691f49c2c617f9449605f2f9089e7b
SIMULATED,TD-IG3,Images / 3D,SIM-05-OOD-0126,58a317d671fcc71cc0cdbc6c11cd1134bd7f10a58970b0e7c06e758499586d59
SIMULATED,TD-IG3,Images / 3D,SIM-05-OOD-0127,a2b9c3d653aa4a57a10098b7df85a0c5ec11ed4f7f454c7de147d4d5e7ce72db
SIMULATED,TD-IG3,Images / 3D,SIM-05-OOD-0128,c0a90020e8da37aa3b6b839ccb4e5c45465011fb1fa39a094f335088257e0bec
SIMULATED,TD-IG3,Images / 3D,SIM-05-OOD-0129,025e871591426544cbef82d6534c14f0648b47803d6f032506aaa3df61313b40
SIMULATED,TD-IG3,Images / 3D,SIM-05-OOD-0130,6e515dfee197cd976e6ce1a91f0a18ea0a628bd9511cf9ac02ebb101667737f2
SIMULATED,TD-IG3,Images / 3D,SIM-05-OOD-0133,790973bc33d63f2fa25bd67db1eece7622d02f110a03b1412e9f907402b8ba3d
SIMULATED,TD-IG3,Images / 3D,SIM-05-OOD-0134,81dec3d7b95cc7027c4e70560abc62220ec858616b8bbe96e587d43660db9769
SIMULATED,TD-IG3,Images / 3D,SIM-05-OOD-0135,90a2a5316366fd82677087cc897d9e11b30d44e6d93002b785917ef7719669df
SIMULATED,TD-IG3,Images / 3D,SIM-05-OOD-0136,6bb58a2fe077e34db69c6ea808e8b77c5b4e1e7cfbeabd0b948e5ae2f2c2815a
SIMULATED,TD-IG3,Images / 3D,SIM-05-OOD-0137,43675cbc7d634c07120f529faa68f259b1f26f43a21acefba3acefb6e1ae4f80
SIMULATED,TD-IG3,Images / 3D,SIM-05-OOD-0138,2c66beae44e16b2646bce5b5f199d259d84f101405956a29cd5a55de53525db5
SIMULATED,TD-IG3,Images / 3D,SIM-05-OOD-0139,c54537ce013dec62231e51b6f1d802fa7a518c4fae316c23c59c6df76edfd253
SIMULATED,TD-IG3,Images / 3D,SIM-05-OOD-0141,a78ed61cbae8fba651a400fa61e8ed070827b38ccfe0ae76c5952dc04e67435d
SIMULATED,TD-IG3,Images / 3D,SIM-05-OOD-0143,c4cafe6ed97387c11264751354258787b0082f58b08a1a940d2572b88ea020de
SIMULATED,TD-IG3,Images / 3D,SIM-05-OOD-0144,4063e7fad311dea750bb81b9d100a25a91530d97c418979cb799a323b99c9011
SIMULATED,TD-IG3,Images / 3D,SIM-05-OOD-0146,babec59068bb065eada1d1dc63c71e491b27406a0ad39c91e99da4770c2db6f7
SIMULATED,TD-IG3,Images / 3D,SIM-05-OOD-0148,c602869330e173250db1df7dc634993503fef4a14a455bb0adffc58bc06053a3
SIMULATED,TD-IG3,Images / 3D,SIM-05-OOD-0149,2504ad1cb81c35d81620d5d2a94449233ff391bd7336a9adfa84116d55e1978d
SIMULATED,TD-IG3,Images / 3D,SIM-05-OOD-0150,3afc535ae38a50c72bd23b77ba011b21d0c9389c20dcde274a13e187e901a0ac
SIMULATED,TD-IG3,Images / 3D,SIM-05-OOD-0152,776bf40ad3a77489c4140f12a049e30880f4aa774d92e8d45ec9be6c08b5e4ce
SIMULATED,TD-IG3,Images / 3D,SIM-05-OOD-0154,3ccbcd726e1696d1e79597d913e9f8603bbf9fbe5381fa011d548847a06015a9
SIMULATED,TD-IG3,Images / 3D,SIM-05-OOD-0155,472c1e7331d4d11d62878aaf73c111323d1dd5fc5a9b226b6b3adbb12a1ae667
SIMULATED,TD-IG3,Images / 3D,SIM-05-OOD-0157,98da1b1f2e8e5b0b0bf6a3dee48de7fb10a490476c7eb59e24a1623a0708b5ed
SIMULATED,TD-IG3,Images / 3D,SIM-05-OOD-0158,729c3716c5ad6e0aba481d5cfbb8f883b21d6661ecc8cd193467c9294273d94d
SIMULATED,TD-IG3,Images / 3D,SIM-05-OOD-0159,ae8ac966677c594937a1e03c1cc0848ce45debc6f4e820271a4553cdc526ae5b
SIMULATED,TD-IG4,Images / 3D,SIM-13-OOD-0000,21af5000de910595989bc63224e550de2b33e5e242716ff1f9816d260b30705a
SIMULATED,TD-IG4,Images / 3D,SIM-13-OOD-0001,6a9b98327b2dc2e575c5ad0063a08e2c8154866c7d205a1bb9da06308f7541ea
SIMULATED,TD-IG4,Images / 3D,SIM-13-OOD-0002,32331562d4daec4f3f921e755d1880dc28ce304e3c7c89b6aee2d24b86282fa7
SIMULATED,TD-IG4,Images / 3D,SIM-13-OOD-0003,09ef3b3588ba2135b5e6bb1d79eabc5aabd6c033540b7236ceae514e80802663
SIMULATED,TD-IG4,Images / 3D,SIM-13-OOD-0004,0e25b7d802269098563329368e159e168c1e8f66048a2da4b53d56041b905db1
SIMULATED,TD-IG4,Images / 3D,SIM-13-OOD-0005,a09c076c7bd13a9476171fe2cd99f3e35f684021375f15cd537b55c2b39c5679
SIMULATED,TD-IG4,Images / 3D,SIM-13-OOD-0006,addb3ad67e075eb4fe5c157f32d0b6474dea5e645f838c2085d97b69dec2cb7d
SIMULATED,TD-IG4,Images / 3D,SIM-13-OOD-0007,651d84dc12e766d6492c403ec8de980106ac499505bea63b7782aab049df601c
SIMULATED,TD-IG4,Images / 3D,SIM-13-OOD-0008,04c686714a3c6518ec10de657f0341511d6a8d4b7ea8cecd99cd5d71c603fbd8
SIMULATED,TD-IG4,Images / 3D,SIM-13-OOD-0009,926eb6c28be1d2e66e68d5b770833211a98bc283298c8ac62bef94e1b32f1e62
SIMULATED,TD-IG4,Images / 3D,SIM-13-OOD-0011,6178b78c36527155d1eb0bc5ef86d7a065cb8c18fe88ccc3a075115bbda1dab9
SIMULATED,TD-IG4,Images / 3D,SIM-13-OOD-0012,723aeee34472d408895fc9798e945d4851676ac049ed79594c97094a41cd7eb3
SIMULATED,TD-IG4,Images / 3D,SIM-13-OOD-0013,b80af10a5be3876c76cededf30e42a852d963ba0ea78eaa75784e57d700b0768
SIMULATED,TD-IG4,Images / 3D,SIM-13-OOD-0015,a4e7808674c16f67a79f01933f44457e716ecdef12de5bcc55deb10c22ba4135
SIMULATED,TD-IG4,Images / 3D,SIM-13-OOD-0017,46134c4513d62ab2ef9295724d7a34e96189b5cdaf2a8604ad6bc4ba84493173
SIMULATED,TD-IG4,Images / 3D,SIM-13-OOD-0018,47fbc67657988afb0c4543a200eb942e5e473419685c5d9660f39800daef046b
SIMULATED,TD-IG4,Images / 3D,SIM-13-OOD-0019,b472889069863d5075f007b3205430ff481314205f6d0ba10a5af1c6b18039ce
SIMULATED,TD-IG4,Images / 3D,SIM-13-OOD-0020,ba66db03b7115ec04495588cac6657b6fa860ccc0171da7b97fb131f8a06c68d
SIMULATED,TD-IG4,Images / 3D,SIM-13-OOD-0021,849b559f22278433550f35ddb8c12c5aaac222a45b853f0dfacaef6750a39e90
SIMULATED,TD-IG4,Images / 3D,SIM-13-OOD-0022,47bbb9e5dfb11fb9f6addc445d0a699766aef5ced83d7dafd9cc6a9ac979eef9
SIMULATED,TD-IG4,Images / 3D,SIM-13-OOD-0023,4e910030975bcdf2270acba91075d220c1a825acd077e0edb5594acc69abce45
SIMULATED,TD-IG4,Images / 3D,SIM-13-OOD-0024,88b982a9d2171dc469a46d80572bec2ee06f09670a7d3972d4b9a239e11831f0
SIMULATED,TD-IG4,Images / 3D,SIM-13-OOD-0028,7f09420d57e46f14b1873da9fd8e3c1e25f9b8f71b4f14ad8932be95b6002f44
SIMULATED,TD-IG4,Images / 3D,SIM-13-OOD-0031,86ef1c35932806d1aa1ecc0844c065bb7970c25d05584fc813a861fceb7d3f94
SIMULATED,TD-IG4,Images / 3D,SIM-13-OOD-0033,188f1843957169b15af4e3374ed736b11fb38f6a302f78148da126925fa4eb05
SIMULATED,TD-IG4,Images / 3D,SIM-13-OOD-0034,09026c3728f88b8921b7be39b5c145afc84a483f241c9a889d24e04279f7726b
SIMULATED,TD-IG4,Images / 3D,SIM-13-OOD-0035,c22e58219710322d8a963abdad91fe5cbb0adb594aaab207bc12ec1cdfa07930
SIMULATED,TD-IG4,Images / 3D,SIM-13-OOD-0036,00d87a8c59b286f42294c6b24899cfead81b0295c09b1f166badab5257a405fb
SIMULATED,TD-IG4,Images / 3D,SIM-13-OOD-0037,a39a0bf67c63f4a2d2824e91afa6864455d332f1fe11cea8f88066cdf3ad3f5e
SIMULATED,TD-IG4,Images / 3D,SIM-13-OOD-0038,bfea371ad47aee3b783ca51023b746c916f258eafc7cf7ae16288211264b0798
SIMULATED,TD-IG4,Images / 3D,SIM-13-OOD-0039,6a9298291bd32a563ce568a42bed8328e8b958cd2cc62a9a559a35c133206508
SIMULATED,TD-IG4,Images / 3D,SIM-13-OOD-0040,0d8bfc23d2d416b848e4cf2c1ae98f47dde8ac291f247f634701f9751b348030
SIMULATED,TD-IG4,Images / 3D,SIM-13-OOD-0042,82f5202169bb3b14f62ea4c3bb4eb69e7ae5614f5ba22a1da15e79adf03314bf
SIMULATED,TD-IG4,Images / 3D,SIM-13-OOD-0043,528e325eb48569212411bd38723883f64e62548a0a709a14bad0c823f2d7734e
SIMULATED,TD-IG4,Images / 3D,SIM-13-OOD-0045,6e386e337a65388c07bfad0d10bccd3a78c5a6a494901d54e9946005e98d023f
SIMULATED,TD-IG4,Images / 3D,SIM-13-OOD-0046,a8531279f92203f96d31ffb3a1d9aa16037395acd833de39324a6b06184dffa5
SIMULATED,TD-IG4,Images / 3D,SIM-13-OOD-0047,a6749347119a1d33a5631e0130484d33c76e64ca98068dd2a833d5ac88e3e0ca
SIMULATED,TD-IG4,Images / 3D,SIM-13-OOD-0049,4a9734a35b05da5368ac2e574ee886c10ba7e8fb63e0a7081dffcd4a7c84b53a
SIMULATED,TD-IG4,Images / 3D,SIM-13-OOD-0050,aa9e1211175dfaf16e036f5046b6972fd13420f6671448ced04ac6d61f58ed24
SIMULATED,TD-IG4,Images / 3D,SIM-13-OOD-0051,645116dd00f5f76c8da811dc50031b4636bc4298663cb587e269874aba0030d3
SIMULATED,TD-IG4,Images / 3D,SIM-13-OOD-0052,5f8aff4e51e8b91e311dcb92c0db104431d07f52d01b96ca3692b04208348013
SIMULATED,TD-IG4,Images / 3D,SIM-13-OOD-0054,5f9f4cba2f6db05c55b99692b51e4f33507ee6b94f557795f7f1e1a14bfd9651
SIMULATED,TD-IG4,Images / 3D,SIM-13-OOD-0055,c0fe9d7253b6dfdc2f4b3b4c7de62a108486676a5440cc2c8744772b00dde154
SIMULATED,TD-IG4,Images / 3D,SIM-13-OOD-0056,b6d2b9c9d5007ec9ffd5f26e5ac53760750457863bd58808c06f47b3e9c27e6b
SIMULATED,TD-IG4,Images / 3D,SIM-13-OOD-0057,2e65b6d86e3d02cf703b3aa39f8f0d30757b0e227ed31a885c770eb465281a7e
SIMULATED,TD-IG4,Images / 3D,SIM-13-OOD-0058,4d85e9eea3f842a75a66b60a97281c1b7977bf292c279dd1552245a3eaf7e401
SIMULATED,TD-IG4,Images / 3D,SIM-13-OOD-0059,8c1c7dcf477704053077b44818c8ff187b94599d17a6d4ecfef7fcefcf0705f1
SIMULATED,TD-IG4,Images / 3D,SIM-13-OOD-0060,0b38f2e1b040fe88dda3609914b5f670dd3272d7447ff9e7a01b820d8ef57cf9
SIMULATED,TD-IG4,Images / 3D,SIM-13-OOD-0061,4df8de337739a844db1cae3d227c02c21b69e54cb1fe7b8dd3bd884de179f60c
SIMULATED,TD-IG4,Images / 3D,SIM-13-OOD-0062,4bbc7e3158daf36dadec5334b97919bf1fd0d16afc3d310d0eafffb7b45f00df
SIMULATED,TD-IG4,Images / 3D,SIM-13-OOD-0064,c365a46e6485b124ccb1e166c63c1285171fe23704e6ebe3ba89b9ebdee94e62
SIMULATED,TD-IG4,Images / 3D,SIM-13-OOD-0065,0039be2940def0d630f3361515194bef5a2fd8056bd9f28a6904b99ce66f6e14
SIMULATED,TD-IG4,Images / 3D,SIM-13-OOD-0066,0bb9d0cbb632ac5a8b226a75858cf99cadad5055df28cc67dc27ed508748ec55
SIMULATED,TD-IG4,Images / 3D,SIM-13-OOD-0068,b13d67b5e52af01221d8a087803a300f634dcf66873cb1f73dc88ae1840c605d
SIMULATED,TD-IG4,Images / 3D,SIM-13-OOD-0069,7a4cb1cb33670432a32542bcb8f6f7c8ccccbdf640f90631a00173d2feac90f5
SIMULATED,TD-IG4,Images / 3D,SIM-13-OOD-0070,b717d946bc0e044daf7ea165dc70e0a87050e49adacfa48a17c3a7e8ffdb1b3b
SIMULATED,TD-IG4,Images / 3D,SIM-13-OOD-0071,17b1b0cbb216cf7e4a6e6be4477ac7d1b74b8d9bf4054e60915c1a3f4e1cd44b
SIMULATED,TD-IG4,Images / 3D,SIM-13-OOD-0072,6480593e572f23ae99fa189a4801490cf4b1fe4160e2bb09c78c679fe6dec172
SIMULATED,TD-IG4,Images / 3D,SIM-13-OOD-0074,b52cf0deab98f038b2981ab006c565dae18d1030c75229265c6ad99d476cfe78
SIMULATED,TD-IG4,Images / 3D,SIM-13-OOD-0075,a99f6e6a8be8b379e298004985755fd88d8b09ec07945ac9856170e99a8b2deb
SIMULATED,TD-IG4,Images / 3D,SIM-13-OOD-0076,2dd7d1d94614346cf21184b91bd4f948f0f9780c7640e231527d1e686c60e478
SIMULATED,TD-IG4,Images / 3D,SIM-13-OOD-0077,2d7d1d14e7d9fc43702798072e832e20839d1140f5ea089fde22009e7a99c17d
SIMULATED,TD-IG4,Images / 3D,SIM-13-OOD-0079,24880682fed6b0ec5b55e49eea1e8376daec5ceedc63cfcd37c7ca1d8e1daa62
SIMULATED,TD-IG4,Images / 3D,SIM-13-OOD-0080,6b9ba3fe186fcfae871dfc613d7c6eda86004d48dde5b7b58f37fe3bdec142ae
SIMULATED,TD-IG4,Images / 3D,SIM-13-OOD-0081,30743a364fb51fb27564ddc41d95142e17e3414545458a524f65852e5390a126
SIMULATED,TD-IG4,Images / 3D,SIM-13-OOD-0083,3f2e1c20d7eeaf8fe92b8f3532e6b4d26f8cec095066a72e0b2382a4335fe81b
SIMULATED,TD-IG4,Images / 3D,SIM-13-OOD-0084,02588196bafaf66728ea7ae8665bcb8236c44111461cb5586d5e74831cff3ec7
SIMULATED,TD-IG4,Images / 3D,SIM-13-OOD-0085,7ac5dc5ec597345d57eef0fdaadccd268d5ed2c1bccca701e0006a1956a2cda9
SIMULATED,TD-IG4,Images / 3D,SIM-13-OOD-0086,1c34d0df073a5c1e7ed9f5a9d3e4eb15a29c58a8c3d1daa479d60e38e36f2da7
SIMULATED,TD-IG4,Images / 3D,SIM-13-OOD-0087,3579cb398dcfa312cca9db703a9655c94fdade7c3ef33383f32872588570f726
SIMULATED,TD-IG4,Images / 3D,SIM-13-OOD-0088,629f22952196c49d8d17229a0f6b6379f728983bace33cf3b4598d95543cea76
SIMULATED,TD-IG4,Images / 3D,SIM-13-OOD-0089,a3a212932a4c1d42c392b262f14e365bfcc2ec7851f3aa4ddb4920557ef3025c
SIMULATED,TD-IG4,Images / 3D,SIM-13-OOD-0093,68a76379800072a5e9abeed1e146edcdb85c106ae7a444d3fe4bf2b32d3694fd
SIMULATED,TD-IG4,Images / 3D,SIM-13-OOD-0095,8d25f3b37865ab07c2e753bdf9ad3a5216565d7a6d57e24ac4edff4a2c7e204f
SIMULATED,TD-IG4,Images / 3D,SIM-13-OOD-0096,626dbfa20a4f68c478bc479274e79ca44b1f500054dda0fe6685c4682137b368
SIMULATED,TD-IG4,Images / 3D,SIM-13-OOD-0097,7013726626fddab81842fde47211912e2766911946b46a01874780e4a42ccb20
SIMULATED,TD-IG4,Images / 3D,SIM-13-OOD-0100,8bad8458906cce8ff3f937ac3e09e46ab132220a1da300d5049eef1ab799cb32
SIMULATED,TD-IG4,Images / 3D,SIM-13-OOD-0101,ab00a4c3b15a2aa1fc4c3e97577224a56c7241be01145ca03f74f8037cf59922
SIMULATED,TD-IG4,Images / 3D,SIM-13-OOD-0102,71a7302c212c384dac198fa1998f29e6faa3a9686b2b4ca572f5f97b1feddd13
SIMULATED,TD-IG4,Images / 3D,SIM-13-OOD-0103,7b54c1e0c7977fd852b5d5162e78229fafa2437d6188d48760b864d87f2ab36b
SIMULATED,TD-IG4,Images / 3D,SIM-13-OOD-0105,2120a11564ad7d1462300e1cac82ee37761eaa43ef1eb05bd681dca8f4ff0655
SIMULATED,TD-IG4,Images / 3D,SIM-13-OOD-0106,818edf0882f54c1efa09c1b204fb17838300b942e899b5fdd16f81f8217bbe4e
SIMULATED,TD-IG4,Images / 3D,SIM-13-OOD-0107,40e56dc3d1effbf5f290830392bde7841cdddec6ec71ae36db4f3aa08a774720
SIMULATED,TD-IG4,Images / 3D,SIM-13-OOD-0108,6fdca83d74fc0fb8a4ab599f972d642c76866a66f9084aec7b3f14714896d589
SIMULATED,TD-IG4,Images / 3D,SIM-13-OOD-0110,03bfdfd0e9a6c2fc669cfa1e1674522cf1f7a8670aa9b275af45e410931a049f
SIMULATED,TD-IG4,Images / 3D,SIM-13-OOD-0111,9db6dbb886d48e4b793e25f1766bbf633c2624f6b9baa5874090198c39aa3a64
SIMULATED,TD-IG4,Images / 3D,SIM-13-OOD-0112,bdb186a7030d0bd7e8fc45706e09318e810257aa7946d0f4990746d445b97edd
SIMULATED,TD-IG4,Images / 3D,SIM-13-OOD-0113,a104cf49c711f565bd68f7e6cd051b07129532d3a00c42b8c08961cede7d00e0
SIMULATED,TD-IG4,Images / 3D,SIM-13-OOD-0114,56b893b42da1e63b1b668c0796d92edaf06adc2a4df9f587f7a1a114875b3058
SIMULATED,TD-IG4,Images / 3D,SIM-13-OOD-0115,ab1ab7a01744e5bc3df55198bec9af6b13fe9461869f713f78daed030abb9fab
SIMULATED,TD-IG4,Images / 3D,SIM-13-OOD-0116,5bb9a57ecabdc77e2df7f0323821af2e5ac288129b1ab3ec84a9ce3f4e391de3
SIMULATED,TD-IG4,Images / 3D,SIM-13-OOD-0118,ba78dfb9c0fa9a33ce3dfc4c7970ee13df62465aa4b713b6fd1a6f768f101aff
SIMULATED,TD-IG4,Images / 3D,SIM-13-OOD-0121,1c19cb42776a0afd866d12eec2a12a4d933d0c89842c693dd034e14f1b2adae9
SIMULATED,TD-IG4,Images / 3D,SIM-13-OOD-0122,974975bd7985adc48868bc6f29937c52fecca63c5ee41f81d569ed330a06df02
SIMULATED,TD-IG4,Images / 3D,SIM-13-OOD-0123,6c43ffb44e91e2381e511e383290b8c1bdf9b2c7341e52ba34549a6c47d1fc3c
SIMULATED,TD-IG4,Images / 3D,SIM-13-OOD-0124,27acd97a1c4ffea3ea837f9fdb60278dc96c1b2365ce57d6562acf68a5ed7f79
SIMULATED,TD-IG4,Images / 3D,SIM-13-OOD-0125,23b8730be5fdc2064e15f9cc59ec2f6f69ddba5e833801134778ab335064b448
SIMULATED,TD-IG4,Images / 3D,SIM-13-OOD-0126,5682ffe76c6c1dd8ae03eca86d5a96a3c6ffa4177b87016576cf24c4b88b248d
SIMULATED,TD-IG4,Images / 3D,SIM-13-OOD-0127,5cd3f683b875c0d7e9b4aab708bb3daddf27a01ffd2a37e68c96f952da83c663
SIMULATED,TD-IG4,Images / 3D,SIM-13-OOD-0128,9cbb96fdbdef94c2b674446e02a778b16587ea0d269a810a46a3c2412efeddf3
SIMULATED,TD-IG4,Images / 3D,SIM-13-OOD-0129,33ec6ecfab1eacdd9e67168655f108e18e2b623b6fdb16ab37faddd2fce23398
SIMULATED,TD-IG4,Images / 3D,SIM-13-OOD-0131,2fea2b307f1400ea84a6b9df7101821e422a61eb8b1f7a0388107e7acb388805
SIMULATED,TD-IG4,Images / 3D,SIM-13-OOD-0132,1ed945fb3ef65a507346bf2acb0b2a03d84209350281f409bce0601fa219b608
SIMULATED,TD-IG4,Images / 3D,SIM-13-OOD-0134,9de9dfcd0c16f12e1640e4662a351b4e72b0d1a09903c0c3f2bdcdabf9f686ca
SIMULATED,TD-IG4,Images / 3D,SIM-13-OOD-0137,81f9198118449de22456656c0d593a35c907aae598a2506239c282421f6a9ca0
SIMULATED,TD-IG4,Images / 3D,SIM-13-OOD-0138,4fa1a95aedeb0890b067ebf10d57cf0f95531eeac8b853197d60d2ef69c9a0e8
SIMULATED,TD-IG4,Images / 3D,SIM-13-OOD-0141,1201a4370c6f56af816123b64bb497051a0566a95236cc347cce3e0add30ee36
SIMULATED,TD-IG4,Images / 3D,SIM-13-OOD-0142,5267885c4cc3608892b67388d9c94b8f5514f56120b00fd7456ec12268563261
SIMULATED,TD-IG4,Images / 3D,SIM-13-OOD-0143,2a3b37573fbd1f89a30b8cb85aa680abf14b102e52a3c1c88021b48d64707f30
SIMULATED,TD-IG4,Images / 3D,SIM-13-OOD-0144,79cb641345c7d2e762c6e6993d9a87deb3a4a54fdca809093728c16d3374d8e5
SIMULATED,TD-IG4,Images / 3D,SIM-13-OOD-0145,20c8a5c3b2508de37dd0aa330ddff7e92a0190f310b56f94c25c563cbda3db2a
SIMULATED,TD-IG4,Images / 3D,SIM-13-OOD-0146,21f1c9869a0a3d452688209add0125e942230276deaf5c547b96ac2c6e33652c
SIMULATED,TD-IG4,Images / 3D,SIM-13-OOD-0148,4fba7f902f7be7165a99b2e54330ada8a047f0158b8e4223548d180a52e7cb64
SIMULATED,TD-IG4,Images / 3D,SIM-13-OOD-0149,6ab5d544a3b9dfd738c767d478615196db7df68dea2afb9017a8482eea5d7a71
SIMULATED,TD-IG4,Images / 3D,SIM-13-OOD-0150,bdb9e510f16f4d210be519cf96c96ccf6ee8de0093c2b87282e05179acb58bb6
SIMULATED,TD-IG4,Images / 3D,SIM-13-OOD-0151,30390adfa94a39a8bf48c071be236115036796140f306a1f9a18517afdd4a6ea
SIMULATED,TD-IG4,Images / 3D,SIM-13-OOD-0152,1e1bc09eeffc4c869f1ba1e6bd5b785a58f5b874a3e32c5eb3f09ff8abd678da
SIMULATED,TD-IG4,Images / 3D,SIM-13-OOD-0156,9817d10327ad97c9c16053da47daaec9c9525ad5c8c926d98443fa06f023113d
SIMULATED,TD-IG4,Images / 3D,SIM-13-OOD-0158,af1f1be24ab75ebf24fd77a1f709d52493b9c1bf2e692bbdf2bc3488e1af458f
SIMULATED,TD-IG4,Images / 3D,SIM-13-OOD-0159,9ff8575048b41afc9e012b8d54534d16e4d3b44b8a15539078b84eb0cef4e62b
SIMULATED,TD-IG5,Images / 3D,SIM-14-OOD-0000,119a472be575ebedee50c1e34f8c8282f37fa4430b00e1b3c22c1ef140138fe1
SIMULATED,TD-IG5,Images / 3D,SIM-14-OOD-0001,1830619c179e066b1c883ee520cc159dc2e001d55d5688281af1c20164536a28
SIMULATED,TD-IG5,Images / 3D,SIM-14-OOD-0002,61b0640adba3d4aac08f4321cdc55644fe11ad33797512e3cd3189f37d6b83cc
SIMULATED,TD-IG5,Images / 3D,SIM-14-OOD-0003,86e673bb3ba2f3529afcf068ba8cbe0cdb85e075932ab53c4ab3ff4a5281bbc4
SIMULATED,TD-IG5,Images / 3D,SIM-14-OOD-0004,27b874448b70c55f979450ac7e70eb1214ff4f01545ddc5ec1360c1b5465b740
SIMULATED,TD-IG5,Images / 3D,SIM-14-OOD-0006,17681964b9b871e887a303fe3f7a1eafa860f3d73f1a9e197626460d95e08545
SIMULATED,TD-IG5,Images / 3D,SIM-14-OOD-0007,0450902abdc7300eed84a82dcb5ca7c21bbc4a7668d7ef6d4376e640bffc6291
SIMULATED,TD-IG5,Images / 3D,SIM-14-OOD-0008,5f4badf30912a8b6107cd299fb6f300542ef49d34394d262a2c37fe764e5f9e9
SIMULATED,TD-IG5,Images / 3D,SIM-14-OOD-0009,a560f00848513c017a0304996635e6707acce2824010308de8fde260ed7ccc3e
SIMULATED,TD-IG5,Images / 3D,SIM-14-OOD-0010,2cc360261463278f9ea4f31a6db4bc94c62da6fcd6cb881824f635db5633dd6c
SIMULATED,TD-IG5,Images / 3D,SIM-14-OOD-0011,bac21f002aaedb8bba764d0dca1e62cfd26cd7c62733de7b131dad236fd39fc7
SIMULATED,TD-IG5,Images / 3D,SIM-14-OOD-0012,3a268ef842c265871dae948bb419810820f9ebb9c462abe0fd1a0cdce3c5e434
SIMULATED,TD-IG5,Images / 3D,SIM-14-OOD-0013,a071f60c4cb90343dd875d065203d73f2ed0735f7cb502bb954dd238788eb42d
SIMULATED,TD-IG5,Images / 3D,SIM-14-OOD-0017,1499f9925ea51ee2e9f916607f8268500f8bf4820fa90341ebea7febcfa5cebb
SIMULATED,TD-IG5,Images / 3D,SIM-14-OOD-0018,52ec4a6dab40302e27a806db3bf49866a9d2050121bcfe7617d782a61b9c016a
SIMULATED,TD-IG5,Images / 3D,SIM-14-OOD-0019,2b185fbaf62b4fabaecb66fcf5115f85159d77cbf0893a4641817d41ffff5733
SIMULATED,TD-IG5,Images / 3D,SIM-14-OOD-0021,18cd63a59ee230e9ceb3b584281c3c3249558918c5453d314e877334907266a1
SIMULATED,TD-IG5,Images / 3D,SIM-14-OOD-0023,6490cf18b451df9459a00933cee527a160ad6252203477e60b1210e43075ac02
SIMULATED,TD-IG5,Images / 3D,SIM-14-OOD-0025,b22cab717da353fa8bc88c6c73ae7d8bed350bcaf1ec0193cebeaf343209e7e1
SIMULATED,TD-IG5,Images / 3D,SIM-14-OOD-0027,33315b019db485fd5f6b7503d523d364b44c3512c65e0718a1a2fe1bb2e589b8
SIMULATED,TD-IG5,Images / 3D,SIM-14-OOD-0028,7f012bee3ebdb418ffbf13dc5b420de8b8ed328f432bbd5edc55df289d1ebc9b
SIMULATED,TD-IG5,Images / 3D,SIM-14-OOD-0029,8f3481902b75eb1bba1abb0f7082a5756b8f4f249baaaaae818d600ee7d5f7a1
SIMULATED,TD-IG5,Images / 3D,SIM-14-OOD-0030,46c418c2d0bac3e6d9278db825d5e6457cf685da035203bf6e7fd23da6808e00
SIMULATED,TD-IG5,Images / 3D,SIM-14-OOD-0032,8c2f4949ca2d7f2b9c76ccf79b9f77ff56433cd87846f55094981acbbcbc277e
SIMULATED,TD-IG5,Images / 3D,SIM-14-OOD-0033,7b0da59516efaf548c61444d835279bd03ec365c11c8ebcccd3d81e59cf132af
SIMULATED,TD-IG5,Images / 3D,SIM-14-OOD-0034,a5207b5fa1f0a988713f30162b43bff3acf27a53caacfde47c493158e6ea2d81
SIMULATED,TD-IG5,Images / 3D,SIM-14-OOD-0036,57bf5e90dda77a903754972b1a8c140c2eff5b8551f41531edfdbc83e752f925
SIMULATED,TD-IG5,Images / 3D,SIM-14-OOD-0037,578b5761b3444b095ccd311313a03090cb22526a016bb100a7bfafab43453fa4
SIMULATED,TD-IG5,Images / 3D,SIM-14-OOD-0038,5b868da3cb403f428f43da1a6fe33436882ab3a6be7fa1d1b51e31fa442042d9
SIMULATED,TD-IG5,Images / 3D,SIM-14-OOD-0039,18a1a6dee9532801b94ab632157080a718e50ef9f81bbad52caebfa6206b14bb
SIMULATED,TD-IG5,Images / 3D,SIM-14-OOD-0040,06320033d681bac8ee52557d4c04bd9066642374aab9bed53d34a4a71a12cd4d
SIMULATED,TD-IG5,Images / 3D,SIM-14-OOD-0041,41646cf02b0f10312c1684369d6c13714aa8c9b78f45f5d71d328453665410f8
SIMULATED,TD-IG5,Images / 3D,SIM-14-OOD-0042,26e42e4cfa8b21ad960312de80d736174a66e581a223967a2a95055df9754649
SIMULATED,TD-IG5,Images / 3D,SIM-14-OOD-0043,475c23dbd1ec015d132bb887b7e840d8fa60f60a03fcb7663f39161f0a6b21c5
SIMULATED,TD-IG5,Images / 3D,SIM-14-OOD-0044,1d192658339e0f71b492c5e818f3af8fa123241e76848a997c91833b6d012e9a
SIMULATED,TD-IG5,Images / 3D,SIM-14-OOD-0046,41ab5871b84442b7797f33aa00411ae1bd48bb9b52512ad9636d53e894c7b3fc
SIMULATED,TD-IG5,Images / 3D,SIM-14-OOD-0047,6218efc1302877fc430531c7e54e6ee689b55b5cc94675bca94027e143ea7162
SIMULATED,TD-IG5,Images / 3D,SIM-14-OOD-0048,a6892de0f2296701e53bc9a3d6624e4e8e09862fa1ff9710c5224576e5c048a6
SIMULATED,TD-IG5,Images / 3D,SIM-14-OOD-0049,53dd4685753224c5d30e865f32487e9640ae7de4e252e69634701b615b322912
SIMULATED,TD-IG5,Images / 3D,SIM-14-OOD-0050,5d268b4e002fffda9ce90a1bf9239e4e39bf91a6d7c55f9446bf94263f4122f7
SIMULATED,TD-IG5,Images / 3D,SIM-14-OOD-0053,19be4ad2a04afd8f978756226e7917818822852a69a1573925af7547af522a76
SIMULATED,TD-IG5,Images / 3D,SIM-14-OOD-0056,71a3dea8743e384c3194a3da6cfab734d0b138b5152bd5e7709184ffc6f0d063
SIMULATED,TD-IG5,Images / 3D,SIM-14-OOD-0058,2278862a587247ad6fc17a2de902057da2fdcf08aeee30891501032047c7fcf5
SIMULATED,TD-IG5,Images / 3D,SIM-14-OOD-0060,9fa7fa84976bc6fb1636381c156c7bd0818e274dd01e8abd2a4c123974888bec
SIMULATED,TD-IG5,Images / 3D,SIM-14-OOD-0061,714f6a88067b828341a400415370fca4b5e269dc198633c0031afd0cd91bf055
SIMULATED,TD-IG5,Images / 3D,SIM-14-OOD-0062,650918490d6f48479367a7907da2ab27a6333c63e91d74eebd7e1e87a2317033
SIMULATED,TD-IG5,Images / 3D,SIM-14-OOD-0064,b108745b62d0e9f7a7f5b5df147b9e5d062024a49cee68bd301c36ab766bfc57
SIMULATED,TD-IG5,Images / 3D,SIM-14-OOD-0065,1240f79e70642691b2ebc2addd445519de4ef7b43e492702ae63bfe084497843
SIMULATED,TD-IG5,Images / 3D,SIM-14-OOD-0066,24e9a7acf9180a49fb8092fa1ab25d9c44c641814b33f8ebf864a426c05ddf46
SIMULATED,TD-IG5,Images / 3D,SIM-14-OOD-0068,be0c09e21362476e18eb68fa51cb832512346a5678921a38f8ce0dd018ac134a
SIMULATED,TD-IG5,Images / 3D,SIM-14-OOD-0069,bd64cc30110aed6f75b60e0ae61d3dafa877372f84a705710cecd1359aa4ccc5
SIMULATED,TD-IG5,Images / 3D,SIM-14-OOD-0070,64d76860b5b65adfb04b14a93cf3ab031b607205f127ee69e11137c66a6ca140
SIMULATED,TD-IG5,Images / 3D,SIM-14-OOD-0071,bdca0159b63cd5c3463c8896b42c9875ec157114139c7d4cdd6487e2d9c13bd2
SIMULATED,TD-IG5,Images / 3D,SIM-14-OOD-0072,2687fc59be6f67d13d7c8057a162042d3418a2fabda6862a4a29c925e60b3960
SIMULATED,TD-IG5,Images / 3D,SIM-14-OOD-0073,3ef6881d6a5656d79b92e1cda7704d96af271b1cf9878225f76537d7657320b8
SIMULATED,TD-IG5,Images / 3D,SIM-14-OOD-0074,40fd94cf2ef34162a135d3c58ec05fd98b096e5769a20138097b91030c1e6fae
SIMULATED,TD-IG5,Images / 3D,SIM-14-OOD-0075,91815e3d95242c40c005e8407d390e4bb6ee480aac59e216429e882f8f927882
SIMULATED,TD-IG5,Images / 3D,SIM-14-OOD-0076,90f2f244895daa1a3ec32f441d273cf18d1de7871ccc22287d57522a58fe380f
SIMULATED,TD-IG5,Images / 3D,SIM-14-OOD-0077,9ea8f8e4a0e6c51fcb25207ad0c4042d60746e3d1007c8e2f6218ad75f822f35
SIMULATED,TD-IG5,Images / 3D,SIM-14-OOD-0078,2dc7b551177cc5e6f5cff46674032fdda34bc9041f58150dc00b7f0071577bf5
SIMULATED,TD-IG5,Images / 3D,SIM-14-OOD-0079,9fcb1d4f72e4c17d665a38d6083ff3cba9cf4789282b15216234c9980a6411a2
SIMULATED,TD-IG5,Images / 3D,SIM-14-OOD-0080,c3eec9439ddaa74ad9f63895b989e64afff088c310dee2a7db3930ea26459c5b
SIMULATED,TD-IG5,Images / 3D,SIM-14-OOD-0081,91c990b9af2031ed8ad4c4a20c39846b7830fa5f2b806f89504bd2b9cbec95a3
SIMULATED,TD-IG5,Images / 3D,SIM-14-OOD-0083,6ccc1ed8fa1a1a3c9e2ad2162e232f926e315fc99d02ab1b3cef90e076b3947e
SIMULATED,TD-IG5,Images / 3D,SIM-14-OOD-0086,70f794ec05a536d1b7f3280c1226cf20c3133c131475d804ef07cbe79aca30aa
SIMULATED,TD-IG5,Images / 3D,SIM-14-OOD-0087,0bad04edfc5118f5a9533d0aa1e5c9ec6835e4bca285d559ea6dc8e603a15dfb
SIMULATED,TD-IG5,Images / 3D,SIM-14-OOD-0090,4e7b460ac301844cf239766d83c779831bc543fba512516fa6cc3e5bae53ac79
SIMULATED,TD-IG5,Images / 3D,SIM-14-OOD-0091,17197367bd62aba8f8b330fcdba39d66aef6c5446849f55949307f088cb2f85b
SIMULATED,TD-IG5,Images / 3D,SIM-14-OOD-0093,79e4c716c3e6ba10bd47e0835140f098f2d202347af417c7baba1d5a27ced1cd
SIMULATED,TD-IG5,Images / 3D,SIM-14-OOD-0094,9dac8ce13629b608f6cf8d79004c52ea390017a30b5770475132edcf4ab2aae1
SIMULATED,TD-IG5,Images / 3D,SIM-14-OOD-0095,030dc31580628d1f0c2c98e9b300ca3ebd4fa6ae840a402e437650f33ad4a9bc
SIMULATED,TD-IG5,Images / 3D,SIM-14-OOD-0097,39a7d0a974e88b09be0990e1cef7aac562a2f37380aa35a92796bb06a6482bed
SIMULATED,TD-IG5,Images / 3D,SIM-14-OOD-0098,42d1ac2f0970fd867664f15eba20cb080aa3fc9807ab6b55aafe467a20420569
SIMULATED,TD-IG5,Images / 3D,SIM-14-OOD-0099,c2c41f029b71fae08391e751eed7a702ef4d563fe195a0aa45f788f992ea6ff6
SIMULATED,TD-IG5,Images / 3D,SIM-14-OOD-0100,42337398464d4dfaed56786ee0a979f91fc478abb047ded469b59562f018ca79
SIMULATED,TD-IG5,Images / 3D,SIM-14-OOD-0103,78965bca88f17baf5c7b4dd6365ac5b12ca36cccfe8ac7127d4eb3fc7f75debc
SIMULATED,TD-IG5,Images / 3D,SIM-14-OOD-0105,23b9d48811f6cec7adffc5bc054e9edd989bee62672ac36d3892dceb0308a3ed
SIMULATED,TD-IG5,Images / 3D,SIM-14-OOD-0106,6296ed21bb908e059d256ba868046839503313fa1137653a92964a4eec78560e
SIMULATED,TD-IG5,Images / 3D,SIM-14-OOD-0107,7fde43fd4a5333ffa8fd8a81a41357907909a2d6e02e00c4b9a2b5c953761945
SIMULATED,TD-IG5,Images / 3D,SIM-14-OOD-0109,51846aad4b3e302701d85ad36b110c34482a22236a3fe2ca7f6655c010f197ce
SIMULATED,TD-IG5,Images / 3D,SIM-14-OOD-0110,c59349c8958281aad3671e23b78e8b310982aade9f2db44c53b5290241fd462a
SIMULATED,TD-IG5,Images / 3D,SIM-14-OOD-0111,38400819614a5595f4e29aab2803c137cbfff774ee9c3ff6342afbea22b65c7a
SIMULATED,TD-IG5,Images / 3D,SIM-14-OOD-0112,544175acaea4c591a20ea183a68e4e1f05497ca1c205e350aa022d76caf2c392
SIMULATED,TD-IG5,Images / 3D,SIM-14-OOD-0113,0f72bfbc5095347a7f8edb5d491e75cb137ae4f7eaa00901e6d55581ec3ce627
SIMULATED,TD-IG5,Images / 3D,SIM-14-OOD-0114,45fb7b4f866245c7526bd963c7040797281f53c16ea66a1b6477bf7471fee060
SIMULATED,TD-IG5,Images / 3D,SIM-14-OOD-0115,a5480156415c96c47b46bc0e54eea3a96263a350b4749c3456bde53862c67abc
SIMULATED,TD-IG5,Images / 3D,SIM-14-OOD-0117,9586b36192f59cfe5a6ee49a33fc602990c20152b10779e774cab79c584c6757
SIMULATED,TD-IG5,Images / 3D,SIM-14-OOD-0119,c53899966f58a876570c81b6888968bfd0ecc51d1c76cb61bb8415e81e2b6fa4
SIMULATED,TD-IG5,Images / 3D,SIM-14-OOD-0120,898a8d410ed625be8a3ed5ea9c83ce55d7ff5c4e530e0f7275fefe46b8872d79
SIMULATED,TD-IG5,Images / 3D,SIM-14-OOD-0121,4d84c324c983de9d7e2af00fbb8c2ed22b1ee4b3150304ee231bae15d21b8a5e
SIMULATED,TD-IG5,Images / 3D,SIM-14-OOD-0122,0ad6cb65c1adcacaa4f22b386917c6d7a90ae8e209968e3fea152d315bfa5454
SIMULATED,TD-IG5,Images / 3D,SIM-14-OOD-0123,261e66337edaaa247e608508f136b98df197b5ccbf13a07f24bb211be0e75196
SIMULATED,TD-IG5,Images / 3D,SIM-14-OOD-0124,02948f45d6b69b4e138638393fdcbe1bcbb92c6a5db241aff7090d11bb3adcb5
SIMULATED,TD-IG5,Images / 3D,SIM-14-OOD-0125,48b5dd90b824c5f163f75c699d94ddceabb809e6d59f0ffdb44e0fe52ddfbac2
SIMULATED,TD-IG5,Images / 3D,SIM-14-OOD-0126,1e6ef050df291ebe64223ce6a4dec2a93bfd2231c593148fea6b5250de4746e2
SIMULATED,TD-IG5,Images / 3D,SIM-14-OOD-0127,429f915d4a5d07404b3264919d470012f5f5dd229aa5de2a7b145b4d88612e82
SIMULATED,TD-IG5,Images / 3D,SIM-14-OOD-0128,8bd4f3b7cfad5b3936f6ed3418bae0aa4835c6669bb073ebb1ecfdfe2080a6bb
SIMULATED,TD-IG5,Images / 3D,SIM-14-OOD-0129,b6d1568cc916c05382ab490429d1d8bc4a071bdb372a37156ab30c9b0d12c1b9
SIMULATED,TD-IG5,Images / 3D,SIM-14-OOD-0130,6e346f40e3d67811f184a4b84df5ce9742d127becbea63dce607a91ca588be02
SIMULATED,TD-IG5,Images / 3D,SIM-14-OOD-0131,3018c9decbc41e96ed0a7354156dee7340323ea01b2a48ee3fba248b32c25a3e
SIMULATED,TD-IG5,Images / 3D,SIM-14-OOD-0132,27275b513e0190a13ee13c12a0838bf0f8aee953b62378ff90d5a2ddaf978f7f
SIMULATED,TD-IG5,Images / 3D,SIM-14-OOD-0134,8b3d87efc4a395730372e8f7e0ed9f860a0a628559a06b71048fa6241f655bf2
SIMULATED,TD-IG5,Images / 3D,SIM-14-OOD-0137,32d3005a1e110ff11c056d44b1e94f8c573133856f136095ca8c358fa09106fd
SIMULATED,TD-IG5,Images / 3D,SIM-14-OOD-0138,1511ecef4518d340586455a5422fd480948cb48e5b1c09816b70ca3f6d8a02f9
SIMULATED,TD-IG5,Images / 3D,SIM-14-OOD-0139,7fea5a8b7cefdf1d7aeb48f8a08a4f8049af2d85c217bc3b9cc3810596d5ae7c
SIMULATED,TD-IG5,Images / 3D,SIM-14-OOD-0140,36a36998ab3ec6fead378027f54394dfaaa1bf43b49f56c242b5ff3da92dd989
SIMULATED,TD-IG5,Images / 3D,SIM-14-OOD-0141,8c5731626659cc0b5728420d9617649b036288369aea96ab328900b7db0dbb6c
SIMULATED,TD-IG5,Images / 3D,SIM-14-OOD-0143,2e6c89f58ff5a3fecf942283cc7a046e84cd2db68123f7faa4c4541f5055cd8e
SIMULATED,TD-IG5,Images / 3D,SIM-14-OOD-0144,9f1ed807bba885d3ff3a1d2803d1809d0e866f80acd1fc813a277a0db959c535
SIMULATED,TD-IG5,Images / 3D,SIM-14-OOD-0145,1cf033b8cc58f1ebdb501c5fc7d3504ec3bf6a80bd4622eabe3b206bf563a342
SIMULATED,TD-IG5,Images / 3D,SIM-14-OOD-0146,8a6128fec1c0b4ad43e504a2670ba1ddd0a777fc37ece7c45155a77d0c288d45
SIMULATED,TD-IG5,Images / 3D,SIM-14-OOD-0147,51f3bf0c08cd2f0c0d91fc1550781243285b7eef20506b62e11878e41d31039d
SIMULATED,TD-IG5,Images / 3D,SIM-14-OOD-0150,032e049dfe7adabca5517799acfcd5c861d2b54cda7c17c756ab75bb7d97b098
SIMULATED,TD-IG5,Images / 3D,SIM-14-OOD-0151,a466f29cd2a87e2323708c3c1de536c226e9f73f892f7aa6c80860c786dee763
SIMULATED,TD-IG5,Images / 3D,SIM-14-OOD-0152,2520489e2407f70cb1be415ac1715956af12c5fbc37022047664f2226c1f0a32
SIMULATED,TD-IG5,Images / 3D,SIM-14-OOD-0153,a6823c02ed8677a0c00b9784bb71925a7384ccfe7e80d0d0a5a705868394b458
SIMULATED,TD-IG5,Images / 3D,SIM-14-OOD-0154,043444abaf7efe3f0f1c20ac66018e5ad952695318643a81ff0144c19f161bf4
SIMULATED,TD-IG5,Images / 3D,SIM-14-OOD-0157,45d75d03d28877456dd5766c52c6a892177cddec88aaa83461fdd33889bac3ad
SIMULATED,TD-IG5,Images / 3D,SIM-14-OOD-0158,7b780c5d5720332727cfc02dfcb6dc1bafce39f64afa499cd804e4e98a8b41a2
SIMULATED,TD-IG5,Images / 3D,SIM-14-OOD-0159,5b40f38d41bc474caef1175dc061be82033482a20806638e7dfa827e3e7e7bd8
SIMULATED,TD-IG6,Images / 3D,SIM-15-OOD-0001,2656c5ade1455aedae18c42543297d5fbe1a20c68eeb46e515eac66cc6fce595
SIMULATED,TD-IG6,Images / 3D,SIM-15-OOD-0002,a95fff918867b0db0ecd44235c62f50637fccc817ccb1e0295b4aeb236768ad1
SIMULATED,TD-IG6,Images / 3D,SIM-15-OOD-0005,a7e78fe4999e4143fd99c376c12051cc6d75f2e19002bc2a00b75670c5601382
SIMULATED,TD-IG6,Images / 3D,SIM-15-OOD-0008,7e7e358bcbc92c8d79ed300bcd8d7072bae20d391c4c98c6d7a7a7b02ae90f82
SIMULATED,TD-IG6,Images / 3D,SIM-15-OOD-0009,9e7eb8df3b2aaa6b44c4540f07a1fbf80d8226c4ac1d04fa9daf2e5d90662e14
SIMULATED,TD-IG6,Images / 3D,SIM-15-OOD-0010,1061793c3e2e8ada9cc810142e5541d6b395f01b627b9037fc1a1b9e164b81af
SIMULATED,TD-IG6,Images / 3D,SIM-15-OOD-0013,098e1157845aad746107ba478217994670d6ad4c30593042776eff908e747c55
SIMULATED,TD-IG6,Images / 3D,SIM-15-OOD-0014,61b814993c01ad85006a04a98fbc7f0fbbf86befd6c9992bd7ce69827d51b447
SIMULATED,TD-IG6,Images / 3D,SIM-15-OOD-0016,891c933ec38ff49c53d445fa0b3af420d6af59dd82a363e1606a35f2ba123e14
SIMULATED,TD-IG6,Images / 3D,SIM-15-OOD-0018,a300722dcecad9e3aa1c5165047867b30c81c81ccb461daa88240c9bca42122f
SIMULATED,TD-IG6,Images / 3D,SIM-15-OOD-0019,9e90091d0f4bc200b5a0deb3e1a38796d0527a6ef6f5b0a639c5f12182a94367
SIMULATED,TD-IG6,Images / 3D,SIM-15-OOD-0021,34ef3faec687737d4267c38f1b2a4fe0908ae0ec2b5ac86c25ff2852214ea451
SIMULATED,TD-IG6,Images / 3D,SIM-15-OOD-0022,0375b4079cbebc5281af7d50aa06fd8922c273eb42b5ad38a1c3c6cb62ba1544
SIMULATED,TD-IG6,Images / 3D,SIM-15-OOD-0023,6fe7053ae0c76bba675a1ccc2bcea8ab56126501e75d93c7d19ee44ead0c88fa
SIMULATED,TD-IG6,Images / 3D,SIM-15-OOD-0024,18446de42f2fceb50bf9a9a11bb4091b2d64ddbbc0d271a3618e340a19cecde5
SIMULATED,TD-IG6,Images / 3D,SIM-15-OOD-0025,364f389a64126872559b460500b44da8dcd4fc06b5169ee8d5018691e936605b
SIMULATED,TD-IG6,Images / 3D,SIM-15-OOD-0027,4fe0fc089e39bebef24e563738ee6aec3391fc5f8b768db4480caeda15c31150
SIMULATED,TD-IG6,Images / 3D,SIM-15-OOD-0028,44f9e087a42d5b65810d5f555d6fbb812d3c9888a6c922f76ad08797afefe3c1
SIMULATED,TD-IG6,Images / 3D,SIM-15-OOD-0029,1d3df6c0585418b016834e0d4dff615bbeaa4cc1a13805097d6fbf19aa867388
SIMULATED,TD-IG6,Images / 3D,SIM-15-OOD-0030,55e7eee15c01e384c24632c5380261ebb9243a00aaf015625c912add87f884a8
SIMULATED,TD-IG6,Images / 3D,SIM-15-OOD-0031,004f484c630e999d85579055de463a881a6f8941fb9b7b38b2539405f64a523a
SIMULATED,TD-IG6,Images / 3D,SIM-15-OOD-0033,9c22fbfeb68cc3caf8a13724787deb2236e84ec318fa8ea2b0b8d88ca9fedc48
SIMULATED,TD-IG6,Images / 3D,SIM-15-OOD-0034,772635f7a59d13bdb0164a0a87dccfab54b972f39d58366dbfe5730ca0aa7790
SIMULATED,TD-IG6,Images / 3D,SIM-15-OOD-0035,6635871c7035f7694ea6d7a1c0d2a37470d04e8ed4069b6ab58cc7944132f4e2
SIMULATED,TD-IG6,Images / 3D,SIM-15-OOD-0036,20f91417988857cb071b5ae924c6fb8af80a15d83fc68a3690568ef5799c2510
SIMULATED,TD-IG6,Images / 3D,SIM-15-OOD-0037,1caad814e70c1e4598db653b8b3fb8c0828f67cff7ccfe2657167a96004caaf0
SIMULATED,TD-IG6,Images / 3D,SIM-15-OOD-0038,4bd7d01d30cc8aa91e630948da6d87371b141ce29ff925c64a158ea3210906db
SIMULATED,TD-IG6,Images / 3D,SIM-15-OOD-0039,2ec0f52d237766677d86428377548b30b544bff03c4aff9b3a4ecfb1f4d9a215
SIMULATED,TD-IG6,Images / 3D,SIM-15-OOD-0040,293dd0be25b4c1b5cc46f1e5b69392cf712d974282afc3e49e1b6cf176910654
SIMULATED,TD-IG6,Images / 3D,SIM-15-OOD-0042,8b8ca1e40ea5b5ca8373c89cdebe181246037c9150d1c42c7d84573f0129da2b
SIMULATED,TD-IG6,Images / 3D,SIM-15-OOD-0043,1407f59f7410d58b50f479520a0e3ff52c5264cbc041665900dfc870b7af710a
SIMULATED,TD-IG6,Images / 3D,SIM-15-OOD-0044,72d64934f9c8e96dabd0e7981d3e85f10ee02534a6bbfafa675621be285a5393
SIMULATED,TD-IG6,Images / 3D,SIM-15-OOD-0050,88822a8c9e9ab06cd463333a1c97b6ef6c490c895f6d7b75f6c8178a1e169963
SIMULATED,TD-IG6,Images / 3D,SIM-15-OOD-0051,525b5fba7c15b9b04ae227cf5f2fd239be030dfcf23eadfcb64c5ed8e0e4c1d0
SIMULATED,TD-IG6,Images / 3D,SIM-15-OOD-0052,03bca81c7c7a056f8caacb8ccdba042955695194b5ff3f5b45ea395d74362fb9
SIMULATED,TD-IG6,Images / 3D,SIM-15-OOD-0054,255cd4987dd0e03dcc691614f0968bad51b92f9e54c338774d0a979e80b6f884
SIMULATED,TD-IG6,Images / 3D,SIM-15-OOD-0055,b1229dc1b92643a0af3d578dc92143854ada03f244310f0e84f6e4d6017fc86a
SIMULATED,TD-IG6,Images / 3D,SIM-15-OOD-0056,8fe8cadb9a00526b1603ad70a31beaf440569d92178fc181f6fe128d38643ced
SIMULATED,TD-IG6,Images / 3D,SIM-15-OOD-0057,17de157420789426cbfc40f813cc5abf7ceeab514ee2abe5265a4057330ebf80
SIMULATED,TD-IG6,Images / 3D,SIM-15-OOD-0058,262bb79c68b0976473ddc540dd6156f4d8b0a1fadf463730dd09b939af764a6f
SIMULATED,TD-IG6,Images / 3D,SIM-15-OOD-0059,b432138ac5506cfce5191169a4bf591bb31e7535f6988d88abfc306e87ced9b8
SIMULATED,TD-IG6,Images / 3D,SIM-15-OOD-0060,4db190f95034f872fefcdb82efad4461f1bf8831050907c96bbcd4aa1ce27917
SIMULATED,TD-IG6,Images / 3D,SIM-15-OOD-0061,80bb2fbd7bc542065250261023bb12ff839ff76af48a48fbc496a23421fb2a3d
SIMULATED,TD-IG6,Images / 3D,SIM-15-OOD-0062,5ba0b734f820e561bb001cf10ed7a17cad63ab4cc4e7e0f7aae9c9ecdcfbf6c5
SIMULATED,TD-IG6,Images / 3D,SIM-15-OOD-0063,a11a84871e41b01a7489b04ccfafabc8483dc2ff91b4f92f011c881a35875ecc
SIMULATED,TD-IG6,Images / 3D,SIM-15-OOD-0064,75edb6cfd08307740428885577bd08524f8a7c25f6d998196279a8429734e173
SIMULATED,TD-IG6,Images / 3D,SIM-15-OOD-0065,2ef63ef60f56285c20e3ba4e1c591ca6dbf6c841d2b8e8d9e15ac3c9f113fea2
SIMULATED,TD-IG6,Images / 3D,SIM-15-OOD-0066,1853f1a5f92b4eb3e1d586be8cc39ec0874e2201142d065f25c4810aaca28e67
SIMULATED,TD-IG6,Images / 3D,SIM-15-OOD-0067,a3c6784cb3b2ab27372e6ceb916fb0c7936dccd89fd595475e3388d9c0a11eb7
SIMULATED,TD-IG6,Images / 3D,SIM-15-OOD-0068,3b943600c26b94c063fca9d07228fcdba13d2488248f4bf809636605114f5192
SIMULATED,TD-IG6,Images / 3D,SIM-15-OOD-0069,8cedfb66eb35cf07333cd4066fdd66935e8bbd4570ffcb29ea85671e1c6c793e
SIMULATED,TD-IG6,Images / 3D,SIM-15-OOD-0070,33b1bcbd8d0e073a9c5c68c964d4b3aaab9ed2a3749731452acf58705bd5c477
SIMULATED,TD-IG6,Images / 3D,SIM-15-OOD-0072,988674e4318fbf60705e68faf2a0db42bf7935096ef3303dbe7bf34bd3ff18c3
SIMULATED,TD-IG6,Images / 3D,SIM-15-OOD-0073,9bd0129cda61d6d2d65ac76e082635eec8dfb965fc91572c06705b0f9f626033
SIMULATED,TD-IG6,Images / 3D,SIM-15-OOD-0074,38fd1deae5dc451b9042cfd3cd30a2070c9903e4a726f3f4ecdea54e9d7bcc8c
SIMULATED,TD-IG6,Images / 3D,SIM-15-OOD-0075,143c3ffcca068e09a6b4b1fd1447da685d94d392f6d2577804e6c1b0880caf27
SIMULATED,TD-IG6,Images / 3D,SIM-15-OOD-0076,0afe4ef61fcb5484c8ac11fb1a84ef42428cb65d9b8b1798e6cea152b325076a
SIMULATED,TD-IG6,Images / 3D,SIM-15-OOD-0077,3105d084d6eea7e908f72fcfe2a9bca0486a7e648e4a6b8d91bf208796ed79b8
SIMULATED,TD-IG6,Images / 3D,SIM-15-OOD-0078,ae3a1d3b180b0511b5a88b6db3da2b3687749531b509b4260604d58598ce90bf
SIMULATED,TD-IG6,Images / 3D,SIM-15-OOD-0079,162e3f9b3a02247491e7746a43dda629ce3ad0345beb09845846fba6891e76f1
SIMULATED,TD-IG6,Images / 3D,SIM-15-OOD-0080,20e263166936ae79effeaa30980ef6a231627e46d10707d97a2bfa2e62d5ffec
SIMULATED,TD-IG6,Images / 3D,SIM-15-OOD-0081,466eca328b7d3886871462fdd7f78654ad90decffccc6aae2b756ccd06c34534
SIMULATED,TD-IG6,Images / 3D,SIM-15-OOD-0082,110f1cf01938b224ed830d08bc25e9733ac5b016e91be8e645f1431831a9304e
SIMULATED,TD-IG6,Images / 3D,SIM-15-OOD-0083,25745ee81ccfea95acf298f9231a8542ae2207c85c1336e5c5cacddf84f9fb8e
SIMULATED,TD-IG6,Images / 3D,SIM-15-OOD-0084,3bf525fb33b9e104d619bb1f24ea23b0f19ab25cc8304778adb83b09ab93bc70
SIMULATED,TD-IG6,Images / 3D,SIM-15-OOD-0085,6c3c068a008412a87cd4f2e646d7784140dc05154b59a5c7c67938508c5d3374
SIMULATED,TD-IG6,Images / 3D,SIM-15-OOD-0087,164bcdfa990db3f964511501249e59642e0c3c9e9313ec17ec8bc1a5651ef6a8
SIMULATED,TD-IG6,Images / 3D,SIM-15-OOD-0089,a005f759598dcdf80daae575e284a037347da1e7407fc4cfb51df922e259c5d6
SIMULATED,TD-IG6,Images / 3D,SIM-15-OOD-0090,75161f52f1b0994b4112fc6f2c1ed70b50a73cbc98319d60a04c205bc4bcfa9c
SIMULATED,TD-IG6,Images / 3D,SIM-15-OOD-0091,87a4da6d151254de090af73aea8f9d02f86abb085d7fce399c593ee25045fb0f
SIMULATED,TD-IG6,Images / 3D,SIM-15-OOD-0093,4b0ee09a0b5104f3cb22d112b3a6888c7d3ab1e3f85b295aef04ef5dba48230e
SIMULATED,TD-IG6,Images / 3D,SIM-15-OOD-0095,492f290347a51d74e47c5cb99afaa9947e023c7ca0f42bea1405a7eeacdb643e
SIMULATED,TD-IG6,Images / 3D,SIM-15-OOD-0096,9261aa80037f553f50c7589fb3ccaf82f27b032c6682b86cd2e8f6c63dffb32f
SIMULATED,TD-IG6,Images / 3D,SIM-15-OOD-0097,a693ece6b32c92c87f8d8a1569e9d4e04533e808aab662b81db45849412bff83
SIMULATED,TD-IG6,Images / 3D,SIM-15-OOD-0098,3637d48490b09c1840352e9cbedf3bfc8f3aef417485695b7c221510b69b159d
SIMULATED,TD-IG6,Images / 3D,SIM-15-OOD-0099,a3a390008cef5bd19bf56b5a6a734413414bfe74a0b0a919688e08811af26762
SIMULATED,TD-IG6,Images / 3D,SIM-15-OOD-0100,48db30233744b7b55668b95fb6de062f019a78e7be638f9903c7a865feb6793e
SIMULATED,TD-IG6,Images / 3D,SIM-15-OOD-0101,1f2edee34db9db5899fc68f6e3aa9eba778bb6d84e1638cafa52908d5d1a6270
SIMULATED,TD-IG6,Images / 3D,SIM-15-OOD-0102,54a9f2e6c9bcab6b9d63ffadacf64fc868787c495e69fb41c3e789a25f101d74
SIMULATED,TD-IG6,Images / 3D,SIM-15-OOD-0103,6efa33d46440347bbf2fcf74d81ccadf8101ec73850c356255b96c6ca7230831
SIMULATED,TD-IG6,Images / 3D,SIM-15-OOD-0105,498ebb3a9256b25cdb013660515a7ac0118bde31c5fc7fe3d2ec2cd647139dac
SIMULATED,TD-IG6,Images / 3D,SIM-15-OOD-0106,b20f46b0ef2367f55fc36aefd8f8afdd32e7bb50919231c123934ab47d5455eb
SIMULATED,TD-IG6,Images / 3D,SIM-15-OOD-0107,017c2cad7953d3b8c628d7f34734a52e9c86c4e5cef623545988e4ed218925b9
SIMULATED,TD-IG6,Images / 3D,SIM-15-OOD-0109,4dd12f10a045dc3b103a6a182a8b4664c285f3bd659844fbaa702f64d55fd196
SIMULATED,TD-IG6,Images / 3D,SIM-15-OOD-0110,9b36788c91ac6ebe0af75c7ea53611b41026827ff65f5cdf6b978d99644d5fc7
SIMULATED,TD-IG6,Images / 3D,SIM-15-OOD-0111,81c8deaa9a0cc0ddec1b4caeb8acafca6d69e161f5d9edff803949cfda86eb95
SIMULATED,TD-IG6,Images / 3D,SIM-15-OOD-0112,34590a1a75a126434cda697625a8746d9c9740befa6936dee393164617a85067
SIMULATED,TD-IG6,Images / 3D,SIM-15-OOD-0114,a76e094395b925b4ff2ee313478253edee2e6517302f32910d92237c98715092
SIMULATED,TD-IG6,Images / 3D,SIM-15-OOD-0116,7070c0a92de48dbae388e651bc602ffa41f73c941d34390b53a3dbffb0bf21e1
SIMULATED,TD-IG6,Images / 3D,SIM-15-OOD-0118,b06e4ba79cd483d4395d8ddd405cf9db177564b02b83ef5e8debd660c982ab9b
SIMULATED,TD-IG6,Images / 3D,SIM-15-OOD-0119,7d62a7276ec8e29023f2d9e0809bc0b50b2abdd1c0bc032027215f77a2b03f4e
SIMULATED,TD-IG6,Images / 3D,SIM-15-OOD-0120,3b638691f4914af76e430977243c8b283cfa2e7085e41a08e21ca6e4aab03882
SIMULATED,TD-IG6,Images / 3D,SIM-15-OOD-0121,9513d7daf1c3f8c04331db0181502fd421135055aaa2c681f0400034eb91e7c0
SIMULATED,TD-IG6,Images / 3D,SIM-15-OOD-0123,aabca7dd5c9baab9b3ce18bf8ae9879c112178fef7e39919297d597bc813a81c
SIMULATED,TD-IG6,Images / 3D,SIM-15-OOD-0125,4cfe6faab4222f9cbaf2a646d47f6345edc106f93871ea85b663f730d4f8ca9a
SIMULATED,TD-IG6,Images / 3D,SIM-15-OOD-0126,97d0e39fae30f44ac523a77d3b17fbad76de75863880e9e882df4db252b754fe
SIMULATED,TD-IG6,Images / 3D,SIM-15-OOD-0129,6b3198f0ed27fc9ed46f6b7e957866605f05fb8100c00bf68d3fa5fd2e035a09
SIMULATED,TD-IG6,Images / 3D,SIM-15-OOD-0131,4c92617043bb17905e2509656c1ca3f21fb2e2d7c48ac5fa8403207dc5473fc3
SIMULATED,TD-IG6,Images / 3D,SIM-15-OOD-0133,239dec9f14c330a6c4a3e8ab7af4ee91e5896f5feff626639290dc90d287371d
SIMULATED,TD-IG6,Images / 3D,SIM-15-OOD-0134,0facd4435f49463a4ba03c71944e77240655aafab6c37ca9fa3eb08042f561da
SIMULATED,TD-IG6,Images / 3D,SIM-15-OOD-0135,74377ede88b5406fb749eee0401acc638599e4874155b4838af6a9d3a2d07817
SIMULATED,TD-IG6,Images / 3D,SIM-15-OOD-0136,72a128ddfd56befce0e47c869059b011a1f933431606ef62f3a9b90be7fc07b9
SIMULATED,TD-IG6,Images / 3D,SIM-15-OOD-0137,08ab0adb45aaf875b0a3865200c87855ab3b7f4dd280ac71ed3c6c869e6f01d2
SIMULATED,TD-IG6,Images / 3D,SIM-15-OOD-0138,523ec2d60e97c67419af7db1d562d3bc2528508cc3bc2f9f3ca45e1eb3f949f3
SIMULATED,TD-IG6,Images / 3D,SIM-15-OOD-0139,3d5a8d6aa6087b8ee28780aa44c80098c756e55fb8f189dffdf51cefd4561b03
SIMULATED,TD-IG6,Images / 3D,SIM-15-OOD-0140,aa381aee60d3bea6dfc668961b57185f6b9063b9cfb41f0af154049df0afca83
SIMULATED,TD-IG6,Images / 3D,SIM-15-OOD-0141,8cf6be601883b40b448e13d8d349732054e8bea9c1fed8016026212c5ee8160e
SIMULATED,TD-IG6,Images / 3D,SIM-15-OOD-0142,71c9408422906c735448632421a709cea6bb7aabc00c68bb6e60f3179d3cdf84
SIMULATED,TD-IG6,Images / 3D,SIM-15-OOD-0143,260320cf741fc3f63b9a516e839c55ace4e70fdc349a726d76ab5e4e10c30121
SIMULATED,TD-IG6,Images / 3D,SIM-15-OOD-0144,a169b9ce70e00a0c22ce492686642a7db2a0a3a164f50299390afaf26801e876
SIMULATED,TD-IG6,Images / 3D,SIM-15-OOD-0146,4a219b191cd8768f4de8aa9a4bf9177ff3de3154df7b15ade782a888e99b74d5
SIMULATED,TD-IG6,Images / 3D,SIM-15-OOD-0147,862312998b07eee56c67fbc9f7f07b40df289092bb23e1acfc84ce39ee34c64e
SIMULATED,TD-IG6,Images / 3D,SIM-15-OOD-0150,0419ff4cc7b2bfa921aa92bb2e34f3cc3e933a78e727eef7a3523a1a1183f70b
SIMULATED,TD-IG6,Images / 3D,SIM-15-OOD-0151,6c6dfb7b468ef41e5ef71d5a87817379e58473599092b180900fdecf49e9682a
SIMULATED,TD-IG6,Images / 3D,SIM-15-OOD-0152,1a7b78776bb49ca15d5fc4966e9436292d8ee85f58248a7b4adfacafe10fbd52
SIMULATED,TD-IG6,Images / 3D,SIM-15-OOD-0153,91e37e04f3103e965741b4d02233897771d88575ba5c66be1578704b90c27bb1
SIMULATED,TD-IG6,Images / 3D,SIM-15-OOD-0154,7c5d07d41217ff86906dfcb22f4a76c3a5364525567bc24636cb289992daca8c
SIMULATED,TD-IG6,Images / 3D,SIM-15-OOD-0155,667f41d7a2e16c511fbaebd98eb65f5c51419a6070ed155507a69c81c3650ff9
SIMULATED,TD-IG6,Images / 3D,SIM-15-OOD-0156,56fa462f1113365061b9510f4c0d8e04905a6de8572c87ec53bdfac3965194ee
SIMULATED,TD-IG6,Images / 3D,SIM-15-OOD-0159,6806bfeecd6ca7978c270f3e52feb1295a35de3b6533e616f5bba7855ae0b5ff
SIMULATED,TD-TG1,Text generation,SIM-02-OOD-0000,ab01d3be017301712eb18dcc04f86d822264684a67dfd1cc8605c07af4f2a14a
SIMULATED,TD-TG1,Text generation,SIM-02-OOD-0001,8394dc0b4b88e29f60fa6b2d415fc5bcf90e794d3d7c5cf68780f1227c8a708d
SIMULATED,TD-TG1,Text generation,SIM-02-OOD-0002,e25c7bd8a3afb135720f68aee95883ee1ad930308d4311ec42194c6bef977e6d
SIMULATED,TD-TG1,Text generation,SIM-02-OOD-0003,aff4e2cf15594afb353f5e864a9faff9e98083197fec23b4ead85d3bf5c742db
SIMULATED,TD-TG1,Text generation,SIM-02-OOD-0004,6e67eedfd0d4438aefbe15709eadfbc66f0b1ec5ff71641ec5ba040f122483e4
SIMULATED,TD-TG1,Text generation,SIM-02-OOD-0005,c067cc3a2877e5f79e2d289e0da05e85266baf636bf434dbf9fb739369f4bc36
SIMULATED,TD-TG1,Text generation,SIM-02-OOD-0006,3142de6252b861637f7dd9f0e33c90bc1c6e1e276c463a5dc925fbeeef946a64
SIMULATED,TD-TG1,Text generation,SIM-02-OOD-0007,949cb3497e1d2aeb9ddc68664953e24dff0a39dfb4b8096e2f97b38c1d4f98f3
SIMULATED,TD-TG1,Text generation,SIM-02-OOD-0008,14de90ccc8a4ae6c2a854107d96591da02c3da08e6bc30fcc5c49fb00d0f05bd
SIMULATED,TD-TG1,Text generation,SIM-02-OOD-0009,2e2e2b7b9f6a63f68a3e2996ec5ed39638812e732b7744a5389f2ae3868c0e0f
SIMULATED,TD-TG1,Text generation,SIM-02-OOD-0011,b17c73aad0bf0e6f5c2a290ef9790ca24a38fbd733274962c90081b2a7d3fa6f
SIMULATED,TD-TG1,Text generation,SIM-02-OOD-0012,8595b3bd58b7162c472e8d4317c1a40db193805e01bb852947875e249886548d
SIMULATED,TD-TG1,Text generation,SIM-02-OOD-0013,22a4c4b36c1a101546ce9a2e3cd0774c1b5a3f7b20dd03379d9e92c414fa4af7
SIMULATED,TD-TG1,Text generation,SIM-02-OOD-0014,afb1e1bedbf582cbc3664b02687b9f8d2706c514d622762faa7f3090f9809c88
SIMULATED,TD-TG1,Text generation,SIM-02-OOD-0015,28ce9c1a308e86ae125596301c07aa0f12a6dc5de66fbf7baf812164ea0fa379
SIMULATED,TD-TG1,Text generation,SIM-02-OOD-0019,d8e51a4079f2e235337bf7581bc5f15824589cc4fe99daecf406d39a16b186d5
SIMULATED,TD-TG1,Text generation,SIM-02-OOD-0020,16ae7ecdbd532c2b18a759d6ea0a0045499fe95a631ab1a145b5fe6a00b192de
SIMULATED,TD-TG1,Text generation,SIM-02-OOD-0021,72d3ef1c61a8c5f25063e80c7e7450460126b1a44f72f2e0b3fe2813a662b926
SIMULATED,TD-TG1,Text generation,SIM-02-OOD-0022,47dda0219940ccee1f905a7b036626f3f6f7776a1da2b7b514166939ae9f7352
SIMULATED,TD-TG1,Text generation,SIM-02-OOD-0023,784641ba1ad0463fd6157aed7dd61efe651ae55f4d404c3c6d0240df14b7a532
SIMULATED,TD-TG1,Text generation,SIM-02-OOD-0024,99dcb2aeba8898f511f9b325cda1edcd6c630744c9f3f06281b89a10c5c5c771
SIMULATED,TD-TG1,Text generation,SIM-02-OOD-0025,796c40358bdee1b54f7b7a365ddddf7c78d78beee584627d6e07ed0ce3838453
SIMULATED,TD-TG1,Text generation,SIM-02-OOD-0026,db089baba59df8ab4b12a85e02e0b8d0386428e48e3f4d99235600d210ec683a
SIMULATED,TD-TG1,Text generation,SIM-02-OOD-0027,c4ca252c629f70911c9c4801fa86205182d043d6827166ef06180dad729e676a
SIMULATED,TD-TG1,Text generation,SIM-02-OOD-0029,8e1e7bcfc352f82a158f87e00f92de32981496f51c3c730412234c598ae30ec3
SIMULATED,TD-TG1,Text generation,SIM-02-OOD-0031,1d7bf3d0a05d1796ceebe8f9f6b8d2de70a1951675af22427afb95e1875a2cbb
SIMULATED,TD-TG1,Text generation,SIM-02-OOD-0032,84f5337b96eee700c882a007ab665ab7c98a6cc2d70f4434bc7bbfbb1d56dda3
SIMULATED,TD-TG1,Text generation,SIM-02-OOD-0033,34c43f4708fd0b48190ebec91eeb74f7f4d2ad7f4cda4c08f6e07ce21c5ff448
SIMULATED,TD-TG1,Text generation,SIM-02-OOD-0034,a5c707c90b5c8911dd452e040c3f3d468fbe29d87080a49000f58c21d1a48261
SIMULATED,TD-TG1,Text generation,SIM-02-OOD-0035,840267c926333e6243aec1d39c0e92a85b39be133bd880af7f0792639db64944
SIMULATED,TD-TG1,Text generation,SIM-02-OOD-0036,4c50f1128394941ead50d1ad48241c6042fbfac9dbd8e3dfbe83d704af2b5b97
SIMULATED,TD-TG1,Text generation,SIM-02-OOD-0038,2b03db4ade71c70bb68bb50f1a15c74dbe6ff166b19f97dc5173004656d1a9d4
SIMULATED,TD-TG1,Text generation,SIM-02-OOD-0039,3546d70f290b26892fd7c0839539a68fca481c60b0e77890429649efd0facac7
SIMULATED,TD-TG1,Text generation,SIM-02-OOD-0040,7024133607fccb38ac702c2a1f74a139849e8916b590cce3cc91b88e9b4c5ec3
SIMULATED,TD-TG1,Text generation,SIM-02-OOD-0041,71a66adfb9c80f431d06594d7580987d631a75e98b8e89c9165cd9d6c8725e03
SIMULATED,TD-TG1,Text generation,SIM-02-OOD-0042,692422cb5b6621ac1a4d153fc1410335dc13fa8d8a8b89ffa7b5014274498bc9
SIMULATED,TD-TG1,Text generation,SIM-02-OOD-0043,277999ff5f310454d6cd7225fc0919ce0bee02a3d96f290b9d9cb948f8dc8994
SIMULATED,TD-TG1,Text generation,SIM-02-OOD-0044,3cd85b96d5925e116a51b8cbf1b586df42e0c60af0ca1d5fa858d2b0b0063563
SIMULATED,TD-TG1,Text generation,SIM-02-OOD-0045,57daf8e6233289b6b4dc3acc4d1d64f4ebe2f9af28054a1f33591f17a13928cd
SIMULATED,TD-TG1,Text generation,SIM-02-OOD-0046,bc9e4dae232080ed05ce379864ad6135d0f1a822b49fa8236f529dc2f6d302b9
SIMULATED,TD-TG1,Text generation,SIM-02-OOD-0047,4308da114dd4130f7a79b52c6f767f376fe2e466cfbb1ff29c8a99da1e453775
SIMULATED,TD-TG1,Text generation,SIM-02-OOD-0048,17b0b4ae218c1973d684af7f973da27d6785c119c8e7b0643c2fcbbebf2481ee
SIMULATED,TD-TG1,Text generation,SIM-02-OOD-0049,c09bd9b034999ad68b5b3be05702af70634d58e6a97653dc16b852121d0ad055
SIMULATED,TD-TG1,Text generation,SIM-02-OOD-0051,4558e4d4ec182ab07ed7f852b62ef0e2b716c2be2a3ac1b55189963df6bf5ab1
SIMULATED,TD-TG1,Text generation,SIM-02-OOD-0052,ba5e056e2498805ba5d31aa88fc73126c3c16a48f149fcaffd6c6dca30d2737f
SIMULATED,TD-TG1,Text generation,SIM-02-OOD-0053,69d759b36a28633e8662c61e321d7f40b512b245aafb7b2783e64b2f8c1d823d
SIMULATED,TD-TG1,Text generation,SIM-02-OOD-0054,58f4cf303df775ffd686d50c0c630cd6add397bb2b688e26a54ec729370099df
SIMULATED,TD-TG1,Text generation,SIM-02-OOD-0055,2206d046a581f8e22585fb70eeba32bf69ae7cdbe4cdccfa1d0902c4cd01c01d
SIMULATED,TD-TG1,Text generation,SIM-02-OOD-0056,50aaedfd2bc5b1b2b14a2ff0916938241f7cb69d757113e97b2add33619c0328
SIMULATED,TD-TG1,Text generation,SIM-02-OOD-0057,db6afe11cd426cba0899ef72b0f00c64141b5f14a809e3ebfabcfa969faa0a02
SIMULATED,TD-TG1,Text generation,SIM-02-OOD-0058,df8a97f913ebf89dc54a70a94afd0e41dccd6c77f359230a141cd0aea7686c0c
SIMULATED,TD-TG1,Text generation,SIM-02-OOD-0060,13462858ef22178cbd10461696625d472505e781ddf29f4b1e53ebad77b1aae8
SIMULATED,TD-TG1,Text generation,SIM-02-OOD-0061,0773f10754ef65f27812016a471468ac601d121a2fc74aa8b6b6297290405db5
SIMULATED,TD-TG1,Text generation,SIM-02-OOD-0062,3a3ba01ab29b66384cb41ad9cf5b031a7b3b5696c7b7f2f2bb4384a32ed26919
SIMULATED,TD-TG1,Text generation,SIM-02-OOD-0063,552591e5dba6577f4516a28b10d0bb628ff8b09755b7bdfe709fa7a657067135
SIMULATED,TD-TG1,Text generation,SIM-02-OOD-0065,0bcd8912f91e08452a2dd410de1620da32370f69657980f4568ad6a60173890b
SIMULATED,TD-TG1,Text generation,SIM-02-OOD-0066,882ac382e1fe5f85cc157f972efddaccc67b13c8d55eca9e55ace3c489248d0b
SIMULATED,TD-TG1,Text generation,SIM-02-OOD-0067,48d4a603d947dcf3ac72382e8ca00b344e59ddb415d962f37ce23c36103edcae
SIMULATED,TD-TG1,Text generation,SIM-02-OOD-0068,6cb70dc5d795a40467fa1b90cb436acb4913f7f89ab59ca80e64982a700695d7
SIMULATED,TD-TG1,Text generation,SIM-02-OOD-0069,7e84e372f807e5937f059d00bb4dd9571d85d674a532b25d40248a832d98325e
SIMULATED,TD-TG1,Text generation,SIM-02-OOD-0070,0a333996ffea0dcf6add21ded3bfaf069ea76007536622e18253824d950b130f
SIMULATED,TD-TG1,Text generation,SIM-02-OOD-0071,c66252ad064787dbd76e7adf9dd2155e7d661fef62f19cabb05ecd23b153ae24
SIMULATED,TD-TG1,Text generation,SIM-02-OOD-0072,765887ce7e74405da301c508b4e337704398bde197697a56aecf937a0843ae59
SIMULATED,TD-TG1,Text generation,SIM-02-OOD-0073,137203a680aa387ef676ab93e34af907ef5673f0c77f1dd84053838de28f8bb8
SIMULATED,TD-TG1,Text generation,SIM-02-OOD-0074,b036107cadf0d302f4359b46fc4462ed69b81eb43548cda38a561fdfcdb678fc
SIMULATED,TD-TG1,Text generation,SIM-02-OOD-0075,81b6c5649c262353651561e439c805ce2846b9657d980dd13bd8d5e08365c80b
SIMULATED,TD-TG1,Text generation,SIM-02-OOD-0077,d68ef104b33a95c1b13fcc16fa5541c079975582009d744c10175e4992fdd350
SIMULATED,TD-TG1,Text generation,SIM-02-OOD-0079,61b751cafd9ffd325b36c8825c96771b91eef70195e525209e40661a8ff0c496
SIMULATED,TD-TG1,Text generation,SIM-02-OOD-0080,d9066a9fb09fa6fd64a8614f58e02b7bdca34c5ef0edb665a5f25268428aa901
SIMULATED,TD-TG1,Text generation,SIM-02-OOD-0081,67ff385ab5199e28d2f3345562bd5c519243cb1f1fb47cd13f490b39ccea2bdd
SIMULATED,TD-TG1,Text generation,SIM-02-OOD-0082,1d9f69990315846fdd27826c4bb8aae158b45b00c50b7abbc43982c5b3e6d3c7
SIMULATED,TD-TG1,Text generation,SIM-02-OOD-0083,ba96e49c6d942a1e737eaaf5224a0a37b2b224cb3cf38b6b9da2aaf712cb75b7
SIMULATED,TD-TG1,Text generation,SIM-02-OOD-0084,6f6f3e029a20592a319ec51705b4aa05aa4e38609b48de2323d4be6f2e207749
SIMULATED,TD-TG1,Text generation,SIM-02-OOD-0085,dc9f6e7c2e85ad492cea5219af85795cfb65ee7d5115cb42068acd0a4bebeafc
SIMULATED,TD-TG1,Text generation,SIM-02-OOD-0086,d8858864102938ec238f5812029f61ede0877b7023f269745b1fec3bf49db9ec
SIMULATED,TD-TG1,Text generation,SIM-02-OOD-0087,72a54f5cefe57868df7356cc5568d59ab56080d22d1e66d051f1c7629d076c32
SIMULATED,TD-TG1,Text generation,SIM-02-OOD-0088,1a7f00c09a39175d89d1737c7111a872cb8d5c29730ca9a892e98c1b54cd3dc4
SIMULATED,TD-TG1,Text generation,SIM-02-OOD-0089,cbdcc636bbbbf7ba90c8e3979b81391aa2deced4d688218019c9dfb873e75602
SIMULATED,TD-TG1,Text generation,SIM-02-OOD-0090,d79d05f055aaabf41ae95f332ccf2c563f4afc956b25b7d97ff20398dda6f07e
SIMULATED,TD-TG1,Text generation,SIM-02-OOD-0091,1c0ddc2fad26eedf421158cbb87bee544b8a154fb7b8b04954fe3ac578686d1e
SIMULATED,TD-TG1,Text generation,SIM-02-OOD-0092,ac6feae546fe93e3bfb50a018247307af0167fc59375b6a622350f6f67923a62
SIMULATED,TD-TG1,Text generation,SIM-02-OOD-0093,78aa8c7a480aad61e070aff07db92765127864ee8d447e8e77bb864b1025fb23
SIMULATED,TD-TG1,Text generation,SIM-02-OOD-0094,1d9af6cd0161944429abc8a882fd818424772d4c925f42ae4b34daac209e9e39
SIMULATED,TD-TG1,Text generation,SIM-02-OOD-0095,bfadaf0c83fac2a95046ab09a2673b6fe721b2267c7285cff5b794a8c6af9f34
SIMULATED,TD-TG1,Text generation,SIM-02-OOD-0096,a0ac7e0187e8892c0781e879dec09d167ed63b7495a8f62ec053c42ab0340f68
SIMULATED,TD-TG1,Text generation,SIM-02-OOD-0097,38366e6506df04353daf976eb7c4c68a8677787198a0a3586477fc30c515e17c
SIMULATED,TD-TG1,Text generation,SIM-02-OOD-0098,be05e18ebfc20b01742b354e9a6c96761de07e930e7132513f161d53b9b5a0d3
SIMULATED,TD-TG1,Text generation,SIM-02-OOD-0099,4cbc10b880bd6504600485462dd24bc97d0a2e6b61ef12f781f43f75ef2195b4
SIMULATED,TD-TG1,Text generation,SIM-02-OOD-0100,73ff0c3e5b3245d8200154e98a340a1ce04fa8e9dd49b50be89ee954e469f1c2
SIMULATED,TD-TG1,Text generation,SIM-02-OOD-0101,844b3091cbec9c5c2ba8e92027ac5f7a067e06a3e195087e6703a1255c1f2441
SIMULATED,TD-TG1,Text generation,SIM-02-OOD-0102,43f36ef8313397cd238425b3f862dcd1c24ec6ca8444678abb183e7a9eb4562b
SIMULATED,TD-TG1,Text generation,SIM-02-OOD-0103,930b6137be5732334b0c527deca5dc1e246e93128ad8108fb95951648f5459b2
SIMULATED,TD-TG1,Text generation,SIM-02-OOD-0105,73488171d05881b5323dad95cfb8be6f3152bdc6ed207e2359a0d7b41889a06c
SIMULATED,TD-TG1,Text generation,SIM-02-OOD-0106,6449d29a0c42e2c10bf4dbaae3ae6acec0ebd6cc6c8eb06769be330eeddf938d
SIMULATED,TD-TG1,Text generation,SIM-02-OOD-0107,b2b3d9887de94d0bc48fce6d999f90fe9a4b64af715e2e3505d5ad2c40f53a42
SIMULATED,TD-TG1,Text generation,SIM-02-OOD-0108,0aebaa6c64efdebe34b6527988aedf98a2c65fec863bc000eed4595028a7ba81
SIMULATED,TD-TG1,Text generation,SIM-02-OOD-0109,d0bc954a29da423819ec9a0b9adbb0600ca3c1aebf500701f20c829e9f298eef
SIMULATED,TD-TG1,Text generation,SIM-02-OOD-0110,4eab540eed2e43dc46a3c167f05cdbfbe4b64d13e81d393b40b82eda71c197c8
SIMULATED,TD-TG1,Text generation,SIM-02-OOD-0111,dced49af4d8e3e135934f3ed5729351a5c1f1dcf6c47425a22ca1c9fb5d923b5
SIMULATED,TD-TG1,Text generation,SIM-02-OOD-0112,df3535f43ee02fe2e0d048982c9c626d4e65d6dbe232d7c8365aa8369ad16c31
SIMULATED,TD-TG1,Text generation,SIM-02-OOD-0113,4e38b4f8a5afd3a85f128f905f5fccf54774f6bd44e9b9452394ae6694558d98
SIMULATED,TD-TG1,Text generation,SIM-02-OOD-0114,e2d0066e91489acffd4b4f42fa247100c591529e3dd8672c3c45cfe5fa12920d
SIMULATED,TD-TG1,Text generation,SIM-02-OOD-0115,44583b0c693889e54a900a22ccc868daedf054ce9852bf0c781b28c82052c84b
SIMULATED,TD-TG1,Text generation,SIM-02-OOD-0117,c4a09e43c48ed47887cd2f8b1c3c450264a40319cdf1151a08bcd0548658bd30
SIMULATED,TD-TG1,Text generation,SIM-02-OOD-0118,aed46e417c243b585b3f5d6400ce106e7c044ae58e97135385875a12039f8962
SIMULATED,TD-TG1,Text generation,SIM-02-OOD-0119,1503de29f7a0cadad03ddeda7201fed3cb3c4ef6736b17f31044d198aa1857e8
SIMULATED,TD-TG1,Text generation,SIM-02-OOD-0121,4d1568c71a48c4b6879e9cea0785764ed196bb6c3461316e423d0c2206860f9d
SIMULATED,TD-TG1,Text generation,SIM-02-OOD-0122,3f6b52ac29a11849b08dc3788838878cb4fd63f749641b041c12d81d029b5bf7
SIMULATED,TD-TG1,Text generation,SIM-02-OOD-0123,14b18e3b3069e5cb79c204718d5b4363b668e214ad87ac1e052bb6613df3b86e
SIMULATED,TD-TG1,Text generation,SIM-02-OOD-0124,0d530e747c8f3b998256da9a54ef3e6c3893788bcf4dbd8c498451e0f20e297f
SIMULATED,TD-TG1,Text generation,SIM-02-OOD-0125,32e0b9bcad3a93b8419b05b538278b7aef40403779210f5d60267e4a0c722d79
SIMULATED,TD-TG1,Text generation,SIM-02-OOD-0126,0a61e716079260f7486b39269f749d814e3e90b6ddcc034a7661bc37fc2590bc
SIMULATED,TD-TG1,Text generation,SIM-02-OOD-0127,37f21120a1e4277616945809556e726f7584e92e4778b5fe6b5a99ecd7bbefdf
SIMULATED,TD-TG1,Text generation,SIM-02-OOD-0129,dbc1dd481472694b6d65923593e22ab867cb9a9be3a39dd40a54aa880b9ca01e
SIMULATED,TD-TG1,Text generation,SIM-02-OOD-0130,c18205725a5ed952f35d5279a1e73df8cd1086c9adf1d15512b7c41223fc3eeb
SIMULATED,TD-TG1,Text generation,SIM-02-OOD-0131,660482ee13250fe9c4b3918c4ed1778d3815a16980c6919c0fd2e4831533d0ce
SIMULATED,TD-TG1,Text generation,SIM-02-OOD-0132,43f9b5fde1ef19723a5b542fe10d38e140feb854cb518687de98c442881a256e
SIMULATED,TD-TG1,Text generation,SIM-02-OOD-0133,0497bd4a19d20541200ef67353573ebf56ffb9bbca0c8f77e0541c5451c6388f
SIMULATED,TD-TG1,Text generation,SIM-02-OOD-0134,557ae7a347c73763ca1ad68ac9b2ce3dab65a4a88dc222eff0dd68c7cf65bc36
SIMULATED,TD-TG1,Text generation,SIM-02-OOD-0135,dad9bdc84195e91e88bec6f3130a1aed017081c1d1a5ab83f26e4711ccff59fb
SIMULATED,TD-TG1,Text generation,SIM-02-OOD-0136,3a0f4511cae40322150cc9166c4a331e1c99fb6dd53cfe9daa219ca33a17e3e6
SIMULATED,TD-TG1,Text generation,SIM-02-OOD-0137,2fa899a435ee3d68bfe10da49c900312e76006870417c1cc90249994bbbc52a1
SIMULATED,TD-TG1,Text generation,SIM-02-OOD-0138,973ee36e084474e209f458225ebfa28ea7887ba845f15b6094927088d4d5158a
SIMULATED,TD-TG1,Text generation,SIM-02-OOD-0139,1cb8689b14667dafa397fac89080a4b8a05a13b6e27e00356a4c796c0d59fa4e
SIMULATED,TD-TG1,Text generation,SIM-02-OOD-0140,95b7c1e858125f9abafd9467cd61c03997d6297bd9832f071171f12c8509a555
SIMULATED,TD-TG1,Text generation,SIM-02-OOD-0141,0f9c631ebefcb0489bcc4696057926aa1a477d5e909c56f4e01b160316ecedcd
SIMULATED,TD-TG1,Text generation,SIM-02-OOD-0142,24f3b6ee30207b362892d27a197cd78f652b58c786c07579c9b86f1cfa0e64cd
SIMULATED,TD-TG1,Text generation,SIM-02-OOD-0143,2b3a873074f8f0e102dc1ca03b167f3a5c878b1dfbefa048dbff2ee98f3cab54
SIMULATED,TD-TG1,Text generation,SIM-02-OOD-0144,0dc7fa09d57e32d28f752cb062252668269d8673964ec282716c7c98a1ffdff7
SIMULATED,TD-TG1,Text generation,SIM-02-OOD-0145,8d5c7073cf2e93195da6f2aebb6d8b1466de191d96a113e009b46fa66ea5688a
SIMULATED,TD-TG1,Text generation,SIM-02-OOD-0146,32dc9f7c2c01c82e3a982f67d9dd721c6ad452a49ebfc7152cc2e7e5cd16a9f0
SIMULATED,TD-TG1,Text generation,SIM-02-OOD-0147,4a6995c38bae7eff255beb6cd296a88dfc93e15a4c267628286c2ad886ec1306
SIMULATED,TD-TG1,Text generation,SIM-02-OOD-0148,ccece2080005e92a52622e67d021e03fd87ee334442ceb35147b2d8917953cf1
SIMULATED,TD-TG1,Text generation,SIM-02-OOD-0149,6aa9db98688ff27fc178fbb02518aba95d187a4114a4878744df4f4a69f467e0
SIMULATED,TD-TG1,Text generation,SIM-02-OOD-0150,963f24fcd445ff32f90c6fbbd599cf6bc11912d1a0ac9d8f4e0abd08f3f998f9
SIMULATED,TD-TG1,Text generation,SIM-02-OOD-0151,7915bcb661a15faa1731e85e936d8fa606f86c7c68b0e07b2d189735027b59b6
SIMULATED,TD-TG1,Text generation,SIM-02-OOD-0152,4e5cf8fce5961b945f1819d91d5f2c8b2df9588fb00a918bbb3e57db5c7fba51
SIMULATED,TD-TG1,Text generation,SIM-02-OOD-0153,76771c390cd4ca2d3a564f8be5c3a032cef4cd80d866dfc9f1b3b735a1bfe545
SIMULATED,TD-TG1,Text generation,SIM-02-OOD-0154,11faf7dbb7d8b04791899536de571737a938aa8342d3dfd4d910ebf66488d21a
SIMULATED,TD-TG1,Text generation,SIM-02-OOD-0155,9f53d2f03672757c08cf7d2891750c6ff9be6f8afa302960dd31e65390913790
SIMULATED,TD-TG1,Text generation,SIM-02-OOD-0156,aa2cf4e57c341e3504c45a111225d5537a1188677f779cae230a1bbb28e3c27d
SIMULATED,TD-TG1,Text generation,SIM-02-OOD-0157,402eba659eb2f82baf91da7b8a59b798acefedcc5303f113249647d7f7ebf275
SIMULATED,TD-TG1,Text generation,SIM-02-OOD-0158,66d33e03610ccc04920ee05affa573c65de505f20b1c8ba72c3e91f3530ddbee
SIMULATED,TD-TG1,Text generation,SIM-02-OOD-0159,2aa7d3f429002c024194a74e51087421cbdb62eea6f4b49e9bb83506fc8a04c7
SIMULATED,TD-TG2,Text generation,SIM-06-OOD-0000,bac5fe41d35096324629c6453dbcfaa68e3b6f144d36afc38454fe75b8351464
SIMULATED,TD-TG2,Text generation,SIM-06-OOD-0001,3defecfaa31c33d42f94870f376ef5ba939535eba86464b2063b5e98a610ec43
SIMULATED,TD-TG2,Text generation,SIM-06-OOD-0002,7a9675d4d4c8d16c1ab05f4bacc20810dc0e20b81f45a0b01ce10b34d3df25e2
SIMULATED,TD-TG2,Text generation,SIM-06-OOD-0003,7b30954567bf3e5d87a42950e84065f12cd0e39ad2d0430c18018164714d270e
SIMULATED,TD-TG2,Text generation,SIM-06-OOD-0004,4309cfae5de809ab36b41477ae4cd83f4f5e7926ea295d2df2cfbb129865fd28
SIMULATED,TD-TG2,Text generation,SIM-06-OOD-0005,ba61c70468e80cbdcd49a165c771009b51cf1f4d7cbf1698ba049385972c4e81
SIMULATED,TD-TG2,Text generation,SIM-06-OOD-0006,96cb66d706558224c232aea3d6fa36c8ea68e723aa482fdb70fcd45364f593ea
SIMULATED,TD-TG2,Text generation,SIM-06-OOD-0007,a3da9d90d7fc5189a3da412daeb57e5dd1014932391ca2de03dd6beb1bf42865
SIMULATED,TD-TG2,Text generation,SIM-06-OOD-0008,9c2dc48dc61c7b542730767ee56e68970c6dd8ed9421066682f15e9be101a8de
SIMULATED,TD-TG2,Text generation,SIM-06-OOD-0009,e0a5b79ce29dc2e4b957b8aa39348d4603ad553a526b555b43ce7ef659623603
SIMULATED,TD-TG2,Text generation,SIM-06-OOD-0010,a7731d0e2431e731e9f12f4ac22bbed17e135b572d2ad83799586023cf31e827
SIMULATED,TD-TG2,Text generation,SIM-06-OOD-0011,0e4d1f1cfbe9791160a1e467f139f406a38aca1e59ffb07fb8525bbfaa754d7c
SIMULATED,TD-TG2,Text generation,SIM-06-OOD-0012,9e3f63ba6e0639f04a83c4eedb2b3dbe9c4ae3bc706014508da2f30e7f21ede4
SIMULATED,TD-TG2,Text generation,SIM-06-OOD-0013,5934952549c6c5ebbbc6306c1b0a64c7b951239e02d9e9d865b5898fdb5f84da
SIMULATED,TD-TG2,Text generation,SIM-06-OOD-0014,327c3d1bbfb8d8e17ec2857e91dd7139e80ee33c40f980c644fb50017adf2c73
SIMULATED,TD-TG2,Text generation,SIM-06-OOD-0015,196b04d9effc30a3656fab389e1053197d03c0e685894c8ad0c686d64fde8743
SIMULATED,TD-TG2,Text generation,SIM-06-OOD-0016,8c9d3a2427dbc87d33da047474a46e4e0f76e7b119bfa5be4d8516b5b126a92b
SIMULATED,TD-TG2,Text generation,SIM-06-OOD-0017,00eca24baa9fcce5300b9a22783f8310e8c5213b761e8dcd2cad177b20de9aea
SIMULATED,TD-TG2,Text generation,SIM-06-OOD-0018,1e377ce7c4d4834cc226272e051f2d20497ce4cbc07dffb90da9c8bab8a84b2f
SIMULATED,TD-TG2,Text generation,SIM-06-OOD-0020,6cdc70861c218eafe96cbe78cc8c491536ea6c1a81b96760f896d9070fe1140c
SIMULATED,TD-TG2,Text generation,SIM-06-OOD-0021,6748861e9a1215434c26c7620e88e7d23d8c0aa1f6257f0c9f98d98253a3b077
SIMULATED,TD-TG2,Text generation,SIM-06-OOD-0022,704e8e13cb301529347708cb7814a510eb45135fed8204b77bd27479a44db3f3
SIMULATED,TD-TG2,Text generation,SIM-06-OOD-0023,d1316a29eb48b8f8cec99e7a7f2d44575165805a7e76455029b592230c98bba7
SIMULATED,TD-TG2,Text generation,SIM-06-OOD-0024,cd64df3efc66fb3c87bd5fc266e0d280c5f923564aca6bd6b002caaa8b7ac400
SIMULATED,TD-TG2,Text generation,SIM-06-OOD-0025,11ee626de9a804b52322c19f01d50e623ff95056a4db2990958585c04307a399
SIMULATED,TD-TG2,Text generation,SIM-06-OOD-0026,b622b2f9a0862e3c219722274d8d30d6e0fa0d1da3718a62443e42dc96ba09f9
SIMULATED,TD-TG2,Text generation,SIM-06-OOD-0027,05421cfd482fe7ad288a5b375f29c0ed92b456452c4ab74548ac7efd441c37f0
SIMULATED,TD-TG2,Text generation,SIM-06-OOD-0028,ccd6d65e30b087123f2b389c10553c74bd14040f52f4aaf7803da72cb1d5a478
SIMULATED,TD-TG2,Text generation,SIM-06-OOD-0029,c52cc49785aa727df1ec7f3d18afc0f9d1200a99d31bd48b02ea9b9b24129c0b
SIMULATED,TD-TG2,Text generation,SIM-06-OOD-0030,0a4a8bd435da512f29ab0a4d5b4e80e56cf6000ad6b48d3116a97e4b0557db7c
SIMULATED,TD-TG2,Text generation,SIM-06-OOD-0032,b1b864abb619950170c6c3f9ca653e82ec5d4647c3d45ef09ac18fe15df51a01
SIMULATED,TD-TG2,Text generation,SIM-06-OOD-0033,d1adb62177e060fb768be63afd26c8b9e8f8c2deb65ed239ddac377637bc88cd
SIMULATED,TD-TG2,Text generation,SIM-06-OOD-0034,39452a1e6639abb26d2322e08692ecbbbeb713e8443c5400d56d94dfe782a24c
SIMULATED,TD-TG2,Text generation,SIM-06-OOD-0035,9da3875f125525a7e118d7d628518b48538a54f4e4f6b634c7d6241f18487577
SIMULATED,TD-TG2,Text generation,SIM-06-OOD-0037,172dc2b024275b32e3a9de0b915eee973d1ddbb2976e9b79ba1449fec7e18917
SIMULATED,TD-TG2,Text generation,SIM-06-OOD-0038,20638fa87d77d2d4f98173567de39dc7248d4965e7118d77816c5fd3b6723efa
SIMULATED,TD-TG2,Text generation,SIM-06-OOD-0039,906195820fdbe850921edd42996f382aa2f954d1de01dc0fa2f83d5fca2b6df1
SIMULATED,TD-TG2,Text generation,SIM-06-OOD-0040,070c905e11e7c86eac587f5d9437409568ee2551d19b0df9d783ef9bc3d84c4b
SIMULATED,TD-TG2,Text generation,SIM-06-OOD-0041,a037457f9812568950f33f1bdec8e0e51b1a66b1eb7f595e9adf2115c18892c8
SIMULATED,TD-TG2,Text generation,SIM-06-OOD-0042,06a63a0926840140132158d2b36e7ae8558a80504d7e9a0bd44fa8c4da7e260d
SIMULATED,TD-TG2,Text generation,SIM-06-OOD-0043,0e85a69e07bd53351118af8c64bfe68cc475234bcbd601941f3df1a04e7476f0
SIMULATED,TD-TG2,Text generation,SIM-06-OOD-0044,65027238d378844a73502a7b42ee002c6b6a088414933d3014ddeb0932986271
SIMULATED,TD-TG2,Text generation,SIM-06-OOD-0045,3e1a9a76d56d2585f3e7ee728ebd7176e68f8e86a0cbe7348dba6f99744e4dde
SIMULATED,TD-TG2,Text generation,SIM-06-OOD-0046,97019da3d0feede368eb8de73d3a804d178d2d16a2c502232449f35f2257282b
SIMULATED,TD-TG2,Text generation,SIM-06-OOD-0048,783a84b7915e6619dd2e25743701eae7a671ce124bdebeb546cfcdef5dceb58a
SIMULATED,TD-TG2,Text generation,SIM-06-OOD-0049,00764c7e9856dc0b2af6c7b25dfbcf528db1863359c13d1d3c9a4917da53902e
SIMULATED,TD-TG2,Text generation,SIM-06-OOD-0050,1bb3fdd0590997526e2c83a565ad20953eee1b99d2e08288efb6b71748490a6c
SIMULATED,TD-TG2,Text generation,SIM-06-OOD-0051,8fe82cb17db100d942b948f44d7d9fad5f722e1f5cf6d7743c728ecd4e64637b
SIMULATED,TD-TG2,Text generation,SIM-06-OOD-0052,aebd58e3a863dc9c523eb695df5d0fbcab27fc63a4d693b259404eae7bc8bc98
SIMULATED,TD-TG2,Text generation,SIM-06-OOD-0053,27971c328ba2c30c03316d39d8d0fd76fbe55c84b591ff409f285b98080301f6
SIMULATED,TD-TG2,Text generation,SIM-06-OOD-0055,46a686512696031755ad43bf6df143af17435c6e757c699feeae7753a9f37db5
SIMULATED,TD-TG2,Text generation,SIM-06-OOD-0056,81b032a59d6fb799cbeb082050ca33d398e3bec468d0e95f1fdcd28678aa0047
SIMULATED,TD-TG2,Text generation,SIM-06-OOD-0057,77f89820e8dea59b305cf0f52723bcdb855db79a3f72f17bd3d12cf2b829a87e
SIMULATED,TD-TG2,Text generation,SIM-06-OOD-0058,991d33d09a586fe1598051f2f6de0073a0500c33c0c2eb01f9fee941aa02977d
SIMULATED,TD-TG2,Text generation,SIM-06-OOD-0059,5060e65df1417dd93009628a5fea4c7fdb3a18395e41c1c64237f3da75b459e5
SIMULATED,TD-TG2,Text generation,SIM-06-OOD-0060,8439cffa165bf25e3e77674d4a39ae236274b0b17f4e16f0d4037b3dc5ac69d1
SIMULATED,TD-TG2,Text generation,SIM-06-OOD-0061,c823d21b1f207cc27ff4aa56bb8b3e0b50b890fa30191769e0ead0dbd6361829
SIMULATED,TD-TG2,Text generation,SIM-06-OOD-0062,dc9e376018a8c8325d0467dc89de0c16b0a8ff70eb98c2e51f78010239206618
SIMULATED,TD-TG2,Text generation,SIM-06-OOD-0063,b33197ad06eb4e631895c72eb8ff5e3d78b0798031add978c4bcc65b242baf24
SIMULATED,TD-TG2,Text generation,SIM-06-OOD-0064,5b438fe2f9b59157a6e982864954f839e6149370a599a4f4663602ebe11c4702
SIMULATED,TD-TG2,Text generation,SIM-06-OOD-0065,94bdff3c05e04f260c02bf0b810ec16d801b48670dd5b430caf28d4699723286
SIMULATED,TD-TG2,Text generation,SIM-06-OOD-0066,1abeca32b640b92eec6b02086ebac15d9c3d3676ab69a8450220d13eeb1b6943
SIMULATED,TD-TG2,Text generation,SIM-06-OOD-0067,49045e75eab3af11ab03307fdff4f310395ee17386a3696261b84689f75ba588
SIMULATED,TD-TG2,Text generation,SIM-06-OOD-0068,74b9eeaf943320110c988da61f2d08bcae55e3c54d76df7215d8e469e68e85ff
SIMULATED,TD-TG2,Text generation,SIM-06-OOD-0069,554f0a4824a9de00bc56e86e60ed47b16017eeab17ab3648bf04742ac3fbf866
SIMULATED,TD-TG2,Text generation,SIM-06-OOD-0070,3f167c060818f9eccf80ac0f3a629fe770f95d8c1f1fcda75f7a0912824b4b2d
SIMULATED,TD-TG2,Text generation,SIM-06-OOD-0071,24a71d76fd2ea16b3fc5d0ec0a97943ec87fe3898696b82e71e4c535d3096374
SIMULATED,TD-TG2,Text generation,SIM-06-OOD-0072,dd3d70eb121dc1d93de0aa9474990737d292c1b1784795a3255263c7c9421b81
SIMULATED,TD-TG2,Text generation,SIM-06-OOD-0073,e1dd10c9cfecca20afb15237d89a34411229be90755c91b5e6cada98c9d4fb72
SIMULATED,TD-TG2,Text generation,SIM-06-OOD-0074,ac6900db7214ad0c818748d6499ed4d0b2d18f96968e65dacb80dd71debebb47
SIMULATED,TD-TG2,Text generation,SIM-06-OOD-0075,21a4e352dfd2c84697d753ffa85692d98ae787b437e108601715a019913fd201
SIMULATED,TD-TG2,Text generation,SIM-06-OOD-0076,af1aa21ccd07fc2b38c724d753670fd4e6f4b46f084ea2b39261f79f165fbf28
SIMULATED,TD-TG2,Text generation,SIM-06-OOD-0078,1fa7818572dbf25aea5b66f3440259292758e02d8aa37acc3bb24ac0236641d2
SIMULATED,TD-TG2,Text generation,SIM-06-OOD-0080,df7f37dd1b49ae817e7bf4bf8edbba251febeaabfb8f5938eebdfb8a68a43192
SIMULATED,TD-TG2,Text generation,SIM-06-OOD-0081,554503b25728a3ec0cbebc8a919ae47f38481b2a93128c3c011dedd145ef0316
SIMULATED,TD-TG2,Text generation,SIM-06-OOD-0082,687ee32ebbe191eb1bd16ea63991f977d55e7c8e9f39a3479809c5a169e23e14
SIMULATED,TD-TG2,Text generation,SIM-06-OOD-0083,71d0e3b46e82fa68dc3e25db6bc0aa9dcf64de45d52fb4639e0ecabc08230bd8
SIMULATED,TD-TG2,Text generation,SIM-06-OOD-0084,927ab77946d8d0d358706724c10bfe58f485f09f917c45edc575d01385351c58
SIMULATED,TD-TG2,Text generation,SIM-06-OOD-0085,6bc1d1cf52c878d0d6c57dd2876409cc5d057c206f9d79352262923ca350f346
SIMULATED,TD-TG2,Text generation,SIM-06-OOD-0086,0298d4fbf44fdd8f1470957a41fe221b25a7bec20b2b2692ab6a33478a49abac
SIMULATED,TD-TG2,Text generation,SIM-06-OOD-0087,7a11db8851f82ee45eb03cb009f8821de9f8306e57b0aab3aaba163de3e6c6aa
SIMULATED,TD-TG2,Text generation,SIM-06-OOD-0088,a5a6dffe9e665c1dacc6ecfe8e0766b88ff0d209537409f06476e783b6ae1d5e
SIMULATED,TD-TG2,Text generation,SIM-06-OOD-0089,1dac08ccc0dbb8663b05706f8152970fa8aa3869d80d4797be63dfd4d4d8ddcf
SIMULATED,TD-TG2,Text generation,SIM-06-OOD-0090,cfc10355a2d1771b024ff957c925c2399b2d07de42dc0a0d0a43c4c2ff9bbead
SIMULATED,TD-TG2,Text generation,SIM-06-OOD-0092,b827fbd5e10fdd8abea86472ce5c8c267157aeab47cef5b3bf65b08022972e0f
SIMULATED,TD-TG2,Text generation,SIM-06-OOD-0094,104ec54401121b2f0ec282f2c1f14f1b359063ecb5e9d017d2634e6a682a5169
SIMULATED,TD-TG2,Text generation,SIM-06-OOD-0095,11bf661a19973d9f7044ffcab4a191cad0354ca3730f0b7508294cfd70a9956e
SIMULATED,TD-TG2,Text generation,SIM-06-OOD-0096,13e1b452a3d522a8b60f758911044976503421c8ff10d16ff9a50057fdf97613
SIMULATED,TD-TG2,Text generation,SIM-06-OOD-0097,196c4391c0388e607f413b221f7813110bab552d7aa1be1acaf1a555f5b1b909
SIMULATED,TD-TG2,Text generation,SIM-06-OOD-0098,e13f6c94fe7ff277c31644d860e4e9239adc1819714562103149c34cf98647c7
SIMULATED,TD-TG2,Text generation,SIM-06-OOD-0099,24f52b992c1b582a0293200446605cbf45624e02fb37b95edb13fb21db6b087a
SIMULATED,TD-TG2,Text generation,SIM-06-OOD-0100,802ad688791278e05f84886f4ed5b2bf8f6f4bf9ba28657dbfeaecbbe4816176
SIMULATED,TD-TG2,Text generation,SIM-06-OOD-0101,c312ef027f1fe88effabcbe9a7ff4aaaad6ae14b9aebc1d757ec5b19bc317a7e
SIMULATED,TD-TG2,Text generation,SIM-06-OOD-0102,d0df720292f56487d8679788caa115f415d0144ce400b5f328fd5602fd324bda
SIMULATED,TD-TG2,Text generation,SIM-06-OOD-0103,9e2d4f9d526c9b14d28f39fd7fd05a25a321b39f70626f7d96aae845b2eca2cb
SIMULATED,TD-TG2,Text generation,SIM-06-OOD-0105,37b704949fe51a87e39980272b4cf6046c3899b24858274acd1e7121e522a116
SIMULATED,TD-TG2,Text generation,SIM-06-OOD-0106,aa34bad94d7c431892a6725c9e29f3b51cf97f426700dd5022bec1885854707e
SIMULATED,TD-TG2,Text generation,SIM-06-OOD-0107,adffa17a55bb89eb7ac391ed7a127c2f187743529a95190fc16a1dcfae355d6b
SIMULATED,TD-TG2,Text generation,SIM-06-OOD-0108,1280c19244c4e033b76ae4c99cd6e2e5aafc9b1a249986f60e34973cda32db88
SIMULATED,TD-TG2,Text generation,SIM-06-OOD-0110,20edd3dfc4e8c135261ffb9f7d9f67fa8eb4d03430f5569bbf07fa6597c86065
SIMULATED,TD-TG2,Text generation,SIM-06-OOD-0111,3fa55561867c0f38e58c36b865927ea55e927bf8763d913abb6253d1ebe10590
SIMULATED,TD-TG2,Text generation,SIM-06-OOD-0112,4b9c31f84a2923d062466c087d63b34dd67bd596a02e0b3c5f73cf366fc58b53
SIMULATED,TD-TG2,Text generation,SIM-06-OOD-0113,cc4f1739db4ec39fd527af240aacc115b6923e561196a324db3700e9b7bc75d3
SIMULATED,TD-TG2,Text generation,SIM-06-OOD-0114,74230055d224e149fd56c5f2d0544c9910337d1c9965dbb9b200978e2a7b777c
SIMULATED,TD-TG2,Text generation,SIM-06-OOD-0115,9d0b1777dc1714816508a3f9003570559e0fa97bc857e945cc9503ec335eebad
SIMULATED,TD-TG2,Text generation,SIM-06-OOD-0116,351ae7d18dc21bd54dcfab04d1197caaf8f6d51ad40980a5a4eb1670ae21d9e3
SIMULATED,TD-TG2,Text generation,SIM-06-OOD-0117,6d122ee9c7f409c0ab7123c60e48fcd1f59cd9d635c5769579215a4ee17baad8
SIMULATED,TD-TG2,Text generation,SIM-06-OOD-0118,15859f54653a08d7f6698beb9a056283d63aaaae44e60d8efe346f1ac55980c2
SIMULATED,TD-TG2,Text generation,SIM-06-OOD-0120,416e205941f22620bab9dafad35ea309480757a0f0dbb517f47eb6f428fc9ec9
SIMULATED,TD-TG2,Text generation,SIM-06-OOD-0121,5639af48f07276a38c48eb555b9a920088f4d19c045441a0f9939d120a189f94
SIMULATED,TD-TG2,Text generation,SIM-06-OOD-0122,c986d1fad072ee3f30cc90c7c73239b48069beba2f2b07005ee1a203b734ec66
SIMULATED,TD-TG2,Text generation,SIM-06-OOD-0123,9cc1f58132476bcbcd187f4763face3ff866b4e541f034b43224c37eb8770ba8
SIMULATED,TD-TG2,Text generation,SIM-06-OOD-0124,d5a2e65bea84b0ca7ccd171f51709da8b706a4898eb2496ed2c924dbc679e8ea
SIMULATED,TD-TG2,Text generation,SIM-06-OOD-0126,83f63af4e83a9c1bb7dc333a6a95db1423b6705db22e93260f5d8502e5487f73
SIMULATED,TD-TG2,Text generation,SIM-06-OOD-0127,68132906dc0cba25edc632a9b733c7e1b4c5cb9b4c3604535e41ded25341261a
SIMULATED,TD-TG2,Text generation,SIM-06-OOD-0128,ac11954531f64df1e2021875464556ef3becbf98b07853821b3cf975bd1cd6ff
SIMULATED,TD-TG2,Text generation,SIM-06-OOD-0129,872c80dc78430fe2b86a475df5222b07aec4665a38c81f7d5f6e4ec9e7cd1c25
SIMULATED,TD-TG2,Text generation,SIM-06-OOD-0130,d60816e93a28e7c9e46826f5684720d82c5fb51b470ec942d1ad53bf8a65192b
SIMULATED,TD-TG2,Text generation,SIM-06-OOD-0131,c92277e032172c6357343b2bdba2c2e656e633745c1dd79a5cfc142c7cc3bd0c
SIMULATED,TD-TG2,Text generation,SIM-06-OOD-0132,43e448cc323eabcb1f194cbed1ad6310849bc0e0a58237b9ff6d8ae7661c04ac
SIMULATED,TD-TG2,Text generation,SIM-06-OOD-0133,c63bbc6a7081925dbe7573b47cf7dd1d83ce7899866c96f6952d626d1469416a
SIMULATED,TD-TG2,Text generation,SIM-06-OOD-0134,81d332e6aa2df209d8a7f66a4a0764760fb179149876564d56f50a4c7e6bddc1
SIMULATED,TD-TG2,Text generation,SIM-06-OOD-0135,0199c2623a2901fd21c36870ec00b2e9e8a7e9a37e289e922242f22c6925a21c
SIMULATED,TD-TG2,Text generation,SIM-06-OOD-0136,4b6b451e297153f6f68bc94391db98ba6091e39e47085fed250b7cbe35cbc0e9
SIMULATED,TD-TG2,Text generation,SIM-06-OOD-0137,7cd2fb98bd386ffabf58e8a8def27563dcd1b3560a9b70f5fe69185419bbd6e3
SIMULATED,TD-TG2,Text generation,SIM-06-OOD-0139,2873f181aa9fdfa6f9616398d28f8d7621631e5ff3ff84f0c6a8b26cd707cab4
SIMULATED,TD-TG2,Text generation,SIM-06-OOD-0140,0d09febc34723eb11f249640431bc7135268afc5f97918da284b9d7a3f301444
SIMULATED,TD-TG2,Text generation,SIM-06-OOD-0141,11615a0b78d9d511154109e1e84fe2ee5df829514e7892a285037433805b3728
SIMULATED,TD-TG2,Text generation,SIM-06-OOD-0142,df6a9585ae1bfb8dca73ee78fef5a4cda87efa9be7d75562376d9b65eb022497
SIMULATED,TD-TG2,Text generation,SIM-06-OOD-0143,6441f751490acd02249ac0386960c89b5fe17a7c59117d1c40ee57431b1c2bc0
SIMULATED,TD-TG2,Text generation,SIM-06-OOD-0144,36a98f41d2abdda379937c49633e855c20fdd6898ed7cde2cd8298df64064855
SIMULATED,TD-TG2,Text generation,SIM-06-OOD-0145,a9524c318a9631c7c76963b510abac66520ed41794b0dceb7265440a94f62da6
SIMULATED,TD-TG2,Text generation,SIM-06-OOD-0146,cdfbc0badc6b6d98d07bbf4b1ca3eee539d35868ab10d71d0cf68513c4119ff6
SIMULATED,TD-TG2,Text generation,SIM-06-OOD-0147,39972c498db5dd2df0f12c78103293f44813dc7eb80fee3f74bc537c3877da98
SIMULATED,TD-TG2,Text generation,SIM-06-OOD-0148,861559da9835b3dcbe97b8884e19340188170beb4c3233c51ff0aa5ce36a44e9
SIMULATED,TD-TG2,Text generation,SIM-06-OOD-0149,77d9748974bbc2262da078a262f9071ce4976201682fe12b6c3880ca38f078d4
SIMULATED,TD-TG2,Text generation,SIM-06-OOD-0150,8610c329550670d3bcb22c31208325ccba796ecd3e5fdd785b73acda8010f801
SIMULATED,TD-TG2,Text generation,SIM-06-OOD-0151,e1d942eb9c9b5862a6ee49514b2c2639af6f36c956547e827e54ab2cc8848f0d
SIMULATED,TD-TG2,Text generation,SIM-06-OOD-0152,7150416e3c4709575cd43a3bba76b88da45a30f6c808bc51aa13e0e8597baac7
SIMULATED,TD-TG2,Text generation,SIM-06-OOD-0153,a51f54e395be1894174e72dfe6ac97966ea4b9892a78d77f7c90984f52a4dbbc
SIMULATED,TD-TG2,Text generation,SIM-06-OOD-0154,05a0bd97e7eded25527dd5445be48c49593b06e5aca385de4119de67d5db3b90
SIMULATED,TD-TG2,Text generation,SIM-06-OOD-0155,882d1b18d5cdf6472e8a7c918ebbd889d54e827f7d09cff2e12d78be77099842
SIMULATED,TD-TG2,Text generation,SIM-06-OOD-0157,c6f9dcaa177ebd3a44e53faa38b0fffa88e246caaf01e07131303e57c62a5d76
SIMULATED,TD-TG2,Text generation,SIM-06-OOD-0159,2ee765823e0b5f1494c727ebb8f56811231a4f13acae5a274cd312efc8af97ad
SIMULATED,TD-TG3,Text generation,SIM-16-OOD-0000,2f3212d5554ba373a5e1ef22d2a6104d23941ced3f5926a678e8a95b8cd9b9b8
SIMULATED,TD-TG3,Text generation,SIM-16-OOD-0001,6a8e98195608bf2680706824d7bc1732033b7cf347c69792da72fe5abc17d316
SIMULATED,TD-TG3,Text generation,SIM-16-OOD-0002,4a142d1f2c30d4c2289bb74a3533a7c12f9cb73ca2e643e782c49bd08dc8f7f6
SIMULATED,TD-TG3,Text generation,SIM-16-OOD-0003,7cc25617bc2040ea0e30e6382d64ee14813eb3f1f67262c0f8f94df60761fcd6
SIMULATED,TD-TG3,Text generation,SIM-16-OOD-0004,727b82fbbdd014d2b19241c7db835abdc96668d243b73cdc87007f5ac04edbab
SIMULATED,TD-TG3,Text generation,SIM-16-OOD-0005,b30d0fa5244422f205983220df7645158e7d72280cfaabcc2015f527b3ac43f4
SIMULATED,TD-TG3,Text generation,SIM-16-OOD-0006,33efb032ec363881de0433302d628508860938a69d3acd45aafee2da936dd729
SIMULATED,TD-TG3,Text generation,SIM-16-OOD-0007,be9bb075fb3be189f1b1c38e358b14768a01733ec72d80d6bd0238f4c5bb9321
SIMULATED,TD-TG3,Text generation,SIM-16-OOD-0008,c2ae72fc7e37c9f4decbf3e5f25618cbcc661459d00002f9ff627b93d58e25a9
SIMULATED,TD-TG3,Text generation,SIM-16-OOD-0009,5d09a87ae6c57f18cba2607f388564eed2d31afa6d6063fa74b111ae0aa88150
SIMULATED,TD-TG3,Text generation,SIM-16-OOD-0011,24133f87788d9ddafba5c7ebab9d262b628567542f884290842f328d9022e6cc
SIMULATED,TD-TG3,Text generation,SIM-16-OOD-0012,75481d4c0ef00b0d6c7a1da51813cc69f26300d7877958c1d8132720bcc591c2
SIMULATED,TD-TG3,Text generation,SIM-16-OOD-0013,2062f76b1d8eecc11166092aaaad2be0f390ec508c994f89be3c89ff19fb492c
SIMULATED,TD-TG3,Text generation,SIM-16-OOD-0015,8156ece05e2e825f40985f1c442eeb7d399aac42d1ae7833db934875a8f6ad50
SIMULATED,TD-TG3,Text generation,SIM-16-OOD-0016,a133d7c54843e0136d27d414204e9639a44fa3ddb8a584020a23b1138f544ecd
SIMULATED,TD-TG3,Text generation,SIM-16-OOD-0017,eafc613da067dec3940d64c71facc0927f7a4aef1ddcc70bba8c6678cbbf6fbd
SIMULATED,TD-TG3,Text generation,SIM-16-OOD-0018,6d1ff125c7e7fabf34d5b703cf52c8ca230eaf8f862acedd6f0669ab83432f66
SIMULATED,TD-TG3,Text generation,SIM-16-OOD-0019,76f54c139b1f30280960c4f354dd3a67dccd3b7319fb7bfabbc85c3caef9595e
SIMULATED,TD-TG3,Text generation,SIM-16-OOD-0020,c64a0d6b0ab07d4e0260afdbb15643e5fe92b0de012d8a253bdc3263d3653be7
SIMULATED,TD-TG3,Text generation,SIM-16-OOD-0021,26a84235e4a675f2e31df971d55598cf4a44d2ce345a8efd0cfff27bc0ecf24f
SIMULATED,TD-TG3,Text generation,SIM-16-OOD-0022,1ea34d2d79535123a41fd25cf3dbce27b1112cbf9b3eb1273878f994c0aa6d33
SIMULATED,TD-TG3,Text generation,SIM-16-OOD-0023,2cca283f14cb82fe10accb3433b7c6849816730153462a4acefc1e31ea6eecfc
SIMULATED,TD-TG3,Text generation,SIM-16-OOD-0024,66e598363b47fb358651cd08adb442f3f6c43a5559d9f4c4b941d7b996ab9a48
SIMULATED,TD-TG3,Text generation,SIM-16-OOD-0026,5b0f599aaa653d3913c362b953b225d8d025054d2fe2506d886811c096f6e843
SIMULATED,TD-TG3,Text generation,SIM-16-OOD-0027,5a86eceef16dce36f5eaccdd93b23426469dae6f5690587959543006054d1075
SIMULATED,TD-TG3,Text generation,SIM-16-OOD-0028,4f91f2a805be42fdbcee625a21b79cd7e4bde3f87b2699e438bebd76cdb417d1
SIMULATED,TD-TG3,Text generation,SIM-16-OOD-0029,ac0c5c6ad9c17c4368e683909137654ae83b3876ddaac8bad5e400e32a5e58e7
SIMULATED,TD-TG3,Text generation,SIM-16-OOD-0031,382521fbedfec75e42991af40888fe39cccfeb4fd314dffd610b67eb48e201ae
SIMULATED,TD-TG3,Text generation,SIM-16-OOD-0033,7ec979790cb631a754061398df0d5c855edaa162d18cc790684237c64222282b
SIMULATED,TD-TG3,Text generation,SIM-16-OOD-0034,b4a18e2b3a43465643e671dc6225d2f3f97d2cf318d5b1cc1f95f5b55aefba08
SIMULATED,TD-TG3,Text generation,SIM-16-OOD-0035,4e2394178df33fae9569cc513c0b590e2a71e1c96d0ab67145dc644e4903e6de
SIMULATED,TD-TG3,Text generation,SIM-16-OOD-0036,8522d8f8f51e8505c9567de5150b34d97743c87da49763c94cbc29715f0957ac
SIMULATED,TD-TG3,Text generation,SIM-16-OOD-0037,b8520b9860b8f4267003de68dcb37473e836b8b27e885189753b1bfe01d5a81e
SIMULATED,TD-TG3,Text generation,SIM-16-OOD-0038,8331843f5a89cab4e454caa24ba9ff2bf3d9d7bbf58bd06a3ea4eb0c7dae496b
SIMULATED,TD-TG3,Text generation,SIM-16-OOD-0039,d27c7b645aae012b9d82ce53f382861c73562fbf9996f4211ecda33bdd5e74f0
SIMULATED,TD-TG3,Text generation,SIM-16-OOD-0040,805076d87293d927a81d8fe45c4fb664f43f74a23631cc404f52ea7652ab0df3
SIMULATED,TD-TG3,Text generation,SIM-16-OOD-0042,4d6580c80681e649824309ee51ec0fbb1c158f279592868ee22c7de27ebaa8c3
SIMULATED,TD-TG3,Text generation,SIM-16-OOD-0043,2fe3e7981109bdc2590552ab0d916394fafa0bbbc00e7dc9bd22ada89771220c
SIMULATED,TD-TG3,Text generation,SIM-16-OOD-0044,78b7b713990a7803e2607611024a958f54ee97717a059bfbc8e3795865f85edd
SIMULATED,TD-TG3,Text generation,SIM-16-OOD-0046,1869c2d3c9774345556ba7e6245a2b695649f85f1d2522d58633ee65b53176bf
SIMULATED,TD-TG3,Text generation,SIM-16-OOD-0047,9d1b940b933aad6a3300d093e90e71b8758f55c54c20d5ea51311da8b7fab57e
SIMULATED,TD-TG3,Text generation,SIM-16-OOD-0048,31843c979c45cc9c83244500f91f0b5577a6857596e0ce2ea000585ac8027f32
SIMULATED,TD-TG3,Text generation,SIM-16-OOD-0049,2c1b40a99c245e264151c8245587a2cbdddc51fd6df9ceb17e636c1eb18428a2
SIMULATED,TD-TG3,Text generation,SIM-16-OOD-0050,5aecacc4fdd975fda45eb07d4ae24ad4bd976e6b90988a410696c4afb01b155f
SIMULATED,TD-TG3,Text generation,SIM-16-OOD-0051,24be9f281e4cec8b0f132c26d23c8938d3dd3c133cf187565073b5722792f007
SIMULATED,TD-TG3,Text generation,SIM-16-OOD-0052,10ab1d9fec2926014b9ed25b2376a4fec20c0c346649d7e4b4e1fd065e6ecbc4
SIMULATED,TD-TG3,Text generation,SIM-16-OOD-0053,e760ec97055ca8cb77e5597feae99369db4cd059ebb8cc3b332e55ce59d5edd1
SIMULATED,TD-TG3,Text generation,SIM-16-OOD-0054,b0a7c8981cabebfb0ac1d36a16dfdb9f9f1c6e02877b11be3efdf8bca11313ea
SIMULATED,TD-TG3,Text generation,SIM-16-OOD-0055,cd4520bace3ac0da4b372c4138a4b3ef6afe39925a59b1abff76e3983359299f
SIMULATED,TD-TG3,Text generation,SIM-16-OOD-0056,a2db4814962dc06f2a9a370d9ea1c96a10e561a36a99bba57938f65c710c1a64
SIMULATED,TD-TG3,Text generation,SIM-16-OOD-0057,83c9aeb63b70e8a45fdbe6173217da9f6128945e94991e54c1bef903d0f67c11
SIMULATED,TD-TG3,Text generation,SIM-16-OOD-0058,c38cdaa95f087b99bc60d1bbd82e42de31f94b777101631f9f13b2698d7f5810
SIMULATED,TD-TG3,Text generation,SIM-16-OOD-0059,c75bed0cda1a54e87ea8696a856b6ed22fdc7ccbfe2e7a276218043e355f3a64
SIMULATED,TD-TG3,Text generation,SIM-16-OOD-0060,c4c01a317a9e98bf8e04d81fed6f1823968271244ec2fb3a1a65644ed2abd6bb
SIMULATED,TD-TG3,Text generation,SIM-16-OOD-0061,254d665721d59d5128dec93b77e0778927162883f37e83f9a76803aa96de9280
SIMULATED,TD-TG3,Text generation,SIM-16-OOD-0062,ec2c9bbe49929d5f1926f5fb257aa9c7cdb05be5b484743f55ce9f3db77fbf6e
SIMULATED,TD-TG3,Text generation,SIM-16-OOD-0063,1b9ef2fcc637d790b1c7d0d630395450d962e340531632b548012f66c71cba14
SIMULATED,TD-TG3,Text generation,SIM-16-OOD-0064,0bf0687f55765fc5360f9c5b14dfbc73cecbfbd60c49fd317f3bb4e8acba73ec
SIMULATED,TD-TG3,Text generation,SIM-16-OOD-0065,43c1cf5a6f4f9a8ead2a789f77b0c6c044f0f822141c5e4ceb549f9ac764ba62
SIMULATED,TD-TG3,Text generation,SIM-16-OOD-0066,c78155ede4ae48a8a131f9a5dabefece741f18ca6e591f0a5b9e2039286ac544
SIMULATED,TD-TG3,Text generation,SIM-16-OOD-0067,8e8e5dd079f3dd1eb23347ba5dfc5d42c665e86d0be1041d31d4872a45264ed6
SIMULATED,TD-TG3,Text generation,SIM-16-OOD-0068,38c070b895e3f43d07fc6e5274625ace0e641c857a87011d6014855d46a28e30
SIMULATED,TD-TG3,Text generation,SIM-16-OOD-0069,06bda60ea730313d37a6dee31d434b8f8f9b7539b172f1fc00deb50535d80efe
SIMULATED,TD-TG3,Text generation,SIM-16-OOD-0070,7619143f86456a9f17ae3f5c3a7d240126ac0f27ab34afd10406f3d2fbe73d35
SIMULATED,TD-TG3,Text generation,SIM-16-OOD-0071,e5c9a63cc0a52a6e5d579a646e74c0445ac851e9674711716c0e4494f01c903e
SIMULATED,TD-TG3,Text generation,SIM-16-OOD-0072,a4862a251aa24d13160b4a9a21cda5cf43512ebdb104c4ed8ebbf647f525cc27
SIMULATED,TD-TG3,Text generation,SIM-16-OOD-0073,0f0398bc51ef657997307063d6b01fac4804e37966065175bbd819256f55426a
SIMULATED,TD-TG3,Text generation,SIM-16-OOD-0074,83e4a088307128211a8d6728def6729162e1afaeabf1077dd55849e3bf16c238
SIMULATED,TD-TG3,Text generation,SIM-16-OOD-0075,d964d65b59b15310e3737846e19aa42c0400cc87eb05eb709ac6b4e9197d3c0a
SIMULATED,TD-TG3,Text generation,SIM-16-OOD-0076,a1afb3bc28eef0c06046bdce162e2de222110abc64620060ae32071c71d4b2ae
SIMULATED,TD-TG3,Text generation,SIM-16-OOD-0077,296afc2fdfe67a57d9ff7e224e2f0ada6485efbae949d0fbd8d1db00e82ddf5d
SIMULATED,TD-TG3,Text generation,SIM-16-OOD-0078,5472360b372470ebfc37d919991fe383e3ed1e27bd6159a38740208bb69c5352
SIMULATED,TD-TG3,Text generation,SIM-16-OOD-0079,913a8181aea335df0b7c0e02684c24efd5889069c9b8a37048e2f5fb055dfe55
SIMULATED,TD-TG3,Text generation,SIM-16-OOD-0080,0234452b437f09abd1d98fb1f29cc453af92f10501a6b3e596207d3b68d025e1
SIMULATED,TD-TG3,Text generation,SIM-16-OOD-0081,6f106de412566242265bc988f6e1400cee9887c90935ef56342d2ecc3472b7f2
SIMULATED,TD-TG3,Text generation,SIM-16-OOD-0082,bc9f2b93c30435f72f110c90b1f7e34df903bf9882b92d566961bcfccf3596bd
SIMULATED,TD-TG3,Text generation,SIM-16-OOD-0083,7c000ceede38d36114a9ec4a08459b38ea474cca74823048c1bc2937fb172f5b
SIMULATED,TD-TG3,Text generation,SIM-16-OOD-0084,5fdbecf265a9f4c7806cd4625a8741f543a6872e3ee2f95d791d965b7755f3ac
SIMULATED,TD-TG3,Text generation,SIM-16-OOD-0085,c8d8f297a9b13eac6781518d59dd15c8f4d3ee80344b9906025ffe952b9d3c93
SIMULATED,TD-TG3,Text generation,SIM-16-OOD-0086,20b4f842c056fd7094c6be71c32b8aa48c7cee622512f79eb1a6c202c6e4df02
SIMULATED,TD-TG3,Text generation,SIM-16-OOD-0087,588970de0106eb755532b98b1b7cf3cc219d21cfbae22c9ccd81854fa66c0d0a
SIMULATED,TD-TG3,Text generation,SIM-16-OOD-0088,179d0cfd70b2dce4be422f76ac0877fbe99f54d4f01b9ecc7b7c2930c270278a
SIMULATED,TD-TG3,Text generation,SIM-16-OOD-0089,e3fd57a944d92f8ef5d8d53cc03be9eaff8ca95658cd5477278b8ea836f228b1
SIMULATED,TD-TG3,Text generation,SIM-16-OOD-0090,a94b2700dec65f27190f3e2bb8b288d5fb81bde9de30e1dad461cd52b6dabb64
SIMULATED,TD-TG3,Text generation,SIM-16-OOD-0091,ac8d9bac5a08561194f089817290ab011446e9ce4f946941feaeb4c6e3d8a2bc
SIMULATED,TD-TG3,Text generation,SIM-16-OOD-0092,d05a0de0cba7c0f48a6df7feb83a15c18814aca54d5aa39c5a31582f0851861e
SIMULATED,TD-TG3,Text generation,SIM-16-OOD-0093,362e4fce3c1817f71a088420a6bf106ae4351fd98b0a898bf87291c6a2b27e59
SIMULATED,TD-TG3,Text generation,SIM-16-OOD-0094,92c17137837428a571c623ee83f70a5b0b7be95f8cd74110568625250c4f32b4
SIMULATED,TD-TG3,Text generation,SIM-16-OOD-0095,6e1f54954a8c5e99d522da504ed9e55ad571e3519e547e3217feb4ea8b5079ee
SIMULATED,TD-TG3,Text generation,SIM-16-OOD-0096,427e27d61824a81c19fd5f49b851c072179174e43aae2ca734f74dc1e5a059b3
SIMULATED,TD-TG3,Text generation,SIM-16-OOD-0099,7e542f57d8a17b495ae03e04860568649710ca3181854d0d751b19d699e896d3
SIMULATED,TD-TG3,Text generation,SIM-16-OOD-0100,0912a3a2dbeb22b8d33712b80ae4589faa5e5d7e0df87ebeefeb2c6b599b206c
SIMULATED,TD-TG3,Text generation,SIM-16-OOD-0101,4ee3a469d1b8aea795382596491c610d946c7caea2acd643f9b0644f7444bd15
SIMULATED,TD-TG3,Text generation,SIM-16-OOD-0102,2bc51b29de584bda3156429672ea549e98e41d501b0171f3784cc1b5ec1f5430
SIMULATED,TD-TG3,Text generation,SIM-16-OOD-0103,aed2367c64482b67af3d19094b686b187ce435a64f40db7184b679a4655f95ec
SIMULATED,TD-TG3,Text generation,SIM-16-OOD-0104,a80155f9b214221c6a8297034f5d689822a4669b8fb9d5a5b18855254a753e51
SIMULATED,TD-TG3,Text generation,SIM-16-OOD-0105,a90198473e0f004a87bae81dd6871dcb404449b3c5db61d6ced420099ce98773
SIMULATED,TD-TG3,Text generation,SIM-16-OOD-0106,95654d365a08a9ab80564ccf7afac49be7a35f4f2440960dd7f308aa34122a16
SIMULATED,TD-TG3,Text generation,SIM-16-OOD-0107,09401d981b20c169e57044ca5816b125d70c3d31c0b0f94801c8b7c9fd9aee0e
SIMULATED,TD-TG3,Text generation,SIM-16-OOD-0108,bedee6807922f5fb99e1b7916bc4e4a13371b35dfe55fb09a8f41d1d794e2166
SIMULATED,TD-TG3,Text generation,SIM-16-OOD-0109,881a3d289668e1b56163ec014bce2f16ba6192c8772f4ab1506b8fc24c3c132e
SIMULATED,TD-TG3,Text generation,SIM-16-OOD-0111,e53dcbc2d6cefbfddcacc6d35aff6e9b39677acde62c55c28da3c5f0df05899a
SIMULATED,TD-TG3,Text generation,SIM-16-OOD-0112,064c02a9ab4bbfbb0f5c2ecdfd632cf2b09d8aa3dc25b1edd4c1e6e8df94c7fd
SIMULATED,TD-TG3,Text generation,SIM-16-OOD-0113,ca5ac1da412e80bcc4588621ce6fb2d1d3a8f61960e91a1b7545411cf507cb44
SIMULATED,TD-TG3,Text generation,SIM-16-OOD-0114,89d034399ff645644ee387297e9f3419b7df021b8227b7e6fba8d2ee241c842c
SIMULATED,TD-TG3,Text generation,SIM-16-OOD-0116,d3056a09b6e6816c58c66bee61703f45b32a463102027c16e6d35a27d023ae46
SIMULATED,TD-TG3,Text generation,SIM-16-OOD-0117,69ee07de26f1ec273e17f835ce02286d2e90f4cc73a7227d92a4fc3502ad819f
SIMULATED,TD-TG3,Text generation,SIM-16-OOD-0118,e077dbe555f06ed1111cc85ffae00b4228a02732af817cf6345e54961d434298
SIMULATED,TD-TG3,Text generation,SIM-16-OOD-0119,5e937f626cd86a4cffd90ea6b1f93f91206b76ea6dd34899a5ff200d30c9067b
SIMULATED,TD-TG3,Text generation,SIM-16-OOD-0120,9e9fae89d4250bc64c6beb5ea2d883b46f6055d6459e730c583d4eb4477d5397
SIMULATED,TD-TG3,Text generation,SIM-16-OOD-0121,341e7e22ba6c4e825f55e6d39a68f57c0546b1ee920c1c0bd4980d747276899f
SIMULATED,TD-TG3,Text generation,SIM-16-OOD-0122,07945e31201162e8845632d6deaeedb369f76a69a017070197972864aafbbb9e
SIMULATED,TD-TG3,Text generation,SIM-16-OOD-0123,569d8fd134bd5e93fda520756e350342b4c813346995dae3f210299a26ada01f
SIMULATED,TD-TG3,Text generation,SIM-16-OOD-0124,1a8497180b169ca68b3673b44c5c6e1f0f73d4a676b1f95502b109c85abaa091
SIMULATED,TD-TG3,Text generation,SIM-16-OOD-0125,8a9813aa76e006752f857e844cee35685b885ae24b1a693e6f09ecaf2256eb8e
SIMULATED,TD-TG3,Text generation,SIM-16-OOD-0126,a9fe81916b82359f50965f6b4d0c73134718b958bc2d9ae554549a23167f29a6
SIMULATED,TD-TG3,Text generation,SIM-16-OOD-0127,00a3b758b8ed3f28ebdd5aa037d358c4084b0c29c65b6b9adf08c5635efef1c7
SIMULATED,TD-TG3,Text generation,SIM-16-OOD-0128,17d18bf95daad6535f32985b1a5e0d9aa031ca943d4741e446bc4d2096d3574d
SIMULATED,TD-TG3,Text generation,SIM-16-OOD-0129,b793a0bd8fa63fc01b5d7b95ee77cf5b31db759bb92e835f07f43318c06eff63
SIMULATED,TD-TG3,Text generation,SIM-16-OOD-0130,bd3c0df5f970337063e2c066a47f99aec8172a6467318f9abb4e821ed3e496e9
SIMULATED,TD-TG3,Text generation,SIM-16-OOD-0131,2e0e8666216b77c4f04191f2638c64808be255cb4585c6fa36416a1cf8f29a3f
SIMULATED,TD-TG3,Text generation,SIM-16-OOD-0132,ca00eb79002b0acdd7a89a619dff8a8c80bb27d6e147ca6f8bdf515c265832fb
SIMULATED,TD-TG3,Text generation,SIM-16-OOD-0133,c64d78ccf2f5b2fdaab706de067412c91945dddb483b7b8bf47f4350710a04d6
SIMULATED,TD-TG3,Text generation,SIM-16-OOD-0134,52362821dad72222e7bbf90fc7adb57476b4db8fe3bf075308b04609453ff549
SIMULATED,TD-TG3,Text generation,SIM-16-OOD-0135,e246f6c9cf9560c4d39c679eb26db8a81a05091e65f34a0e62c271e220f1db56
SIMULATED,TD-TG3,Text generation,SIM-16-OOD-0136,bc85812a012b2e77c7e83549be339e3d28a429203766df8084896fa6295cd668
SIMULATED,TD-TG3,Text generation,SIM-16-OOD-0137,2a37455848e31ddf6b85651a59369dcfbebd2cec2a1d52761ef3fabc493fb1d1
SIMULATED,TD-TG3,Text generation,SIM-16-OOD-0138,7a1eea754635603b31c1602c6fff0cf27f1479db736ff5521d71d215c179bbbc
SIMULATED,TD-TG3,Text generation,SIM-16-OOD-0141,e03a8af5e20adb4590ae3ed5b88e666c313462c47b114038d5f9acd426d0d053
SIMULATED,TD-TG3,Text generation,SIM-16-OOD-0142,3a6c5d0e7f815c3b5f0d8d83f93825056d2585ca7339e1ef2eec9bf1de0a6f1c
SIMULATED,TD-TG3,Text generation,SIM-16-OOD-0144,8d31b252dd79e663c1f93eb4279141e23b5d77854d1f608d1159445dd8bc0d3f
SIMULATED,TD-TG3,Text generation,SIM-16-OOD-0145,3500dc451ef2fcbfeed8efc1d733937b47671cb773f8cc1d2d1339888b74eeab
SIMULATED,TD-TG3,Text generation,SIM-16-OOD-0146,aea0c793a65f289bffeea2e5c062166ab9a56311c2bc01232d0d0306c99f2def
SIMULATED,TD-TG3,Text generation,SIM-16-OOD-0147,ce6f38275951710b58a3e3bf489d120f3d0eb7148fd987b925b3847c013cc0ed
SIMULATED,TD-TG3,Text generation,SIM-16-OOD-0148,cc1420b648bdc0abe2a26d3a1fb5973288e578452ef5d2f717ec6a32dcd98936
SIMULATED,TD-TG3,Text generation,SIM-16-OOD-0149,49e89073fdede0732454b4b3f78a8ca2eb1d87dcbe69bc99a062e4212d517e1b
SIMULATED,TD-TG3,Text generation,SIM-16-OOD-0150,0052656006a1bb4d65a54ad676efdbaea7098c61ebfcfed0d387342b7419fd10
SIMULATED,TD-TG3,Text generation,SIM-16-OOD-0151,42a2e0e09c372ecb9824c87d0bff55886688cb81a102ef92c2b92631961d4d27
SIMULATED,TD-TG3,Text generation,SIM-16-OOD-0152,051e353e9971d05d1a04168194c78b2d1ad4cba8fda8ec3d8b08723400eb122a
SIMULATED,TD-TG3,Text generation,SIM-16-OOD-0153,704efcb7162bd9fa5114fb80a44765753a5d6f99a376e2e0e164acecbbea7fe7
SIMULATED,TD-TG3,Text generation,SIM-16-OOD-0155,1eec65ec905d2a205186c144143672c860160074845485c4d178af022c3cb7cb
SIMULATED,TD-TG3,Text generation,SIM-16-OOD-0156,e32b8b85e635d73b8c04891e16e57de9738be55a91d2bd91bbfaa3fd1d2bdef7
SIMULATED,TD-TG3,Text generation,SIM-16-OOD-0157,17cbd5d4f9c841369268c431a0834485c8a12cd7164f35633e098aa0cd6cbfb9
SIMULATED,TD-TG3,Text generation,SIM-16-OOD-0158,674db5493cd39ac5af3cd38b8ff9b92d932459ac4865a4858de9ef75fb2c47ba
SIMULATED,TD-TG4,Text generation,SIM-17-OOD-0000,32960cca1b92dbd286837c83c688f953274c67a34390032e248dc086cd3fe82d
SIMULATED,TD-TG4,Text generation,SIM-17-OOD-0001,53e192c6902b89d6f46bad423c47bea93c63c52acc3a638565b50022465e0b64
SIMULATED,TD-TG4,Text generation,SIM-17-OOD-0003,c1169717670f7e407f11abd1411bcfac88f20f770fb602555f880c8f47a7fbe1
SIMULATED,TD-TG4,Text generation,SIM-17-OOD-0004,46d145af7903cf365203d0aaf5c43cbea23a491823fab244a55a798a6aa376da
SIMULATED,TD-TG4,Text generation,SIM-17-OOD-0005,c0363b5dfafa907ae8aa2206bd4d13646e72beb3e26b23ca35794781ec3a10f0
SIMULATED,TD-TG4,Text generation,SIM-17-OOD-0006,734fc98535884181ffd20a4606ce0415a4a7712e9330ff8751047ce6d871e273
SIMULATED,TD-TG4,Text generation,SIM-17-OOD-0007,c593fbb22803235e8824b08fa15d48b950a75f8d37fd8511df8b523d9b89a694
SIMULATED,TD-TG4,Text generation,SIM-17-OOD-0008,dd6e831b52b405f5903e1e19c98e4c9cf2211d2cd237fd423069234b509942ca
SIMULATED,TD-TG4,Text generation,SIM-17-OOD-0009,6e731030518c022da054b8411e16039aaf0102da62b2960fb6b5d71550e2b622
SIMULATED,TD-TG4,Text generation,SIM-17-OOD-0010,84ccaefe85639d790ceb4d64e774619d88fd3ffc33ccb14198bd214b4dab8541
SIMULATED,TD-TG4,Text generation,SIM-17-OOD-0011,891f23770146bdb0efdb443fe12b65d2593ee322d1f896885ced1d6b65e4a8d4
SIMULATED,TD-TG4,Text generation,SIM-17-OOD-0012,b2e38c0db8d8dec386cfee4550e5e827b95fc10bec022463ce546ee48b363f10
SIMULATED,TD-TG4,Text generation,SIM-17-OOD-0014,0ff7c799a92e030ceae4dd55ef2cc074bcb9aa7de28ca90271aaa3c72199b1c4
SIMULATED,TD-TG4,Text generation,SIM-17-OOD-0015,29810bc82aa2925aca634c6a20dabd0f3b3c1860a5d45458553de92ebbc6ab04
SIMULATED,TD-TG4,Text generation,SIM-17-OOD-0016,a270146624f8706ed48c4f7070779c1681f53cfd057963d677df8131a779637b
SIMULATED,TD-TG4,Text generation,SIM-17-OOD-0017,cb20eb8075dfcae63b5343582e7e66d0acab66188173ee0defe554923751a529
SIMULATED,TD-TG4,Text generation,SIM-17-OOD-0018,cc8e1fa8f731322415a938753723db1658f8780e30f1b059328b76a77faebfd7
SIMULATED,TD-TG4,Text generation,SIM-17-OOD-0019,4d80785d24b1dfcc827da8da7dd482930749e227e81f20ebef7f1735c8909026
SIMULATED,TD-TG4,Text generation,SIM-17-OOD-0020,60bcb3123a3075f77a44ed4e9a3883b4cad3f5cdbeddd48df75cfee25642e209
SIMULATED,TD-TG4,Text generation,SIM-17-OOD-0021,8c00ee766223d430c279c774c59e096031c4a5cb60f14cc1fd54944ae71e2a41
SIMULATED,TD-TG4,Text generation,SIM-17-OOD-0022,a63d5fcf18120ab0bd329dbf1315515e7495bdf74606f7de4738d76e37bddc69
SIMULATED,TD-TG4,Text generation,SIM-17-OOD-0023,ae9d88cdaf3573bbffd51974d78c89569746fc4bf3208d69f9b96c4d28a7b9ef
SIMULATED,TD-TG4,Text generation,SIM-17-OOD-0024,aa14dcb31c0982244c43318befc34b1bea63156cc1897ab290e2cfa464c9282b
SIMULATED,TD-TG4,Text generation,SIM-17-OOD-0025,a1b7a7f69b1613dec6fa689fd940b8efce31a84ff59d5800b227a231e8557a8a
SIMULATED,TD-TG4,Text generation,SIM-17-OOD-0026,360fb52b577f4833e6dc319bab0b0bf1d0caf6c7d11f5c7c58a56d480b7f3151
SIMULATED,TD-TG4,Text generation,SIM-17-OOD-0027,c3823958c206cc86642585a4b1bb107fd33aa293b533abc796e49f5a6a1ac2e3
SIMULATED,TD-TG4,Text generation,SIM-17-OOD-0028,480bfb33f6b5316a9a718bf0b561218a19acde9fb09916d9e3664a87ca6eaab5
SIMULATED,TD-TG4,Text generation,SIM-17-OOD-0029,c1caa9e763ecaf88b1a1e1a9dd6856b52554282d00805d18febe7cbccb4e837b
SIMULATED,TD-TG4,Text generation,SIM-17-OOD-0030,22ea1e6362581740e0a71f6adbb45d696e4daeaab5c66d8e12b38faee2cea58b
SIMULATED,TD-TG4,Text generation,SIM-17-OOD-0033,49e4e70dd6e85d2f60af111daaedfe8375534b26fa1e4e0de1c619ac5259e739
SIMULATED,TD-TG4,Text generation,SIM-17-OOD-0035,ca20f797bd1ee8d0a648a0aa88602f60e8dc4f6438eb6f10cc7dd0507976b345
SIMULATED,TD-TG4,Text generation,SIM-17-OOD-0036,3b47b951c27f374f8ed95d86c893121dce4d7723b49ecae40a79c0bd50830736
SIMULATED,TD-TG4,Text generation,SIM-17-OOD-0037,43a0353e06f3864cd33d9dc14bff7ae72f35a894eb317260e18b0fffc2b4ff3b
SIMULATED,TD-TG4,Text generation,SIM-17-OOD-0038,04656dcb156d109ebd1054a945046fda5875ea4f05d69fca0947a80694fb164c
SIMULATED,TD-TG4,Text generation,SIM-17-OOD-0040,0ec38b569a8c9ccd6d898954dc5185ef3ac6340403eb0ca0bf9c948c2283546e
SIMULATED,TD-TG4,Text generation,SIM-17-OOD-0041,4f322a9017d21dc6315dd0415c6c50d69e1fc70fa96c70a2facb70fdfd2fe3ea
SIMULATED,TD-TG4,Text generation,SIM-17-OOD-0042,44cfc3ac062e2734f967e1bd748b7972909961dd813108222eb02943495d2e70
SIMULATED,TD-TG4,Text generation,SIM-17-OOD-0043,4681260e558fa5713911e12a96ed95e827f71ede242c86385e8d5e7dac7f91a1
SIMULATED,TD-TG4,Text generation,SIM-17-OOD-0045,054aa2f7b4048198bfabe1e8f93f2294d4de063ace21ddf32ae2fb1eef47fd43
SIMULATED,TD-TG4,Text generation,SIM-17-OOD-0046,24943664b3ec6e23ea59a08d3628b1407111b86ad5af0a67c699ae8ca95f389c
SIMULATED,TD-TG4,Text generation,SIM-17-OOD-0047,71de0c0ecbd201eeaa73437e0f2c7450f2a40ff6bf0eda910d152c53c0aeaade
SIMULATED,TD-TG4,Text generation,SIM-17-OOD-0048,8a089f0a697c3b603e542dff2d914bb8c0fcf7211655dd8971603445c48cdbbb
SIMULATED,TD-TG4,Text generation,SIM-17-OOD-0049,59cd31d3f136389e1da13451cdf8185851f0b3ffc4d8f7a74b06df1c66127d12
SIMULATED,TD-TG4,Text generation,SIM-17-OOD-0050,967e5dd3f8823c220e7dce3d92b3d40cfa762fcea2dc19fb2c46119925e2f6ea
SIMULATED,TD-TG4,Text generation,SIM-17-OOD-0052,7c83c2ef422065cbff5a081328c90977a8e3a053256a10496c870f1e5606f6cf
SIMULATED,TD-TG4,Text generation,SIM-17-OOD-0053,055f5783b4cf38b31fb6f59b6daaace7616c4c805426fd8a9a48d66f61e101c3
SIMULATED,TD-TG4,Text generation,SIM-17-OOD-0054,197d016c5265e648e86679146bad2aa27ecb96486ff633111e469b40d70c5ac0
SIMULATED,TD-TG4,Text generation,SIM-17-OOD-0055,7947292d131e0aa6bd8b200fb1b8222824b24d6c2ddc55cce30e173f5e49c376
SIMULATED,TD-TG4,Text generation,SIM-17-OOD-0056,839819f634a16f88ff4a0a07a77157b09e40ba226803f248c264de712c36fddd
SIMULATED,TD-TG4,Text generation,SIM-17-OOD-0057,e0a19e466298122eeb683650c35ad50fadf1d538d4f63c8c54fe8dbcb1f28833
SIMULATED,TD-TG4,Text generation,SIM-17-OOD-0058,1f9ae50abf84289a1318b2fab2c70a81efbb0421e3e8454a315d33b094a3a0d2
SIMULATED,TD-TG4,Text generation,SIM-17-OOD-0059,9bce1d39d5cd078fcb6566f1fc5e73be2d12bb0fa4551fbaa5edeacce1d5bf00
SIMULATED,TD-TG4,Text generation,SIM-17-OOD-0061,212e584b72e6a61872b77ed2baf50f4fae865c00f7cf85ea35de49ce09fbab1f
SIMULATED,TD-TG4,Text generation,SIM-17-OOD-0062,74c2cef5ec646fb75871fc322815d0576b5b57eca316ace4e0d83851f8861af8
SIMULATED,TD-TG4,Text generation,SIM-17-OOD-0063,e0356c3b0fbc400b7f2638bb1105ea3d3cb14c93370aa2847f576dded0fb9a52
SIMULATED,TD-TG4,Text generation,SIM-17-OOD-0064,4bbbe76faf34c51422c8ca0a9d5f46c972c9c45bbe958f948a489881cdb89f64
SIMULATED,TD-TG4,Text generation,SIM-17-OOD-0065,8f3a5aa8b4d281ae4b44ada90a58cf67c44955a8a936a302f5950d13e178b88a
SIMULATED,TD-TG4,Text generation,SIM-17-OOD-0067,3019303d2c333f9910c02559d4df7ea518482cb59f0dd61d382ef2408c2bf840
SIMULATED,TD-TG4,Text generation,SIM-17-OOD-0069,10b91fe458c1f2eb349ccbff325f4110f6d6c9148631f71b71fb72786fa94341
SIMULATED,TD-TG4,Text generation,SIM-17-OOD-0070,b5eb57c4afab25dde56d7499ce51ffd14431cad1fb5c1b3b6f50d482b8228207
SIMULATED,TD-TG4,Text generation,SIM-17-OOD-0071,a87812fc321836eec04d5e75e01f0f3fc30eb914a57137ff4a0a3be2f916c77c
SIMULATED,TD-TG4,Text generation,SIM-17-OOD-0073,6ee81a1561c63e05957a0f2983ba23a84f5f5dfdb9525d4e5ccf910dff29cde8
SIMULATED,TD-TG4,Text generation,SIM-17-OOD-0074,d90cafd6c68ebb067bac54be2ace83e43bffd708d197a19787d154509a5d8329
SIMULATED,TD-TG4,Text generation,SIM-17-OOD-0075,13c909f5cea183dfecd97ffb1dd7577bce50ef539d806caf8ee796af8b96cf41
SIMULATED,TD-TG4,Text generation,SIM-17-OOD-0076,5be4d4a8e5ab4b20284ef9cb338b370f7ab8cf619bc20de3124ec1eaed605c76
SIMULATED,TD-TG4,Text generation,SIM-17-OOD-0077,34b80f130a46d5ef63d4545caf641629039e0de0b72371653622fa37684d95a2
SIMULATED,TD-TG4,Text generation,SIM-17-OOD-0079,7f1a79c79e919a42e460b4deacd0700247f3d7e0719bb85a73a98638aa2d1312
SIMULATED,TD-TG4,Text generation,SIM-17-OOD-0080,9e11130efe3cb54d4f69208be7fdde253037957fbd9763fc2aa86a83fb206ac9
SIMULATED,TD-TG4,Text generation,SIM-17-OOD-0081,9995168badb83d3a7c4b34fbb61ef736f88e6385d74591919a80268db89ad48f
SIMULATED,TD-TG4,Text generation,SIM-17-OOD-0082,df6461bac3356b07672cc240d9226b99c001a80ac646f95d7f2affbeab32ddec
SIMULATED,TD-TG4,Text generation,SIM-17-OOD-0083,4a21bdfca0036c62702f0e86427438075153b059c4facffc3767b20a4faa235c
SIMULATED,TD-TG4,Text generation,SIM-17-OOD-0084,2626f9e86330489cd1b8d40c2ddb64770331e4b341e01e859cdddefc9d33127c
SIMULATED,TD-TG4,Text generation,SIM-17-OOD-0085,a053f752d15964ada684e8f2a40ac38a4c944fa1e72d6ffa49f40d23356ba239
SIMULATED,TD-TG4,Text generation,SIM-17-OOD-0086,1ba0b21615b79428469198ae1fc08e2b2fe42e160220509053d94db9c27674ae
SIMULATED,TD-TG4,Text generation,SIM-17-OOD-0087,4fe331af99262151969be4043be9c34cda18a5b97710dacee162396c5e0b2e59
SIMULATED,TD-TG4,Text generation,SIM-17-OOD-0088,001f3d337de3f1eaac9ff00520bfcc2f88533d573fcf20f822c917cd24bb9e87
SIMULATED,TD-TG4,Text generation,SIM-17-OOD-0089,724a9984d917d6a9e417f511c1010ac726b7f7a436cd6f5354e6172b4249d96e
SIMULATED,TD-TG4,Text generation,SIM-17-OOD-0090,76ce4e0403a9244679f68937e2e3e2867885d2922370ffde3266760fd13708ee
SIMULATED,TD-TG4,Text generation,SIM-17-OOD-0091,02a5df6dfd8d018148281eb404c9b807b86f41e1e99d9eaa23834c3b51cc25e5
SIMULATED,TD-TG4,Text generation,SIM-17-OOD-0092,4483adabd2a6b373dbaeb0f9f9a3e9864ee481da7019413bfc0b75382a638072
SIMULATED,TD-TG4,Text generation,SIM-17-OOD-0094,6303f25b9cd20878952bbcb12466dc382ee36452b54a52a8cf29db6fef067a63
SIMULATED,TD-TG4,Text generation,SIM-17-OOD-0095,90079fe799ba1aeecee3e76b822d6b8ab51a04b1f30af192b2771c008a105dc2
SIMULATED,TD-TG4,Text generation,SIM-17-OOD-0096,3bb4ed49e0c631f68ee8d701e38f955185bb82a0ca056d1cab94be9930f8cafb
SIMULATED,TD-TG4,Text generation,SIM-17-OOD-0097,b6053c4d2cea401de80f4d5ae77b0f11fb02e2c0d785625bedb538b644547ea2
SIMULATED,TD-TG4,Text generation,SIM-17-OOD-0098,bacc7206dc1c6ceaed6c292a423e691c563b243334a3de51ce6cd2ea93902742
SIMULATED,TD-TG4,Text generation,SIM-17-OOD-0099,3ee1622d6ea22d1b595ee0b2abf70edea24ff65184c984cf52ea43a98382350a
SIMULATED,TD-TG4,Text generation,SIM-17-OOD-0100,608a7cbf997e62c415ad364ceb382fc13b1f8a5aef5f30fbe197220dc8f5489f
SIMULATED,TD-TG4,Text generation,SIM-17-OOD-0101,de7e2da446cc156ceb0a5fa1433bffba7a52882f6ddc0ca3b693660b452f664d
SIMULATED,TD-TG4,Text generation,SIM-17-OOD-0102,9da9b402cfdef9bfd616231ab14617c792a62f20d7725a2de5f9f35a7f65bd0a
SIMULATED,TD-TG4,Text generation,SIM-17-OOD-0103,928e14d6f71bbeb38bd94794bd3d184a1f7a55b88047ca31f40a7df8795d8962
SIMULATED,TD-TG4,Text generation,SIM-17-OOD-0104,16578cd1677826c8ba6973f980cb18bd261614823105ac69082f29769866f29f
SIMULATED,TD-TG4,Text generation,SIM-17-OOD-0105,39df3461a9ca1991226068fb0a289465bdd7c475730066c56202888dbcb05dab
SIMULATED,TD-TG4,Text generation,SIM-17-OOD-0106,84522bc6cbc58ee28bdd20866e6455e5b693b2dbe30521e5ce7920f007170c04
SIMULATED,TD-TG4,Text generation,SIM-17-OOD-0107,aed3ea878242890a3bdc24e88b65c67c63b989ae983fec885c624d6846a197a4
SIMULATED,TD-TG4,Text generation,SIM-17-OOD-0108,b4144238194c36a9063cbb64d6c2da7579f31271d899f4b5c33430ac4c3c261e
SIMULATED,TD-TG4,Text generation,SIM-17-OOD-0109,4426a851dc0ce0ae276a247550b5126f569223f1605557dcf531ad45c40de9c8
SIMULATED,TD-TG4,Text generation,SIM-17-OOD-0110,5f1373e490fa35ccb3fffebcfb69f25635d27e2fe7d0ff9258dc250f12b0ce22
SIMULATED,TD-TG4,Text generation,SIM-17-OOD-0111,608fcfd04915a5e8bc546d0e43a2b80d1dbc32f1f033306bc36ca7bfbef20983
SIMULATED,TD-TG4,Text generation,SIM-17-OOD-0112,5760b3f649fdb4572ad5b4baa9db3b02070fcea0626b6e52f11609f4311a1938
SIMULATED,TD-TG4,Text generation,SIM-17-OOD-0113,740703bdf6f335b596b2031f76c0bf39c4ef56fdd7097e7a16f920926b3dd3e9
SIMULATED,TD-TG4,Text generation,SIM-17-OOD-0114,42c98d96911ed8284f7852e90cd2423470fbb79890056a6fa38790e5c360e548
SIMULATED,TD-TG4,Text generation,SIM-17-OOD-0115,a2a0335b018b7f5c7ac9f0b7452a4d81819035f3cd7b8b7fe5a0158569fb1121
SIMULATED,TD-TG4,Text generation,SIM-17-OOD-0116,54e78258c647b376732d94be83a9835ac55f4c1563a4685a0695b2a5730d6248
SIMULATED,TD-TG4,Text generation,SIM-17-OOD-0117,be80d7dd077b558821d6d482cc780aaad19f3a0dcc62a84821e75cfff1cef09a
SIMULATED,TD-TG4,Text generation,SIM-17-OOD-0118,0d62fd6328e2523b9f9ee17d11b1469c296fd59cc96d88ada4bf61c6b2a9090a
SIMULATED,TD-TG4,Text generation,SIM-17-OOD-0119,50c8aefcea95740dfb7b6f357502de0d51ae892e55827908070fdcb2364be185
SIMULATED,TD-TG4,Text generation,SIM-17-OOD-0120,15c2fd2e575f724aeef9c0097a6469ee3c8c86fe685701f335e9b2fc0bdbee78
SIMULATED,TD-TG4,Text generation,SIM-17-OOD-0121,2b1d7b5f66259c8db5da86782c372d044b85543d0aa205e14dbe162b41337e29
SIMULATED,TD-TG4,Text generation,SIM-17-OOD-0122,3da8eef674dd9ba1ffdcd4807a1841691c5686419dde4a157044ee6138143b6b
SIMULATED,TD-TG4,Text generation,SIM-17-OOD-0123,dfa89d15d5958304d55db618b6e2bb914ba8565b7470b7cb10bb9f97e2673065
SIMULATED,TD-TG4,Text generation,SIM-17-OOD-0124,b6622e56f9cbf2645696e8027a278c5f3f155558000e8526a8852b8e275892bf
SIMULATED,TD-TG4,Text generation,SIM-17-OOD-0125,07d600dcba9556564e9078c316bd028bff70472097e8b8ea13bb466abc410d2b
SIMULATED,TD-TG4,Text generation,SIM-17-OOD-0126,5d03ed51e1fa0779ead13ceac7a31990db129cb63982242eb5839200b26ace19
SIMULATED,TD-TG4,Text generation,SIM-17-OOD-0127,bad2f3fa2a0a7f6332fc913193c39a5b199724e4c1fec5b6033b702671633ae3
SIMULATED,TD-TG4,Text generation,SIM-17-OOD-0128,b25415600bc75ec86387fd66dc100973b7b85f612147b59e55866348bec0a1fc
SIMULATED,TD-TG4,Text generation,SIM-17-OOD-0129,a4f328001d1810687a4344a8eaece7797662cb2242b621dee8ac99e340ba7847
SIMULATED,TD-TG4,Text generation,SIM-17-OOD-0130,70a93e03234f3fb490ad14a301707151dc9f5cb51870dae7c6d016f5114a15f0
SIMULATED,TD-TG4,Text generation,SIM-17-OOD-0131,124da9e28b31aeae4c3d1393d41831deaf6ff961ed00247eb7e58cf1e94139af
SIMULATED,TD-TG4,Text generation,SIM-17-OOD-0132,1798593c6210cbd814f66cb31b6a6b8b33bd1dc0e8c59d99af14d448f7e6e623
SIMULATED,TD-TG4,Text generation,SIM-17-OOD-0133,383f0e70fddf9e79992b8092836eaeeb54a4d78f4f34227134b9de7b86418f2d
SIMULATED,TD-TG4,Text generation,SIM-17-OOD-0134,3f20bbd7b5317af6bab5b878d4855c5702743cdb3df34288efcc376bedb6857c
SIMULATED,TD-TG4,Text generation,SIM-17-OOD-0135,5935f38e5804ae17d81f0d4762109aef6761a3a33e0d9b01e6fdf7701fff577a
SIMULATED,TD-TG4,Text generation,SIM-17-OOD-0136,23e3f19ce22bb46614c52735343c5c520c8d96804a123d1efb3e88d0e886c5a8
SIMULATED,TD-TG4,Text generation,SIM-17-OOD-0137,03234f199cea049eb91718c99c3f043f1e7c2699e75c6289a5f438ffd2849007
SIMULATED,TD-TG4,Text generation,SIM-17-OOD-0138,b6123da1bd9a60905ff3badd7c73d1e23a9b2906161d6403c5cc93ee563f7b2f
SIMULATED,TD-TG4,Text generation,SIM-17-OOD-0139,bc48042a740fe5daedccb673cd66a3982bc8a0aaa93b895d301acc4133be8dcd
SIMULATED,TD-TG4,Text generation,SIM-17-OOD-0140,a8ffd3b3a98f3815098e22129e044f0ced06f03c25771e6f35c0cfb5e9974b7e
SIMULATED,TD-TG4,Text generation,SIM-17-OOD-0141,5596db13000ae7f1aed3d8468c1044b513b386ecff838d6a4b196565acaf071a
SIMULATED,TD-TG4,Text generation,SIM-17-OOD-0142,0f424740fbe17fad0f831d665fe08d2cf2701875ac3152f2aeaf64f13520640b
SIMULATED,TD-TG4,Text generation,SIM-17-OOD-0143,107a7cd4280e595f2becfc0839170d1fd8583ae2f50207f3aa13dfdb9e2627fd
SIMULATED,TD-TG4,Text generation,SIM-17-OOD-0144,5f4f3ce727ec5f48a60ecc6b75bc79833fc9099c654f2d427a6752311466b2f3
SIMULATED,TD-TG4,Text generation,SIM-17-OOD-0145,78a445a64e18c6f24c99df0021ef0aeacb45562b80c382a6ca97d8b074237502
SIMULATED,TD-TG4,Text generation,SIM-17-OOD-0146,9599bfca3de95978a4262555273099ec28de2445b861ea430a4fe0ce32fbb24f
SIMULATED,TD-TG4,Text generation,SIM-17-OOD-0148,35c03b53fd0e90aac0bb6d17c11598879663a076024b02c738e3603c223546ea
SIMULATED,TD-TG4,Text generation,SIM-17-OOD-0149,7493e32de2f7bb9750c410ce7a141c35437f03a9ed30632584f69ee593229249
SIMULATED,TD-TG4,Text generation,SIM-17-OOD-0150,26e03309b3f84fa10f59577a8a820295591df668dc5fac0eda315738a2abe9f7
SIMULATED,TD-TG4,Text generation,SIM-17-OOD-0151,cacae1d49a0adb73a3fe28a8bd49eb715b32ae02c66842d6d052d346fecbd95e
SIMULATED,TD-TG4,Text generation,SIM-17-OOD-0152,a45611543b9a264ad9a8b15c5af445d6c59f61ea815fd6d4b3494f3fa5b5cc0e
SIMULATED,TD-TG4,Text generation,SIM-17-OOD-0153,31ebb97e3858dd7386a271fdc3f400747f31448b3d4bc62e627f458935ff8267
SIMULATED,TD-TG4,Text generation,SIM-17-OOD-0154,0a772df836979bdd7031c7c2d0262adacce7f7e662fbfa690211ae8b1e489765
SIMULATED,TD-TG4,Text generation,SIM-17-OOD-0155,4d7b79d3d9b13bf9e1854cecae25ee1adc2d7343dc486558fe40d93599861004
SIMULATED,TD-TG4,Text generation,SIM-17-OOD-0156,79c0e183019608214ebe1c93d40ad9d11219e73bca589f5be40a55aa1b726506
SIMULATED,TD-TG4,Text generation,SIM-17-OOD-0157,c891e791ca16a236de8aad0f056274f16ef2f8b1a7d854585a521856e367e921
SIMULATED,TD-TG4,Text generation,SIM-17-OOD-0158,2f66f801d2915532899408a3a7341fd4f30446f4e5ad1419b0f1529d5f43fc04
SIMULATED,TD-TG5,Text generation,SIM-18-OOD-0000,df61c950cd6d5a1200ff014507bc521cd1712e50d1894cf0edbf4cc3a5eec0a7
SIMULATED,TD-TG5,Text generation,SIM-18-OOD-0002,54c9561e5198dc370e6823dc9e19924da3f6bf56cfbc844398d1d72538e30420
SIMULATED,TD-TG5,Text generation,SIM-18-OOD-0003,098ca45bc8af8c93def9d6bdaeeca3f451f155edc2984cfe8e07c7c84fdf9e02
SIMULATED,TD-TG5,Text generation,SIM-18-OOD-0004,ca234fe9c6fca5a731ad3662fabed8012729ddc526fcbe4ec42d40864af17b4b
SIMULATED,TD-TG5,Text generation,SIM-18-OOD-0006,d9df3c1bc0f17256f992f42d80beac10fe1767c25667e400bb6e531897235314
SIMULATED,TD-TG5,Text generation,SIM-18-OOD-0007,71680133136f35a92b6701e5d0d37ac2a3d5889ef17b7d1bbe21dcf68a7a96d8
SIMULATED,TD-TG5,Text generation,SIM-18-OOD-0008,719ef9830e2f16aaf535d2767eb9a5f7d7be5411af0d9912d33366c88dd331bc
SIMULATED,TD-TG5,Text generation,SIM-18-OOD-0009,554143f219181d69e2b9a4811d4842f8391b151c83d21f064759650d9d14933e
SIMULATED,TD-TG5,Text generation,SIM-18-OOD-0011,b5f3fc1d1d71f371c3bdc3ab2c636b105222974c2a5ad25916e092c158af8d18
SIMULATED,TD-TG5,Text generation,SIM-18-OOD-0012,72d7ef0b1504e91e070edd3546f543f461b7484034981f94d51a342580fb799f
SIMULATED,TD-TG5,Text generation,SIM-18-OOD-0013,11643b06881ab2c196e405f6203be253cf0685fe757aa6db2422c4df66c01d35
SIMULATED,TD-TG5,Text generation,SIM-18-OOD-0015,7e2ea1f3313f413645f484718cee930511ab6b066f8c0b0dbbcc2c3a4ce8e3cc
SIMULATED,TD-TG5,Text generation,SIM-18-OOD-0016,8ef5910dfccc1cafb7b1357a4b101d276f189ff4681c4ab984212bdede21b072
SIMULATED,TD-TG5,Text generation,SIM-18-OOD-0017,d102ab5227925a29de1f31f9215427948cc177ba0c94869100337a93927f5ac0
SIMULATED,TD-TG5,Text generation,SIM-18-OOD-0019,6add2a843861dbae8a0a6308abc9160bbc0bc04fe1822abeb751e8e192da3431
SIMULATED,TD-TG5,Text generation,SIM-18-OOD-0020,a3f5a9a1f1fdf7cab4247154831f9aaa22b9cc7b553e9fd5bf445d484356ed1b
SIMULATED,TD-TG5,Text generation,SIM-18-OOD-0021,1d779ddab5d821a088d8913e778b9798214229060038a9af2c401db8cffccf22
SIMULATED,TD-TG5,Text generation,SIM-18-OOD-0022,71844f1d489d576814e78e4347ce0923cf2cfad4608c0f26b4e9eba295d21338
SIMULATED,TD-TG5,Text generation,SIM-18-OOD-0023,5d9a309746ffb4f98ee343aeabc288e2db1dbfc5aa7793b2fd9ae499b8dd9f10
SIMULATED,TD-TG5,Text generation,SIM-18-OOD-0024,71a586457c732e76c12583faffaf76a80f4f613b462779ed107f157be3d7218b
SIMULATED,TD-TG5,Text generation,SIM-18-OOD-0025,88aecaab3cae34efc601e9dd7570897214d59a2c8753d775ab4d05d313a9a77b
SIMULATED,TD-TG5,Text generation,SIM-18-OOD-0028,b64967e7d800806ee3bf66fb49f15be3adff80a3dda23bc54ca269f6af01f4db
SIMULATED,TD-TG5,Text generation,SIM-18-OOD-0029,3c341998913a1e26fcd4c9307e058672ec2dcbc8038c434404778e961f1a9b8b
SIMULATED,TD-TG5,Text generation,SIM-18-OOD-0030,612c61797f82674e748d2608aa701c4ba86a51ad593cdcd5cca9656ba13fa85f
SIMULATED,TD-TG5,Text generation,SIM-18-OOD-0031,7d59e593e297514977b5925d5be4f97ff41c6e857a0da7d1ccfc73e4f18c6441
SIMULATED,TD-TG5,Text generation,SIM-18-OOD-0032,e8f141f4c12f1696f68e1a6a46767b24899f5ba4b812a2d3bb84a940e82191ea
SIMULATED,TD-TG5,Text generation,SIM-18-OOD-0033,d54b774040f3858adafa4a5bd181d81eaba525ac2c26caa6b2b600b3e65d7e79
SIMULATED,TD-TG5,Text generation,SIM-18-OOD-0034,23198b7c7f3a304e3a6f16e708b90c30e694aa8f0576933c5d11e864ba99707a
SIMULATED,TD-TG5,Text generation,SIM-18-OOD-0035,5de8da4b009a99759eac009057d368314e8c31b58c275cfe703fd6ca1256bf09
SIMULATED,TD-TG5,Text generation,SIM-18-OOD-0036,2f22c3f3075ba23bcfd13e00febf2015186fdae1ca17c53370f67451ae14e712
SIMULATED,TD-TG5,Text generation,SIM-18-OOD-0037,614efb24febfe4c24106e05c9df6cb80b47c0156b67345a5f5009382b91882e0
SIMULATED,TD-TG5,Text generation,SIM-18-OOD-0038,ca3fb3aee8394ee73e791554c19e068554965c5f7ad854e150bd71358226b546
SIMULATED,TD-TG5,Text generation,SIM-18-OOD-0039,030f41fa904930c7d571b768fce7ade822834619381bc18b243e846731f04a23
SIMULATED,TD-TG5,Text generation,SIM-18-OOD-0040,16d6b44419b98030d8fa2626e6173dcafbb70a1f8b9f7369b0db31dd2757f6e5
SIMULATED,TD-TG5,Text generation,SIM-18-OOD-0041,3b29a3f04a4a89efa62300070cce9a810edb2e5941f000b8e90ae3bd4c87792f
SIMULATED,TD-TG5,Text generation,SIM-18-OOD-0042,6c34f8ef2a59eac5b319b9cd2918384d510247fc5e33e6eebc4c170f98e641f7
SIMULATED,TD-TG5,Text generation,SIM-18-OOD-0043,b5ddbca88a4bd9ff6486610dbb70ae95d9262c6f754f9086ec4036aa5478e129
SIMULATED,TD-TG5,Text generation,SIM-18-OOD-0044,c5fd2524371111ee56065d4a4d4549ad5c9fe90f13749b490d5152a792d6ff5a
SIMULATED,TD-TG5,Text generation,SIM-18-OOD-0045,0c52e0fc5dda7548a3c363ba2266c17e53bed3358b94241db4dc2822e269a9cc
SIMULATED,TD-TG5,Text generation,SIM-18-OOD-0046,d88226dd802346bbadee0b9884704304411d287b978cc99ea19604c37ba78528
SIMULATED,TD-TG5,Text generation,SIM-18-OOD-0047,e09fa55eb519f9f4e133f6622c1e574dc54761fba20735b01ea4f5a04a48d203
SIMULATED,TD-TG5,Text generation,SIM-18-OOD-0049,02d6191a441aa7ba4c24d58c35d3df2eb97260d70eab2b27b77332107997a43d
SIMULATED,TD-TG5,Text generation,SIM-18-OOD-0050,7c67a9184e78dd12f0a624d50e2a9c45928073a16cbefadad1e94ba4ddbb264b
SIMULATED,TD-TG5,Text generation,SIM-18-OOD-0051,7cc3284ec4dead70282fc97dd9ce44d9d17570e01ec61ea98a6f7147ba393faa
SIMULATED,TD-TG5,Text generation,SIM-18-OOD-0052,cb002407c420ba75fc85f1308f06824439d60dc4d762df832eab558c062e9121
SIMULATED,TD-TG5,Text generation,SIM-18-OOD-0053,e255dd1345cac3736082d7464d959e5e916eb242e5a5d401dff98a242e66311a
SIMULATED,TD-TG5,Text generation,SIM-18-OOD-0054,cf817dd8ab59ba02a001ad57faae6d90f60def3aff9a83ad3260c2df4b4b5eda
SIMULATED,TD-TG5,Text generation,SIM-18-OOD-0055,1dafcd15da754da49bebb5f3901f4de7d5255a4983de5addefafcbeaa9e8577e
SIMULATED,TD-TG5,Text generation,SIM-18-OOD-0056,7648c0d09c1380580d4d0b36cfbbcbed7ddb2d54b12a6df3d4fbacf91eb58b46
SIMULATED,TD-TG5,Text generation,SIM-18-OOD-0057,2f8ba81e279afdbd44a1c3f389e57bfd4754bc468fe08caa23699b203a065131
SIMULATED,TD-TG5,Text generation,SIM-18-OOD-0058,af58ca3b1431802d3c6f8383368ecde2787f0e0c6284a44b40e82a22ab06ea08
SIMULATED,TD-TG5,Text generation,SIM-18-OOD-0059,6caf3d51851c28589f40cd13772946063c61ea854c756489dc883f9e88a7cf89
SIMULATED,TD-TG5,Text generation,SIM-18-OOD-0060,537b4a40b21ae58ebfd231eedf50fb005322e4319060c32655c8bf756974d2d8
SIMULATED,TD-TG5,Text generation,SIM-18-OOD-0061,5ba471cda8f717ebc9d46213e71be10e42abc6379c5fce08534da36b79bdf6f9
SIMULATED,TD-TG5,Text generation,SIM-18-OOD-0062,aa81fd43fb598dc2bee9a4512b5a457b06ee4540faf3e2658cd924e3c64d1995
SIMULATED,TD-TG5,Text generation,SIM-18-OOD-0063,afb8eb011d195782915672575bbb577c3bef2fee8e9891b05b92d74291f6155f
SIMULATED,TD-TG5,Text generation,SIM-18-OOD-0064,7133bad3cf48b12016a935a32bc4de4543a955614df7cd11310635012003e81a
SIMULATED,TD-TG5,Text generation,SIM-18-OOD-0065,cbcc2bf3a117d70bc71a15ac0703fa3a2dc21f8d2c8dafa8e6ee7d8dd93d075e
SIMULATED,TD-TG5,Text generation,SIM-18-OOD-0066,a188b9293b64cb5d76b54d428c998f74fa3221ad2720b1c5c9977595fe569712
SIMULATED,TD-TG5,Text generation,SIM-18-OOD-0067,4db0acee7e55ee3a25ed0ead9dad3a8aa6c51a3dfee97ce22bae22593a6b82d6
SIMULATED,TD-TG5,Text generation,SIM-18-OOD-0068,be1c606e9c7f4bf3111119e9e532f273065f147371c371cc1db4fa0f38396699
SIMULATED,TD-TG5,Text generation,SIM-18-OOD-0069,54fbaa7881c984fe403beab2bd0d2bdc9b3ba6813ccb2df68771eb4fd0c4d852
SIMULATED,TD-TG5,Text generation,SIM-18-OOD-0071,8411110e6497d8e4909ef8ad132c7b9ffd5a15608295978ae5a5c9b5372f382a
SIMULATED,TD-TG5,Text generation,SIM-18-OOD-0072,983e408292541448a8f46db152fa83b531833d5ae31e40522d4dddaf7aaf7a04
SIMULATED,TD-TG5,Text generation,SIM-18-OOD-0073,1175999f1516fbe122b80bf55756b404eb06d6bae6804c5de707b2ffa276e40d
SIMULATED,TD-TG5,Text generation,SIM-18-OOD-0074,216a90e80fd4b387d0dfc4dea8423ec02bc38632e363b682c60917cc8514048b
SIMULATED,TD-TG5,Text generation,SIM-18-OOD-0075,954f421dd10308580eea47a27ac1ad21619726190d3b615345d8c215b838dc16
SIMULATED,TD-TG5,Text generation,SIM-18-OOD-0077,e66947c9229fee14841b429a4c48983453003d4bf09c8ca21a5a63aab5616907
SIMULATED,TD-TG5,Text generation,SIM-18-OOD-0078,092ad9bf80042f6dd61ef88b1ad65fd6f520ff6c6cdbff2fea80981074caf360
SIMULATED,TD-TG5,Text generation,SIM-18-OOD-0080,c1e54527527ac93148713ff21a25afea29a06e56b31564a247c7a85e8b80ead0
SIMULATED,TD-TG5,Text generation,SIM-18-OOD-0081,09f76d5e31a17e73e048ef896e193d50f3c045f19e0f3737e788803e9a40ee0f
SIMULATED,TD-TG5,Text generation,SIM-18-OOD-0082,65894383bdb22fdfab94265a1ff3125446003eef25a7a76cb36bbebcda043996
SIMULATED,TD-TG5,Text generation,SIM-18-OOD-0083,669cd1c3fa899dc341bd948edf38a3e3ab8a3be3fa6b20a50a722ffe5db11532
SIMULATED,TD-TG5,Text generation,SIM-18-OOD-0084,1f3b6274e7b9bab76944d3ef18db14998a475a5d193b3081b85d1df9b7c10446
SIMULATED,TD-TG5,Text generation,SIM-18-OOD-0085,76381c1a4409ecbcd2ab01a8503bb6490261ac6985d61d4b6615b68ad0c39f2e
SIMULATED,TD-TG5,Text generation,SIM-18-OOD-0086,25ecfed4f0197bcff65555614f9a2faee7ffad80b07425d550371ec55de3f277
SIMULATED,TD-TG5,Text generation,SIM-18-OOD-0087,7a8091f701933a1f1279608caeefcb3ace02ee50756b562af3778bc21fbe30ac
SIMULATED,TD-TG5,Text generation,SIM-18-OOD-0088,2d67128de7b8a6775f351bb669ea46b038c87ad65597972fa5172a3539c7a0ca
SIMULATED,TD-TG5,Text generation,SIM-18-OOD-0089,b7a5a8232e5efc8e856f21439fbab5345493f32b901e16c0d519bccbbff059f4
SIMULATED,TD-TG5,Text generation,SIM-18-OOD-0090,0d634e3f8fc78bf9e98cd5c604f4ae6d34bafa9bfb8dbe1a5512f331ca12431f
SIMULATED,TD-TG5,Text generation,SIM-18-OOD-0091,a8822b5dab99f4037adab6f2a6a279e5b0a03d819ce7409761774205127f1b8d
SIMULATED,TD-TG5,Text generation,SIM-18-OOD-0092,1630bc22d934fba729c2386cb07db71e07563f0271e6ed0b1f60624194f732f3
SIMULATED,TD-TG5,Text generation,SIM-18-OOD-0093,883deb9fcbc99a5767eb5720e088544704cd48d93f91cd704459b6c11995f4a2
SIMULATED,TD-TG5,Text generation,SIM-18-OOD-0094,3ccf25556a545f0a771f5976577fe8e7d92e240920377c39113d7a59db7ce665
SIMULATED,TD-TG5,Text generation,SIM-18-OOD-0095,db10fffe9b4921fb04b7e755ca2c174c14c23e847edb0b4968ec90af92e7f4f2
SIMULATED,TD-TG5,Text generation,SIM-18-OOD-0096,5f3e8c6bf0f82cb004ad7b31817eeee40a42966ef3767ae4ec965aa5a438fc40
SIMULATED,TD-TG5,Text generation,SIM-18-OOD-0097,47d2fd2e45179d3c88490bbf145523bdc42619af0862e029fb00b0efb1e5d1a9
SIMULATED,TD-TG5,Text generation,SIM-18-OOD-0098,3173a7cbfbfafae9aa46bb164b150f53b427c1174603ba501cbd9cf188fe1699
SIMULATED,TD-TG5,Text generation,SIM-18-OOD-0099,44c48ce3084f3c6555a7dabdd9836013f21df9414fa61f4cbe6ea8cb64c6a273
SIMULATED,TD-TG5,Text generation,SIM-18-OOD-0100,a27530d1ccde15da4a8b11c7aafc7786eb75f22fc0822dcd5fc69547c2441fc1
SIMULATED,TD-TG5,Text generation,SIM-18-OOD-0101,c5c19222884e44132811de40865ae5636bd3fa78b77e7beb245456652642aec2
SIMULATED,TD-TG5,Text generation,SIM-18-OOD-0102,2afb43f5930a5a2ace25ab717811f2aa41196b314716b1f21bf005a9d791072d
SIMULATED,TD-TG5,Text generation,SIM-18-OOD-0103,0074d186cbd9faaee0ce77bcc4f0e499016289a414e5192143d29ad1075b4017
SIMULATED,TD-TG5,Text generation,SIM-18-OOD-0104,928db6bd227276b67537775dd2cdd2a571b1b9e0956b25776218fe65c2b05923
SIMULATED,TD-TG5,Text generation,SIM-18-OOD-0105,3ff6b63c7b28c146b323f643776f716487e02b5ba0cc1d07f79409639d9cdfd0
SIMULATED,TD-TG5,Text generation,SIM-18-OOD-0107,a3297aa0f0b70be6326c01003a552ad66d86e0f1884f7228b34897ea9358cbe0
SIMULATED,TD-TG5,Text generation,SIM-18-OOD-0108,ae81bdd336b57a7b29b87acdc0f3c3dd9ab8007c81ca835ce4839b93e81998c0
SIMULATED,TD-TG5,Text generation,SIM-18-OOD-0109,a3de4c76cd0669067fd19aafb21dc6e2745ccfb867d671bc5b0d211748c8d40c
SIMULATED,TD-TG5,Text generation,SIM-18-OOD-0110,6fefdc4c59bbdfca54d37b4b5de29f8d9738226176f462901ea46d2715fd4155
SIMULATED,TD-TG5,Text generation,SIM-18-OOD-0111,e3f0f06823077f0624a1b6333d20d4127202359722cad83d60605add77f91ab3
SIMULATED,TD-TG5,Text generation,SIM-18-OOD-0112,c791fac87984c3a1277f7ee6b717b66849d926094df70eb531d6c8801d4cf519
SIMULATED,TD-TG5,Text generation,SIM-18-OOD-0113,a7db26c01ba2cd659094362ddf7e15433dfa16df05470c92ebd01100223cc7e7
SIMULATED,TD-TG5,Text generation,SIM-18-OOD-0114,47a7be741140f8f80afdacbf55e48bdc093e1f0417ba0443f6a6df9f3838a30d
SIMULATED,TD-TG5,Text generation,SIM-18-OOD-0115,0d02c3f67720d1b6a475bcafd3fef3c5e033d602f2ac7fd4bacb0c027b614144
SIMULATED,TD-TG5,Text generation,SIM-18-OOD-0116,29a74c203fb21da83f28269e3f5c8b538203f619635d8d96c58258ab245c27bd
SIMULATED,TD-TG5,Text generation,SIM-18-OOD-0117,75948934489c76047e5601d1680c9879c8a5fb7cb9b2999ca030321020faad4e
SIMULATED,TD-TG5,Text generation,SIM-18-OOD-0119,79165e75cca09f4754c793ed4823d9d020246d92716ba5bf5e08a7c26df58237
SIMULATED,TD-TG5,Text generation,SIM-18-OOD-0121,46f9e54180ab4c81c58771bc071cf4cd60039defc19ddb9d629de57b44f3505f
SIMULATED,TD-TG5,Text generation,SIM-18-OOD-0122,3034146c983be8acab7b3fb38f07287d205458018d4fa50a9033a303b7608ed8
SIMULATED,TD-TG5,Text generation,SIM-18-OOD-0123,3b55fe099a5217a7e1500dae6a8643057ac2a24d47c429966983b7f03e919783
SIMULATED,TD-TG5,Text generation,SIM-18-OOD-0124,447a195b817ca560745f23af4253a45c077b94ad62a6bb713fb6e800f95bb60c
SIMULATED,TD-TG5,Text generation,SIM-18-OOD-0125,76475670645cc7b680c1a766a001af459a2c0c3db97c4b372bc13b940a06f3a7
SIMULATED,TD-TG5,Text generation,SIM-18-OOD-0126,27ccff63fcb0e384514301c80388fbfbde9e7dd64d5ad1cca23d7091811969bf
SIMULATED,TD-TG5,Text generation,SIM-18-OOD-0127,e694e1bbfdbb734e0edd3d296a290cfbe39a4db2812cbae19f9fdccfb260d296
SIMULATED,TD-TG5,Text generation,SIM-18-OOD-0128,d8f40ed76f2336893e8697d710c0d5c361b1258c3c50c5c7fb99e394147c523c
SIMULATED,TD-TG5,Text generation,SIM-18-OOD-0129,1680e6260e900e2d0485ff44e6b7542c6421f0225b12c53cbb5cb7d5bb586e50
SIMULATED,TD-TG5,Text generation,SIM-18-OOD-0130,9507ebf83af02bf5934a8429261150f40c89dc8b016ecd5c15500ce05e22787f
SIMULATED,TD-TG5,Text generation,SIM-18-OOD-0131,3a735df6ece81458905795abe94bfa195f7ed94da4d6db40fde9431aab0b616e
SIMULATED,TD-TG5,Text generation,SIM-18-OOD-0132,9be06ab30c8b1e55b6809540bca973b16c1f830ec4cc424f14a6071969091954
SIMULATED,TD-TG5,Text generation,SIM-18-OOD-0133,235e02bff9d34e4d03563ef82bdeeb4f60bbe787e4001337b433fbdea72824b8
SIMULATED,TD-TG5,Text generation,SIM-18-OOD-0134,50f8fab590135467681bc902d6863399c876370b459ccc1bebcf5540b48db554
SIMULATED,TD-TG5,Text generation,SIM-18-OOD-0135,31d27da03c6d488214ffcf3b245559ff0ea5b963d7f65edd332b8aa8c826e93b
SIMULATED,TD-TG5,Text generation,SIM-18-OOD-0136,58c6cac6bd8bd9eddddcb4342a988ca027834fea94dea26ab42b97e2929a8d88
SIMULATED,TD-TG5,Text generation,SIM-18-OOD-0137,74ab310399c3a92c92a6c246e97b80b88a0ac90f2bc2cab09c6e6b162223c58b
SIMULATED,TD-TG5,Text generation,SIM-18-OOD-0138,5617a2e82c213c8129f2a826a0e2c1c091f00ccf9f1e79672e12fadc291f3a4e
SIMULATED,TD-TG5,Text generation,SIM-18-OOD-0139,3a9c248b68d57aa1f0c16c443baed1e870b6c4121a272c70c652be0330d62aac
SIMULATED,TD-TG5,Text generation,SIM-18-OOD-0141,456adcc2916bbb6b53a7ef46ec4eb8fae81af3e6f96d6038a7996a4015a243cd
SIMULATED,TD-TG5,Text generation,SIM-18-OOD-0142,28eb357312b2903e07f6e90cd75b071bed84062fbd0944d6f0f18346e0953c1a
SIMULATED,TD-TG5,Text generation,SIM-18-OOD-0143,d5352604c6a977cf999f62ac39dc8555221fbac72744e6fe5fdd1edc6e1db1b5
SIMULATED,TD-TG5,Text generation,SIM-18-OOD-0144,91c3236281e9945cfd71cc9e975810cebedf41625958aafab94ad6edf4c8efd9
SIMULATED,TD-TG5,Text generation,SIM-18-OOD-0145,a9437670e491cc20fc62b5d547001a83483fcfcaf61af77871cd2c9f773f2b64
SIMULATED,TD-TG5,Text generation,SIM-18-OOD-0146,090f3b09f3e7929e7fd9cfca73235342a2121018645e164857640cac522bfdbf
SIMULATED,TD-TG5,Text generation,SIM-18-OOD-0147,adf6d44581bfc0fe0bee1a79e93ca9aaf00b27653c17c7c8dac2cadf4c661599
SIMULATED,TD-TG5,Text generation,SIM-18-OOD-0148,11e3f21a777cf488e16d9ca46625cf6a97dcf13d368fa021255149ced9c093eb
SIMULATED,TD-TG5,Text generation,SIM-18-OOD-0149,8efeb849ae27f73e3d7f31b008f8f8fbf80c1a0b172cc435d7af547b38fd0d12
SIMULATED,TD-TG5,Text generation,SIM-18-OOD-0151,972ccb043cad97801d6c40a275f98c4c0baec790ba2c396fc95092da68412c46
SIMULATED,TD-TG5,Text generation,SIM-18-OOD-0152,4fe5148acccdd2a2b50ad8b1df862a725c959a461b1469bf1bdc4b9f55ffafca
SIMULATED,TD-TG5,Text generation,SIM-18-OOD-0153,0c5324290221b8e725b058fb0f51273d9dd7f9765c0113eea82c3d4ba0c2f522
SIMULATED,TD-TG5,Text generation,SIM-18-OOD-0154,c4af4808e41e54f861edd80355ae6dff2b457a516058e9b8fa9d788f5be88892
SIMULATED,TD-TG5,Text generation,SIM-18-OOD-0155,0d862a1a57c6e6f6d28ba50b32c5261277390410b81998c2e5edd6127a925760
SIMULATED,TD-TG5,Text generation,SIM-18-OOD-0156,189a3361aee71c52f3c69d284006c406f70e778e49b1a720c45f957c6fb2e388
SIMULATED,TD-TG5,Text generation,SIM-18-OOD-0157,648a537f37d297a916be2b04f70291bdce3615fd5bc83c9969311e058f00c6a8
SIMULATED,TD-TG5,Text generation,SIM-18-OOD-0158,6ce035bc8b177c5ed18393c8207ec21653de2c673259a91c286f055078f100ee
SIMULATED,TD-TG5,Text generation,SIM-18-OOD-0159,6a4285227f2d6f3c683d1c6404001433162f3c7817dc595e8d278cd01891bfdd
SIMULATED,TD-AR1,Automated research,SIM-03-OOD-0000,788141ac013031a433a0e8bc61e17a641cdc3726d5f68109d09a8aa7145a9567
SIMULATED,TD-AR1,Automated research,SIM-03-OOD-0001,07cd74fd9fce1be4b78ffae90ce0207e33d78b1b0e4e6bb4a010f68eb605ba66
SIMULATED,TD-AR1,Automated research,SIM-03-OOD-0002,b727ca7d9f81b55a9ef5cb4f02b1fa5aa2232390e08c558e051cd2e7da061213
SIMULATED,TD-AR1,Automated research,SIM-03-OOD-0003,6e05aa72460bcc08c0c0735b9208e6377e96d9cd939de66d52c4bd919f8d3899
SIMULATED,TD-AR1,Automated research,SIM-03-OOD-0004,c3dd5c6b6e6d2476b60ced422b3e8424471b41c152188cd88cb145c9beec0de4
SIMULATED,TD-AR1,Automated research,SIM-03-OOD-0005,4f380ea866b6c68b150f9a5455f46b076526059b52881caf470b8e3111595449
SIMULATED,TD-AR1,Automated research,SIM-03-OOD-0006,be94d6b5905d71f6ff4444583b91271e940d4934a9220f59c91b45f92cdc127a
SIMULATED,TD-AR1,Automated research,SIM-03-OOD-0007,e3b6703fd1c552cdd8faa57cadf73cb8fd4bd491db5b6252fc6078de5914debb
SIMULATED,TD-AR1,Automated research,SIM-03-OOD-0008,7ba725e57527acb03ac635fad9da071e7aa3219a59a75349665674a99a2965b7
SIMULATED,TD-AR1,Automated research,SIM-03-OOD-0009,e1e98b61371941af2e1da956b199c534692e37488d0731f276c23eabfa673d81
SIMULATED,TD-AR1,Automated research,SIM-03-OOD-0011,0c107c8d86f8f5bab9bd288f3b7257206564a91729a93695e69542f626415b97
SIMULATED,TD-AR1,Automated research,SIM-03-OOD-0012,8e3cf5afd6ea56348333f56e5fb6af61448fdfd6a3e6c59f14e465e466912b2f
SIMULATED,TD-AR1,Automated research,SIM-03-OOD-0016,09ea075038200cc793ce002b0bbde3f1afa2e8c871744394f7d9ac9bcb2943cf
SIMULATED,TD-AR1,Automated research,SIM-03-OOD-0017,9d7b7e487f39d8076d52b96907a1c4c0c3aa8fcf8da577307d51b95ff4de4b8f
SIMULATED,TD-AR1,Automated research,SIM-03-OOD-0018,8ac9e2f0f92b6cb877432d5c1b7f03afc53263635d926976de2de615e45d5e4b
SIMULATED,TD-AR1,Automated research,SIM-03-OOD-0019,a582ff4a8fa920c8cfa64d3572b18bfe0a520bcbb2672c9188a98c6dfd100a26
SIMULATED,TD-AR1,Automated research,SIM-03-OOD-0020,38748466ad778e82446ab1e72432a971a85bba59a66749059eee881405d23c1f
SIMULATED,TD-AR1,Automated research,SIM-03-OOD-0021,0146a4096509fec7cd9aa9f66e1b2efdaeb8d82a21dda6d4092b3b5b9eca862e
SIMULATED,TD-AR1,Automated research,SIM-03-OOD-0022,72b3cc7ced2fde3100e9c7c3fd5754de7d3b25008fb8477c7837ef7ea644fa35
SIMULATED,TD-AR1,Automated research,SIM-03-OOD-0023,bf40921425a0f47b5fb6b5f9e468a943af283b6ebbfe92b0a70cf8ff9802637b
SIMULATED,TD-AR1,Automated research,SIM-03-OOD-0024,b186226976ad9c7bb5ddf6e61c9069f3c1f87304d352ea851be62010ee0def14
SIMULATED,TD-AR1,Automated research,SIM-03-OOD-0025,d628a6fbb871218aab4eb1aeb37828d0504fc5d912449cb9976a2d4d629ce4cc
SIMULATED,TD-AR1,Automated research,SIM-03-OOD-0026,191cd70b029623ff97dd4858598ce76e00f6b5e2f4c5f16092309a6bcdcefba2
SIMULATED,TD-AR1,Automated research,SIM-03-OOD-0027,b5fcbc10abe04a482c5d6e836f63019faa67af6cfcba4514e9e90d7eef19aee0
SIMULATED,TD-AR1,Automated research,SIM-03-OOD-0028,3fb6de33c8f6f7443833edf030aa68863a4605c85caeb8570974a615ecef7c4f
SIMULATED,TD-AR1,Automated research,SIM-03-OOD-0029,afff7942ba23ca03c291f071054e3d880720d619e98603c4096aa596aca8d049
SIMULATED,TD-AR1,Automated research,SIM-03-OOD-0030,a786769a89d9a20ccf4d3db3aaef1639203477fb7f0608f6d6fec59ebe2faf56
SIMULATED,TD-AR1,Automated research,SIM-03-OOD-0031,042ed7abaadf2dc5b829ec3a3afb6e590b139e6b4eeb8eb0f28a814a7917ce7e
SIMULATED,TD-AR1,Automated research,SIM-03-OOD-0032,36eaa4c4170f23054c5ef870623fbe043e6d8db24f31da260c189bea630cec29
SIMULATED,TD-AR1,Automated research,SIM-03-OOD-0033,bf3e5b1da724f152dbb951dac9205187e70e5d978fbd3db3479286611eb8d954
SIMULATED,TD-AR1,Automated research,SIM-03-OOD-0035,69b4b3ee19703690e2967e3ce18b93bb28b62f959336bf214f2e08d1d0bb6f33
SIMULATED,TD-AR1,Automated research,SIM-03-OOD-0036,35727538d68fdda61c34f77b941b23b42d626a9afcf409d745b65ff1b8b06e96
SIMULATED,TD-AR1,Automated research,SIM-03-OOD-0037,a10d5febe9c0ad11a0e2cc6ca1cc46658c6db24e8143888446b4ba471d72da1a
SIMULATED,TD-AR1,Automated research,SIM-03-OOD-0038,31b8980444cd7d4d16f6ab87611b71626c300a961464f2fca2920fd3b838ec75
SIMULATED,TD-AR1,Automated research,SIM-03-OOD-0039,a380fa5e5c59c01bcf2d32b38b68a351b818c47b1ddab90e33db303cff2cef5c
SIMULATED,TD-AR1,Automated research,SIM-03-OOD-0040,0d70f45a466ec6522d0a510d8ec465d234a20a3ebe03ae012c026495bb0ab41b
SIMULATED,TD-AR1,Automated research,SIM-03-OOD-0041,677b950a68cfec9d7c5b89c7982096dfa4614f9b00155b689fe383cbf9fc218f
SIMULATED,TD-AR1,Automated research,SIM-03-OOD-0042,475e42b356a5b61e14cd0324de4fd83c5c651a814125251b0a28290cb122e12f
SIMULATED,TD-AR1,Automated research,SIM-03-OOD-0043,0e949f9caaef2689874baa91b72d3f995d86d6ebdc4959f56e58e9307d193d12
SIMULATED,TD-AR1,Automated research,SIM-03-OOD-0044,5aefd0ea64be4fe729e114c7c9b88d881943c2196389e8f76992c7194a8e0def
SIMULATED,TD-AR1,Automated research,SIM-03-OOD-0045,1d266866396ce6b1a2f6d14c20c464a6f847762cf3b4167f844903a7da1a1126
SIMULATED,TD-AR1,Automated research,SIM-03-OOD-0046,c008cafb0163af0e3f3963d02a31ebb5c77122657e03cbbaed1efc3c71a76285
SIMULATED,TD-AR1,Automated research,SIM-03-OOD-0047,821b345aff6be57e2fd47ade69d0af5b0d71b11d85ce324dd11c52cbbc6c2409
SIMULATED,TD-AR1,Automated research,SIM-03-OOD-0048,0d4051f797eb8815ed802f5d576935a34e0f17454124298b588086d4fd39a53e
SIMULATED,TD-AR1,Automated research,SIM-03-OOD-0049,d44bbdace6105005adbcf53e1b06639dbe9f4b2b19d802fccf666c719b59ea43
SIMULATED,TD-AR1,Automated research,SIM-03-OOD-0050,6285bc4d01947bb1f8a1b8b9d0a220d040323df1fb3975f8c9eb09e8bd85ad88
SIMULATED,TD-AR1,Automated research,SIM-03-OOD-0051,44d5fd52238f73fdf60dd4cb08cd8454ac3594037beb9797b39004f5ffc298b8
SIMULATED,TD-AR1,Automated research,SIM-03-OOD-0052,e51607c1f13bd4edecabcd061566275127e0cca35f91d7e12e76f6366bab7a56
SIMULATED,TD-AR1,Automated research,SIM-03-OOD-0053,b4399bfbadb53c9bc86e5108a5414e0813e69f4e36707402e1a49f14bd33a92a
SIMULATED,TD-AR1,Automated research,SIM-03-OOD-0054,5380d5d9fda6ac6d7b6b9b9d22bb3785da5b97d538aa6a8f2c6d6b57c86578c9
SIMULATED,TD-AR1,Automated research,SIM-03-OOD-0055,8b31f43afb1db5c83e9bc068e42a5d7dcd822e1916ac0abae9350cec7bcf5360
SIMULATED,TD-AR1,Automated research,SIM-03-OOD-0056,1d0dbcb049e58bd5ed8ff67bd741119900637eb74dd447cc26fbd72841f82826
SIMULATED,TD-AR1,Automated research,SIM-03-OOD-0057,bf0b1e1b893e65064fcd572aa7b894e52e42c0d2fd02aacd89cdff797d7a7844
SIMULATED,TD-AR1,Automated research,SIM-03-OOD-0058,ce4465927b72c65d0a47c1727f43d635009c97f9100fdd3f23c7e444ab791dfd
SIMULATED,TD-AR1,Automated research,SIM-03-OOD-0059,4fe07cae87afafa346d327ef195bbc3b27c9754b35af115652381041235a8f0b
SIMULATED,TD-AR1,Automated research,SIM-03-OOD-0060,315b0d7d4347f0c7b0ba0e8d91e6382dabdaa4057f76c08c22c2ed8ef66690df
SIMULATED,TD-AR1,Automated research,SIM-03-OOD-0061,8f9ff96802316d7b7e8a059ce41607387d3513604df892d37a9d2d172180c607
SIMULATED,TD-AR1,Automated research,SIM-03-OOD-0062,d74f8fc877c9261f669f7fe06e89746cd774f85b19e24539dcc7fbf6ba98644e
SIMULATED,TD-AR1,Automated research,SIM-03-OOD-0063,00494b4b2415b085d124bf39dd087894b71dbdb8bdd44d9b8ada85d2d5812e04
SIMULATED,TD-AR1,Automated research,SIM-03-OOD-0064,68621e82543bd337648a10c35588608f48b1ae027ee2e4c6814f2571dbd03019
SIMULATED,TD-AR1,Automated research,SIM-03-OOD-0065,8e0433d5f27c188ca48f36c4af84d763da6b207e93cf025fc7899ad7ffb2c1f1
SIMULATED,TD-AR1,Automated research,SIM-03-OOD-0066,7a459703ad50d34309001232d62c551c859d66ed19cbb81b5d2edb133c445c77
SIMULATED,TD-AR1,Automated research,SIM-03-OOD-0067,502979b6930f86eabbb49401136352a502724d0d109248fa881f336d7cd56b54
SIMULATED,TD-AR1,Automated research,SIM-03-OOD-0068,90d2db45bea74e5a8d33f15fac25674aed1a01ab416cc6bed8a2a9f19e623c44
SIMULATED,TD-AR1,Automated research,SIM-03-OOD-0069,27f0f25854cef143a3d604e50e0908f7d9c531c355395f499993d1e968944847
SIMULATED,TD-AR1,Automated research,SIM-03-OOD-0070,a54f717ff11ff9b7dc733ca494849f0ce1a4a2fa4c0980f080433f4fe9970901
SIMULATED,TD-AR1,Automated research,SIM-03-OOD-0071,1fc192050ace19ae4b95cf5a631d956b40edf6e6ebd9cb9e240aea7fc51849db
SIMULATED,TD-AR1,Automated research,SIM-03-OOD-0073,a13678c6c6b5e9679de686ec225616a5e8240730e71c7206be35fb39436bf3e6
SIMULATED,TD-AR1,Automated research,SIM-03-OOD-0074,8db833e82b580f2a2c4f1b355d522eb1cfc4eaebfa8893e9e42d171dad7522c2
SIMULATED,TD-AR1,Automated research,SIM-03-OOD-0075,7336f4431237877b52eb052ec8678ddf2feb7f2a5a7fe81a8bfe99ec95403691
SIMULATED,TD-AR1,Automated research,SIM-03-OOD-0076,ceb3c5e895586529bf6e1648948f8cc9de8c501948e245801e47672da2a60ce4
SIMULATED,TD-AR1,Automated research,SIM-03-OOD-0077,65d0d23f1dbdfa2420e88a307fe2f82d8ba913ad4e9596b6065a7903489bcf47
SIMULATED,TD-AR1,Automated research,SIM-03-OOD-0079,75a5919daf2ef008ec73fa07f0e3d3c2f2cc24e352f87b0dfd116df683698d7a
SIMULATED,TD-AR1,Automated research,SIM-03-OOD-0081,a450d4a41df9aca08a13992eca77da681ed3cf469b3d6e9f477d0075d5a482a2
SIMULATED,TD-AR1,Automated research,SIM-03-OOD-0082,16296369248bb2784795906abed5eb699261efaa2866fd03634403782495bdab
SIMULATED,TD-AR1,Automated research,SIM-03-OOD-0083,7624d63c82283afda092021a8db825142e9a9c6605ae0ea6610481488c3645dc
SIMULATED,TD-AR1,Automated research,SIM-03-OOD-0084,2879dd8a3ac772815cc26aa2cc1d6c3b8ae6659cde38818baea17f438be6e666
SIMULATED,TD-AR1,Automated research,SIM-03-OOD-0085,73c42e7bc14dc3ca3dd2a9a5ed65f43a08d5c66733c5d79d400d7b22cc946153
SIMULATED,TD-AR1,Automated research,SIM-03-OOD-0087,a353fcc830942a073fe28effdeb0aa683f8db0b9fc2d11b109b8f4b47318b572
SIMULATED,TD-AR1,Automated research,SIM-03-OOD-0089,271ff37cd17dace818245f84a7efd0731a2d56049653800e7e8d8c3477d03c1d
SIMULATED,TD-AR1,Automated research,SIM-03-OOD-0090,84ade9c9b721c8939b90fd9690dd77ac9714279a6f80f176495f50bc2d5afce2
SIMULATED,TD-AR1,Automated research,SIM-03-OOD-0091,010f1680361a0ee0efba2163acf14af0d7b599867856dc45231d361c73fe6c9e
SIMULATED,TD-AR1,Automated research,SIM-03-OOD-0092,7a15ea5c0419d013b9eeb51941c2e9d06f81f69bd77654632fe51decee29d489
SIMULATED,TD-AR1,Automated research,SIM-03-OOD-0093,2f4610bfae15845d645bfc7eb1ed573ff2a3a528300b86e11f0f05206a85a481
SIMULATED,TD-AR1,Automated research,SIM-03-OOD-0094,932ce1144e00d148b41a7214aeb81113ff72921f68c53bf25d411192598bbdcc
SIMULATED,TD-AR1,Automated research,SIM-03-OOD-0095,4fc56681041d04374adfd67b1ecbf84ad1b91ce30f5b0c3c47d6bc7093853a6b
SIMULATED,TD-AR1,Automated research,SIM-03-OOD-0096,9f735215c6f9e4b9fbf700aff93a64016ee36de3e64fee2cf068ca3d43a8691e
SIMULATED,TD-AR1,Automated research,SIM-03-OOD-0097,b69bd53df68edc98369464be761f85f8ab86c706169f37cdf7fef84214a7b5b4
SIMULATED,TD-AR1,Automated research,SIM-03-OOD-0098,a65f1b54578b1b169244fc1d0467d337a0baa75fe8d3ac73609a3064b06e82ea
SIMULATED,TD-AR1,Automated research,SIM-03-OOD-0099,2c7f05baa416ab694edd07780ee2aa1a2dbce7a7d78eecbe2327ca43f1d35123
SIMULATED,TD-AR1,Automated research,SIM-03-OOD-0100,542d7a5c68823e15084cae0e5c134646cc873e5bf89ada97256baba2492e8125
SIMULATED,TD-AR1,Automated research,SIM-03-OOD-0101,61cd611e63cb922c2435371997b758ee50dcb887f7ed2902f1d67a71be395c9d
SIMULATED,TD-AR1,Automated research,SIM-03-OOD-0102,301048e0db990a990052aefd5d1bfa3c365b9f20b7b10efb8eb9c4fc0862f0bf
SIMULATED,TD-AR1,Automated research,SIM-03-OOD-0103,38a1a954393cafecbcf509f613dbef7387dbb47a9c6bd455a423ca3692fc32db
SIMULATED,TD-AR1,Automated research,SIM-03-OOD-0104,ac071195592e73a68f838a5fa11e9a12350981754596ad59d59ff5166cc22906
SIMULATED,TD-AR1,Automated research,SIM-03-OOD-0105,1e62e1d7846e28c0b1b0a7bb4fab7038ee92f09cf2263fecc5c63ad6bfde4c80
SIMULATED,TD-AR1,Automated research,SIM-03-OOD-0107,2b99466978b2f6b681736437534846ee4401e123db2f5a3ee7ed7f6ef47ed42d
SIMULATED,TD-AR1,Automated research,SIM-03-OOD-0108,67832d430e739ca803257407435ce7b7c58769bedc365eacb42da1ef59bf4007
SIMULATED,TD-AR1,Automated research,SIM-03-OOD-0110,8a842f34fa318fcf9f359dabf0431b4d60ed00fa1152b8927b64a32424a59277
SIMULATED,TD-AR1,Automated research,SIM-03-OOD-0111,049fdc9d9f00523b9bf8a392ff23172f18529e8e8df129f6a9dec838f1582d49
SIMULATED,TD-AR1,Automated research,SIM-03-OOD-0112,b16c5ebbc3c2c80497caae9700cb7f22b6d0c726062f6cf2f8a61581c24de29c
SIMULATED,TD-AR1,Automated research,SIM-03-OOD-0113,66ad2ca5a467f990f34856ccd2987085d9021e5ca5eabc8c2e78ac34e70ae9be
SIMULATED,TD-AR1,Automated research,SIM-03-OOD-0114,caaf9cae5c52ef0ef482affa087bf374ae09feb22438bbfbc2e129a9afc8ceaf
SIMULATED,TD-AR1,Automated research,SIM-03-OOD-0116,d0181b1f3abff123b52d445afadbc21eee9d6f9d311cb2474c26a34cb44b5bb7
SIMULATED,TD-AR1,Automated research,SIM-03-OOD-0117,7c50f51090e7c4b730d00cc8b1a3ac6605af311616fac6130620b8d1895cb813
SIMULATED,TD-AR1,Automated research,SIM-03-OOD-0118,cd50cfb084bf038dd1c8ccebab278010666a8e08cc3f7dafb2035cebdd5b60c8
SIMULATED,TD-AR1,Automated research,SIM-03-OOD-0120,a6a624fbe77467d3c09eb7260d90a65bd50a0777bda5466eedcfcef05e3bc1fe
SIMULATED,TD-AR1,Automated research,SIM-03-OOD-0121,bb2b99ab1cba0a04e10550824c112404074bec07b4ab683a62092645cad2aad5
SIMULATED,TD-AR1,Automated research,SIM-03-OOD-0122,99efc560246121fcdfe676cf4d94dd5427845c6623d7e9fb6ddd37316acb9107
SIMULATED,TD-AR1,Automated research,SIM-03-OOD-0123,af82baad268195b69686b3f7c5543c17f8d1d181b07c688e62c4fe549d8ac7fd
SIMULATED,TD-AR1,Automated research,SIM-03-OOD-0124,25449a1adb4913b8adf39682eab613655426768176b33258ed987cfada0134f6
SIMULATED,TD-AR1,Automated research,SIM-03-OOD-0125,2d54c1fd9502e62325bfbe2ddd45e67a37857c13b25cabf1152e4a9cc585b4cc
SIMULATED,TD-AR1,Automated research,SIM-03-OOD-0126,c1c8537c256797b61d181ff5293167164603b73ad53dee6f6f9e441433ed4473
SIMULATED,TD-AR1,Automated research,SIM-03-OOD-0127,5585a495dde98a82bc9b1a3e8edc7febb0b62b850b94c8a56974b274b5a689d3
SIMULATED,TD-AR1,Automated research,SIM-03-OOD-0128,3567108595a50432df71393e79991a980af67c0b681027f33de8d4ccf2b1130e
SIMULATED,TD-AR1,Automated research,SIM-03-OOD-0129,0d9847b6f12f197b3f75ca63f31545bc952469aaa40bdf913cded7f3a02155dc
SIMULATED,TD-AR1,Automated research,SIM-03-OOD-0130,8ec8bac6fa1e00c7a00f7b6ea5f60ec3047106b47b72678947dac1eb1da2b159
SIMULATED,TD-AR1,Automated research,SIM-03-OOD-0131,62fec424d41807923eaa9adb5d0ef941fed4d3d8b97073450346565d816d7b62
SIMULATED,TD-AR1,Automated research,SIM-03-OOD-0132,b6c01a8a1e229f09a510e518767e871c272118b3ad4f321855a812b44ec59a62
SIMULATED,TD-AR1,Automated research,SIM-03-OOD-0133,8381b4c997750381a33b67e9335df7394093a5051fa2170a3c0b64b39fbace34
SIMULATED,TD-AR1,Automated research,SIM-03-OOD-0134,c38ca7c92e52e0e16fac6c8f9df5bd6ee826bc50bf26815860d0511776e0286d
SIMULATED,TD-AR1,Automated research,SIM-03-OOD-0135,b61df6eba5df83b70ed16532f42b1212dc0b7d6754980ec7d4f21176bf6b35e0
SIMULATED,TD-AR1,Automated research,SIM-03-OOD-0136,d0b2bc576940cec89d178339972bb362372f718333c514eb545f9d4bc612df7f
SIMULATED,TD-AR1,Automated research,SIM-03-OOD-0137,e82b1b02fe3bf02a8533995d46f18ea23e872fb662b18bfb5257ab1866b3aa83
SIMULATED,TD-AR1,Automated research,SIM-03-OOD-0138,511111ec9ec19fb395d7cf794524b079697a0e4d7aaee39103eed15672e5a6d1
SIMULATED,TD-AR1,Automated research,SIM-03-OOD-0139,25537a8b2e33a008d6e9c37e3e9ad04f2c4410736bdfa125ea918892892330b9
SIMULATED,TD-AR1,Automated research,SIM-03-OOD-0141,252076688ab16a465cdcc0f2e54320e401e40af3c1882460cc17da86f8593157
SIMULATED,TD-AR1,Automated research,SIM-03-OOD-0142,bdc9ff44c7adbb0ae9fc9379a270e1c30a2307c521aa13affce81e94d5f8a1ed
SIMULATED,TD-AR1,Automated research,SIM-03-OOD-0143,3e3814c4245abc773c6858703d4d6a0aa382947262c425e29f02b0d49ff76e16
SIMULATED,TD-AR1,Automated research,SIM-03-OOD-0144,45a10fd2f29dcb2cccd4bbb82ccbecb13b15095a71b5498d3a17bd7f9cc286c0
SIMULATED,TD-AR1,Automated research,SIM-03-OOD-0146,d4c7105584b5f81d6ba5b579bf618b6f18124ccc62fe0c67c05696d9124e75e1
SIMULATED,TD-AR1,Automated research,SIM-03-OOD-0147,23345468df428045a8fa808eba0b5214dd3a6848b5ad9a4265b39b1f6cd52637
SIMULATED,TD-AR1,Automated research,SIM-03-OOD-0148,618177e7c532d86da306818f27586a287a2216accb9806b7f278a14f472f1b01
SIMULATED,TD-AR1,Automated research,SIM-03-OOD-0149,7351f75cd352a968771610997e607d311d8690f82510f38450d76529e6852a70
SIMULATED,TD-AR1,Automated research,SIM-03-OOD-0150,835984ead487b794d51df373b2b267e626a7e8162cbdcb151fdecf641973fa75
SIMULATED,TD-AR1,Automated research,SIM-03-OOD-0151,2397c03a79da50ceb9a7712ecc1bab5075a537b34bd93909674d9a377b632372
SIMULATED,TD-AR1,Automated research,SIM-03-OOD-0152,b50a53f0ab7817f58ec9048bb1a6472becd84a504d913ddda4ec2bce6e37480f
SIMULATED,TD-AR1,Automated research,SIM-03-OOD-0153,ac82f385f8e7a95ad739f1c3065a194bcb3482bb07fc6bc2789f55144c2a4220
SIMULATED,TD-AR1,Automated research,SIM-03-OOD-0154,d9357e9176d1492897c6502aacd39a760aa0d4b488d3edd7b943cbee9080973b
SIMULATED,TD-AR1,Automated research,SIM-03-OOD-0155,3f5f6794b3c96d48ab0aff5d2fccd80026f024eff217bdf6a94c4c139234b071
SIMULATED,TD-AR1,Automated research,SIM-03-OOD-0156,d1620356fdde75a0576cd7d531c19c2d43f48c75368362f6f3b074678dd7943f
SIMULATED,TD-AR1,Automated research,SIM-03-OOD-0157,b43de1924014d82e7bb7fb9df55b22eed8546ee74b1adb43450c4b371491b29e
SIMULATED,TD-AR1,Automated research,SIM-03-OOD-0158,06a68c4c8f8d1d9fd7ed5ae68075660d190045d5f6dbb43b5e6b95e9a2ed10fb
SIMULATED,TD-AR1,Automated research,SIM-03-OOD-0159,c4c5c1a5940dff9b8f9c69d355d8d0a92966297032a3815b446d81023a4e9708
SIMULATED,TD-AR2,Automated research,SIM-07-OOD-0000,3d2462b59a8a1ff8ca560289c4c8f630e975b3d0f3f6b5fb0827e12b742cb75f
SIMULATED,TD-AR2,Automated research,SIM-07-OOD-0001,15c8c2352c469981780631663a5cc38a40dc926c747efb3e38159c02c1b96ad8
SIMULATED,TD-AR2,Automated research,SIM-07-OOD-0002,0e7a18297a76e762856fba0c62ab69c71da0fa4f3f76b2b01b870b7015901f19
SIMULATED,TD-AR2,Automated research,SIM-07-OOD-0004,8e5039c1fbd42b5647817a108bee4fc25aad4c865a0f742c795dfa6ada5fbf61
SIMULATED,TD-AR2,Automated research,SIM-07-OOD-0005,41be3d87540d4993285c6d755d4c8a0d18685eca5434c318cd8ecb50fcb4b40a
SIMULATED,TD-AR2,Automated research,SIM-07-OOD-0007,4d67820cea7358778e2eaa4a21c12b407103a173639822dc8b4161231a1c3aa0
SIMULATED,TD-AR2,Automated research,SIM-07-OOD-0008,60da1b7ee19bac5abba4091755e974109652c3edb74ebe90485831ad07ce6806
SIMULATED,TD-AR2,Automated research,SIM-07-OOD-0009,6514a497881faffd4e2b0dff0cb6bd979ec90174d23a229ca648561334fd5b87
SIMULATED,TD-AR2,Automated research,SIM-07-OOD-0010,90f284844c64057a53cbcd8b8e98565014d3c109a0a3f62300986586ec1e7129
SIMULATED,TD-AR2,Automated research,SIM-07-OOD-0011,3e1a1557ed73986eb1bf56da5acc2ac95488e9fba2f853114714d24e42a2a5ce
SIMULATED,TD-AR2,Automated research,SIM-07-OOD-0013,3ea615a2ca3a47fb943b02678b272108a76811028c68e7aec1af094cfc678060
SIMULATED,TD-AR2,Automated research,SIM-07-OOD-0015,53fa9cc52100f7366c2b80013c638322ec2ce52f4c8eef7c167cc99300b8c69f
SIMULATED,TD-AR2,Automated research,SIM-07-OOD-0016,0a883b58926f92f487415fb87de13718ae380f590d08da81dff3094a85bff25f
SIMULATED,TD-AR2,Automated research,SIM-07-OOD-0017,21690c6302d1c3f75da6940009ef877b32d9e3ae44d11e93c2f4afa510c904e5
SIMULATED,TD-AR2,Automated research,SIM-07-OOD-0018,ac9eff8124dd7cd5666099e9d24716936fb0c2398f0ede7c3ca0dc2bf03c3796
SIMULATED,TD-AR2,Automated research,SIM-07-OOD-0019,d2525145cbb71309f1b9f69360a546da7d309bb5870c52cce21768a286c7cf9a
SIMULATED,TD-AR2,Automated research,SIM-07-OOD-0020,1b9dc6e1a979f4f0e13f377bd720e348ddd28da34a747877ab802012f3e20b74
SIMULATED,TD-AR2,Automated research,SIM-07-OOD-0021,b16845668da12c244bc68580ee2c1a462676701dceb12ef4f5fc9e25acaba87e
SIMULATED,TD-AR2,Automated research,SIM-07-OOD-0022,373a6969609375948760bff1666a8d5d26ba661684af03a609ac2f91e8f3ec1a
SIMULATED,TD-AR2,Automated research,SIM-07-OOD-0024,db40704a3d90302f211586f0a55442baeaffaf66989b89484d054012207d9531
SIMULATED,TD-AR2,Automated research,SIM-07-OOD-0025,02483bb1ba2ba87fbb105305131c05dc2e98efb04b99dad8511d93af1f97a777
SIMULATED,TD-AR2,Automated research,SIM-07-OOD-0026,59e314da66ccf134c79335ed0339975f11bfa8d31bf62d40c0cf9aca551dffea
SIMULATED,TD-AR2,Automated research,SIM-07-OOD-0027,33aeb31f5f5489211642c4989d7708d765d8c0c0854831c4f1da8c736f06a5fb
SIMULATED,TD-AR2,Automated research,SIM-07-OOD-0028,2f2c1f9f0f1d653d0f61f3b0a7aba2399581573d3db4888d1b4aadc9fcd4b819
SIMULATED,TD-AR2,Automated research,SIM-07-OOD-0029,dada537fdf70ae1faf2876e5a2eac484d16291562df13a03a0afbffd1a5eb85b
SIMULATED,TD-AR2,Automated research,SIM-07-OOD-0030,63b9927bf4c75f83a39d96fe930c88790f8205ed2ed7301bd98c0dc203f77818
SIMULATED,TD-AR2,Automated research,SIM-07-OOD-0031,073faf1e09e41ace3efc5eec7c25ccb64eef6bed3c6a6b4ad3c8ed7905355f40
SIMULATED,TD-AR2,Automated research,SIM-07-OOD-0032,37842df324ce4a8207ac086c137211b36c6c3e9f1e86de26f6c2188cebb45205
SIMULATED,TD-AR2,Automated research,SIM-07-OOD-0033,e36ba8f700c3f4914157902680db17a8df875e549b0992db8eb71a4eef1490ad
SIMULATED,TD-AR2,Automated research,SIM-07-OOD-0034,cb1289a056a7accbf04dd7de0f82e981d39cb4263970159f317351409666cd8a
SIMULATED,TD-AR2,Automated research,SIM-07-OOD-0035,b1eb4300eadd9409ebf18df3df0e5574830428567ba05a06bf6b0a1c1e071f2f
SIMULATED,TD-AR2,Automated research,SIM-07-OOD-0036,26363b66662181efdddfb326f16416044884f798aaa2da5433808d514da7293c
SIMULATED,TD-AR2,Automated research,SIM-07-OOD-0037,a0ed79a11f6233e9736cf88606f68fbfb93083e4731860ff5c24af3a173e2546
SIMULATED,TD-AR2,Automated research,SIM-07-OOD-0038,9a0ce1a458e5cd47896f4b08db7f40696692d78aae0b16e01c4feb7e07f1b84b
SIMULATED,TD-AR2,Automated research,SIM-07-OOD-0039,395f337cf280f9203204726840455720387b0c4b7e280186b777e170025f1b8d
SIMULATED,TD-AR2,Automated research,SIM-07-OOD-0040,337c931242a77d8bf57bac9044894503b35f51aa586da4b94de02f85ead1ea1a
SIMULATED,TD-AR2,Automated research,SIM-07-OOD-0041,aabe786d715e46d79617c866cf96736ea998a36298150f80b5e57c8bb503a704
SIMULATED,TD-AR2,Automated research,SIM-07-OOD-0042,9b8899dc74a4989f4f2092c52c2735743f4d7f0dc2c9655f6f4bcccb7bb978c6
SIMULATED,TD-AR2,Automated research,SIM-07-OOD-0043,a67968226387a3bf7f7a97a0835c6f2df52e3115673a369985cbfbef16a10ea9
SIMULATED,TD-AR2,Automated research,SIM-07-OOD-0044,2d6d98c3362727277505bb8f4070d6b8f22860bf17ed8901e88f6d863ca1d55b
SIMULATED,TD-AR2,Automated research,SIM-07-OOD-0045,51f422cef7785bc6e3714299d7fceb78b9583ac6e9aaa79648071a291113291e
SIMULATED,TD-AR2,Automated research,SIM-07-OOD-0046,80a4a28b51a08eb5254055cba814fa37c533c5e20bbada354c4927db6977bc89
SIMULATED,TD-AR2,Automated research,SIM-07-OOD-0048,0eefa0b8a303819ff387800e5d8716a0a10b5ce7f65ce32452104e103bf1e06a
SIMULATED,TD-AR2,Automated research,SIM-07-OOD-0049,217ef9dfc8976f5eb7404edc33f3f485faf0dcb38975bd461b8eac877bb4e7ca
SIMULATED,TD-AR2,Automated research,SIM-07-OOD-0050,12d7b7133623ded9bb74df2a26f1609fba9b85da693539fff3bda8293f4aa146
SIMULATED,TD-AR2,Automated research,SIM-07-OOD-0051,6e4fdbaca723b44d95533f9e8b62d199e2fd7bdf5e483e301168b83669f66121
SIMULATED,TD-AR2,Automated research,SIM-07-OOD-0052,6b84f3b4ed17041afa0e4e60796f110d1e1dda0a22b64c9b552c71b449a9cc63
SIMULATED,TD-AR2,Automated research,SIM-07-OOD-0053,1bd0ec8dcd55ededf80685cb8a456f1d869baba367b851b9e9c6fe176033456f
SIMULATED,TD-AR2,Automated research,SIM-07-OOD-0054,3029ef71447a0242f150898acaf561d6da9881865b6a5e52a5cef7e906626d91
SIMULATED,TD-AR2,Automated research,SIM-07-OOD-0056,b4d8bbe7db32feed78a078f8c09ec2035f1651f7586e0d54d46f95f6f4fd00b6
SIMULATED,TD-AR2,Automated research,SIM-07-OOD-0057,dbf283bbd15c6e5cdc25b68a83d25c113ab01139c1e878d7e92b4dcc7475b889
SIMULATED,TD-AR2,Automated research,SIM-07-OOD-0058,0f0e44b3b494d81150fa6d7e3374c15d299db6623c653d8e34fb6369d5f185cf
SIMULATED,TD-AR2,Automated research,SIM-07-OOD-0059,28b69eb4a7d7c150a21a645a9b319213807a5c4366ad08679b4e085dc939d524
SIMULATED,TD-AR2,Automated research,SIM-07-OOD-0060,12da8facfa76e6c1ac73e0b9bbb5374a2e0f2b825f38fffefc622ec10395e483
SIMULATED,TD-AR2,Automated research,SIM-07-OOD-0061,89948c77fc03bc7ffe95fc621375f697c3916a04184fe423bb4c987b439ac934
SIMULATED,TD-AR2,Automated research,SIM-07-OOD-0062,0ba02398a0a2acac46e1c62eaec9709b4e7147a10799e1ead38fdf7b1c29eb4a
SIMULATED,TD-AR2,Automated research,SIM-07-OOD-0064,0ffd941dd426597251340c66a79d8ce7d9a2af33265c1fe2289fc64ffdfe5f37
SIMULATED,TD-AR2,Automated research,SIM-07-OOD-0065,998c3ee4e4f8e562a70644076db1d06f2c6b0b232eb22e86798d5cc27f0afe41
SIMULATED,TD-AR2,Automated research,SIM-07-OOD-0067,171d68226cff30ee08199df8a3ecfc701996e695c812c96d8cf4c3d2f1aa2a4f
SIMULATED,TD-AR2,Automated research,SIM-07-OOD-0068,536d10624ee54d6cdbdad9b258b2368de054c04fc743ab5fbdd138207fbf3e7a
SIMULATED,TD-AR2,Automated research,SIM-07-OOD-0069,65e6e7a55be7a8810bd6dbe71727a159c7c8a6f41e353f43d1223155d3a71046
SIMULATED,TD-AR2,Automated research,SIM-07-OOD-0070,0abea41fe396e0bc71aa1cfefbd119610d06745fc07ca97c5a719eccec301e6e
SIMULATED,TD-AR2,Automated research,SIM-07-OOD-0071,758a800dea3aaa68055443197d35d825b88ded30bea6718db7795888ef2390e0
SIMULATED,TD-AR2,Automated research,SIM-07-OOD-0072,dbe4dd8723b4f6958944c289188fa5500a5d7e391c0aa9332b54cb39e00a4ffb
SIMULATED,TD-AR2,Automated research,SIM-07-OOD-0073,ce30196978b1047ac67dc9d6fafc5c77c17631bfa3f05f202f742201c72a0488
SIMULATED,TD-AR2,Automated research,SIM-07-OOD-0076,ddf5783e398d7b09518833cb52557ccfe31a7b7ad3f28dad1e0aed74f02ce725
SIMULATED,TD-AR2,Automated research,SIM-07-OOD-0077,b39f7085d2106d8f35d767b814dcab1fb36804b8947ee19b67a01e16019c5c45
SIMULATED,TD-AR2,Automated research,SIM-07-OOD-0079,bfe65363977ad050ce7b410a5f9ecd3902e439fad459b7228fc349f3e6d5dfd9
SIMULATED,TD-AR2,Automated research,SIM-07-OOD-0080,bebaf97c9c6e7d36a3657a2fc12091afb64e14d9ab2aff460bee6897e69929e5
SIMULATED,TD-AR2,Automated research,SIM-07-OOD-0081,beefed3a18c36476315a28dd2a5d8fb9049dd4086593441f8bc273bb2b58a093
SIMULATED,TD-AR2,Automated research,SIM-07-OOD-0082,58db695ceb686ed4d96da68e015e27cc51f2c5cdac7a376dd85e729cfa1a33fe
SIMULATED,TD-AR2,Automated research,SIM-07-OOD-0083,609fba0e735f82e35f0457cac51c6aa036389b872d8915af066f420feba82cec
SIMULATED,TD-AR2,Automated research,SIM-07-OOD-0084,897ef00f0ed0bfd0cf8e15b1398940247989d8663438f5a5932d8b8f304f7fab
SIMULATED,TD-AR2,Automated research,SIM-07-OOD-0085,83ddea7ef9eca1279da1404cadb0eb94de7f0a69b1b08095cca0bcaf07376f12
SIMULATED,TD-AR2,Automated research,SIM-07-OOD-0086,a7daa0e6d7d5407ce0b1a2ee2a113b1ea5ccf041d1631d85f664a163417b6e51
SIMULATED,TD-AR2,Automated research,SIM-07-OOD-0087,5a30e23fddf09c97ad04f0de5741511302d46a09aa3959864930dc2daf606702
SIMULATED,TD-AR2,Automated research,SIM-07-OOD-0088,221f35c65f8dad4b6344e9f8eb102d9a0f3f5157e719293bb8f38dd1358c28c9
SIMULATED,TD-AR2,Automated research,SIM-07-OOD-0089,cec2ca202923184645de95884aa1d1560aa38f8c68a170e23235253dcbd45448
SIMULATED,TD-AR2,Automated research,SIM-07-OOD-0090,bd532a2cc1c83eb10c185bab0ec599787d6a48c40a8841a07cb81f3000cf55b1
SIMULATED,TD-AR2,Automated research,SIM-07-OOD-0091,89da7660d114d2890fb0a06fdc91bb15215a94d1621b44a64fb510de3fb7fcb2
SIMULATED,TD-AR2,Automated research,SIM-07-OOD-0093,7035d9a520ed8b5e575a32473b45dab586c7fddbd553061932b9c0ba1c15d342
SIMULATED,TD-AR2,Automated research,SIM-07-OOD-0094,340b69c3609c79db5ef7eab852ae29639a6c0d9d8db456de829df24e34856800
SIMULATED,TD-AR2,Automated research,SIM-07-OOD-0095,49b5a01e5f740b3c40e3d8f3615421417e16ea70edd572cdfa5c5c03c760dc1b
SIMULATED,TD-AR2,Automated research,SIM-07-OOD-0096,71fcdde6a43def272412aaadd3fdd3069d250492ec25a892b5fc543bdbdcbd38
SIMULATED,TD-AR2,Automated research,SIM-07-OOD-0097,cbf0b8442ce8f84a67749cd05e14bbf968bbde4cdc9d4af819544b13cf44b61e
SIMULATED,TD-AR2,Automated research,SIM-07-OOD-0098,4912f40c0f13ab678efbbb355218b380e1c31d1117a73a2b5dfa7ba213afaa44
SIMULATED,TD-AR2,Automated research,SIM-07-OOD-0099,3e2ff8a2d1d7af3baff9657c4b4534c7b27da848e7446de511e54b226a41eed1
SIMULATED,TD-AR2,Automated research,SIM-07-OOD-0100,a7e061495d0a786c2fee93bca4015a050e531d6910ec80f214b8a16b5f86824f
SIMULATED,TD-AR2,Automated research,SIM-07-OOD-0101,9730e7845c30cb05bb246966bbdf011a9aeb954f08446e0999765fbdc27fa896
SIMULATED,TD-AR2,Automated research,SIM-07-OOD-0102,44e5a6c9bb032dafbc669e0663f3725eab527d92b94fba49d6ccd52d3d49e3d8
SIMULATED,TD-AR2,Automated research,SIM-07-OOD-0103,e2a426edca862976cbda844fbb44d881a5c4a4c3b0d227a858931bf6cb4c35c3
SIMULATED,TD-AR2,Automated research,SIM-07-OOD-0104,bf3ffb20585a9eeda0dc8ef71ee9846beb6b396979a6a2f3a7dfb1543ee1e569
SIMULATED,TD-AR2,Automated research,SIM-07-OOD-0105,7a66c65857512545bdfb67b25820a98aa5953b403c350db8be2fb881b6225cd3
SIMULATED,TD-AR2,Automated research,SIM-07-OOD-0106,28168ac456663b4212b89f18a7a4c6f578bfb4eb89ee5c8536576c5077861f60
SIMULATED,TD-AR2,Automated research,SIM-07-OOD-0107,2d3067153ca016706104b3ed443bd894898b7e09f33a8affdd8d42ef89d95ed5
SIMULATED,TD-AR2,Automated research,SIM-07-OOD-0108,6d7a208ff892a198d901933daf427ed286adf822f0e22e942a84c1f7277ce0e3
SIMULATED,TD-AR2,Automated research,SIM-07-OOD-0109,d8359c8627119214da0ca327c579c6f08110f4d14126da10b87f7522b9fafda3
SIMULATED,TD-AR2,Automated research,SIM-07-OOD-0110,b54e684a77baab21d491f3d4fc5fe407274ca71ac3d57068e634f95e32154e92
SIMULATED,TD-AR2,Automated research,SIM-07-OOD-0111,2477a4e06e2264402bfa178f7fdb76506823257d196c98d6c366292f91e71520
SIMULATED,TD-AR2,Automated research,SIM-07-OOD-0113,5610df4a84626d9eb5f0ae5503b8829ec0949003b0184832001fbea73ea792a2
SIMULATED,TD-AR2,Automated research,SIM-07-OOD-0114,2c6ebb35bc2f248d2a8d5e19026e952a56e5791e91cb03052292c899c89ad316
SIMULATED,TD-AR2,Automated research,SIM-07-OOD-0115,abc70a41e171da8fbe913dd2e02e376ebd598c5e1ad51545f4a32dfe75b81389
SIMULATED,TD-AR2,Automated research,SIM-07-OOD-0116,b5b8a29b5e4b15cdb424acea2b74d840ecfaa2e001096df37771f6713c6f3dac
SIMULATED,TD-AR2,Automated research,SIM-07-OOD-0117,a8895aabcc699a01496f5503962f45e1fb0855b17ad9327d609ea1b7a36d911c
SIMULATED,TD-AR2,Automated research,SIM-07-OOD-0118,283a6559706687a9078223e7b40f0ae14e499873fcb686f81fd53f79be9a6bda
SIMULATED,TD-AR2,Automated research,SIM-07-OOD-0119,c5922ce8af4744cc80ae06da53d7498c761e1b9f1ed7a2e0dd783a39207d3469
SIMULATED,TD-AR2,Automated research,SIM-07-OOD-0120,8ed22010575396ef571b84d30266eed71fd0101f9c87ce8b47372ad0d6c3f12c
SIMULATED,TD-AR2,Automated research,SIM-07-OOD-0121,c731d489cd57e952b55886123ede57f98aca7f30baeea638d4cce98bbee0ebc3
SIMULATED,TD-AR2,Automated research,SIM-07-OOD-0122,67e561f4f5d6981cd27bd10413303a8f83bda542a09ddac43897d31b5bed441b
SIMULATED,TD-AR2,Automated research,SIM-07-OOD-0123,496f287731555a94677718aaa3ab4771cbb863d27c3d0f73b92cdb22dbd44b0c
SIMULATED,TD-AR2,Automated research,SIM-07-OOD-0124,b36b7526642aa509892b41ef0e24386aad6db6ddaef9f14865c2e1bc38a311d4
SIMULATED,TD-AR2,Automated research,SIM-07-OOD-0125,b296a558bc41af6beb3c524ae7be9e62126b3a5c4e715b78ef89df4b3e11ee19
SIMULATED,TD-AR2,Automated research,SIM-07-OOD-0126,086b5b1515f9ec49858eee7ab8a09e1e46819cc6e8d3c0592f87aff28170c96f
SIMULATED,TD-AR2,Automated research,SIM-07-OOD-0127,c993e4f77c307189533f3d311f9b080c9efc43ca4fc99594b186b34bd3be806d
SIMULATED,TD-AR2,Automated research,SIM-07-OOD-0129,d5ad4e5a436a8467372a884ed605d8a1f8ead05a2059c38d2ede550d47e9c1f2
SIMULATED,TD-AR2,Automated research,SIM-07-OOD-0130,085129810fccf10304f6e186721992dc4e1ea4abe85e2b89a8f2f7a2b59ad850
SIMULATED,TD-AR2,Automated research,SIM-07-OOD-0131,e1998e7339f653d5a5ac610e5208bdec2ba3ff4ee587337f721549ea3f220938
SIMULATED,TD-AR2,Automated research,SIM-07-OOD-0132,6b5b9188f7e4eac1317ce0515a695eafea08a89aae4d8cfb2279bb8f5cd758fb
SIMULATED,TD-AR2,Automated research,SIM-07-OOD-0133,717cfd80b5e38d510b05681f656aa201a406969d4e8ce9fcd4ba9c595e153624
SIMULATED,TD-AR2,Automated research,SIM-07-OOD-0134,32de8fa592df58ea1273668ef1b3737e3b331845fd39cef5896c7fca41a4e351
SIMULATED,TD-AR2,Automated research,SIM-07-OOD-0135,6600cd47e1a8a4444c2bf033e3dedf9477a017fbd81934666225e96ff2d83c41
SIMULATED,TD-AR2,Automated research,SIM-07-OOD-0136,83db2ab2fb48c9f6e8d7e8ecee40a1b1dec85fccfe11cd31617745a0dd9d7c65
SIMULATED,TD-AR2,Automated research,SIM-07-OOD-0137,d088b376b72b5a9a4cf0807409619206371074dc4d6d4bb9037a3895cd109795
SIMULATED,TD-AR2,Automated research,SIM-07-OOD-0138,57df0ee079f429ae52e9ddb49a681d25265f255e975d47e855059529908cf499
SIMULATED,TD-AR2,Automated research,SIM-07-OOD-0139,da5406c5b01cb49f58bcb62825f0c585b4374cfe5dccea8a2d22621ac1adc136
SIMULATED,TD-AR2,Automated research,SIM-07-OOD-0140,e06203deeb63f5b53f7f3ee642db5bf600003fb38c3674c86cbf26c14129f804
SIMULATED,TD-AR2,Automated research,SIM-07-OOD-0141,c858df2776f99f792112aa1ca8f2b31e012bc693d0bb3647bc233d72532b69e4
SIMULATED,TD-AR2,Automated research,SIM-07-OOD-0142,4de9810b8183748df32d2c3ae5037b326eb7ed2db77467e1c492c7961bdb8121
SIMULATED,TD-AR2,Automated research,SIM-07-OOD-0143,053bcf2a81d2268cc62cc0e019c60f52967da6eaeb96dc8bcf42a9b56a1d4426
SIMULATED,TD-AR2,Automated research,SIM-07-OOD-0144,e0b63a1804a1b18b1be0048813c4a25aa49f9a8e41c1690690c0d66b587c44b7
SIMULATED,TD-AR2,Automated research,SIM-07-OOD-0145,7d01e9ab2223561a1d935601f29018c8a1a198c2b625ccc8c75e7d8ce73a20d6
SIMULATED,TD-AR2,Automated research,SIM-07-OOD-0146,59438b2afd88390f909e32ded164e368a0f910f91c34e31c168b3b9eef7d9224
SIMULATED,TD-AR2,Automated research,SIM-07-OOD-0147,cf1b7f9d3ab1b016d4aad4eb241b94832545e93fd092adf70c0d8850cbe14ef8
SIMULATED,TD-AR2,Automated research,SIM-07-OOD-0148,b7788304c24662df71c404d7a2a764e2c87d1deb7e8e614d678221c901848374
SIMULATED,TD-AR2,Automated research,SIM-07-OOD-0149,a44fc959e7eec81656ccbc4ec714983658b4a50b8efd455d2032db08ed1c24f2
SIMULATED,TD-AR2,Automated research,SIM-07-OOD-0151,55ad079830389002b10fe2c0c3f34f0f0e27b6e00ff6244a433f5142e25af876
SIMULATED,TD-AR2,Automated research,SIM-07-OOD-0152,6861e207c5b8610a7faee7e734817828c803309ab8d2775e131ca6caa9b8bc62
SIMULATED,TD-AR2,Automated research,SIM-07-OOD-0153,0c7d325b952517e21d9f51da5dcf5f04bc02d2a6538b801ca0f895297c715fa1
SIMULATED,TD-AR2,Automated research,SIM-07-OOD-0154,bde08f5f558d604eea7b77637853e3224a80e2c18dfebfabdf252ed0dbe06381
SIMULATED,TD-AR2,Automated research,SIM-07-OOD-0155,576f16a8a5a75401f8491489f8bfe38f5f671016d06fcf24d32f8d1bdcbbbab3
SIMULATED,TD-AR2,Automated research,SIM-07-OOD-0156,632a515bbab420aea540030c0176c0538c49ba07a3cea1e4c7be1a51da07b4a3
SIMULATED,TD-AR2,Automated research,SIM-07-OOD-0157,80a62435656a0281f2f292059a3b02e33a564fad61d73a5136d2339607c678c8
SIMULATED,TD-AR2,Automated research,SIM-07-OOD-0158,93d83d8f8aeb791f393e0e5843d8fb1f96a0ec2dad8cbed9d3e5a2beb8f44d06
SIMULATED,TD-AR2,Automated research,SIM-07-OOD-0159,a2ea1afd467975547a75e21838421e6990e76f7eb6bc6a7ae4a238e498dde757
SIMULATED,TD-AR3,Automated research,SIM-19-OOD-0000,affb92989da2b0fb998c6c9de70734553ada644ecdacc266d76af8fbe2f517c2
SIMULATED,TD-AR3,Automated research,SIM-19-OOD-0002,853e9f9ac09fed404dea483155a2a0f01d095b43ba62a231e1009059ead0d3db
SIMULATED,TD-AR3,Automated research,SIM-19-OOD-0003,57ce5c542fbd6f160fd1911faaa3b84f036e6e99e6982d26cef4d59b3dadd604
SIMULATED,TD-AR3,Automated research,SIM-19-OOD-0005,2154e9d20c9c4e7eb223f10d77b34dd5890d7d425fcc644de3a30a0ad1d2a7c7
SIMULATED,TD-AR3,Automated research,SIM-19-OOD-0006,bc8d4c92ae568f62e33fe7149ff5046cabc2fd305528475a45e552bd3a1325d8
SIMULATED,TD-AR3,Automated research,SIM-19-OOD-0007,237bf3f7cd065e04f5bd9487705727da48e1ee04236acea9c0138dd2e79a5752
SIMULATED,TD-AR3,Automated research,SIM-19-OOD-0008,248a96070aab1a497f808de66d045e0d2e28606a7894c7884b2f119ed937ee0e
SIMULATED,TD-AR3,Automated research,SIM-19-OOD-0009,886a5fac2c7b852b9dde8eef1fe5b0664245bcd6306d750bb21ebd13006ecbe1
SIMULATED,TD-AR3,Automated research,SIM-19-OOD-0010,56dd2fc1f16503b68e425e390951e71b7000e70e6bb399bb42dca5698afebdbc
SIMULATED,TD-AR3,Automated research,SIM-19-OOD-0011,b119b1b3efef32076d8e86418b503272bbba398a4c00dbe70b8a7790726dad0b
SIMULATED,TD-AR3,Automated research,SIM-19-OOD-0012,3cbab518b44ee0070331e1b6c30ab612b2f8d73a093e5d8d1e7bf3fe0010ea26
SIMULATED,TD-AR3,Automated research,SIM-19-OOD-0014,5adb1dec40361e37d6b17eef06481fb1417f59fad291eb2d374e3d174d30dd29
SIMULATED,TD-AR3,Automated research,SIM-19-OOD-0015,2c163ea770a4265782919925d4c57e0af68cf8b2cf4a8ce3591de0df2fbd491c
SIMULATED,TD-AR3,Automated research,SIM-19-OOD-0016,ae6598bc3b916e0e800a7bfee0579ada6d634ba68c08491d7bf8292c714b0978
SIMULATED,TD-AR3,Automated research,SIM-19-OOD-0017,493de46bc0873bfbee73c7b24015cf0ca109b50eceb980c47d88cb8c3bc133b0
SIMULATED,TD-AR3,Automated research,SIM-19-OOD-0018,ced16263b7509c584b6c90e760247b2c17e8a640000c8fa8f1c11415698f7686
SIMULATED,TD-AR3,Automated research,SIM-19-OOD-0019,b390fd0dd3c782f3be27dd3bf3e6500ed0b510e91675d4722296966dc349fc4a
SIMULATED,TD-AR3,Automated research,SIM-19-OOD-0020,87d6ed3f8a9f234f18c939315cf6ecf103ae9bdca635a894539a12e4244ad3dd
SIMULATED,TD-AR3,Automated research,SIM-19-OOD-0021,69ca831378fc81f53ae2d47a2aa973be5a08def90e8668d8dd7e28e5be3267be
SIMULATED,TD-AR3,Automated research,SIM-19-OOD-0022,c9ecf2ca5c50794a85e770f0ec49e03378fda9887d129387b25c0e9a38a3b9e3
SIMULATED,TD-AR3,Automated research,SIM-19-OOD-0023,5de343979c565a038095823a34050748874699275f106a2f79d475184200090b
SIMULATED,TD-AR3,Automated research,SIM-19-OOD-0024,5ba465dc746a451e8d0d5ab782674c4cb89e83da64833c85b70c3d5e24c7f800
SIMULATED,TD-AR3,Automated research,SIM-19-OOD-0025,703e6a83e163d0347a88a918b1e2d44eb4c1c26828e83ab9375e90824a51e359
SIMULATED,TD-AR3,Automated research,SIM-19-OOD-0027,e3b39bdf5e880644e549b6eceea61682424dd061eb54197877b7d6feff082603
SIMULATED,TD-AR3,Automated research,SIM-19-OOD-0028,8965d230fb3c273996b6ae22cedd885f47a4cfed1c6c5c431aeda29a6b73f3ef
SIMULATED,TD-AR3,Automated research,SIM-19-OOD-0029,a5921c86e33641570c9397cdef781b96aa91e2a34339d2eb8def679b2fd4861b
SIMULATED,TD-AR3,Automated research,SIM-19-OOD-0030,73a74e3e39e8cabbb6eb42e8ea8bde3df6777657c979ca5467d613fc59202d3d
SIMULATED,TD-AR3,Automated research,SIM-19-OOD-0031,5c22fc9a61aef8131358fdb8f34b5926207edbb754e78cbdb89a3ecf64bfaebb
SIMULATED,TD-AR3,Automated research,SIM-19-OOD-0032,9d54279fd355cc90062db5dc74daac9a5762dc82e5bc60d7ee04b1fb966cbc0d
SIMULATED,TD-AR3,Automated research,SIM-19-OOD-0033,4877ec0d95a6bab68228aea0652c51b7563e25a0a8691dd23bf62906b7133a22
SIMULATED,TD-AR3,Automated research,SIM-19-OOD-0034,2f1af39974023b7e187766bf7c2dd216a2ab681930154a305b20a21e2b6ed47b
SIMULATED,TD-AR3,Automated research,SIM-19-OOD-0035,5441a89b733b41917d4a252ad1642a08641aff210f53800340e492553d694b84
SIMULATED,TD-AR3,Automated research,SIM-19-OOD-0037,0d61ccf66b972ce1fc5db0bd1d0ba6af64f24f7c5fcaa76c9d61c5b4170b1521
SIMULATED,TD-AR3,Automated research,SIM-19-OOD-0039,d05ea1e00b08598b5d50de0443cc14f4b0205f633c47e573f6a8a4b7050f760e
SIMULATED,TD-AR3,Automated research,SIM-19-OOD-0040,04ad8a33cbd2cef144e0e2be89ccd3bc88df36b56bc8f1d5a0aa61c42618b165
SIMULATED,TD-AR3,Automated research,SIM-19-OOD-0041,c997b5d8eb3091262b1793ec45a1311132623104283570cd51e4eceb950d031e
SIMULATED,TD-AR3,Automated research,SIM-19-OOD-0042,851dfb652183adbcededee044646d908555e63bcfa185f51c3d834267880a145
SIMULATED,TD-AR3,Automated research,SIM-19-OOD-0043,65b152c5d5a85f9e46d18d7519e3099fa573fbedf0f034ebbb519f07fe9873e6
SIMULATED,TD-AR3,Automated research,SIM-19-OOD-0045,a3caa096e1b890316ca70801ed1b3894f4119fda51a89c78d29b8c34fef29da9
SIMULATED,TD-AR3,Automated research,SIM-19-OOD-0046,30625e0ae69ee35509dce6a3cbbd826fb7d76f8c418d2f7f933ab6ab3a3e2489
SIMULATED,TD-AR3,Automated research,SIM-19-OOD-0047,50bd1be75647c372f92226473522e29784161376d6290e7cb658de8dfad4c619
SIMULATED,TD-AR3,Automated research,SIM-19-OOD-0048,680a4a8c3fbe883d84c0e276d33148aeb9aa01518cc3e14fe704c4e6a9033a71
SIMULATED,TD-AR3,Automated research,SIM-19-OOD-0049,4d6dbb8486d07cf2d6a5214a5533efdc91271fb23a3f4a3812ccc66f8f96b9b2
SIMULATED,TD-AR3,Automated research,SIM-19-OOD-0051,675485c210c0a003dd93f5fb1a5e165df277386d2284d298329d0ade01cbc3e4
SIMULATED,TD-AR3,Automated research,SIM-19-OOD-0052,37bd23569fe3fb3c8004b6c01ca541b552b4224ac8d52663f1a459862d4802c2
SIMULATED,TD-AR3,Automated research,SIM-19-OOD-0053,4c1e31f1d9f0f756ae9b5a7a8d582e42ffed7262fe85086819b14ba64642d84d
SIMULATED,TD-AR3,Automated research,SIM-19-OOD-0054,51510705f74f11171025546b5a0780ace529770ac791deb3a33e7c027cc9743e
SIMULATED,TD-AR3,Automated research,SIM-19-OOD-0055,afc1f23d96f498f621cf879602c5e7d00829e0d98e1a769b84ee1d86e4753c5b
SIMULATED,TD-AR3,Automated research,SIM-19-OOD-0056,448e7d4398462100d9c8e72312742cd604b6842cea5df5e9cbcd17b89527a5e3
SIMULATED,TD-AR3,Automated research,SIM-19-OOD-0057,bad239802d4f143e7cd4276080d39d9ade7a0ac23da6b7686e2e1557615e19eb
SIMULATED,TD-AR3,Automated research,SIM-19-OOD-0058,66f8651070c1ce5d2f8c580bb9f9e9d6ad297fb372e45914e6a6ae21160744f2
SIMULATED,TD-AR3,Automated research,SIM-19-OOD-0060,6145c129bd9ce5e52f2a6ae7d16a88dc07bb22d09524fb65a1c072336a53ec39
SIMULATED,TD-AR3,Automated research,SIM-19-OOD-0061,264d7162ca897f8805b854b1f6222809ba6a40269de2c300c8acf1a11469584e
SIMULATED,TD-AR3,Automated research,SIM-19-OOD-0062,1d1f53b5ec43d21307481286bb935f34a24e73015e69df18ab603f3118912084
SIMULATED,TD-AR3,Automated research,SIM-19-OOD-0063,7602a9f926dc88902b35dfe1c69a8289cf1dd0a9fa15a22efb4e3e595aa94a11
SIMULATED,TD-AR3,Automated research,SIM-19-OOD-0064,9e518d6c595d35fe55257eed8fb51e7495b5da3b38fc0090b59b6a437d5f7657
SIMULATED,TD-AR3,Automated research,SIM-19-OOD-0065,55f57305ee9693e3c5d17b9c8754043110968bbfa28f58d47790c0f51d907067
SIMULATED,TD-AR3,Automated research,SIM-19-OOD-0066,55e791e96189c36411398fdce8634de4158c1f338a77b95343bf0db3de41093d
SIMULATED,TD-AR3,Automated research,SIM-19-OOD-0067,82cdc431bec7aa3cb0c3e9edab0b19d68f71f22296cd9663c2682bef6be5446e
SIMULATED,TD-AR3,Automated research,SIM-19-OOD-0068,3abe39e01f188d62ce1559d67298b245af0b4bb3a1558d046de3393cd0731250
SIMULATED,TD-AR3,Automated research,SIM-19-OOD-0069,78bea0dd82c661988149c28ef311c792ee8ed5a5031f0db4341afd42fb90e09f
SIMULATED,TD-AR3,Automated research,SIM-19-OOD-0070,a3aa3d8b4eedf5d2081d0a4a869256b8358c4978aa3bcea4b95df222962655bd
SIMULATED,TD-AR3,Automated research,SIM-19-OOD-0071,13634ba30efb5d1c936177b5ed0e2de0c826624a45c9f0d4936f560a8c0a3cfe
SIMULATED,TD-AR3,Automated research,SIM-19-OOD-0072,4e0ba3ae58228315c1990ff52ff12040bfef22d578d5ba7dd32271d0ab41478c
SIMULATED,TD-AR3,Automated research,SIM-19-OOD-0073,d5cf7dfeb55bb2d7d31a1431cedd3618df8b78fee8136e0b56781ac7235b9008
SIMULATED,TD-AR3,Automated research,SIM-19-OOD-0075,b828fd640d6b4e2563ba2a8928eb0db961c9ac3272c0f46cdc73b873f24cf854
SIMULATED,TD-AR3,Automated research,SIM-19-OOD-0076,cad8b59798fe620004e50604efa993e83332f88081dffa7da1207d577bbc4748
SIMULATED,TD-AR3,Automated research,SIM-19-OOD-0077,72340da57c73b0d6473723d21b53d5660693096042b4ea004c97ea68c7d1d747
SIMULATED,TD-AR3,Automated research,SIM-19-OOD-0078,3ab401ddba9940ae232dd672349e717c62e3457b7d6b8ded9608c9cffd6ad2c5
SIMULATED,TD-AR3,Automated research,SIM-19-OOD-0079,e56478f140e597f2da157b090f45f9e8d5a0a39d529d03ea90b7d0d24f55bbac
SIMULATED,TD-AR3,Automated research,SIM-19-OOD-0080,c3a04bee7316c307bcf26d6ca32248b58af8d1ec8b07b77655bcb25577c8a059
SIMULATED,TD-AR3,Automated research,SIM-19-OOD-0081,94a568b3e456df62e50bf7fc1af2ff2a3d3ebdea68e42c835a50412e67ad7eb1
SIMULATED,TD-AR3,Automated research,SIM-19-OOD-0082,c3c6feff79b2ffc9aca49095712ad2106fe2f68dc8a8b65170154b8707d965f1
SIMULATED,TD-AR3,Automated research,SIM-19-OOD-0083,1f1554d74bfd655fc2a9e625fde4b18468d9cee756e28a719455f83b0eb5b22c
SIMULATED,TD-AR3,Automated research,SIM-19-OOD-0084,71f110c4b8cd7f679bff90b71fa60d11d9d69791ce24a3254f2b7e377c66794c
SIMULATED,TD-AR3,Automated research,SIM-19-OOD-0085,34c6d055f8c42c3f43b80efe30d42a3bf318a360445db9efaa969725f8140935
SIMULATED,TD-AR3,Automated research,SIM-19-OOD-0086,54771c027a83a2b0b4ff2a7ec64f6805b5119e6d251085857fbd2359b3e71104
SIMULATED,TD-AR3,Automated research,SIM-19-OOD-0087,6cba36bd9b38f1b7765cb2b64e9ec72f25b1648499088ad4367fc95140d8b93e
SIMULATED,TD-AR3,Automated research,SIM-19-OOD-0088,33025375862d356fcb568bffd4e495d3b00d5fbf45fd491b9bbf6c8c1ee7d453
SIMULATED,TD-AR3,Automated research,SIM-19-OOD-0089,593465f9ea2ab8875f10bfc77f55eb3a8c3dff404db8121bbdfee48609397271
SIMULATED,TD-AR3,Automated research,SIM-19-OOD-0090,522f99eabd7a09e936092a81f37cf6b5762e83277ed69cc351eb69e308556498
SIMULATED,TD-AR3,Automated research,SIM-19-OOD-0091,3e8e3daed2b99e81a29a5b95070fbd353baefd10192c13c5348ba0e17f1153e8
SIMULATED,TD-AR3,Automated research,SIM-19-OOD-0092,4330c6ecef1492f83a166bfc6d3df1da6dc0121bad89c735d982aaf0a9dd6de4
SIMULATED,TD-AR3,Automated research,SIM-19-OOD-0093,b01976d823bd43a79b34f8dfd26ed4455a005ad98a7cb3af6dbbcd28761cd27f
SIMULATED,TD-AR3,Automated research,SIM-19-OOD-0095,5d10009e5542d2cba030fb57e96ae3d45ed2ae55e77e90b0b637c583d21711a0
SIMULATED,TD-AR3,Automated research,SIM-19-OOD-0096,08faeb0d073056c09df72fc8e8e8e1f1165be6de82bc970e41b346dc9eaa5ebc
SIMULATED,TD-AR3,Automated research,SIM-19-OOD-0097,25e3bf9a9c2b21559d6997d69030779220af82cb493688f379041457aeb7f8b9
SIMULATED,TD-AR3,Automated research,SIM-19-OOD-0098,d0a28b3c53de8312da9b1f2fba062bb5e5b287106556d1ad92c4279eb3bdb20f
SIMULATED,TD-AR3,Automated research,SIM-19-OOD-0099,bb817a9c761ea498b882afddb7f509730917625d937626ae5d118c27cc975dd9
SIMULATED,TD-AR3,Automated research,SIM-19-OOD-0100,8a5652595368d3cb0ee6965f43d5de1e8235b9f339e70273434f9ee5d9123058
SIMULATED,TD-AR3,Automated research,SIM-19-OOD-0101,0478ea9f995d170b35de1bd7a276b6f9a6a3514a70d5bb3fb8219f75ca63dd3c
SIMULATED,TD-AR3,Automated research,SIM-19-OOD-0102,0d2c55bec20a6bc0f9855071d748e24d0f6a80e03b3f26f737cb68445e0b8c19
SIMULATED,TD-AR3,Automated research,SIM-19-OOD-0103,d0e292a1ff11395779993b490a5b9ea9465951988b09838c7fb253bf51d61d2d
SIMULATED,TD-AR3,Automated research,SIM-19-OOD-0104,caedad2edbad6b712f481ff70bf710909885b5283ee19d9fac4162a40944f449
SIMULATED,TD-AR3,Automated research,SIM-19-OOD-0105,52c06288a42e5c57ab508c78104d30611182c73fdb65bf468eeb91a1b4c74ee7
SIMULATED,TD-AR3,Automated research,SIM-19-OOD-0106,e48c6e1eb542997cccbf0c38ba5ee3ebc56556241a111e59aa0e37968e3541db
SIMULATED,TD-AR3,Automated research,SIM-19-OOD-0107,cf871e849fc6bdba9231b9dfd0472991ef6b503d561827fa2d8d9b3376460c64
SIMULATED,TD-AR3,Automated research,SIM-19-OOD-0108,e784a56234772d6c46e3f8fa0983eb73d65cdaac922f310399c7b597c1340e61
SIMULATED,TD-AR3,Automated research,SIM-19-OOD-0110,5d452c1deb6c31b21a6aa13bf5431ba5ceeac2a50de0f0ebc4b7006844095dd1
SIMULATED,TD-AR3,Automated research,SIM-19-OOD-0111,940b1a742b3a5bce798b17e1ad701431810a392d7f037f452b692a6d85eaa641
SIMULATED,TD-AR3,Automated research,SIM-19-OOD-0112,c1ac5c9177b3c9a0067642a5ac4a7d123722cccd50501929c1e06c7d3fa7af36
SIMULATED,TD-AR3,Automated research,SIM-19-OOD-0113,3ac12244be2e1b2068a4f37e137b95dab7f4e7d91ecf18d0728e9f2c7c2d79d8
SIMULATED,TD-AR3,Automated research,SIM-19-OOD-0114,151be17f4b376e3f43b9fa8c8d143b0ff494545c94af36daf9ca52a0a6a2e148
SIMULATED,TD-AR3,Automated research,SIM-19-OOD-0115,a8b76d2a1a9a070f9fd786a26b5f7c3cedccfa5036d336f896034934c4356f67
SIMULATED,TD-AR3,Automated research,SIM-19-OOD-0116,5832eed203977a832b6093c40b7490f8ad9b28019a026fbf3f7b777509c4d3cf
SIMULATED,TD-AR3,Automated research,SIM-19-OOD-0117,3a7f423206d495f697f42eb14ec2a515eda4c672761d973e69da476ea161e58e
SIMULATED,TD-AR3,Automated research,SIM-19-OOD-0118,2ff38f87e9606a161e843472c10ff11c745f70877f94427367d93cddfc01a45b
SIMULATED,TD-AR3,Automated research,SIM-19-OOD-0119,3811d68631679dc639cf49d713eaa761d78dbdb825415bc23970737bf872cd01
SIMULATED,TD-AR3,Automated research,SIM-19-OOD-0120,2cb45fa5090fda6c86a61bf710c3f90d0b4e66e5ffd69466683ec82266b3c2dc
SIMULATED,TD-AR3,Automated research,SIM-19-OOD-0121,3a5245322251dc9900700fab4e11025c489244884312601188553d21e7d17101
SIMULATED,TD-AR3,Automated research,SIM-19-OOD-0122,5299b6bc6976aa8118e80b516b8884611aa3e81182b56930e53ebbffe33d6fdd
SIMULATED,TD-AR3,Automated research,SIM-19-OOD-0123,3e7f667e5b0097cf8483caea845e125ff89e0ce3672574eb7d940f1df2fcbae6
SIMULATED,TD-AR3,Automated research,SIM-19-OOD-0124,2b55bcdf612e38f8cf379fe708d35730477f69bc3734ec6ab1c3874426460e4d
SIMULATED,TD-AR3,Automated research,SIM-19-OOD-0125,4d6d9bca136e8d65c19c8ab62edce88a7686dc79b17183a2d312741dd28976a7
SIMULATED,TD-AR3,Automated research,SIM-19-OOD-0126,d3f649ce8e7a96cd1aff072450c6ed1d0800bd73b8d02c34ff8a9c0cbdf877e3
SIMULATED,TD-AR3,Automated research,SIM-19-OOD-0127,2f3439d1eb3c9bd8436fc45f224b4c19d1e8b9c3c2fc6a885b71595a1bea9179
SIMULATED,TD-AR3,Automated research,SIM-19-OOD-0128,d7f1e117dd5a5a58dc4d300eb167996e49ffb80b74341517814a61471cef246b
SIMULATED,TD-AR3,Automated research,SIM-19-OOD-0129,32f65c12ea955c799670dfbab6a94000481d82ab6d9a911c3487418d8701aa51
SIMULATED,TD-AR3,Automated research,SIM-19-OOD-0131,427c21e627baf1fcc57d3b3afc571ef97943e3be0ab54cd02b02180bcdb0fb05
SIMULATED,TD-AR3,Automated research,SIM-19-OOD-0132,4faa43c1a8efd54a426862c4d50b643aff3de8fef4cece5fa05a745a9bfa00cc
SIMULATED,TD-AR3,Automated research,SIM-19-OOD-0133,bcca25155887b67990da46c2666bf0d1a76af121a1b25761ee928561273351ce
SIMULATED,TD-AR3,Automated research,SIM-19-OOD-0134,8a9e838a961b09a16c6396b883e561681cef2e35f205ccc79a70802954a84323
SIMULATED,TD-AR3,Automated research,SIM-19-OOD-0135,806438d0014b8f26bd9d93a170b98f0e733399126ca071c20591cfa2ea9d98ac
SIMULATED,TD-AR3,Automated research,SIM-19-OOD-0136,1a5674ea58eb9a415da0dadb22e73eb8d6f7cc2df320c4f0274d427c476a20b3
SIMULATED,TD-AR3,Automated research,SIM-19-OOD-0137,19c28a011db0eabafd4945ad4d12d33c5b45ade4d09f52ed53271957bb7b735b
SIMULATED,TD-AR3,Automated research,SIM-19-OOD-0138,563fd47b18d582c906e626b1d2e05131fef9b2800e03c880b20a3433829c76fd
SIMULATED,TD-AR3,Automated research,SIM-19-OOD-0139,6895b37966a4a6033f35d64d9b4a1b8df652b15f40b72d335e455acf2a40f259
SIMULATED,TD-AR3,Automated research,SIM-19-OOD-0140,ba1c58e18be95ea26da3fb967dd5305d480bdb2ae6d8d97b31be61083a5ba0fd
SIMULATED,TD-AR3,Automated research,SIM-19-OOD-0141,3940a136fae7d1c444f48748b664f830bab1ebc590681f5fe0858e5740c3226a
SIMULATED,TD-AR3,Automated research,SIM-19-OOD-0142,1ea9dc1079572191f9c1bee9f326643af160304c2b6fcad36511352aea401c07
SIMULATED,TD-AR3,Automated research,SIM-19-OOD-0143,c2ee91e6966aa29cabc7b6b8100c178002e598789e4be917812c54b99e3fc9db
SIMULATED,TD-AR3,Automated research,SIM-19-OOD-0144,56c9a3f2be58f5c0911ad25b5c0daf941a44cfbe5dea3f4088ee73e2ff705285
SIMULATED,TD-AR3,Automated research,SIM-19-OOD-0145,2082ac2a4aec049ff75cf68045e1c7d8371ab41e4415b9a5d8cce2db224bb726
SIMULATED,TD-AR3,Automated research,SIM-19-OOD-0146,a10e66b957c2b7a382acd0301acd14c9876c2eed0d2240c9e344b54c07db6c68
SIMULATED,TD-AR3,Automated research,SIM-19-OOD-0147,b74e2406716a94356c586a407db95809ff020e9eb23d61a0f0011b25ca0b0d08
SIMULATED,TD-AR3,Automated research,SIM-19-OOD-0148,28f980961af0c22668829ddc550ff0df14ce1c24548c4b37449f709776f64939
SIMULATED,TD-AR3,Automated research,SIM-19-OOD-0149,553a761a278888f8745e57cf5770e7270540893dc98904af9ef2eec04209f1df
SIMULATED,TD-AR3,Automated research,SIM-19-OOD-0151,42447e1418f3a6933db63d4555a0d24e16b9bb859162deea96b88a65dc8a1c00
SIMULATED,TD-AR3,Automated research,SIM-19-OOD-0153,75e81ae956743704a529c5cd379c736bf15858c88b2300eb084fa4f7c2e46c22
SIMULATED,TD-AR3,Automated research,SIM-19-OOD-0154,a1d1d799b4c80f77277e5be0b5a2409893a96cfc47ba58474aca535208202845
SIMULATED,TD-AR3,Automated research,SIM-19-OOD-0155,732eaf4a3be015a01b7afcb404c687f5593493ef6df958112e3f0460bc00cc95
SIMULATED,TD-AR3,Automated research,SIM-19-OOD-0157,2708b1807641c4148ca3034f3f73f4cbd1d271fbff61f739ea23d6efc801ab8f
SIMULATED,TD-AR3,Automated research,SIM-19-OOD-0158,493f75904ad2dcbc20e70ecb52a0254de82cecf029a9b28c628f87192600658d
SIMULATED,TD-AR3,Automated research,SIM-19-OOD-0159,5bf7836e263de8a7afffb065b036fe547cc24164e51a05d2dc79dc35300359cf
SIMULATED,TD-AR4,Automated research,SIM-20-OOD-0001,7bff7cda2031af920ef6ccdeb2916f72780dbd567d4fbe1b649267af095dd141
SIMULATED,TD-AR4,Automated research,SIM-20-OOD-0003,7759734f236f00996488440e5948fbee3d73e27dc45a24aeeb3f5d3e058451a4
SIMULATED,TD-AR4,Automated research,SIM-20-OOD-0004,a8c82ccd00dba71a0a210e77f3a4f90ebd6208ddf4a89145afaa18de3c13876b
SIMULATED,TD-AR4,Automated research,SIM-20-OOD-0005,09ab048402d73f7f1414901525a2cb2959d5603be4e1e6558c5ff7b8574b4024
SIMULATED,TD-AR4,Automated research,SIM-20-OOD-0007,cc9b38256f0a53e00bf07d357bf59fa1f1c2a4956934293df32aeb03008cc78e
SIMULATED,TD-AR4,Automated research,SIM-20-OOD-0008,1e2cdf21619881689dcec9c0190a3112034981edd8aae7b3a7459e96638b9632
SIMULATED,TD-AR4,Automated research,SIM-20-OOD-0009,5689cfeced9bc35d6c8184c94ccc8f126cb1119d0596fac5f4f01c8b3545b7bf
SIMULATED,TD-AR4,Automated research,SIM-20-OOD-0010,d06d15b79f5eca3a7171d99ab4c69d967f1d3076cbb08aeeac60a7f56bb44e96
SIMULATED,TD-AR4,Automated research,SIM-20-OOD-0011,58a018672073f631189b30715c59e223b64b572d7f9af98f91c438ae24b632b1
SIMULATED,TD-AR4,Automated research,SIM-20-OOD-0012,79a8abb209c5124ff28a1714f0dc8ae41295f534d81b992571e1130242e3729c
SIMULATED,TD-AR4,Automated research,SIM-20-OOD-0013,b51e25500dcd408e2a17a8dd70a6ab3a0c8f940a998f4cda93ee763cbf495132
SIMULATED,TD-AR4,Automated research,SIM-20-OOD-0014,0bd711fa2b24aeae8fa6851e15541e0aba5014b7f7ba04371c27dff3f843057a
SIMULATED,TD-AR4,Automated research,SIM-20-OOD-0015,84b3af8b633c100f714cc4da2e201ace77713e934055a4432ae0d6faaacc9b7d
SIMULATED,TD-AR4,Automated research,SIM-20-OOD-0017,2ca7116d96c7bcdc76c8efd5147e3bc5fdc64f8831ef99dbb2da13253fb70cd2
SIMULATED,TD-AR4,Automated research,SIM-20-OOD-0018,041582609ff422dbf76c334eee2f2209cf8d848d0cb455e20fcb9231f336ef36
SIMULATED,TD-AR4,Automated research,SIM-20-OOD-0019,5608ebaab698de1c8e89d2622d215df71056c3e17d7835a9e2c2cc37e7b29477
SIMULATED,TD-AR4,Automated research,SIM-20-OOD-0020,38c04a285800b2c300b38b2c2afd4e7ce18db8b78cf5e01cd27e36cec81b61cd
SIMULATED,TD-AR4,Automated research,SIM-20-OOD-0021,9fe90176de1768221197019e1acb10e01b87c996550201922ea89e83ed40a571
SIMULATED,TD-AR4,Automated research,SIM-20-OOD-0022,3283967ba0dd3c19509da1af5364d96eed86788ea251508cafcfe8638729ba0a
SIMULATED,TD-AR4,Automated research,SIM-20-OOD-0023,3c4b9275fa24566c1fa181787f911a4014630ca04156d406a5cde3032b75fcf4
SIMULATED,TD-AR4,Automated research,SIM-20-OOD-0024,521bd37b3a5cc110bfbed5189bf8412193cf685f9e40e73afc274001e3faec10
SIMULATED,TD-AR4,Automated research,SIM-20-OOD-0025,a19a40723f938f00ce168f30d1863c4f7e5ac3d9d476100d595f555db62ee6e9
SIMULATED,TD-AR4,Automated research,SIM-20-OOD-0027,5da6493dc04e254118d71155402236f85ddc5802542f62319922939d23300f1d
SIMULATED,TD-AR4,Automated research,SIM-20-OOD-0029,95ded638bfabf564e6c56f6d5e012db66841fcaa803ead59c1f134a71d6de1c9
SIMULATED,TD-AR4,Automated research,SIM-20-OOD-0030,038aa902c4b50ddc9e267ef17cf3b2fed607f15ec3e3313b4c0d926bff9c55a2
SIMULATED,TD-AR4,Automated research,SIM-20-OOD-0031,8f804f2cc46a933fd6f99105e9e62669deadcf5ac0a2de3312b78c3ea7eb9b6f
SIMULATED,TD-AR4,Automated research,SIM-20-OOD-0032,155b6b199e37e752c9b4df80b2c61ada2c2f7e56abb13a4a4f7540495628a2cb
SIMULATED,TD-AR4,Automated research,SIM-20-OOD-0033,90cb16cdfaaaaea8f9bdf878319a4521efe7064e436dfd8e229277deaa7a36c8
SIMULATED,TD-AR4,Automated research,SIM-20-OOD-0034,17906f9dec5dc8e6ba4184933f86bd9eda1e3b5b4344094d26f77d67b58d02ab
SIMULATED,TD-AR4,Automated research,SIM-20-OOD-0035,3692981c74c88f127282241d2273162f25dd8d07bc40b233e3f99952cf4c5c3d
SIMULATED,TD-AR4,Automated research,SIM-20-OOD-0036,1093a5eaf3b0e092b7529b8c1d62e3f3c994f24a4df1f1e005193a04e90c6f30
SIMULATED,TD-AR4,Automated research,SIM-20-OOD-0037,1521568bc3a210b13d8cc0980241791d4dc732560b89ca26e88034e76873fe9d
SIMULATED,TD-AR4,Automated research,SIM-20-OOD-0038,94155b0c58983874ae980e38b3e1d90c25c1fe57e67243049951c87114c42153
SIMULATED,TD-AR4,Automated research,SIM-20-OOD-0039,370a63771470a5b535b8adb29a3bc7939c5d9a0669e28275812e01f66c5a220c
SIMULATED,TD-AR4,Automated research,SIM-20-OOD-0040,03cd38f4c6c5c4268c69b206ca47d987b7e3e06d566b2458f111fc3b2ae3f5a2
SIMULATED,TD-AR4,Automated research,SIM-20-OOD-0041,b71092dd93277ceb370960e4049aaecdccb4aa32d31430f76ef19d15d1f260fa
SIMULATED,TD-AR4,Automated research,SIM-20-OOD-0042,ccfd953c80a4ca356ba08a0d54c84d0731249ddb02671786eb7d1bf850f96f7b
SIMULATED,TD-AR4,Automated research,SIM-20-OOD-0043,29652f15bded51b7e62a83fa1191a54f2409fe227b7e5de88de9485c9d0ef10f
SIMULATED,TD-AR4,Automated research,SIM-20-OOD-0044,252dd3977738ea431a5aa04f9d1245c6aa90c33e4d2266ff624ee93d46893746
SIMULATED,TD-AR4,Automated research,SIM-20-OOD-0045,6478e589c03b258047bc81e07c226a1565b33e60b53e2ccaafebae56d9d7d387
SIMULATED,TD-AR4,Automated research,SIM-20-OOD-0046,0d4d673387b28b861fb28fea38360798afb79a3c9a69904097a43faf800a6eef
SIMULATED,TD-AR4,Automated research,SIM-20-OOD-0047,c4faad20f216bf04cf1c2e7fb4c81c8fca36774d2b14d06916a46dd016e1499b
SIMULATED,TD-AR4,Automated research,SIM-20-OOD-0048,3533f34f55f4f9500d09a936088f6e0c7a536e8f51bbd78585ec4b2263e4ddd9
SIMULATED,TD-AR4,Automated research,SIM-20-OOD-0049,7e7ca265351d4c9596a34eebef680dc7b92c6d99a1b60f9bd4763a61d21d97a2
SIMULATED,TD-AR4,Automated research,SIM-20-OOD-0050,5ffccce8d3f3126b752c41e2228a78e86e5f9feb1c374e0cc7bb5e5f9734d88e
SIMULATED,TD-AR4,Automated research,SIM-20-OOD-0051,bf6ad3196cc64bddf165fb8204f6289081702e068ef034c62cfe08111f61d6a4
SIMULATED,TD-AR4,Automated research,SIM-20-OOD-0052,5d1f915982df84f51c9b7e86669f00ca749b633d4540b100dda6438bc3ced411
SIMULATED,TD-AR4,Automated research,SIM-20-OOD-0054,a71078a8aba8ac92bbcba602ba71889c5bd65944d72cad8a040ac76451aad6d2
SIMULATED,TD-AR4,Automated research,SIM-20-OOD-0055,4fb7df9993ea3ee43bb86f8ecea837dbfdc692d52f9e927a818408f79a0e0fbf
SIMULATED,TD-AR4,Automated research,SIM-20-OOD-0056,56c1f3838318f4ad2fe34986601cf0ae5cc7f49343edeece52f12f6bc087921d
SIMULATED,TD-AR4,Automated research,SIM-20-OOD-0057,2b9996ed2404dcd73f3e7fc7f6dcc7c69490a29e0eda05e96daa45b07e09aeb6
SIMULATED,TD-AR4,Automated research,SIM-20-OOD-0058,0fda0e335f4bdcb94dfde64a3b248fe2d37d5f6a37444375180628a5945e93cd
SIMULATED,TD-AR4,Automated research,SIM-20-OOD-0059,97df9f044e69e8589d19eba8190d7679263e159fdf13f3d747ea2f42645f019f
SIMULATED,TD-AR4,Automated research,SIM-20-OOD-0060,c92544998c3a3bd4ba94684fdd27339a04f42b01c155b58d94434d09debcea21
SIMULATED,TD-AR4,Automated research,SIM-20-OOD-0061,abad65ce1678d09eef57ea722dd30c1e2fda48cf085a1c7c796c682682eaac48
SIMULATED,TD-AR4,Automated research,SIM-20-OOD-0062,7b48adfa04a081bc74e536254fa3020a7fca957ea1a0a5a989abc5812e44f537
SIMULATED,TD-AR4,Automated research,SIM-20-OOD-0063,27c9f91e740746223bce108998199aa277e5787357945b792efada4d24d26cab
SIMULATED,TD-AR4,Automated research,SIM-20-OOD-0064,392e521febc21d69282c9a188bacea30095fdbb51a52cec28d33c158388ec1f4
SIMULATED,TD-AR4,Automated research,SIM-20-OOD-0065,4529a59808e08baf59fcea66ac8e9b76d0baeae2bb2c737c3f2f1101f802daca
SIMULATED,TD-AR4,Automated research,SIM-20-OOD-0066,984bc2ae43e4779135683fd7f39cb98d6600ec683a3d1fdfa5de2b6ce8b70521
SIMULATED,TD-AR4,Automated research,SIM-20-OOD-0067,875047fe6e5c7ebd50d2579e136811e82b3748bfb4cb595082563da5fd9fc708
SIMULATED,TD-AR4,Automated research,SIM-20-OOD-0068,1df947babbd25cb631cd1419cff86b554489279f05beb4868ebe7d8c135521f0
SIMULATED,TD-AR4,Automated research,SIM-20-OOD-0069,4b425056d2a7655d3766a6f03162c61693a32ae0cf84db28ecc9821ea8a1ebb0
SIMULATED,TD-AR4,Automated research,SIM-20-OOD-0072,6d0b99f83448934fd23229a30dcd2d6ba6cb51a3a5940ff42d56f327964e359b
SIMULATED,TD-AR4,Automated research,SIM-20-OOD-0073,65531c272152c6496b3a0eebe3640b56040271914c7d23e1c59243a6ae09f25d
SIMULATED,TD-AR4,Automated research,SIM-20-OOD-0074,342f8b186257a303cc933eed2b80f430ddf0a967a8b43a1e71959a32a0a6fbba
SIMULATED,TD-AR4,Automated research,SIM-20-OOD-0075,11c77284b6f7d217426fa0d7e6ccfc51687681ee44977931ee055ff9ba1c6f02
SIMULATED,TD-AR4,Automated research,SIM-20-OOD-0076,1bb3517f1bb4ebb6fac8f65e58c3e19baf95b66c968a450bd3a9a5c30200f404
SIMULATED,TD-AR4,Automated research,SIM-20-OOD-0077,6e8e791ad68f9cb6efcbf5d9bfafa16f7e1b94bedbccf234087671f37bfafa4f
SIMULATED,TD-AR4,Automated research,SIM-20-OOD-0078,6a446266e9754ed7c74a01dc64eca519374dafadad994912672c12792fe524d8
SIMULATED,TD-AR4,Automated research,SIM-20-OOD-0079,997332ab677283154daae1982281a34815a60dccc313e753e94448ea56a6b162
SIMULATED,TD-AR4,Automated research,SIM-20-OOD-0080,d2a1c6c965bf6609e99846425593603b4270226154194f7e6dd34c3cdd7c2ff0
SIMULATED,TD-AR4,Automated research,SIM-20-OOD-0081,7a59db9b3af2a286cb717d783aef0de370ef1df458c884fe81fb12fb9400716d
SIMULATED,TD-AR4,Automated research,SIM-20-OOD-0082,0b03d6c8ea8d849ed0f3695b1007fb7109dbd2fe5cd22c17c6caeb99933e6886
SIMULATED,TD-AR4,Automated research,SIM-20-OOD-0083,10d24e9a66fbddeb5bd24251b35a82f725eaca2eafd3ac30c2cbfe02ee0d0b50
SIMULATED,TD-AR4,Automated research,SIM-20-OOD-0084,4390c8c0f07ef3991129ca8f62ba4c7e9aea9b51dd3018c99f2b4de40b2f99d0
SIMULATED,TD-AR4,Automated research,SIM-20-OOD-0085,3949e76ac5f2153157739f8e221d75b76d3a4fa382088f0f8e97728121eaa69a
SIMULATED,TD-AR4,Automated research,SIM-20-OOD-0086,a18b2f5c18e1be2784763f95aca0c393146a10f45d1228767ef37b7cb9a43826
SIMULATED,TD-AR4,Automated research,SIM-20-OOD-0087,59aebdace87d4f711f72c9805fe20a595c038055acdda340e2040cfa40f8ce91
SIMULATED,TD-AR4,Automated research,SIM-20-OOD-0088,5df150f8f783fb734f11884fba2ee8fac6749fe5c5f201e637fc569cd8b5197a
SIMULATED,TD-AR4,Automated research,SIM-20-OOD-0089,b4e94bb26656299b860b25389ca7cabb7604e74f019563612ef26b6efe0a4bc7
SIMULATED,TD-AR4,Automated research,SIM-20-OOD-0090,07367a482229ac9954e63fa275025ebe312a22e40e2f0c9276f12e61c5a1c756
SIMULATED,TD-AR4,Automated research,SIM-20-OOD-0091,36c2f56ce80bd17051838ce9b7c4d7b11d455c692807672c49a9fef706182603
SIMULATED,TD-AR4,Automated research,SIM-20-OOD-0092,aa21ab33b8c10cd55cfde5da6bcff0bd2be5f78f8e34405980dff1e9ef651186
SIMULATED,TD-AR4,Automated research,SIM-20-OOD-0093,c3e439fd7561bca9cf45095a742170f81f4ada8290b562d0c9b7e7f697a9371b
SIMULATED,TD-AR4,Automated research,SIM-20-OOD-0095,2f31cf51cd9297e1d2c0bebea4ea6436fa7e069748e44e5e08760a6316bcdcac
SIMULATED,TD-AR4,Automated research,SIM-20-OOD-0096,ba58bcdb738160f493f9b86305eed3311a6b68eb4fb2f39b2465f6c3edcdac22
SIMULATED,TD-AR4,Automated research,SIM-20-OOD-0098,c43c2a1739ee6a810438c8c2ec7fe49c9e0cca4ef8c32ceb262e73fd39fe8fbc
SIMULATED,TD-AR4,Automated research,SIM-20-OOD-0099,4bfc1d2d09d12d3f74349a55748e3e329e584c14103d53de36d0007f9970732d
SIMULATED,TD-AR4,Automated research,SIM-20-OOD-0100,8651b282e858a78e282b848dfcbd19c6ccc7aeea4b5a9b7c6e06c02170ec35e1
SIMULATED,TD-AR4,Automated research,SIM-20-OOD-0101,cae799f0fd3472bfc9d1dca9400240be4088ef5851710f605248fb1a4e7ddf6e
SIMULATED,TD-AR4,Automated research,SIM-20-OOD-0102,ab8ee83c5aca188de45e79415d6ae0397e574b2e21b3ed59cd1b0a57e0db2f21
SIMULATED,TD-AR4,Automated research,SIM-20-OOD-0103,95be2eed42cd41d3d37e1e7986d0182eca60b70d0cc5f515b6b43ad9c96bd57c
SIMULATED,TD-AR4,Automated research,SIM-20-OOD-0104,86c13e218ca441e65470467f66519e6ce0040613a24b5f00bc32914c5ad9d30e
SIMULATED,TD-AR4,Automated research,SIM-20-OOD-0105,be6bcf4c572ecf06ab0a3310662ba49fcd54b80c41a057b92c3f70724a25fa01
SIMULATED,TD-AR4,Automated research,SIM-20-OOD-0106,72f983f4f56dd58dde508c87a16229ec9b75d6b93eac2f81511655d7381e38b4
SIMULATED,TD-AR4,Automated research,SIM-20-OOD-0107,25c2b230ab27b4ff4f22e35a3d8621a01f66dd4c5374a603ad47748f3512ce07
SIMULATED,TD-AR4,Automated research,SIM-20-OOD-0108,5e6b003eb27957ab7538cd1bb9441e31d35c6345610d068a6a6bcec8ebf1385f
SIMULATED,TD-AR4,Automated research,SIM-20-OOD-0110,3a6d3a1b89bfc3f0fd93abc9c3a4f5ff9d265ce467948f2694eda898eef3fc30
SIMULATED,TD-AR4,Automated research,SIM-20-OOD-0111,a6eec3922a215bca7f5cd29315acf0f5e5df208d413f48fdc02050e49fc9ae82
SIMULATED,TD-AR4,Automated research,SIM-20-OOD-0113,9eb1de41610a55ae105f9487e8987a2c73d9332a964a96208dc1143ea6b3db79
SIMULATED,TD-AR4,Automated research,SIM-20-OOD-0114,9b0d3cab491628fcf5a71c5a6adf94e13059cf8e8b621992f46fb76ba4ced8dd
SIMULATED,TD-AR4,Automated research,SIM-20-OOD-0115,3de4494fab330e106f99862244eb9df3480600182b0cbe7ac60345acac177917
SIMULATED,TD-AR4,Automated research,SIM-20-OOD-0116,48781d25d8a9ccc0ed9e577e5f22a12e101e3e3b779151723bab9e8ee42fd3c4
SIMULATED,TD-AR4,Automated research,SIM-20-OOD-0117,7b0b3a9a3dd2ecc02e4555501ac3d4da622b507a0a11e5e5312cbb04b860fde0
SIMULATED,TD-AR4,Automated research,SIM-20-OOD-0118,666b1380909fad1de5743efa121dbb3ac812300913a5912d62d9a11ba5cd2d60
SIMULATED,TD-AR4,Automated research,SIM-20-OOD-0119,a1fad3c50408f399a70bd24cb62c90ce7d123a6f16de9e2943246fc9e77381a3
SIMULATED,TD-AR4,Automated research,SIM-20-OOD-0120,38372fe2c8c018d42e23b087980599249a8906c37e67e04b28a25e60cffa98f1
SIMULATED,TD-AR4,Automated research,SIM-20-OOD-0122,656d69c55002ab4ead4ad3bb989470ccd1dd37d8365e6f8770b522af6e076147
SIMULATED,TD-AR4,Automated research,SIM-20-OOD-0123,9f3a0476322c40c9417cf48f863c6f56c0b5f33470d753b0bdc6077f3ebcacff
SIMULATED,TD-AR4,Automated research,SIM-20-OOD-0124,6371fb278eece5f16a262bf43147af74a52489d3b64b09f9141181b0b67f0107
SIMULATED,TD-AR4,Automated research,SIM-20-OOD-0126,4e537f2a90ed2b7d75c4ca58a6a6bf66bb9b86cea676f875891b8d40c7455a68
SIMULATED,TD-AR4,Automated research,SIM-20-OOD-0127,248a432ed870e29a5a911c96b3752ff9abae98bd272b12cba772aa730e83f87c
SIMULATED,TD-AR4,Automated research,SIM-20-OOD-0128,b337316539f00fbf69cac657ba70562ee5017ddf1fcb1ad385ca21320ff7a6e4
SIMULATED,TD-AR4,Automated research,SIM-20-OOD-0129,ccf3b5752d81162ab1a3f76dd94bdae96aee723223e9200c4b56f659aed9b73b
SIMULATED,TD-AR4,Automated research,SIM-20-OOD-0130,9b382504a74f8b8b5af07529cdfd41b099554b8528c0a35ea22aaa8164c0711b
SIMULATED,TD-AR4,Automated research,SIM-20-OOD-0131,1c589f755808bfa113b712c8f66bdcb1a8a1c552d06c6b9e13d3f716a80efde8
SIMULATED,TD-AR4,Automated research,SIM-20-OOD-0132,267aef0383addbf995c4abbd13e54d0c45757dcae77f054ae7dd5e837f5ada25
SIMULATED,TD-AR4,Automated research,SIM-20-OOD-0133,8882b5019085608452a5ae7bc74d2b9698a103cdd428a431339f6cb6f175553a
SIMULATED,TD-AR4,Automated research,SIM-20-OOD-0134,9a8a8098a1d0508b76d5f37629f8fc9c0d2329a7f90ba2df0b9bdbcc1543efe0
SIMULATED,TD-AR4,Automated research,SIM-20-OOD-0135,cf430c5e1a7e763b3a2955506bf1934baef34fad6a8067705712ccfc7c48becc
SIMULATED,TD-AR4,Automated research,SIM-20-OOD-0136,7814291447ee22c5dd269cff48ac7366c11ede1c9002c0397980dfc5f3c75a81
SIMULATED,TD-AR4,Automated research,SIM-20-OOD-0138,0d5331419ac41a83959f5aa54b7675f84c989c37ae4e2b0a25867a45d440d235
SIMULATED,TD-AR4,Automated research,SIM-20-OOD-0139,513abd4ee0fbe2f521680b2692995723bcdad024a29184a9bd375e9be91e5e5e
SIMULATED,TD-AR4,Automated research,SIM-20-OOD-0140,d552766956c9d771df6ccf3cbdf65fb8b9fd038db87817a376b2216a22443ac8
SIMULATED,TD-AR4,Automated research,SIM-20-OOD-0141,098f519b283738cb726656f8a8538c5936597d20136f371e36794813225b0635
SIMULATED,TD-AR4,Automated research,SIM-20-OOD-0142,6b820eac5d071f15fac67cbc4731ad44e133bc48467759cf8f48382730c33d15
SIMULATED,TD-AR4,Automated research,SIM-20-OOD-0143,5f773ca183b60dafc3ad85924f86efd8ae58fbe8a7f4594950554119d0e399ab
SIMULATED,TD-AR4,Automated research,SIM-20-OOD-0144,bb19926a89c81168b1b43ecb004ecb8317ce6ea7474300408a5c3855fcb1f047
SIMULATED,TD-AR4,Automated research,SIM-20-OOD-0145,5df6d211b3501bb0b0a3b2ca491db5a6b6fabe6ceb841bb623b0c19b51266438
SIMULATED,TD-AR4,Automated research,SIM-20-OOD-0146,929e13e82ad55296dc089038bedbe784408d111cde3081d8be1d7625bab63e2e
SIMULATED,TD-AR4,Automated research,SIM-20-OOD-0147,9826122ff92f2cea84556e9e670747d8aafd9d4bf7c96fef713f352b0e5cbcb9
SIMULATED,TD-AR4,Automated research,SIM-20-OOD-0148,2b495bb49730d4b759c570842f06dfcfeda4d460b282210f3992a0c962c7e2aa
SIMULATED,TD-AR4,Automated research,SIM-20-OOD-0149,4d3dbacc7c61b6e92ff1fa131d1b4048da477f37b273816d5f16f97ea81a9f1d
SIMULATED,TD-AR4,Automated research,SIM-20-OOD-0150,b213ce95a9a566bdaafbdf1c5b3c560afd4f18f80a55f785dd389c6a71ffc9f5
SIMULATED,TD-AR4,Automated research,SIM-20-OOD-0151,915ad923be432ee43938cf76e2e8a155a7f528657dea2d8050bb76928a580080
SIMULATED,TD-AR4,Automated research,SIM-20-OOD-0152,3e74ba710dd871a4f5f3e6f32d66730b37af5659b9868f52ca9ade493d64deab
SIMULATED,TD-AR4,Automated research,SIM-20-OOD-0153,c86c6caa6220dfc99581a3fc322548c4cc13cca8df649ae7a5039e10554b13b4
SIMULATED,TD-AR4,Automated research,SIM-20-OOD-0154,b73e8373b6be85bfd92aba77fe2fe71be4c440f3e778443309db1c8ba9baff49
SIMULATED,TD-AR4,Automated research,SIM-20-OOD-0155,d906f75e412f877cdd75ae4abac1bfec2776e7dd8ba0f4576cbb5767480506e1
SIMULATED,TD-AR4,Automated research,SIM-20-OOD-0156,32bd3f3164cc7351ed580991a363f9526b500a310347fc4a2d2dd62f553b62b2
SIMULATED,TD-AR4,Automated research,SIM-20-OOD-0157,898f2a8ec7ffb676a41195e7ac2caea7d89dd943dcde6e984e73720f55b14096
SIMULATED,TD-AR4,Automated research,SIM-20-OOD-0158,963d2b012917ffc53a721547f4abd2af6a3c7bed96a04ef0930d0b708d6b3bcf
SIMULATED,TD-AR4,Automated research,SIM-20-OOD-0159,d7dba382f92acc9f5247e810d4873439cbb37a95bf4a698187b16d6bb233edeb
SIMULATED,TD-AR5,Automated research,SIM-21-OOD-0001,486925dfff69a92dc9750b0ceae0c9b375b17e140fd2948c5491bd9bba432a13
SIMULATED,TD-AR5,Automated research,SIM-21-OOD-0002,dab470e1392dcde252788758f4d468266876d0d57d0a5705a66028bf5fffc94e
SIMULATED,TD-AR5,Automated research,SIM-21-OOD-0004,9a777250d86b3a34d7f5e4be71c35802f2402c76f3faba9f2084a06a9c9815a4
SIMULATED,TD-AR5,Automated research,SIM-21-OOD-0005,176bb15806f96fa2dcec8ba38ad94937ab81a30607d4eed10ef8abd412c2bcd9
SIMULATED,TD-AR5,Automated research,SIM-21-OOD-0007,907621ba52024ac2135cb01bedcb08ca2634d42a67b590cadd5e5834940543f6
SIMULATED,TD-AR5,Automated research,SIM-21-OOD-0008,7eee9af0727ac9d1872e01d088f5131caef7893b0550ddf5400e5885e2c83ec9
SIMULATED,TD-AR5,Automated research,SIM-21-OOD-0009,503d843654322380f7b7529bd31aa35779a315d804df82d05bd3724259247f62
SIMULATED,TD-AR5,Automated research,SIM-21-OOD-0010,5f3b38302feffca9b851119d094251b0fd843a8934fe02e115535e9da8a44765
SIMULATED,TD-AR5,Automated research,SIM-21-OOD-0011,9823b0b25724ded28169ccf62b8322a6df372e5c796a542f09aa9c8545e550b4
SIMULATED,TD-AR5,Automated research,SIM-21-OOD-0012,84dc6382c50b0e41f4c6caf9df568576dd4749b15df9ee65225775d11c814e00
SIMULATED,TD-AR5,Automated research,SIM-21-OOD-0013,7c0e1ba18ea945039474a99bec93be75a3465b1c871f92e1b6d1eadb48099224
SIMULATED,TD-AR5,Automated research,SIM-21-OOD-0014,a43da4f2b883ff1fda6209e3c33a235cb0e5c0cbe072418f3ee47607672dbfff
SIMULATED,TD-AR5,Automated research,SIM-21-OOD-0015,b3845ec8c15cd3ccc8b71dbeaaa6d784928bf5fbc2415081ea1d64ffc07f90b9
SIMULATED,TD-AR5,Automated research,SIM-21-OOD-0016,d9c41e49029df985a49eae66ad07f7bd023318c6d08a791b1ec5885b63027f5c
SIMULATED,TD-AR5,Automated research,SIM-21-OOD-0017,419d90209b8ce3e8d5c11f0e9750d4713e9a8ff28c1f58b359073337fb14b49c
SIMULATED,TD-AR5,Automated research,SIM-21-OOD-0018,919b48f8796ec48280803945d4c7d7b8436f313f12db83c9a74428528a45e2e1
SIMULATED,TD-AR5,Automated research,SIM-21-OOD-0019,4a9c57c5513f074617d6a1aca2217fc919fbb97bd14edf6beac7325ad2a9ebbe
SIMULATED,TD-AR5,Automated research,SIM-21-OOD-0020,4d44a5590603f0c25563f8a3bd1eac5d365f090a5bda2773189f858bccb60c11
SIMULATED,TD-AR5,Automated research,SIM-21-OOD-0021,30ff6a82290611cf171ad95a6ec89639f8a97bb2a758797be895e2e609245d79
SIMULATED,TD-AR5,Automated research,SIM-21-OOD-0022,0a9287d0b49080e74864825fd03cccfa174b22a6b1e927be1a7719b05fc7d0b3
SIMULATED,TD-AR5,Automated research,SIM-21-OOD-0025,91898717ebbb0d7e642130a5c71c78f017962e716d01bc97bb8fc1fe1e5a87a1
SIMULATED,TD-AR5,Automated research,SIM-21-OOD-0027,d9a9cdf8bd1207546e580249d5567549e990435efec69f30f92b1b65361eb970
SIMULATED,TD-AR5,Automated research,SIM-21-OOD-0028,9a52c1eaae9b2b6fac4f965cbbfaeb88d304ca5ee1ce23aeda0110d134bc98d0
SIMULATED,TD-AR5,Automated research,SIM-21-OOD-0029,270edde4d873c5f8866672a6e46b1d870a83cf2e8d413e68f0917d03e8d9e58b
SIMULATED,TD-AR5,Automated research,SIM-21-OOD-0030,9e142f82be188a0322bfc7f0378baf9eb883b0883e32c457b9c7d4f35ce2ce34
SIMULATED,TD-AR5,Automated research,SIM-21-OOD-0031,1c5ef55be20b8168ffe6632cce0f1bf68b86ffe9d89e46a61fb9bfa7f1fe17d8
SIMULATED,TD-AR5,Automated research,SIM-21-OOD-0032,086b0d178d810fa781b138fafb16a148ab6dccf34251fc370dcf65f1ab7abdb8
SIMULATED,TD-AR5,Automated research,SIM-21-OOD-0033,086aa2c202d06da3a188861eab564d6e1e7a4792c09dd1b8908d555a6824c43a
SIMULATED,TD-AR5,Automated research,SIM-21-OOD-0034,15d8ddf39aa44057df34e7e6b36b761a9d366ef152759e6da739c69225b29229
SIMULATED,TD-AR5,Automated research,SIM-21-OOD-0035,9ce147119c23f9f4d3e0f6f6fa8f8fec115591035a8a6511b818dfacb460c32f
SIMULATED,TD-AR5,Automated research,SIM-21-OOD-0036,4e306970d1bce8862e4334ccb3d23b475ca199a2cfffcf1bfa6a089c2e022f9d
SIMULATED,TD-AR5,Automated research,SIM-21-OOD-0037,9a8018701518ec0275fe6adcc1956792a79918e55dac0c9266560d8d990be733
SIMULATED,TD-AR5,Automated research,SIM-21-OOD-0038,2572c5054ef35d193cae87e67965f08dc4443fc26dc9d4bcb0c335e8bb4b4468
SIMULATED,TD-AR5,Automated research,SIM-21-OOD-0039,9aee3f072339e909881bca452e1d88e3f6d43ec3919396b852db85437d73b1c4
SIMULATED,TD-AR5,Automated research,SIM-21-OOD-0040,00e50a67160ee954856e6afbe7d2eec444aa0ced20caad4a8edac2c922255af4
SIMULATED,TD-AR5,Automated research,SIM-21-OOD-0041,a0c815e3643cf5ffc3c7bcbade939c210f7d8525505194ded0c1a79c27a581a0
SIMULATED,TD-AR5,Automated research,SIM-21-OOD-0042,36a6d8128e95b2fde6c1b7cee14deae3230aa47becbcaa33abafcdc341319ef9
SIMULATED,TD-AR5,Automated research,SIM-21-OOD-0043,d6605f6101338a7bb0e7ed8e0e8b67f61e194b447af9e300ebd94cc11d4aa44a
SIMULATED,TD-AR5,Automated research,SIM-21-OOD-0044,6da7a37e43f9b04d152898b8a98434746b69b7a0e0b4dc727d5ee41c680a9bd0
SIMULATED,TD-AR5,Automated research,SIM-21-OOD-0045,b7077ef1d3404d5d33aedf5e90a2bb213096436737d133a80849b027596a73aa
SIMULATED,TD-AR5,Automated research,SIM-21-OOD-0046,0b777752c9f35a9a2c1cb0a1ec8c8b0935a92c57a18d7f9876608d00990be3fd
SIMULATED,TD-AR5,Automated research,SIM-21-OOD-0047,4fa9001aea6f09959c5a0d8a2a6d1c3caa3a35eac65472b8d0e498d43296720d
SIMULATED,TD-AR5,Automated research,SIM-21-OOD-0048,151e5599a82d32c708b034963f0db371413081ad9b65c8d72854c7264a92af11
SIMULATED,TD-AR5,Automated research,SIM-21-OOD-0049,7fa4ec4ea37fea63a45ea94b714c90ce6c37ff18798da76ff0721a215e4111cd
SIMULATED,TD-AR5,Automated research,SIM-21-OOD-0051,7b0db36df066c53447495f71795c75dbf51ff026eff2f1d46667005d763be335
SIMULATED,TD-AR5,Automated research,SIM-21-OOD-0052,d1013bf9e5eff1c71db5112c2ca877b9481f1965208e2e7ec35223d3031f8d68
SIMULATED,TD-AR5,Automated research,SIM-21-OOD-0053,4c294b6beb74706122dbba06fd484d068258a954b5f9cebbbd021146547f3921
SIMULATED,TD-AR5,Automated research,SIM-21-OOD-0054,9b83d7fed2b9144e7c6cc0bb691db603c6938d21cf2411eb98c1a18d9e2372a7
SIMULATED,TD-AR5,Automated research,SIM-21-OOD-0055,098f32fda44ab56bf7f0327edb8ea197f04e0aea11b1db8fea5be2f7a531dd30
SIMULATED,TD-AR5,Automated research,SIM-21-OOD-0056,25288fb462ab609b8a2c192df6007f528a760fea3405e6249e6e8013d87d7a2e
SIMULATED,TD-AR5,Automated research,SIM-21-OOD-0057,02ab0f9329a7b99a8558c1d89ecb61c2d16c91d2c3ee12de279e828d3d7b3ab2
SIMULATED,TD-AR5,Automated research,SIM-21-OOD-0058,b444efd8663ff534aa153a53944e55f87d81e2ca7e3f7c77ab503f7b7ea1444b
SIMULATED,TD-AR5,Automated research,SIM-21-OOD-0059,93d95cfceeda0e4b18f0abf3e71851ca0c9687eb9297eae5bc6cc8b607537876
SIMULATED,TD-AR5,Automated research,SIM-21-OOD-0060,1ff6f8f80b45dde625adcb77f8fe7a64239088f28ff52282773fe52775027d77
SIMULATED,TD-AR5,Automated research,SIM-21-OOD-0061,472b098b65b5b22369061c2651243cc52844d9b73c9977237b980bf0858e79e5
SIMULATED,TD-AR5,Automated research,SIM-21-OOD-0062,96d10e0677519d22ef8e3dac03d8e68a3a191b4990ececdf210b27af56c5f14d
SIMULATED,TD-AR5,Automated research,SIM-21-OOD-0063,8f009d07c39471fb64b5127c4628c8f4b3efe16743c79d88b9440c8fa17291d5
SIMULATED,TD-AR5,Automated research,SIM-21-OOD-0064,3eb6fb8ab81b2dea02495b4ef0d917cb705c3ef6afe055749b1091e906ce42c0
SIMULATED,TD-AR5,Automated research,SIM-21-OOD-0065,2f49de250eaf67557c54790e958a45d32d22b7c38d952c9bc104c15e6353261c
SIMULATED,TD-AR5,Automated research,SIM-21-OOD-0066,6de21879d7fbf988bcf4b7c55218ae4d4b56a8d4c5adc1c3756fd0f2c93be674
SIMULATED,TD-AR5,Automated research,SIM-21-OOD-0067,657316cc2ea6602caf891ed852d7089c3528fdcd5551e34f047317ae698a1996
SIMULATED,TD-AR5,Automated research,SIM-21-OOD-0068,9a9899b1b8984092c829d418e0533bd64518dd4a943602d5bc46d2cbde9d0a19
SIMULATED,TD-AR5,Automated research,SIM-21-OOD-0069,afaa7c093ea54812cb16d722dd94efd18ce8c0843cdeb028e11fc262a7af017c
SIMULATED,TD-AR5,Automated research,SIM-21-OOD-0070,018dac14e3a081f7c94d9285a8ae7a9056d15f68ffb56dcd592e4e091740e9dc
SIMULATED,TD-AR5,Automated research,SIM-21-OOD-0071,61718e42011397445a1525eb6857efffa1a12ad6080eb16cd9b1d18369ad813e
SIMULATED,TD-AR5,Automated research,SIM-21-OOD-0072,673642b6e812a818fc32333c3328425f0bd02641c26663ab2308491b77a8f373
SIMULATED,TD-AR5,Automated research,SIM-21-OOD-0073,d7c0bdb55ef5aea0548dbeb37be08483e470a9f0acf0498ec2a603fc7d517b25
SIMULATED,TD-AR5,Automated research,SIM-21-OOD-0075,bf152374f507eb61a1081f422593f8f6161a0ec79e71dcdb51f9aaeac6da288b
SIMULATED,TD-AR5,Automated research,SIM-21-OOD-0076,d80cf58f32cc4fc9c2bf715e4270535beca2a2549888be133bdee7e9fe91c562
SIMULATED,TD-AR5,Automated research,SIM-21-OOD-0077,0778585e1e9ce1f1b4a50e5d3f508fbe03a4b37cc90fbbf5cc80d2e17250fbc8
SIMULATED,TD-AR5,Automated research,SIM-21-OOD-0078,8199830a224a8f68368c0122e95c0d2aeccb92915136b33cc16dba148ba557d5
SIMULATED,TD-AR5,Automated research,SIM-21-OOD-0079,0dbb9ac9e594a07339a76224574d11a569fecd1c3d82019ee3b9aa4d6e8c2a66
SIMULATED,TD-AR5,Automated research,SIM-21-OOD-0081,830be2d7aed1a2eff0efa5d157cc9d11a30e01ec34d8cdb1ca4b66bee17f4aea
SIMULATED,TD-AR5,Automated research,SIM-21-OOD-0082,6fe41a8533a46e76219d268a528593abee01fef4f223231f8a576790bccf0301
SIMULATED,TD-AR5,Automated research,SIM-21-OOD-0083,00857a51664c5db1f88bbaa289cd746e372037713d9e0bbd35694136e84d3322
SIMULATED,TD-AR5,Automated research,SIM-21-OOD-0084,b3f1fe67cbdc9c29176f861f77af5af1513144f0f453cdeb040eac60c4df1239
SIMULATED,TD-AR5,Automated research,SIM-21-OOD-0086,051e16a7cd3929579ef3735e051d66ba11bd7c6336a24d818be0b5ec46eaaf20
SIMULATED,TD-AR5,Automated research,SIM-21-OOD-0087,1f5683c5315e207292b29ee195cf943fc6235be6561b61119b9e21750b871f9d
SIMULATED,TD-AR5,Automated research,SIM-21-OOD-0088,a87eca64a630e79ef5fdea6c69a41d10157bcce64a8981afbff678a173e008e7
SIMULATED,TD-AR5,Automated research,SIM-21-OOD-0089,5aef08c82a85697c7fca0d83578cc1b5afb0b26d1e447466b922cdd7bf8a4a14
SIMULATED,TD-AR5,Automated research,SIM-21-OOD-0090,3ff562a35c03a26654681a5c4fbcf009be1f7db3b6e83a75f7be6f4d75ecc2d8
SIMULATED,TD-AR5,Automated research,SIM-21-OOD-0091,00507881db75700f9e345398f6c39f814b41c159258d10f6a3ea7010db869049
SIMULATED,TD-AR5,Automated research,SIM-21-OOD-0092,339742ed332a2148e2fb69a7026509dee7ead996ef5568a58e6bc58f168aa89d
SIMULATED,TD-AR5,Automated research,SIM-21-OOD-0093,18ed35017f1bfbc7c641673477a7a7327f2b975bbec7cb4b84b4b7503b892b94
SIMULATED,TD-AR5,Automated research,SIM-21-OOD-0094,328387ede39a07129b0af40cae2ff142843cb6a675f572ba9c1b7c435a008906
SIMULATED,TD-AR5,Automated research,SIM-21-OOD-0095,2db5cb5675a32c7ddb8eb462c069babb1e7602f96d405a84ca9376e452bc85a1
SIMULATED,TD-AR5,Automated research,SIM-21-OOD-0096,19d7b7e2dc6e8a1d006cbb824c02188a5b3f51b25c7ccbadf733fa0240ad4dd1
SIMULATED,TD-AR5,Automated research,SIM-21-OOD-0097,152490ed2e0f2cdcfea19ead3603d4f4a4ee3481364ec0009e8083d3140711db
SIMULATED,TD-AR5,Automated research,SIM-21-OOD-0098,40ba315e7ec81694678646d8dbe65744fc0f8d1816011d91727e18fd268d73ef
SIMULATED,TD-AR5,Automated research,SIM-21-OOD-0099,474cf7933aff0b8962fcda0b23266545918c146a9fd26de793249f26a3e2d2ce
SIMULATED,TD-AR5,Automated research,SIM-21-OOD-0100,d552c55efce14cb2bb1df1e0f5297555ac8decad6a23efd97b4eb829b97a751e
SIMULATED,TD-AR5,Automated research,SIM-21-OOD-0101,7460229250a534e3b1b59fa932038ac2aede1f3ab265053c278e78c50844709c
SIMULATED,TD-AR5,Automated research,SIM-21-OOD-0102,63fdd9154fc6f8550aef74e18c3792ec8859f48cf0a828d7300900fb235a179b
SIMULATED,TD-AR5,Automated research,SIM-21-OOD-0103,587872dc354377ecf18674297bb427e96c9dda473a88b4d87644d92b7bffe264
SIMULATED,TD-AR5,Automated research,SIM-21-OOD-0104,7a53201cfc611aa7de6064d0adfb9a3efb90aeb9afd238e02198e251675dc0cb
SIMULATED,TD-AR5,Automated research,SIM-21-OOD-0105,2101797f6172684aa528e3378063542701498732c93bc4fd22d621742f03c8ad
SIMULATED,TD-AR5,Automated research,SIM-21-OOD-0106,b14836f54b7bc695a964631421d2117dca7c49ebe1bcd94ca0b487b067efb623
SIMULATED,TD-AR5,Automated research,SIM-21-OOD-0107,142bac8dc36207e554927d53102f9da2693747c9448e27ccff08f4074d0f00f7
SIMULATED,TD-AR5,Automated research,SIM-21-OOD-0108,01b0232a70a6fcb4e8cbdd90439d6bb7d4696873b86775280fce312a476b10a2
SIMULATED,TD-AR5,Automated research,SIM-21-OOD-0109,3410fdcab1f0f300f8b57a60c19a7a9be5f5eb450ac8bd92a735816e177d7196
SIMULATED,TD-AR5,Automated research,SIM-21-OOD-0110,8f869da2d8cd782e751c8910ffd0c0844c081e9884cd9d422fe406cbb63d8dc0
SIMULATED,TD-AR5,Automated research,SIM-21-OOD-0112,039a3e7c39e44e3a8ec999429db921df30fd39fcd31b23676d3284f523fe7772
SIMULATED,TD-AR5,Automated research,SIM-21-OOD-0113,2b27a3912b020193453cc9c992122bbdd92b85e60240fc55328245bc8392d63f
SIMULATED,TD-AR5,Automated research,SIM-21-OOD-0114,868f68867c930dc552e77de4b0531bb14e11d559afa6ff18497b67b2e25dbfb6
SIMULATED,TD-AR5,Automated research,SIM-21-OOD-0115,252f26250cbfcff8b7a7b25fa592aae06de2e37804ee431cd0ef46932707609c
SIMULATED,TD-AR5,Automated research,SIM-21-OOD-0116,b3fab431059ca8c959f25c254e56f6f8fbead0e8a78ccca539877d7ddcde2c30
SIMULATED,TD-AR5,Automated research,SIM-21-OOD-0117,7136f734572dac5472c591ea10f081bbfa4daf58780f57449caeeb88eb88b742
SIMULATED,TD-AR5,Automated research,SIM-21-OOD-0118,54826509b60487bf96145146d199690dacaae8253c666b84f4904ca700e6e73e
SIMULATED,TD-AR5,Automated research,SIM-21-OOD-0119,d1cade8d2c90eca78a2860806845fbad951835f42bd86491d9262179992d09b9
SIMULATED,TD-AR5,Automated research,SIM-21-OOD-0120,9eb3c3527f12972220a741453a8d7312ac157ecadaff22eec2d79cc99b365a7e
SIMULATED,TD-AR5,Automated research,SIM-21-OOD-0121,37b8df163dcc6e99d1662e9485c052497939872070b493aaa1a97a2e7d22979f
SIMULATED,TD-AR5,Automated research,SIM-21-OOD-0122,d8c48d1efe26e8015ad268eec95cfe422e1af6e5e93d5303ddee647fc6b0a91d
SIMULATED,TD-AR5,Automated research,SIM-21-OOD-0123,1a93111da0313813a0118f3c4ac01d106cf70f4e2ed81e361e5ddf98355f702a
SIMULATED,TD-AR5,Automated research,SIM-21-OOD-0124,bbf9a9d1be5ecea92952edc7225f5c05b3178c87b4612844df667c9fa435ae1e
SIMULATED,TD-AR5,Automated research,SIM-21-OOD-0125,1df96de3a98fec7c1dd89f2f02f2c224eb53d698b5f09f5298a42e520b341d68
SIMULATED,TD-AR5,Automated research,SIM-21-OOD-0126,c1b92165ece98d4d34c527492aa38713d5691ebe1c37a064a54e1b37f725a782
SIMULATED,TD-AR5,Automated research,SIM-21-OOD-0127,d66cc52f7b5afa77c0c1e4e012f227775c84121ce11f614bf88c8d93f0c00de6
SIMULATED,TD-AR5,Automated research,SIM-21-OOD-0128,7dd0768503adcc1ec368de8d0002fe78a309950fde106d8c8605dc1979d190a9
SIMULATED,TD-AR5,Automated research,SIM-21-OOD-0129,72e4e247755ac53c57bea1e8c7782ddda5472711005243c18be4ca4237862a8c
SIMULATED,TD-AR5,Automated research,SIM-21-OOD-0130,4d2995b811a7f24288ee81abe29c7902d8c6f532022088838243a8796ded73c4
SIMULATED,TD-AR5,Automated research,SIM-21-OOD-0131,b2d8fdd6963854358a9fb27649bd312c32998fed5ed40787f81d7fbe820829a6
SIMULATED,TD-AR5,Automated research,SIM-21-OOD-0133,429cc18513deb4fa0c1959bbca53dc91aea3ffeea9c451990b99466987f6e33d
SIMULATED,TD-AR5,Automated research,SIM-21-OOD-0134,4ed0b53c14c51ddbd57d4a4996f7e62500884d689746844814ee64ee6ea9a84e
SIMULATED,TD-AR5,Automated research,SIM-21-OOD-0135,2f76912c3c55c019b0bec66fd42e6c1144aada9c19f8f9fa2ba568c63574cb0f
SIMULATED,TD-AR5,Automated research,SIM-21-OOD-0137,197589d71b6a343e16545b6a897a1891640e9096e75bafbb61f85fb0147d708b
SIMULATED,TD-AR5,Automated research,SIM-21-OOD-0138,0f2132ec8ad7074aee6ecd79d0f35153cb35d4f64ab8ac959bebf9bdc971d90b
SIMULATED,TD-AR5,Automated research,SIM-21-OOD-0139,c3afdff6c4ad009c4d6f3fb382afbfa93251a02f96bcd02ff6cabdc1633033ab
SIMULATED,TD-AR5,Automated research,SIM-21-OOD-0140,15ea4f8d632189d0ba41b4a1b2fd006b49f490ff9337980020846006d6f64ee7
SIMULATED,TD-AR5,Automated research,SIM-21-OOD-0141,753e06b42ec84904103700479894b69f7b2461232f748b358f03bc0213c4db7c
SIMULATED,TD-AR5,Automated research,SIM-21-OOD-0142,2a7c294cf706661649bcbbcf1696854ed6aa93f445f44e9b7fc2a3754496e595
SIMULATED,TD-AR5,Automated research,SIM-21-OOD-0145,66b8478737480ec8a50747d9cb96cbccef1ae58cd13838ab63964af39076ea85
SIMULATED,TD-AR5,Automated research,SIM-21-OOD-0146,97785c344cfd3af46fa9365f9977870ae74526848be6ecf80c3f83c815ec8813
SIMULATED,TD-AR5,Automated research,SIM-21-OOD-0147,9cd0cc4399dc6a42f1eea653844cf463a980eb75d7b86cc402471096ba5412a0
SIMULATED,TD-AR5,Automated research,SIM-21-OOD-0148,0b879a28f4db06b3f371c8bb4171e8dea29447ea0e854bc0d22ff276be6bc234
SIMULATED,TD-AR5,Automated research,SIM-21-OOD-0149,4cc247b96feadf3a61e2f9136c8a94ca1bc0e32def788784c90c61bbf986483e
SIMULATED,TD-AR5,Automated research,SIM-21-OOD-0151,c7fe0f06dc0e4cf44cc931de4e7905fa7661aa76d6559e122300528227d147a4
SIMULATED,TD-AR5,Automated research,SIM-21-OOD-0152,7baed802a2d0f76a054f8e7a6f1c556e135244a2dfecb36a727d1db00af34dd6
SIMULATED,TD-AR5,Automated research,SIM-21-OOD-0153,814675bd0131f52a06bd7cb8754e392df24102a95d0d4d63475dca348d08e8c6
SIMULATED,TD-AR5,Automated research,SIM-21-OOD-0154,c1f7e4b4fe8d62e1a97fbac9294fe0dd5e4ed7503cbeff96b12077498da7a1a2
SIMULATED,TD-AR5,Automated research,SIM-21-OOD-0155,23f3eff08924a2e8943eae454682832b94ff66c7aa1b244da0bde0e52e2fb210
SIMULATED,TD-AR5,Automated research,SIM-21-OOD-0156,834d14403618c292d52ab945ce3d18c09e66310f2bcf5958369579d3bbd5a60e
SIMULATED,TD-AR5,Automated research,SIM-21-OOD-0157,06702a6c20c5b186170566cef050382053acaf8f9f817f996d569f9c4ac47e52
SIMULATED,TD-AR5,Automated research,SIM-21-OOD-0158,04ae88e06b2a46f7362f2a90f5b9e519bff0965e230b0faa55527a01566b3118
SIMULATED,TD-AR5,Automated research,SIM-21-OOD-0159,2e0ad8fc62ac596c1f3625a44ae376619b5cf96da073f33981e1b094edca5a22
