provenance,domain,input_group,complete_all_methods
SIMULATED,TD-SV1,SIM-08-OOD-0000,1
SIMULATED,TD-SV1,SIM-08-OOD-0001,1
SIMULATED,TD-SV1,SIM-08-OOD-0002,1
SIMULATED,TD-SV1,SIM-08-OOD-0003,0
SIMULATED,TD-SV1,SIM-08-OOD-0004,1
SIMULATED,TD-SV1,SIM-08-OOD-0005,1
SIMULATED,TD-SV1,SIM-08-OOD-0006,1
SIMULATED,TD-SV1,SIM-08-OOD-0007,1
SIMULATED,TD-SV1,SIM-08-OOD-0008,1
SIMULATED,TD-SV1,SIM-08-OOD-0009,1
SIMULATED,TD-SV1,SIM-08-OOD-0010,1
SIMULATED,TD-SV1,SIM-08-OOD-0011,1
SIMULATED,TD-SV1,SIM-08-OOD-0012,1
SIMULATED,TD-SV1,SIM-08-OOD-0013,1
SIMULATED,TD-SV1,SIM-08-OOD-0014,1
SIMULATED,TD-SV1,SIM-08-OOD-0015,1
SIMULATED,TD-SV1,SIM-08-OOD-0016,1
SIMULATED,TD-SV1,SIM-08-OOD-0017,1
SIMULATED,TD-SV1,SIM-08-OOD-0018,1
SIMULATED,TD-SV1,SIM-08-OOD-0019,1
SIMULATED,TD-SV1,SIM-08-OOD-0020,1
SIMULATED,TD-SV1,SIM-08-OOD-0021,1
SIMULATED,TD-SV1,SIM-08-OOD-0022,1
SIMULATED,TD-SV1,SIM-08-OOD-0023,1
SIMULATED,TD-SV1,SIM-08-OOD-0024,1
SIMULATED,TD-SV1,SIM-08-OOD-0025,1
SIMULATED,TD-SV1,SIM-08-OOD-0026,1
SIMULATED,TD-SV1,SIM-08-OOD-0027,1
SIMULATED,TD-SV1,SIM-08-OOD-0028,1
SIMULATED,TD-SV1,SIM-08-OOD-0029,1
SIMULATED,TD-SV1,SIM-08-OOD-0030,0
SIMULATED,TD-SV1,SIM-08-OOD-0031,1
SIMULATED,TD-SV1,SIM-08-OOD-0032,1
SIMULATED,TD-SV1,SIM-08-OOD-0033,1
SIMULATED,TD-SV1,SIM-08-OOD-0034,1
SIMULATED,TD-SV1,SIM-08-OOD-0035,1
SIMULATED,TD-SV1,SIM-08-OOD-0036,1
SIMULATED,TD-SV1,SIM-08-OOD-0037,0
SIMULATED,TD-SV1,SIM-08-OOD-0038,1
SIMULATED,TD-SV1,SIM-08-OOD-0039,1
SIMULATED,TD-SV1,SIM-08-OOD-0040,1
SIMULATED,TD-SV1,SIM-08-OOD-0041,1
SIMULATED,TD-SV1,SIM-08-OOD-0042,1
SIMULATED,TD-SV1,SIM-08-OOD-0043,1
SIMULATED,TD-SV1,SIM-08-OOD-0044,1
SIMULATED,TD-SV1,SIM-08-OOD-0045,1
SIMULATED,TD-SV1,SIM-08-OOD-0046,1
SIMULATED,TD-SV1,SIM-08-OOD-0047,1
SIMULATED,TD-SV1,SIM-08-OOD-0048,1
SIMULATED,TD-SV1,SIM-08-OOD-0049,1
SIMULATED,TD-SV1,SIM-08-OOD-0050,1
SIMULATED,TD-SV1,SIM-08-OOD-0051,1
SIMULATED,TD-SV1,SIM-08-OOD-0052,1
SIMULATED,TD-SV1,SIM-08-OOD-0053,1
SIMULATED,TD-SV1,SIM-08-OOD-0054,1
SIMULATED,TD-SV1,SIM-08-OOD-0055,1
SIMULATED,TD-SV1,SIM-08-OOD-0056,1
SIMULATED,TD-SV1,SIM-08-OOD-0057,1
SIMULATED,TD-SV1,SIM-08-OOD-0058,1
SIMULATED,TD-SV1,SIM-08-OOD-0059,1
SIMULATED,TD-SV1,SIM-08-OOD-0060,1
SIMULATED,TD-SV1,SIM-08-OOD-0061,1
SIMULATED,TD-SV1,SIM-08-OOD-0062,1
SIMULATED,TD-SV1,SIM-08-OOD-0063,1
SIMULATED,TD-SV1,SIM-08-OOD-0064,1
SIMULATED,TD-SV1,SIM-08-OOD-0065,1
SIMULATED,TD-SV1,SIM-08-OOD-0066,1
SIMULATED,TD-SV1,SIM-08-OOD-0067,1
SIMULATED,TD-SV1,SIM-08-OOD-0068,1
SIMULATED,TD-SV1,SIM-08-OOD-0069,1
SIMULATED,TD-SV1,SIM-08-OOD-0070,1
SIMULATED,TD-SV1,SIM-08-OOD-0071,1
SIMULATED,TD-SV1,SIM-08-OOD-0072,1
SIMULATED,TD-SV1,SIM-08-OOD-0073,1
SIMULATED,TD-SV1,SIM-08-OOD-0074,1
SIMULATED,TD-SV1,SIM-08-OOD-0075,1
SIMULATED,TD-SV1,SIM-08-OOD-0076,1
SIMULATED,TD-SV1,SIM-08-OOD-0077,1
SIMULATED,TD-SV1,SIM-08-OOD-0078,1
SIMULATED,TD-SV1,SIM-08-OOD-0079,1
SIMULATED,TD-SV1,SIM-08-OOD-0080,1
SIMULATED,TD-SV1,SIM-08-OOD-0081,1
SIMULATED,TD-SV1,SIM-08-OOD-0082,1
SIMULATED,TD-SV1,SIM-08-OOD-0083,1
SIMULATED,TD-SV1,SIM-08-OOD-0084,1
SIMULATED,TD-SV1,SIM-08-OOD-0085,1
SIMULATED,TD-SV1,SIM-08-OOD-0086,1
SIMULATED,TD-SV1,SIM-08-OOD-0087,1
SIMULATED,TD-SV1,SIM-08-OOD-0088,1
SIMULATED,TD-SV1,SIM-08-OOD-0089,1
SIMULATED,TD-SV1,SIM-08-OOD-0090,1
SIMULATED,TD-SV1,SIM-08-OOD-0091,1
SIMULATED,TD-SV1,SIM-08-OOD-0092,1
SIMULATED,TD-SV1,SIM-08-OOD-0093,1
SIMULATED,TD-SV1,SIM-08-OOD-0094,1
SIMULATED,TD-SV1,SIM-08-OOD-0095,1
SIMULATED,TD-SV1,SIM-08-OOD-0096,1
SIMULATED,TD-SV1,SIM-08-OOD-0097,1
SIMULATED,TD-SV1,SIM-08-OOD-0098,1
SIMULATED,TD-SV1,SIM-08-OOD-0099,1
SIMULATED,TD-SV1,SIM-08-OOD-0100,1
SIMULATED,TD-SV1,SIM-08-OOD-0101,1
SIMULATED,TD-SV1,SIM-08-OOD-0102,1
SIMULATED,TD-SV1,SIM-08-OOD-0103,1
SIMULATED,TD-SV1,SIM-08-OOD-0104,1
SIMULATED,TD-SV1,SIM-08-OOD-0105,1
SIMULATED,TD-SV1,SIM-08-OOD-0106,1
SIMULATED,TD-SV1,SIM-08-OOD-0107,1
SIMULATED,TD-SV1,SIM-08-OOD-0108,0
SIMULATED,TD-SV1,SIM-08-OOD-0109,1
SIMULATED,TD-SV1,SIM-08-OOD-0110,1
SIMULATED,TD-SV1,SIM-08-OOD-0111,1
SIMULATED,TD-SV1,SIM-08-OOD-0112,1
SIMULATED,TD-SV1,SIM-08-OOD-0113,1
SIMULATED,TD-SV1,SIM-08-OOD-0114,0
SIMULATED,TD-SV1,SIM-08-OOD-0115,1
SIMULATED,TD-SV1,SIM-08-OOD-0116,1
SIMULATED,TD-SV1,SIM-08-OOD-0117,1
SIMULATED,TD-SV1,SIM-08-OOD-0118,1
SIMULATED,TD-SV1,SIM-08-OOD-0119,1
SIMULATED,TD-SV1,SIM-08-OOD-0120,1
SIMULATED,TD-SV1,SIM-08-OOD-0121,1
SIMULATED,TD-SV1,SIM-08-OOD-0122,1
SIMULATED,TD-SV1,SIM-08-OOD-0123,1
SIMULATED,TD-SV1,SIM-08-OOD-0124,1
SIMULATED,TD-SV1,SIM-08-OOD-0125,1
SIMULATED,TD-SV1,SIM-08-OOD-0126,1
SIMULATED,TD-SV1,SIM-08-OOD-0127,1
SIMULATED,TD-SV1,SIM-08-OOD-0128,1
SIMULATED,TD-SV1,SIM-08-OOD-0129,1
SIMULATED,TD-SV1,SIM-08-OOD-0130,1
SIMULATED,TD-SV1,SIM-08-OOD-0131,1
SIMULATED,TD-SV1,SIM-08-OOD-0132,1
SIMULATED,TD-SV1,SIM-08-OOD-0133,1
SIMULATED,TD-SV1,SIM-08-OOD-0134,1
SIMULATED,TD-SV1,SIM-08-OOD-0135,1
SIMULATED,TD-SV1,SIM-08-OOD-0136,1
SIMULATED,TD-SV1,SIM-08-OOD-0137,1
SIMULATED,TD-SV1,SIM-08-OOD-0138,1
SIMULATED,TD-SV1,SIM-08-OOD-0139,0
SIMULATED,TD-SV1,SIM-08-OOD-0140,1
SIMULATED,TD-SV1,SIM-08-OOD-0141,1
SIMULATED,TD-SV1,SIM-08-OOD-0142,1
SIMULATED,TD-SV1,SIM-08-OOD-0143,1
SIMULATED,TD-SV1,SIM-08-OOD-0144,1
SIMULATED,TD-SV1,SIM-08-OOD-0145,1
SIMULATED,TD-SV1,SIM-08-OOD-0146,1
SIMULATED,TD-SV1,SIM-08-OOD-0147,1
SIMULATED,TD-SV1,SIM-08-OOD-0148,1
SIMULATED,TD-SV1,SIM-08-OOD-0149,1
SIMULATED,TD-SV1,SIM-08-OOD-0150,1
SIMULATED,TD-SV1,SIM-08-OOD-0151,1
SIMULATED,TD-SV1,SIM-08-OOD-0152,1
SIMULATED,TD-SV1,SIM-08-OOD-0153,1
SIMULATED,TD-SV1,SIM-08-OOD-0154,1
SIMULATED,TD-SV1,SIM-08-OOD-0155,1
SIMULATED,TD-SV1,SIM-08-OOD-0156,1
SIMULATED,TD-SV1,SIM-08-OOD-0157,1
SIMULATED,TD-SV1,SIM-08-OOD-0158,1
SIMULATED,TD-SV1,SIM-08-OOD-0159,1
SIMULATED,TD-SV2,SIM-04-OOD-0000,1
SIMULATED,TD-SV2,SIM-04-OOD-0001,1
SIMULATED,TD-SV2,SIM-04-OOD-0002,1
SIMULATED,TD-SV2,SIM-04-OOD-0003,1
SIMULATED,TD-SV2,SIM-04-OOD-0004,1
SIMULATED,TD-SV2,SIM-04-OOD-0005,1
SIMULATED,TD-SV2,SIM-04-OOD-0006,1
SIMULATED,TD-SV2,SIM-04-OOD-0007,1
SIMULATED,TD-SV2,SIM-04-OOD-0008,1
SIMULATED,TD-SV2,SIM-04-OOD-0009,1
SIMULATED,TD-SV2,SIM-04-OOD-0010,1
SIMULATED,TD-SV2,SIM-04-OOD-0011,1
SIMULATED,TD-SV2,SIM-04-OOD-0012,1
SIMULATED,TD-SV2,SIM-04-OOD-0013,1
SIMULATED,TD-SV2,SIM-04-OOD-0014,1
SIMULATED,TD-SV2,SIM-04-OOD-0015,1
SIMULATED,TD-SV2,SIM-04-OOD-0016,1
SIMULATED,TD-SV2,SIM-04-OOD-0017,1
SIMULATED,TD-SV2,SIM-04-OOD-0018,1
SIMULATED,TD-SV2,SIM-04-OOD-0019,1
SIMULATED,TD-SV2,SIM-04-OOD-0020,1
SIMULATED,TD-SV2,SIM-04-OOD-0021,1
SIMULATED,TD-SV2,SIM-04-OOD-0022,1
SIMULATED,TD-SV2,SIM-04-OOD-0023,1
SIMULATED,TD-SV2,SIM-04-OOD-0024,1
SIMULATED,TD-SV2,SIM-04-OOD-0025,1
SIMULATED,TD-SV2,SIM-04-OOD-0026,1
SIMULATED,TD-SV2,SIM-04-OOD-0027,1
SIMULATED,TD-SV2,SIM-04-OOD-0028,1
SIMULATED,TD-SV2,SIM-04-OOD-0029,0
SIMULATED,TD-SV2,SIM-04-OOD-0030,1
SIMULATED,TD-SV2,SIM-04-OOD-0031,1
SIMULATED,TD-SV2,SIM-04-OOD-0032,1
SIMULATED,TD-SV2,SIM-04-OOD-0033,1
SIMULATED,TD-SV2,SIM-04-OOD-0034,1
SIMULATED,TD-SV2,SIM-04-OOD-0035,1
SIMULATED,TD-SV2,SIM-04-OOD-0036,1
SIMULATED,TD-SV2,SIM-04-OOD-0037,1
SIMULATED,TD-SV2,SIM-04-OOD-0038,1
SIMULATED,TD-SV2,SIM-04-OOD-0039,1
SIMULATED,TD-SV2,SIM-04-OOD-0040,1
SIMULATED,TD-SV2,SIM-04-OOD-0041,1
SIMULATED,TD-SV2,SIM-04-OOD-0042,1
SIMULATED,TD-SV2,SIM-04-OOD-0043,1
SIMULATED,TD-SV2,SIM-04-OOD-0044,1
SIMULATED,TD-SV2,SIM-04-OOD-0045,1
SIMULATED,TD-SV2,SIM-04-OOD-0046,1
SIMULATED,TD-SV2,SIM-04-OOD-0047,1
SIMULATED,TD-SV2,SIM-04-OOD-0048,1
SIMULATED,TD-SV2,SIM-04-OOD-0049,1
SIMULATED,TD-SV2,SIM-04-OOD-0050,1
SIMULATED,TD-SV2,SIM-04-OOD-0051,1
SIMULATED,TD-SV2,SIM-04-OOD-0052,1
SIMULATED,TD-SV2,SIM-04-OOD-0053,1
SIMULATED,TD-SV2,SIM-04-OOD-0054,1
SIMULATED,TD-SV2,SIM-04-OOD-0055,1
SIMULATED,TD-SV2,SIM-04-OOD-0056,0
SIMULATED,TD-SV2,SIM-04-OOD-0057,1
SIMULATED,TD-SV2,SIM-04-OOD-0058,1
SIMULATED,TD-SV2,SIM-04-OOD-0059,1
SIMULATED,TD-SV2,SIM-04-OOD-0060,1
SIMULATED,TD-SV2,SIM-04-OOD-0061,1
SIMULATED,TD-SV2,SIM-04-OOD-0062,1
SIMULATED,TD-SV2,SIM-04-OOD-0063,1
SIMULATED,TD-SV2,SIM-04-OOD-0064,1
SIMULATED,TD-SV2,SIM-04-OOD-0065,1
SIMULATED,TD-SV2,SIM-04-OOD-0066,1
SIMULATED,TD-SV2,SIM-04-OOD-0067,1
SIMULATED,TD-SV2,SIM-04-OOD-0068,1
SIMULATED,TD-SV2,SIM-04-OOD-0069,1
SIMULATED,TD-SV2,SIM-04-OOD-0070,1
SIMULATED,TD-SV2,SIM-04-OOD-0071,1
SIMULATED,TD-SV2,SIM-04-OOD-0072,1
SIMULATED,TD-SV2,SIM-04-OOD-0073,1
SIMULATED,TD-SV2,SIM-04-OOD-0074,1
SIMULATED,TD-SV2,SIM-04-OOD-0075,1
SIMULATED,TD-SV2,SIM-04-OOD-0076,1
SIMULATED,TD-SV2,SIM-04-OOD-0077,1
SIMULATED,TD-SV2,SIM-04-OOD-0078,1
SIMULATED,TD-SV2,SIM-04-OOD-0079,1
SIMULATED,TD-SV2,SIM-04-OOD-0080,1
SIMULATED,TD-SV2,SIM-04-OOD-0081,1
SIMULATED,TD-SV2,SIM-04-OOD-0082,1
SIMULATED,TD-SV2,SIM-04-OOD-0083,1
SIMULATED,TD-SV2,SIM-04-OOD-0084,1
SIMULATED,TD-SV2,SIM-04-OOD-0085,1
SIMULATED,TD-SV2,SIM-04-OOD-0086,1
SIMULATED,TD-SV2,SIM-04-OOD-0087,1
SIMULATED,TD-SV2,SIM-04-OOD-0088,1
SIMULATED,TD-SV2,SIM-04-OOD-0089,1
SIMULATED,TD-SV2,SIM-04-OOD-0090,1
SIMULATED,TD-SV2,SIM-04-OOD-0091,1
SIMULATED,TD-SV2,SIM-04-OOD-0092,1
SIMULATED,TD-SV2,SIM-04-OOD-0093,1
SIMULATED,TD-SV2,SIM-04-OOD-0094,1
SIMULATED,TD-SV2,SIM-04-OOD-0095,1
SIMULATED,TD-SV2,SIM-04-OOD-0096,0
SIMULATED,TD-SV2,SIM-04-OOD-0097,1
SIMULATED,TD-SV2,SIM-04-OOD-0098,1
SIMULATED,TD-SV2,SIM-04-OOD-0099,1
SIMULATED,TD-SV2,SIM-04-OOD-0100,1
SIMULATED,TD-SV2,SIM-04-OOD-0101,1
SIMULATED,TD-SV2,SIM-04-OOD-0102,1
SIMULATED,TD-SV2,SIM-04-OOD-0103,1
SIMULATED,TD-SV2,SIM-04-OOD-0104,1
SIMULATED,TD-SV2,SIM-04-OOD-0105,1
SIMULATED,TD-SV2,SIM-04-OOD-0106,1
SIMULATED,TD-SV2,SIM-04-OOD-0107,1
SIMULATED,TD-SV2,SIM-04-OOD-0108,1
SIMULATED,TD-SV2,SIM-04-OOD-0109,1
SIMULATED,TD-SV2,SIM-04-OOD-0110,1
SIMULATED,TD-SV2,SIM-04-OOD-0111,1
SIMULATED,TD-SV2,SIM-04-OOD-0112,1
SIMULATED,TD-SV2,SIM-04-OOD-0113,1
SIMULATED,TD-SV2,SIM-04-OOD-0114,1
SIMULATED,TD-SV2,SIM-04-OOD-0115,1
SIMULATED,TD-SV2,SIM-04-OOD-0116,1
SIMULATED,TD-SV2,SIM-04-OOD-0117,1
SIMULATED,TD-SV2,SIM-04-OOD-0118,1
SIMULATED,TD-SV2,SIM-04-OOD-0119,1
SIMULATED,TD-SV2,SIM-04-OOD-0120,1
SIMULATED,TD-SV2,SIM-04-OOD-0121,1
SIMULATED,TD-SV2,SIM-04-OOD-0122,1
SIMULATED,TD-SV2,SIM-04-OOD-0123,1
SIMULATED,TD-SV2,SIM-04-OOD-0124,1
SIMULATED,TD-SV2,SIM-04-OOD-0125,1
SIMULATED,TD-SV2,SIM-04-OOD-0126,1
SIMULATED,TD-SV2,SIM-04-OOD-0127,1
SIMULATED,TD-SV2,SIM-04-OOD-0128,1
SIMULATED,TD-SV2,SIM-04-OOD-0129,1
SIMULATED,TD-SV2,SIM-04-OOD-0130,1
SIMULATED,TD-SV2,SIM-04-OOD-0131,1
SIMULATED,TD-SV2,SIM-04-OOD-0132,1
SIMULATED,TD-SV2,SIM-04-OOD-0133,1
SIMULATED,TD-SV2,SIM-04-OOD-0134,1
SIMULATED,TD-SV2,SIM-04-OOD-0135,1
SIMULATED,TD-SV2,SIM-04-OOD-0136,1
SIMULATED,TD-SV2,SIM-04-OOD-0137,1
SIMULATED,TD-SV2,SIM-04-OOD-0138,1
SIMULATED,TD-SV2,SIM-04-OOD-0139,1
SIMULATED,TD-SV2,SIM-04-OOD-0140,1
SIMULATED,TD-SV2,SIM-04-OOD-0141,1
SIMULATED,TD-SV2,SIM-04-OOD-0142,1
SIMULATED,TD-SV2,SIM-04-OOD-0143,1
SIMULATED,TD-SV2,SIM-04-OOD-0144,1
SIMULATED,TD-SV2,SIM-04-OOD-0145,1
SIMULATED,TD-SV2,SIM-04-OOD-0146,1
SIMULATED,TD-SV2,SIM-04-OOD-0147,1
SIMULATED,TD-SV2,SIM-04-OOD-0148,1
SIMULATED,TD-SV2,SIM-04-OOD-0149,1
SIMULATED,TD-SV2,SIM-04-OOD-0150,1
SIMULATED,TD-SV2,SIM-04-OOD-0151,1
SIMULATED,TD-SV2,SIM-04-OOD-0152,1
SIMULATED,TD-SV2,SIM-04-OOD-0153,1
SIMULATED,TD-SV2,SIM-04-OOD-0154,1
SIMULATED,TD-SV2,SIM-04-OOD-0155,1
SIMULATED,TD-SV2,SIM-04-OOD-0156,1
SIMULATED,TD-SV2,SIM-04-OOD-0157,1
SIMULATED,TD-SV2,SIM-04-OOD-0158,1
SIMULATED,TD-SV2,SIM-04-OOD-0159,1
SIMULATED,TD-SV3,SIM-09-OOD-0000,1
SIMULATED,TD-SV3,SIM-09-OOD-0001,1
SIMULATED,TD-SV3,SIM-09-OOD-0002,1
SIMULATED,TD-SV3,SIM-09-OOD-0003,1
SIMULATED,TD-SV3,SIM-09-OOD-0004,1
SIMULATED,TD-SV3,SIM-09-OOD-0005,1
SIMULATED,TD-SV3,SIM-09-OOD-0006,1
SIMULATED,TD-SV3,SIM-09-OOD-0007,1
SIMULATED,TD-SV3,SIM-09-OOD-0008,1
SIMULATED,TD-SV3,SIM-09-OOD-0009,1
SIMULATED,TD-SV3,SIM-09-OOD-0010,1
SIMULATED,TD-SV3,SIM-09-OOD-0011,1
SIMULATED,TD-SV3,SIM-09-OOD-0012,1
SIMULATED,TD-SV3,SIM-09-OOD-0013,1
SIMULATED,TD-SV3,SIM-09-OOD-0014,1
SIMULATED,TD-SV3,SIM-09-OOD-0015,1
SIMULATED,TD-SV3,SIM-09-OOD-0016,1
SIMULATED,TD-SV3,SIM-09-OOD-0017,1
SIMULATED,TD-SV3,SIM-09-OOD-0018,1
SIMULATED,TD-SV3,SIM-09-OOD-0019,1
SIMULATED,TD-SV3,SIM-09-OOD-0020,1
SIMULATED,TD-SV3,SIM-09-OOD-0021,1
SIMULATED,TD-SV3,SIM-09-OOD-0022,1
SIMULATED,TD-SV3,SIM-09-OOD-0023,1
SIMULATED,TD-SV3,SIM-09-OOD-0024,1
SIMULATED,TD-SV3,SIM-09-OOD-0025,1
SIMULATED,TD-SV3,SIM-09-OOD-0026,1
SIMULATED,TD-SV3,SIM-09-OOD-0027,1
SIMULATED,TD-SV3,SIM-09-OOD-0028,1
SIMULATED,TD-SV3,SIM-09-OOD-0029,1
SIMULATED,TD-SV3,SIM-09-OOD-0030,1
SIMULATED,TD-SV3,SIM-09-OOD-0031,1
SIMULATED,TD-SV3,SIM-09-OOD-0032,1
SIMULATED,TD-SV3,SIM-09-OOD-0033,1
SIMULATED,TD-SV3,SIM-09-OOD-0034,1
SIMULATED,TD-SV3,SIM-09-OOD-0035,1
SIMULATED,TD-SV3,SIM-09-OOD-0036,1
SIMULATED,TD-SV3,SIM-09-OOD-0037,1
SIMULATED,TD-SV3,SIM-09-OOD-0038,1
SIMULATED,TD-SV3,SIM-09-OOD-0039,1
SIMULATED,TD-SV3,SIM-09-OOD-0040,1
SIMULATED,TD-SV3,SIM-09-OOD-0041,1
SIMULATED,TD-SV3,SIM-09-OOD-0042,1
SIMULATED,TD-SV3,SIM-09-OOD-0043,1
SIMULATED,TD-SV3,SIM-09-OOD-0044,1
SIMULATED,TD-SV3,SIM-09-OOD-0045,1
SIMULATED,TD-SV3,SIM-09-OOD-0046,1
SIMULATED,TD-SV3,SIM-09-OOD-0047,1
SIMULATED,TD-SV3,SIM-09-OOD-0048,1
SIMULATED,TD-SV3,SIM-09-OOD-0049,1
SIMULATED,TD-SV3,SIM-09-OOD-0050,1
SIMULATED,TD-SV3,SIM-09-OOD-0051,1
SIMULATED,TD-SV3,SIM-09-OOD-0052,1
SIMULATED,TD-SV3,SIM-09-OOD-0053,1
SIMULATED,TD-SV3,SIM-09-OOD-0054,1
SIMULATED,TD-SV3,SIM-09-OOD-0055,1
SIMULATED,TD-SV3,SIM-09-OOD-0056,1
SIMULATED,TD-SV3,SIM-09-OOD-0057,1
SIMULATED,TD-SV3,SIM-09-OOD-0058,1
SIMULATED,TD-SV3,SIM-09-OOD-0059,1
SIMULATED,TD-SV3,SIM-09-OOD-0060,1
SIMULATED,TD-SV3,SIM-09-OOD-0061,1
SIMULATED,TD-SV3,SIM-09-OOD-0062,1
SIMULATED,TD-SV3,SIM-09-OOD-0063,0
SIMULATED,TD-SV3,SIM-09-OOD-0064,1
SIMULATED,TD-SV3,SIM-09-OOD-0065,1
SIMULATED,TD-SV3,SIM-09-OOD-0066,1
SIMULATED,TD-SV3,SIM-09-OOD-0067,1
SIMULATED,TD-SV3,SIM-09-OOD-0068,1
SIMULATED,TD-SV3,SIM-09-OOD-0069,1
SIMULATED,TD-SV3,SIM-09-OOD-0070,1
SIMULATED,TD-SV3,SIM-09-OOD-0071,1
SIMULATED,TD-SV3,SIM-09-OOD-0072,1
SIMULATED,TD-SV3,SIM-09-OOD-0073,1
SIMULATED,TD-SV3,SIM-09-OOD-0074,1
SIMULATED,TD-SV3,SIM-09-OOD-0075,1
SIMULATED,TD-SV3,SIM-09-OOD-0076,1
SIMULATED,TD-SV3,SIM-09-OOD-0077,1
SIMULATED,TD-SV3,SIM-09-OOD-0078,1
SIMULATED,TD-SV3,SIM-09-OOD-0079,1
SIMULATED,TD-SV3,SIM-09-OOD-0080,1
SIMULATED,TD-SV3,SIM-09-OOD-0081,1
SIMULATED,TD-SV3,SIM-09-OOD-0082,1
SIMULATED,TD-SV3,SIM-09-OOD-0083,1
SIMULATED,TD-SV3,SIM-09-OOD-0084,1
SIMULATED,TD-SV3,SIM-09-OOD-0085,1
SIMULATED,TD-SV3,SIM-09-OOD-0086,1
SIMULATED,TD-SV3,SIM-09-OOD-0087,1
SIMULATED,TD-SV3,SIM-09-OOD-0088,1
SIMULATED,TD-SV3,SIM-09-OOD-0089,1
SIMULATED,TD-SV3,SIM-09-OOD-0090,1
SIMULATED,TD-SV3,SIM-09-OOD-0091,1
SIMULATED,TD-SV3,SIM-09-OOD-0092,1
SIMULATED,TD-SV3,SIM-09-OOD-0093,1
SIMULATED,TD-SV3,SIM-09-OOD-0094,1
SIMULATED,TD-SV3,SIM-09-OOD-0095,1
SIMULATED,TD-SV3,SIM-09-OOD-0096,1
SIMULATED,TD-SV3,SIM-09-OOD-0097,1
SIMULATED,TD-SV3,SIM-09-OOD-0098,1
SIMULATED,TD-SV3,SIM-09-OOD-0099,1
SIMULATED,TD-SV3,SIM-09-OOD-0100,1
SIMULATED,TD-SV3,SIM-09-OOD-0101,1
SIMULATED,TD-SV3,SIM-09-OOD-0102,1
SIMULATED,TD-SV3,SIM-09-OOD-0103,1
SIMULATED,TD-SV3,SIM-09-OOD-0104,1
SIMULATED,TD-SV3,SIM-09-OOD-0105,1
SIMULATED,TD-SV3,SIM-09-OOD-0106,1
SIMULATED,TD-SV3,SIM-09-OOD-0107,1
SIMULATED,TD-SV3,SIM-09-OOD-0108,1
SIMULATED,TD-SV3,SIM-09-OOD-0109,1
SIMULATED,TD-SV3,SIM-09-OOD-0110,1
SIMULATED,TD-SV3,SIM-09-OOD-0111,1
SIMULATED,TD-SV3,SIM-09-OOD-0112,1
SIMULATED,TD-SV3,SIM-09-OOD-0113,1
SIMULATED,TD-SV3,SIM-09-OOD-0114,1
SIMULATED,TD-SV3,SIM-09-OOD-0115,1
SIMULATED,TD-SV3,SIM-09-OOD-0116,1
SIMULATED,TD-SV3,SIM-09-OOD-0117,1
SIMULATED,TD-SV3,SIM-09-OOD-0118,1
SIMULATED,TD-SV3,SIM-09-OOD-0119,1
SIMULATED,TD-SV3,SIM-09-OOD-0120,1
SIMULATED,TD-SV3,SIM-09-OOD-0121,1
SIMULATED,TD-SV3,SIM-09-OOD-0122,1
SIMULATED,TD-SV3,SIM-09-OOD-0123,1
SIMULATED,TD-SV3,SIM-09-OOD-0124,1
SIMULATED,TD-SV3,SIM-09-OOD-0125,1
SIMULATED,TD-SV3,SIM-09-OOD-0126,1
SIMULATED,TD-SV3,SIM-09-OOD-0127,1
SIMULATED,TD-SV3,SIM-09-OOD-0128,1
SIMULATED,TD-SV3,SIM-09-OOD-0129,1
SIMULATED,TD-SV3,SIM-09-OOD-0130,1
SIMULATED,TD-SV3,SIM-09-OOD-0131,1
SIMULATED,TD-SV3,SIM-09-OOD-0132,1
SIMULATED,TD-SV3,SIM-09-OOD-0133,1
SIMULATED,TD-SV3,SIM-09-OOD-0134,1
SIMULATED,TD-SV3,SIM-09-OOD-0135,1
SIMULATED,TD-SV3,SIM-09-OOD-0136,1
SIMULATED,TD-SV3,SIM-09-OOD-0137,1
SIMULATED,TD-SV3,SIM-09-OOD-0138,1
SIMULATED,TD-SV3,SIM-09-OOD-0139,1
SIMULATED,TD-SV3,SIM-09-OOD-0140,1
SIMULATED,TD-SV3,SIM-09-OOD-0141,1
SIMULATED,TD-SV3,SIM-09-OOD-0142,1
SIMULATED,TD-SV3,SIM-09-OOD-0143,1
SIMULATED,TD-SV3,SIM-09-OOD-0144,1
SIMULATED,TD-SV3,SIM-09-OOD-0145,1
SIMULATED,TD-SV3,SIM-09-OOD-0146,1
SIMULATED,TD-SV3,SIM-09-OOD-0147,1
SIMULATED,TD-SV3,SIM-09-OOD-0148,1
SIMULATED,TD-SV3,SIM-09-OOD-0149,1
SIMULATED,TD-SV3,SIM-09-OOD-0150,1
SIMULATED,TD-SV3,SIM-09-OOD-0151,1
SIMULATED,TD-SV3,SIM-09-OOD-0152,1
SIMULATED,TD-SV3,SIM-09-OOD-0153,1
SIMULATED,TD-SV3,SIM-09-OOD-0154,1
SIMULATED,TD-SV3,SIM-09-OOD-0155,1
SIMULATED,TD-SV3,SIM-09-OOD-0156,1
SIMULATED,TD-SV3,SIM-09-OOD-0157,1
SIMULATED,TD-SV3,SIM-09-OOD-0158,1
SIMULATED,TD-SV3,SIM-09-OOD-0159,1
SIMULATED,TD-SV4,SIM-00-OOD-0000,1
SIMULATED,TD-SV4,SIM-00-OOD-0001,1
SIMULATED,TD-SV4,SIM-00-OOD-0002,1
SIMULATED,TD-SV4,SIM-00-OOD-0003,0
SIMULATED,TD-SV4,SIM-00-OOD-0004,1
SIMULATED,TD-SV4,SIM-00-OOD-0005,1
SIMULATED,TD-SV4,SIM-00-OOD-0006,1
SIMULATED,TD-SV4,SIM-00-OOD-0007,1
SIMULATED,TD-SV4,SIM-00-OOD-0008,0
SIMULATED,TD-SV4,SIM-00-OOD-0009,1
SIMULATED,TD-SV4,SIM-00-OOD-0010,1
SIMULATED,TD-SV4,SIM-00-OOD-0011,1
SIMULATED,TD-SV4,SIM-00-OOD-0012,1
SIMULATED,TD-SV4,SIM-00-OOD-0013,1
SIMULATED,TD-SV4,SIM-00-OOD-0014,1
SIMULATED,TD-SV4,SIM-00-OOD-0015,1
SIMULATED,TD-SV4,SIM-00-OOD-0016,1
SIMULATED,TD-SV4,SIM-00-OOD-0017,1
SIMULATED,TD-SV4,SIM-00-OOD-0018,1
SIMULATED,TD-SV4,SIM-00-OOD-0019,1
SIMULATED,TD-SV4,SIM-00-OOD-0020,1
SIMULATED,TD-SV4,SIM-00-OOD-0021,1
SIMULATED,TD-SV4,SIM-00-OOD-0022,1
SIMULATED,TD-SV4,SIM-00-OOD-0023,1
SIMULATED,TD-SV4,SIM-00-OOD-0024,1
SIMULATED,TD-SV4,SIM-00-OOD-0025,1
SIMULATED,TD-SV4,SIM-00-OOD-0026,1
SIMULATED,TD-SV4,SIM-00-OOD-0027,1
SIMULATED,TD-SV4,SIM-00-OOD-0028,0
SIMULATED,TD-SV4,SIM-00-OOD-0029,1
SIMULATED,TD-SV4,SIM-00-OOD-0030,1
SIMULATED,TD-SV4,SIM-00-OOD-0031,0
SIMULATED,TD-SV4,SIM-00-OOD-0032,1
SIMULATED,TD-SV4,SIM-00-OOD-0033,0
SIMULATED,TD-SV4,SIM-00-OOD-0034,1
SIMULATED,TD-SV4,SIM-00-OOD-0035,1
SIMULATED,TD-SV4,SIM-00-OOD-0036,1
SIMULATED,TD-SV4,SIM-00-OOD-0037,1
SIMULATED,TD-SV4,SIM-00-OOD-0038,1
SIMULATED,TD-SV4,SIM-00-OOD-0039,1
SIMULATED,TD-SV4,SIM-00-OOD-0040,1
SIMULATED,TD-SV4,SIM-00-OOD-0041,1
SIMULATED,TD-SV4,SIM-00-OOD-0042,1
SIMULATED,TD-SV4,SIM-00-OOD-0043,1
SIMULATED,TD-SV4,SIM-00-OOD-0044,1
SIMULATED,TD-SV4,SIM-00-OOD-0045,1
SIMULATED,TD-SV4,SIM-00-OOD-0046,1
SIMULATED,TD-SV4,SIM-00-OOD-0047,1
SIMULATED,TD-SV4,SIM-00-OOD-0048,1
SIMULATED,TD-SV4,SIM-00-OOD-0049,1
SIMULATED,TD-SV4,SIM-00-OOD-0050,1
SIMULATED,TD-SV4,SIM-00-OOD-0051,1
SIMULATED,TD-SV4,SIM-00-OOD-0052,1
SIMULATED,TD-SV4,SIM-00-OOD-0053,1
SIMULATED,TD-SV4,SIM-00-OOD-0054,1
SIMULATED,TD-SV4,SIM-00-OOD-0055,1
SIMULATED,TD-SV4,SIM-00-OOD-0056,1
SIMULATED,TD-SV4,SIM-00-OOD-0057,1
SIMULATED,TD-SV4,SIM-00-OOD-0058,1
SIMULATED,TD-SV4,SIM-00-OOD-0059,1
SIMULATED,TD-SV4,SIM-00-OOD-0060,1
SIMULATED,TD-SV4,SIM-00-OOD-0061,1
SIMULATED,TD-SV4,SIM-00-OOD-0062,1
SIMULATED,TD-SV4,SIM-00-OOD-0063,1
SIMULATED,TD-SV4,SIM-00-OOD-0064,1
SIMULATED,TD-SV4,SIM-00-OOD-0065,1
SIMULATED,TD-SV4,SIM-00-OOD-0066,1
SIMULATED,TD-SV4,SIM-00-OOD-0067,1
SIMULATED,TD-SV4,SIM-00-OOD-0068,1
SIMULATED,TD-SV4,SIM-00-OOD-0069,1
SIMULATED,TD-SV4,SIM-00-OOD-0070,1
SIMULATED,TD-SV4,SIM-00-OOD-0071,1
SIMULATED,TD-SV4,SIM-00-OOD-0072,1
SIMULATED,TD-SV4,SIM-00-OOD-0073,1
SIMULATED,TD-SV4,SIM-00-OOD-0074,1
SIMULATED,TD-SV4,SIM-00-OOD-0075,1
SIMULATED,TD-SV4,SIM-00-OOD-0076,1
SIMULATED,TD-SV4,SIM-00-OOD-0077,1
SIMULATED,TD-SV4,SIM-00-OOD-0078,0
SIMULATED,TD-SV4,SIM-00-OOD-0079,1
SIMULATED,TD-SV4,SIM-00-OOD-0080,1
SIMULATED,TD-SV4,SIM-00-OOD-0081,1
SIMULATED,TD-SV4,SIM-00-OOD-0082,1
SIMULATED,TD-SV4,SIM-00-OOD-0083,1
SIMULATED,TD-SV4,SIM-00-OOD-0084,1
SIMULATED,TD-SV4,SIM-00-OOD-0085,1
SIMULATED,TD-SV4,SIM-00-OOD-0086,1
SIMULATED,TD-SV4,SIM-00-OOD-0087,1
SIMULATED,TD-SV4,SIM-00-OOD-0088,1
SIMULATED,TD-SV4,SIM-00-OOD-0089,1
SIMULATED,TD-SV4,SIM-00-OOD-0090,1
SIMULATED,TD-SV4,SIM-00-OOD-0091,1
SIMULATED,TD-SV4,SIM-00-OOD-0092,1
SIMULATED,TD-SV4,SIM-00-OOD-0093,1
SIMULATED,TD-SV4,SIM-00-OOD-0094,1
SIMULATED,TD-SV4,SIM-00-OOD-0095,1
SIMULATED,TD-SV4,SIM-00-OOD-0096,1
SIMULATED,TD-SV4,SIM-00-OOD-0097,1
SIMULATED,TD-SV4,SIM-00-OOD-0098,1
SIMULATED,TD-SV4,SIM-00-OOD-0099,1
SIMULATED,TD-SV4,SIM-00-OOD-0100,1
SIMULATED,TD-SV4,SIM-00-OOD-0101,1
SIMULATED,TD-SV4,SIM-00-OOD-0102,1
SIMULATED,TD-SV4,SIM-00-OOD-0103,1
SIMULATED,TD-SV4,SIM-00-OOD-0104,1
SIMULATED,TD-SV4,SIM-00-OOD-0105,1
SIMULATED,TD-SV4,SIM-00-OOD-0106,1
SIMULATED,TD-SV4,SIM-00-OOD-0107,1
SIMULATED,TD-SV4,SIM-00-OOD-0108,1
SIMULATED,TD-SV4,SIM-00-OOD-0109,1
SIMULATED,TD-SV4,SIM-00-OOD-0110,1
SIMULATED,TD-SV4,SIM-00-OOD-0111,1
SIMULATED,TD-SV4,SIM-00-OOD-0112,1
SIMULATED,TD-SV4,SIM-00-OOD-0113,1
SIMULATED,TD-SV4,SIM-00-OOD-0114,1
SIMULATED,TD-SV4,SIM-00-OOD-0115,1
SIMULATED,TD-SV4,SIM-00-OOD-0116,1
SIMULATED,TD-SV4,SIM-00-OOD-0117,1
SIMULATED,TD-SV4,SIM-00-OOD-0118,1
SIMULATED,TD-SV4,SIM-00-OOD-0119,1
SIMULATED,TD-SV4,SIM-00-OOD-0120,1
SIMULATED,TD-SV4,SIM-00-OOD-0121,1
SIMULATED,TD-SV4,SIM-00-OOD-0122,1
SIMULATED,TD-SV4,SIM-00-OOD-0123,1
SIMULATED,TD-SV4,SIM-00-OOD-0124,1
SIMULATED,TD-SV4,SIM-00-OOD-0125,1
SIMULATED,TD-SV4,SIM-00-OOD-0126,1
SIMULATED,TD-SV4,SIM-00-OOD-0127,1
SIMULATED,TD-SV4,SIM-00-OOD-0128,1
SIMULATED,TD-SV4,SIM-00-OOD-0129,1
SIMULATED,TD-SV4,SIM-00-OOD-0130,1
SIMULATED,TD-SV4,SIM-00-OOD-0131,1
SIMULATED,TD-SV4,SIM-00-OOD-0132,1
SIMULATED,TD-SV4,SIM-00-OOD-0133,1
SIMULATED,TD-SV4,SIM-00-OOD-0134,1
SIMULATED,TD-SV4,SIM-00-OOD-0135,1
SIMULATED,TD-SV4,SIM-00-OOD-0136,1
SIMULATED,TD-SV4,SIM-00-OOD-0137,1
SIMULATED,TD-SV4,SIM-00-OOD-0138,1
SIMULATED,TD-SV4,SIM-00-OOD-0139,1
SIMULATED,TD-SV4,SIM-00-OOD-0140,1
SIMULATED,TD-SV4,SIM-00-OOD-0141,1
SIMULATED,TD-SV4,SIM-00-OOD-0142,1
SIMULATED,TD-SV4,SIM-00-OOD-0143,0
SIMULATED,TD-SV4,SIM-00-OOD-0144,1
SIMULATED,TD-SV4,SIM-00-OOD-0145,1
SIMULATED,TD-SV4,SIM-00-OOD-0146,1
SIMULATED,TD-SV4,SIM-00-OOD-0147,1
SIMULATED,TD-SV4,SIM-00-OOD-0148,1
SIMULATED,TD-SV4,SIM-00-OOD-0149,1
SIMULATED,TD-SV4,SIM-00-OOD-0150,1
SIMULATED,TD-SV4,SIM-00-OOD-0151,1
SIMULATED,TD-SV4,SIM-00-OOD-0152,1
SIMULATED,TD-SV4,SIM-00-OOD-0153,1
SIMULATED,TD-SV4,SIM-00-OOD-0154,1
SIMULATED,TD-SV4,SIM-00-OOD-0155,1
SIMULATED,TD-SV4,SIM-00-OOD-0156,1
SIMULATED,TD-SV4,SIM-00-OOD-0157,1
SIMULATED,TD-SV4,SIM-00-OOD-0158,1
SIMULATED,TD-SV4,SIM-00-OOD-0159,1
SIMULATED,TD-SV5,SIM-10-OOD-0000,1
SIMULATED,TD-SV5,SIM-10-OOD-0001,1
SIMULATED,TD-SV5,SIM-10-OOD-0002,1
SIMULATED,TD-SV5,SIM-10-OOD-0003,1
SIMULATED,TD-SV5,SIM-10-OOD-0004,1
SIMULATED,TD-SV5,SIM-10-OOD-0005,1
SIMULATED,TD-SV5,SIM-10-OOD-0006,1
SIMULATED,TD-SV5,SIM-10-OOD-0007,1
SIMULATED,TD-SV5,SIM-10-OOD-0008,1
SIMULATED,TD-SV5,SIM-10-OOD-0009,1
SIMULATED,TD-SV5,SIM-10-OOD-0010,1
SIMULATED,TD-SV5,SIM-10-OOD-0011,1
SIMULATED,TD-SV5,SIM-10-OOD-0012,1
SIMULATED,TD-SV5,SIM-10-OOD-0013,1
SIMULATED,TD-SV5,SIM-10-OOD-0014,1
SIMULATED,TD-SV5,SIM-10-OOD-0015,1
SIMULATED,TD-SV5,SIM-10-OOD-0016,1
SIMULATED,TD-SV5,SIM-10-OOD-0017,1
SIMULATED,TD-SV5,SIM-10-OOD-0018,1
SIMULATED,TD-SV5,SIM-10-OOD-0019,1
SIMULATED,TD-SV5,SIM-10-OOD-0020,1
SIMULATED,TD-SV5,SIM-10-OOD-0021,1
SIMULATED,TD-SV5,SIM-10-OOD-0022,1
SIMULATED,TD-SV5,SIM-10-OOD-0023,1
SIMULATED,TD-SV5,SIM-10-OOD-0024,1
SIMULATED,TD-SV5,SIM-10-OOD-0025,1
SIMULATED,TD-SV5,SIM-10-OOD-0026,1
SIMULATED,TD-SV5,SIM-10-OOD-0027,1
SIMULATED,TD-SV5,SIM-10-OOD-0028,1
SIMULATED,TD-SV5,SIM-10-OOD-0029,1
SIMULATED,TD-SV5,SIM-10-OOD-0030,1
SIMULATED,TD-SV5,SIM-10-OOD-0031,1
SIMULATED,TD-SV5,SIM-10-OOD-0032,1
SIMULATED,TD-SV5,SIM-10-OOD-0033,1
SIMULATED,TD-SV5,SIM-10-OOD-0034,1
SIMULATED,TD-SV5,SIM-10-OOD-0035,1
SIMULATED,TD-SV5,SIM-10-OOD-0036,1
SIMULATED,TD-SV5,SIM-10-OOD-0037,1
SIMULATED,TD-SV5,SIM-10-OOD-0038,1
SIMULATED,TD-SV5,SIM-10-OOD-0039,1
SIMULATED,TD-SV5,SIM-10-OOD-0040,1
SIMULATED,TD-SV5,SIM-10-OOD-0041,1
SIMULATED,TD-SV5,SIM-10-OOD-0042,1
SIMULATED,TD-SV5,SIM-10-OOD-0043,1
SIMULATED,TD-SV5,SIM-10-OOD-0044,1
SIMULATED,TD-SV5,SIM-10-OOD-0045,1
SIMULATED,TD-SV5,SIM-10-OOD-0046,1
SIMULATED,TD-SV5,SIM-10-OOD-0047,1
SIMULATED,TD-SV5,SIM-10-OOD-0048,1
SIMULATED,TD-SV5,SIM-10-OOD-0049,1
SIMULATED,TD-SV5,SIM-10-OOD-0050,1
SIMULATED,TD-SV5,SIM-10-OOD-0051,1
SIMULATED,TD-SV5,SIM-10-OOD-0052,1
SIMULATED,TD-SV5,SIM-10-OOD-0053,1
SIMULATED,TD-SV5,SIM-10-OOD-0054,1
SIMULATED,TD-SV5,SIM-10-OOD-0055,1
SIMULATED,TD-SV5,SIM-10-OOD-0056,1
SIMULATED,TD-SV5,SIM-10-OOD-0057,1
SIMULATED,TD-SV5,SIM-10-OOD-0058,1
SIMULATED,TD-SV5,SIM-10-OOD-0059,1
SIMULATED,TD-SV5,SIM-10-OOD-0060,1
SIMULATED,TD-SV5,SIM-10-OOD-0061,1
SIMULATED,TD-SV5,SIM-10-OOD-0062,1
SIMULATED,TD-SV5,SIM-10-OOD-0063,1
SIMULATED,TD-SV5,SIM-10-OOD-0064,1
SIMULATED,TD-SV5,SIM-10-OOD-0065,1
SIMULATED,TD-SV5,SIM-10-OOD-0066,1
SIMULATED,TD-SV5,SIM-10-OOD-0067,1
SIMULATED,TD-SV5,SIM-10-OOD-0068,1
SIMULATED,TD-SV5,SIM-10-OOD-0069,1
SIMULATED,TD-SV5,SIM-10-OOD-0070,1
SIMULATED,TD-SV5,SIM-10-OOD-0071,1
SIMULATED,TD-SV5,SIM-10-OOD-0072,1
SIMULATED,TD-SV5,SIM-10-OOD-0073,1
SIMULATED,TD-SV5,SIM-10-OOD-0074,1
SIMULATED,TD-SV5,SIM-10-OOD-0075,1
SIMULATED,TD-SV5,SIM-10-OOD-0076,1
SIMULATED,TD-SV5,SIM-10-OOD-0077,1
SIMULATED,TD-SV5,SIM-10-OOD-0078,1
SIMULATED,TD-SV5,SIM-10-OOD-0079,1
SIMULATED,TD-SV5,SIM-10-OOD-0080,1
SIMULATED,TD-SV5,SIM-10-OOD-0081,1
SIMULATED,TD-SV5,SIM-10-OOD-0082,1
SIMULATED,TD-SV5,SIM-10-OOD-0083,1
SIMULATED,TD-SV5,SIM-10-OOD-0084,1
SIMULATED,TD-SV5,SIM-10-OOD-0085,1
SIMULATED,TD-SV5,SIM-10-OOD-0086,1
SIMULATED,TD-SV5,SIM-10-OOD-0087,1
SIMULATED,TD-SV5,SIM-10-OOD-0088,1
SIMULATED,TD-SV5,SIM-10-OOD-0089,1
SIMULATED,TD-SV5,SIM-10-OOD-0090,1
SIMULATED,TD-SV5,SIM-10-OOD-0091,1
SIMULATED,TD-SV5,SIM-10-OOD-0092,1
SIMULATED,TD-SV5,SIM-10-OOD-0093,1
SIMULATED,TD-SV5,SIM-10-OOD-0094,1
SIMULATED,TD-SV5,SIM-10-OOD-0095,1
SIMULATED,TD-SV5,SIM-10-OOD-0096,1
SIMULATED,TD-SV5,SIM-10-OOD-0097,1
SIMULATED,TD-SV5,SIM-10-OOD-0098,1
SIMULATED,TD-SV5,SIM-10-OOD-0099,1
SIMULATED,TD-SV5,SIM-10-OOD-0100,1
SIMULATED,TD-SV5,SIM-10-OOD-0101,1
SIMULATED,TD-SV5,SIM-10-OOD-0102,1
SIMULATED,TD-SV5,SIM-10-OOD-0103,1
SIMULATED,TD-SV5,SIM-10-OOD-0104,1
SIMULATED,TD-SV5,SIM-10-OOD-0105,1
SIMULATED,TD-SV5,SIM-10-OOD-0106,1
SIMULATED,TD-SV5,SIM-10-OOD-0107,1
SIMULATED,TD-SV5,SIM-10-OOD-0108,1
SIMULATED,TD-SV5,SIM-10-OOD-0109,1
SIMULATED,TD-SV5,SIM-10-OOD-0110,1
SIMULATED,TD-SV5,SIM-10-OOD-0111,1
SIMULATED,TD-SV5,SIM-10-OOD-0112,1
SIMULATED,TD-SV5,SIM-10-OOD-0113,1
SIMULATED,TD-SV5,SIM-10-OOD-0114,1
SIMULATED,TD-SV5,SIM-10-OOD-0115,1
SIMULATED,TD-SV5,SIM-10-OOD-0116,1
SIMULATED,TD-SV5,SIM-10-OOD-0117,1
SIMULATED,TD-SV5,SIM-10-OOD-0118,1
SIMULATED,TD-SV5,SIM-10-OOD-0119,1
SIMULATED,TD-SV5,SIM-10-OOD-0120,1
SIMULATED,TD-SV5,SIM-10-OOD-0121,1
SIMULATED,TD-SV5,SIM-10-OOD-0122,1
SIMULATED,TD-SV5,SIM-10-OOD-0123,1
SIMULATED,TD-SV5,SIM-10-OOD-0124,1
SIMULATED,TD-SV5,SIM-10-OOD-0125,1
SIMULATED,TD-SV5,SIM-10-OOD-0126,1
SIMULATED,TD-SV5,SIM-10-OOD-0127,1
SIMULATED,TD-SV5,SIM-10-OOD-0128,1
SIMULATED,TD-SV5,SIM-10-OOD-0129,1
SIMULATED,TD-SV5,SIM-10-OOD-0130,1
SIMULATED,TD-SV5,SIM-10-OOD-0131,1
SIMULATED,TD-SV5,SIM-10-OOD-0132,1
SIMULATED,TD-SV5,SIM-10-OOD-0133,1
SIMULATED,TD-SV5,SIM-10-OOD-0134,1
SIMULATED,TD-SV5,SIM-10-OOD-0135,1
SIMULATED,TD-SV5,SIM-10-OOD-0136,1
SIMULATED,TD-SV5,SIM-10-OOD-0137,1
SIMULATED,TD-SV5,SIM-10-OOD-0138,1
SIMULATED,TD-SV5,SIM-10-OOD-0139,1
SIMULATED,TD-SV5,SIM-10-OOD-0140,1
SIMULATED,TD-SV5,SIM-10-OOD-0141,1
SIMULATED,TD-SV5,SIM-10-OOD-0142,1
SIMULATED,TD-SV5,SIM-10-OOD-0143,1
SIMULATED,TD-SV5,SIM-10-OOD-0144,1
SIMULATED,TD-SV5,SIM-10-OOD-0145,1
SIMULATED,TD-SV5,SIM-10-OOD-0146,1
SIMULATED,TD-SV5,SIM-10-OOD-0147,1
SIMULATED,TD-SV5,SIM-10-OOD-0148,1
SIMULATED,TD-SV5,SIM-10-OOD-0149,1
SIMULATED,TD-SV5,SIM-10-OOD-0150,1
SIMULATED,TD-SV5,SIM-10-OOD-0151,1
SIMULATED,TD-SV5,SIM-10-OOD-0152,1
SIMULATED,TD-SV5,SIM-10-OOD-0153,1
SIMULATED,TD-SV5,SIM-10-OOD-0154,1
SIMULATED,TD-SV5,SIM-10-OOD-0155,1
SIMULATED,TD-SV5,SIM-10-OOD-0156,1
SIMULATED,TD-SV5,SIM-10-OOD-0157,1
SIMULATED,TD-SV5,SIM-10-OOD-0158,1
SIMULATED,TD-SV5,SIM-10-OOD-0159,1
SIMULATED,TD-SV6,SIM-11-OOD-0000,0
SIMULATED,TD-SV6,SIM-11-OOD-0001,1
SIMULATED,TD-SV6,SIM-11-OOD-0002,1
SIMULATED,TD-SV6,SIM-11-OOD-0003,1
SIMULATED,TD-SV6,SIM-11-OOD-0004,1
SIMULATED,TD-SV6,SIM-11-OOD-0005,1
SIMULATED,TD-SV6,SIM-11-OOD-0006,1
SIMULATED,TD-SV6,SIM-11-OOD-0007,1
SIMULATED,TD-SV6,SIM-11-OOD-0008,1
SIMULATED,TD-SV6,SIM-11-OOD-0009,1
SIMULATED,TD-SV6,SIM-11-OOD-0010,1
SIMULATED,TD-SV6,SIM-11-OOD-0011,1
SIMULATED,TD-SV6,SIM-11-OOD-0012,1
SIMULATED,TD-SV6,SIM-11-OOD-0013,1
SIMULATED,TD-SV6,SIM-11-OOD-0014,1
SIMULATED,TD-SV6,SIM-11-OOD-0015,1
SIMULATED,TD-SV6,SIM-11-OOD-0016,1
SIMULATED,TD-SV6,SIM-11-OOD-0017,1
SIMULATED,TD-SV6,SIM-11-OOD-0018,1
SIMULATED,TD-SV6,SIM-11-OOD-0019,1
SIMULATED,TD-SV6,SIM-11-OOD-0020,1
SIMULATED,TD-SV6,SIM-11-OOD-0021,1
SIMULATED,TD-SV6,SIM-11-OOD-0022,1
SIMULATED,TD-SV6,SIM-11-OOD-0023,1
SIMULATED,TD-SV6,SIM-11-OOD-0024,1
SIMULATED,TD-SV6,SIM-11-OOD-0025,1
SIMULATED,TD-SV6,SIM-11-OOD-0026,1
SIMULATED,TD-SV6,SIM-11-OOD-0027,1
SIMULATED,TD-SV6,SIM-11-OOD-0028,1
SIMULATED,TD-SV6,SIM-11-OOD-0029,1
SIMULATED,TD-SV6,SIM-11-OOD-0030,1
SIMULATED,TD-SV6,SIM-11-OOD-0031,1
SIMULATED,TD-SV6,SIM-11-OOD-0032,1
SIMULATED,TD-SV6,SIM-11-OOD-0033,1
SIMULATED,TD-SV6,SIM-11-OOD-0034,1
SIMULATED,TD-SV6,SIM-11-OOD-0035,1
SIMULATED,TD-SV6,SIM-11-OOD-0036,1
SIMULATED,TD-SV6,SIM-11-OOD-0037,1
SIMULATED,TD-SV6,SIM-11-OOD-0038,1
SIMULATED,TD-SV6,SIM-11-OOD-0039,1
SIMULATED,TD-SV6,SIM-11-OOD-0040,1
SIMULATED,TD-SV6,SIM-11-OOD-0041,1
SIMULATED,TD-SV6,SIM-11-OOD-0042,1
SIMULATED,TD-SV6,SIM-11-OOD-0043,1
SIMULATED,TD-SV6,SIM-11-OOD-0044,1
SIMULATED,TD-SV6,SIM-11-OOD-0045,0
SIMULATED,TD-SV6,SIM-11-OOD-0046,1
SIMULATED,TD-SV6,SIM-11-OOD-0047,1
SIMULATED,TD-SV6,SIM-11-OOD-0048,1
SIMULATED,TD-SV6,SIM-11-OOD-0049,1
SIMULATED,TD-SV6,SIM-11-OOD-0050,1
SIMULATED,TD-SV6,SIM-11-OOD-0051,1
SIMULATED,TD-SV6,SIM-11-OOD-0052,1
SIMULATED,TD-SV6,SIM-11-OOD-0053,1
SIMULATED,TD-SV6,SIM-11-OOD-0054,1
SIMULATED,TD-SV6,SIM-11-OOD-0055,1
SIMULATED,TD-SV6,SIM-11-OOD-0056,1
SIMULATED,TD-SV6,SIM-11-OOD-0057,1
SIMULATED,TD-SV6,SIM-11-OOD-0058,1
SIMULATED,TD-SV6,SIM-11-OOD-0059,1
SIMULATED,TD-SV6,SIM-11-OOD-0060,1
SIMULATED,TD-SV6,SIM-11-OOD-0061,1
SIMULATED,TD-SV6,SIM-11-OOD-0062,1
SIMULATED,TD-SV6,SIM-11-OOD-0063,1
SIMULATED,TD-SV6,SIM-11-OOD-0064,1
SIMULATED,TD-SV6,SIM-11-OOD-0065,1
SIMULATED,TD-SV6,SIM-11-OOD-0066,1
SIMULATED,TD-SV6,SIM-11-OOD-0067,1
SIMULATED,TD-SV6,SIM-11-OOD-0068,1
SIMULATED,TD-SV6,SIM-11-OOD-0069,1
SIMULATED,TD-SV6,SIM-11-OOD-0070,1
SIMULATED,TD-SV6,SIM-11-OOD-0071,1
SIMULATED,TD-SV6,SIM-11-OOD-0072,1
SIMULATED,TD-SV6,SIM-11-OOD-0073,1
SIMULATED,TD-SV6,SIM-11-OOD-0074,1
SIMULATED,TD-SV6,SIM-11-OOD-0075,1
SIMULATED,TD-SV6,SIM-11-OOD-0076,1
SIMULATED,TD-SV6,SIM-11-OOD-0077,1
SIMULATED,TD-SV6,SIM-11-OOD-0078,1
SIMULATED,TD-SV6,SIM-11-OOD-0079,1
SIMULATED,TD-SV6,SIM-11-OOD-0080,1
SIMULATED,TD-SV6,SIM-11-OOD-0081,1
SIMULATED,TD-SV6,SIM-11-OOD-0082,1
SIMULATED,TD-SV6,SIM-11-OOD-0083,1
SIMULATED,TD-SV6,SIM-11-OOD-0084,1
SIMULATED,TD-SV6,SIM-11-OOD-0085,1
SIMULATED,TD-SV6,SIM-11-OOD-0086,1
SIMULATED,TD-SV6,SIM-11-OOD-0087,1
SIMULATED,TD-SV6,SIM-11-OOD-0088,1
SIMULATED,TD-SV6,SIM-11-OOD-0089,1
SIMULATED,TD-SV6,SIM-11-OOD-0090,1
SIMULATED,TD-SV6,SIM-11-OOD-0091,1
SIMULATED,TD-SV6,SIM-11-OOD-0092,1
SIMULATED,TD-SV6,SIM-11-OOD-0093,1
SIMULATED,TD-SV6,SIM-11-OOD-0094,1
SIMULATED,TD-SV6,SIM-11-OOD-0095,1
SIMULATED,TD-SV6,SIM-11-OOD-0096,1
SIMULATED,TD-SV6,SIM-11-OOD-0097,1
SIMULATED,TD-SV6,SIM-11-OOD-0098,1
SIMULATED,TD-SV6,SIM-11-OOD-0099,1
SIMULATED,TD-SV6,SIM-11-OOD-0100,1
SIMULATED,TD-SV6,SIM-11-OOD-0101,1
SIMULATED,TD-SV6,SIM-11-OOD-0102,1
SIMULATED,TD-SV6,SIM-11-OOD-0103,1
SIMULATED,TD-SV6,SIM-11-OOD-0104,1
SIMULATED,TD-SV6,SIM-11-OOD-0105,1
SIMULATED,TD-SV6,SIM-11-OOD-0106,1
SIMULATED,TD-SV6,SIM-11-OOD-0107,1
SIMULATED,TD-SV6,SIM-11-OOD-0108,1
SIMULATED,TD-SV6,SIM-11-OOD-0109,1
SIMULATED,TD-SV6,SIM-11-OOD-0110,1
SIMULATED,TD-SV6,SIM-11-OOD-0111,1
SIMULATED,TD-SV6,SIM-11-OOD-0112,1
SIMULATED,TD-SV6,SIM-11-OOD-0113,1
SIMULATED,TD-SV6,SIM-11-OOD-0114,1
SIMULATED,TD-SV6,SIM-11-OOD-0115,1
SIMULATED,TD-SV6,SIM-11-OOD-0116,1
SIMULATED,TD-SV6,SIM-11-OOD-0117,1
SIMULATED,TD-SV6,SIM-11-OOD-0118,1
SIMULATED,TD-SV6,SIM-11-OOD-0119,1
SIMULATED,TD-SV6,SIM-11-OOD-0120,1
SIMULATED,TD-SV6,SIM-11-OOD-0121,1
SIMULATED,TD-SV6,SIM-11-OOD-0122,1
SIMULATED,TD-SV6,SIM-11-OOD-0123,1
SIMULATED,TD-SV6,SIM-11-OOD-0124,1
SIMULATED,TD-SV6,SIM-11-OOD-0125,1
SIMULATED,TD-SV6,SIM-11-OOD-0126,1
SIMULATED,TD-SV6,SIM-11-OOD-0127,1
SIMULATED,TD-SV6,SIM-11-OOD-0128,1
SIMULATED,TD-SV6,SIM-11-OOD-0129,1
SIMULATED,TD-SV6,SIM-11-OOD-0130,1
SIMULATED,TD-SV6,SIM-11-OOD-0131,1
SIMULATED,TD-SV6,SIM-11-OOD-0132,1
SIMULATED,TD-SV6,SIM-11-OOD-0133,1
SIMULATED,TD-SV6,SIM-11-OOD-0134,1
SIMULATED,TD-SV6,SIM-11-OOD-0135,1
SIMULATED,TD-SV6,SIM-11-OOD-0136,1
SIMULATED,TD-SV6,SIM-11-OOD-0137,1
SIMULATED,TD-SV6,SIM-11-OOD-0138,1
SIMULATED,TD-SV6,SIM-11-OOD-0139,1
SIMULATED,TD-SV6,SIM-11-OOD-0140,1
SIMULATED,TD-SV6,SIM-11-OOD-0141,1
SIMULATED,TD-SV6,SIM-11-OOD-0142,0
SIMULATED,TD-SV6,SIM-11-OOD-0143,1
SIMULATED,TD-SV6,SIM-11-OOD-0144,1
SIMULATED,TD-SV6,SIM-11-OOD-0145,1
SIMULATED,TD-SV6,SIM-11-OOD-0146,1
SIMULATED,TD-SV6,SIM-11-OOD-0147,1
SIMULATED,TD-SV6,SIM-11-OOD-0148,0
SIMULATED,TD-SV6,SIM-11-OOD-0149,1
SIMULATED,TD-SV6,SIM-11-OOD-0150,1
SIMULATED,TD-SV6,SIM-11-OOD-0151,1
SIMULATED,TD-SV6,SIM-11-OOD-0152,1
SIMULATED,TD-SV6,SIM-11-OOD-0153,1
SIMULATED,TD-SV6,SIM-11-OOD-0154,0
SIMULATED,TD-SV6,SIM-11-OOD-0155,1
SIMULATED,TD-SV6,SIM-11-OOD-0156,1
SIMULATED,TD-SV6,SIM-11-OOD-0157,1
SIMULATED,TD-SV6,SIM-11-OOD-0158,1
SIMULATED,TD-SV6,SIM-11-OOD-0159,1
SIMULATED,TD-IG1,SIM-01-OOD-0000,1
SIMULATED,TD-IG1,SIM-01-OOD-0001,1
SIMULATED,TD-IG1,SIM-01-OOD-0002,1
SIMULATED,TD-IG1,SIM-01-OOD-0003,1
SIMULATED,TD-IG1,SIM-01-OOD-0004,1
SIMULATED,TD-IG1,SIM-01-OOD-0005,1
SIMULATED,TD-IG1,SIM-01-OOD-0006,1
SIMULATED,TD-IG1,SIM-01-OOD-0007,1
SIMULATED,TD-IG1,SIM-01-OOD-0008,1
SIMULATED,TD-IG1,SIM-01-OOD-0009,1
SIMULATED,TD-IG1,SIM-01-OOD-0010,1
SIMULATED,TD-IG1,SIM-01-OOD-0011,1
SIMULATED,TD-IG1,SIM-01-OOD-0012,1
SIMULATED,TD-IG1,SIM-01-OOD-0013,1
SIMULATED,TD-IG1,SIM-01-OOD-0014,1
SIMULATED,TD-IG1,SIM-01-OOD-0015,1
SIMULATED,TD-IG1,SIM-01-OOD-0016,1
SIMULATED,TD-IG1,SIM-01-OOD-0017,1
SIMULATED,TD-IG1,SIM-01-OOD-0018,1
SIMULATED,TD-IG1,SIM-01-OOD-0019,1
SIMULATED,TD-IG1,SIM-01-OOD-0020,1
SIMULATED,TD-IG1,SIM-01-OOD-0021,1
SIMULATED,TD-IG1,SIM-01-OOD-0022,1
SIMULATED,TD-IG1,SIM-01-OOD-0023,1
SIMULATED,TD-IG1,SIM-01-OOD-0024,1
SIMULATED,TD-IG1,SIM-01-OOD-0025,0
SIMULATED,TD-IG1,SIM-01-OOD-0026,1
SIMULATED,TD-IG1,SIM-01-OOD-0027,1
SIMULATED,TD-IG1,SIM-01-OOD-0028,1
SIMULATED,TD-IG1,SIM-01-OOD-0029,1
SIMULATED,TD-IG1,SIM-01-OOD-0030,1
SIMULATED,TD-IG1,SIM-01-OOD-0031,1
SIMULATED,TD-IG1,SIM-01-OOD-0032,1
SIMULATED,TD-IG1,SIM-01-OOD-0033,1
SIMULATED,TD-IG1,SIM-01-OOD-0034,1
SIMULATED,TD-IG1,SIM-01-OOD-0035,1
SIMULATED,TD-IG1,SIM-01-OOD-0036,1
SIMULATED,TD-IG1,SIM-01-OOD-0037,1
SIMULATED,TD-IG1,SIM-01-OOD-0038,1
SIMULATED,TD-IG1,SIM-01-OOD-0039,1
SIMULATED,TD-IG1,SIM-01-OOD-0040,0
SIMULATED,TD-IG1,SIM-01-OOD-0041,1
SIMULATED,TD-IG1,SIM-01-OOD-0042,1
SIMULATED,TD-IG1,SIM-01-OOD-0043,1
SIMULATED,TD-IG1,SIM-01-OOD-0044,1
SIMULATED,TD-IG1,SIM-01-OOD-0045,1
SIMULATED,TD-IG1,SIM-01-OOD-0046,1
SIMULATED,TD-IG1,SIM-01-OOD-0047,1
SIMULATED,TD-IG1,SIM-01-OOD-0048,1
SIMULATED,TD-IG1,SIM-01-OOD-0049,1
SIMULATED,TD-IG1,SIM-01-OOD-0050,1
SIMULATED,TD-IG1,SIM-01-OOD-0051,1
SIMULATED,TD-IG1,SIM-01-OOD-0052,1
SIMULATED,TD-IG1,SIM-01-OOD-0053,1
SIMULATED,TD-IG1,SIM-01-OOD-0054,1
SIMULATED,TD-IG1,SIM-01-OOD-0055,1
SIMULATED,TD-IG1,SIM-01-OOD-0056,1
SIMULATED,TD-IG1,SIM-01-OOD-0057,1
SIMULATED,TD-IG1,SIM-01-OOD-0058,1
SIMULATED,TD-IG1,SIM-01-OOD-0059,1
SIMULATED,TD-IG1,SIM-01-OOD-0060,1
SIMULATED,TD-IG1,SIM-01-OOD-0061,1
SIMULATED,TD-IG1,SIM-01-OOD-0062,1
SIMULATED,TD-IG1,SIM-01-OOD-0063,1
SIMULATED,TD-IG1,SIM-01-OOD-0064,1
SIMULATED,TD-IG1,SIM-01-OOD-0065,1
SIMULATED,TD-IG1,SIM-01-OOD-0066,1
SIMULATED,TD-IG1,SIM-01-OOD-0067,1
SIMULATED,TD-IG1,SIM-01-OOD-0068,1
SIMULATED,TD-IG1,SIM-01-OOD-0069,1
SIMULATED,TD-IG1,SIM-01-OOD-0070,1
SIMULATED,TD-IG1,SIM-01-OOD-0071,1
SIMULATED,TD-IG1,SIM-01-OOD-0072,0
SIMULATED,TD-IG1,SIM-01-OOD-0073,1
SIMULATED,TD-IG1,SIM-01-OOD-0074,1
SIMULATED,TD-IG1,SIM-01-OOD-0075,1
SIMULATED,TD-IG1,SIM-01-OOD-0076,1
SIMULATED,TD-IG1,SIM-01-OOD-0077,1
SIMULATED,TD-IG1,SIM-01-OOD-0078,1
SIMULATED,TD-IG1,SIM-01-OOD-0079,1
SIMULATED,TD-IG1,SIM-01-OOD-0080,1
SIMULATED,TD-IG1,SIM-01-OOD-0081,1
SIMULATED,TD-IG1,SIM-01-OOD-0082,1
SIMULATED,TD-IG1,SIM-01-OOD-0083,1
SIMULATED,TD-IG1,SIM-01-OOD-0084,1
SIMULATED,TD-IG1,SIM-01-OOD-0085,1
SIMULATED,TD-IG1,SIM-01-OOD-0086,1
SIMULATED,TD-IG1,SIM-01-OOD-0087,1
SIMULATED,TD-IG1,SIM-01-OOD-0088,1
SIMULATED,TD-IG1,SIM-01-OOD-0089,1
SIMULATED,TD-IG1,SIM-01-OOD-0090,1
SIMULATED,TD-IG1,SIM-01-OOD-0091,1
SIMULATED,TD-IG1,SIM-01-OOD-0092,1
SIMULATED,TD-IG1,SIM-01-OOD-0093,1
SIMULATED,TD-IG1,SIM-01-OOD-0094,1
SIMULATED,TD-IG1,SIM-01-OOD-0095,1
SIMULATED,TD-IG1,SIM-01-OOD-0096,1
SIMULATED,TD-IG1,SIM-01-OOD-0097,1
SIMULATED,TD-IG1,SIM-01-OOD-0098,1
SIMULATED,TD-IG1,SIM-01-OOD-0099,1
SIMULATED,TD-IG1,SIM-01-OOD-0100,1
SIMULATED,TD-IG1,SIM-01-OOD-0101,1
SIMULATED,TD-IG1,SIM-01-OOD-0102,1
SIMULATED,TD-IG1,SIM-01-OOD-0103,1
SIMULATED,TD-IG1,SIM-01-OOD-0104,1
SIMULATED,TD-IG1,SIM-01-OOD-0105,1
SIMULATED,TD-IG1,SIM-01-OOD-0106,1
SIMULATED,TD-IG1,SIM-01-OOD-0107,1
SIMULATED,TD-IG1,SIM-01-OOD-0108,1
SIMULATED,TD-IG1,SIM-01-OOD-0109,1
SIMULATED,TD-IG1,SIM-01-OOD-0110,1
SIMULATED,TD-IG1,SIM-01-OOD-0111,1
SIMULATED,TD-IG1,SIM-01-OOD-0112,1
SIMULATED,TD-IG1,SIM-01-OOD-0113,1
SIMULATED,TD-IG1,SIM-01-OOD-0114,1
SIMULATED,TD-IG1,SIM-01-OOD-0115,1
SIMULATED,TD-IG1,SIM-01-OOD-0116,1
SIMULATED,TD-IG1,SIM-01-OOD-0117,1
SIMULATED,TD-IG1,SIM-01-OOD-0118,1
SIMULATED,TD-IG1,SIM-01-OOD-0119,1
SIMULATED,TD-IG1,SIM-01-OOD-0120,1
SIMULATED,TD-IG1,SIM-01-OOD-0121,1
SIMULATED,TD-IG1,SIM-01-OOD-0122,1
SIMULATED,TD-IG1,SIM-01-OOD-0123,1
SIMULATED,TD-IG1,SIM-01-OOD-0124,1
SIMULATED,TD-IG1,SIM-01-OOD-0125,1
SIMULATED,TD-IG1,SIM-01-OOD-0126,1
SIMULATED,TD-IG1,SIM-01-OOD-0127,1
SIMULATED,TD-IG1,SIM-01-OOD-0128,1
SIMULATED,TD-IG1,SIM-01-OOD-0129,1
SIMULATED,TD-IG1,SIM-01-OOD-0130,1
SIMULATED,TD-IG1,SIM-01-OOD-0131,1
SIMULATED,TD-IG1,SIM-01-OOD-0132,1
SIMULATED,TD-IG1,SIM-01-OOD-0133,1
SIMULATED,TD-IG1,SIM-01-OOD-0134,1
SIMULATED,TD-IG1,SIM-01-OOD-0135,0
SIMULATED,TD-IG1,SIM-01-OOD-0136,1
SIMULATED,TD-IG1,SIM-01-OOD-0137,1
SIMULATED,TD-IG1,SIM-01-OOD-0138,1
SIMULATED,TD-IG1,SIM-01-OOD-0139,1
SIMULATED,TD-IG1,SIM-01-OOD-0140,1
SIMULATED,TD-IG1,SIM-01-OOD-0141,1
SIMULATED,TD-IG1,SIM-01-OOD-0142,1
SIMULATED,TD-IG1,SIM-01-OOD-0143,1
SIMULATED,TD-IG1,SIM-01-OOD-0144,1
SIMULATED,TD-IG1,SIM-01-OOD-0145,1
SIMULATED,TD-IG1,SIM-01-OOD-0146,1
SIMULATED,TD-IG1,SIM-01-OOD-0147,1
SIMULATED,TD-IG1,SIM-01-OOD-0148,1
SIMULATED,TD-IG1,SIM-01-OOD-0149,1
SIMULATED,TD-IG1,SIM-01-OOD-0150,1
SIMULATED,TD-IG1,SIM-01-OOD-0151,1
SIMULATED,TD-IG1,SIM-01-OOD-0152,1
SIMULATED,TD-IG1,SIM-01-OOD-0153,1
SIMULATED,TD-IG1,SIM-01-OOD-0154,1
SIMULATED,TD-IG1,SIM-01-OOD-0155,1
SIMULATED,TD-IG1,SIM-01-OOD-0156,1
SIMULATED,TD-IG1,SIM-01-OOD-0157,1
SIMULATED,TD-IG1,SIM-01-OOD-0158,1
SIMULATED,TD-IG1,SIM-01-OOD-0159,1
SIMULATED,TD-IG2,SIM-12-OOD-0000,1
SIMULATED,TD-IG2,SIM-12-OOD-0001,1
SIMULATED,TD-IG2,SIM-12-OOD-0002,1
SIMULATED,TD-IG2,SIM-12-OOD-0003,1
SIMULATED,TD-IG2,SIM-12-OOD-0004,1
SIMULATED,TD-IG2,SIM-12-OOD-0005,1
SIMULATED,TD-IG2,SIM-12-OOD-0006,1
SIMULATED,TD-IG2,SIM-12-OOD-0007,1
SIMULATED,TD-IG2,SIM-12-OOD-0008,1
SIMULATED,TD-IG2,SIM-12-OOD-0009,1
SIMULATED,TD-IG2,SIM-12-OOD-0010,1
SIMULATED,TD-IG2,SIM-12-OOD-0011,1
SIMULATED,TD-IG2,SIM-12-OOD-0012,1
SIMULATED,TD-IG2,SIM-12-OOD-0013,1
SIMULATED,TD-IG2,SIM-12-OOD-0014,1
SIMULATED,TD-IG2,SIM-12-OOD-0015,1
SIMULATED,TD-IG2,SIM-12-OOD-0016,1
SIMULATED,TD-IG2,SIM-12-OOD-0017,1
SIMULATED,TD-IG2,SIM-12-OOD-0018,1
SIMULATED,TD-IG2,SIM-12-OOD-0019,1
SIMULATED,TD-IG2,SIM-12-OOD-0020,1
SIMULATED,TD-IG2,SIM-12-OOD-0021,1
SIMULATED,TD-IG2,SIM-12-OOD-0022,1
SIMULATED,TD-IG2,SIM-12-OOD-0023,0
SIMULATED,TD-IG2,SIM-12-OOD-0024,1
SIMULATED,TD-IG2,SIM-12-OOD-0025,1
SIMULATED,TD-IG2,SIM-12-OOD-0026,1
SIMULATED,TD-IG2,SIM-12-OOD-0027,1
SIMULATED,TD-IG2,SIM-12-OOD-0028,1
SIMULATED,TD-IG2,SIM-12-OOD-0029,1
SIMULATED,TD-IG2,SIM-12-OOD-0030,1
SIMULATED,TD-IG2,SIM-12-OOD-0031,1
SIMULATED,TD-IG2,SIM-12-OOD-0032,1
SIMULATED,TD-IG2,SIM-12-OOD-0033,1
SIMULATED,TD-IG2,SIM-12-OOD-0034,1
SIMULATED,TD-IG2,SIM-12-OOD-0035,0
SIMULATED,TD-IG2,SIM-12-OOD-0036,1
SIMULATED,TD-IG2,SIM-12-OOD-0037,1
SIMULATED,TD-IG2,SIM-12-OOD-0038,1
SIMULATED,TD-IG2,SIM-12-OOD-0039,1
SIMULATED,TD-IG2,SIM-12-OOD-0040,0
SIMULATED,TD-IG2,SIM-12-OOD-0041,1
SIMULATED,TD-IG2,SIM-12-OOD-0042,1
SIMULATED,TD-IG2,SIM-12-OOD-0043,1
SIMULATED,TD-IG2,SIM-12-OOD-0044,1
SIMULATED,TD-IG2,SIM-12-OOD-0045,1
SIMULATED,TD-IG2,SIM-12-OOD-0046,1
SIMULATED,TD-IG2,SIM-12-OOD-0047,1
SIMULATED,TD-IG2,SIM-12-OOD-0048,1
SIMULATED,TD-IG2,SIM-12-OOD-0049,1
SIMULATED,TD-IG2,SIM-12-OOD-0050,1
SIMULATED,TD-IG2,SIM-12-OOD-0051,1
SIMULATED,TD-IG2,SIM-12-OOD-0052,0
SIMULATED,TD-IG2,SIM-12-OOD-0053,1
SIMULATED,TD-IG2,SIM-12-OOD-0054,1
SIMULATED,TD-IG2,SIM-12-OOD-0055,1
SIMULATED,TD-IG2,SIM-12-OOD-0056,1
SIMULATED,TD-IG2,SIM-12-OOD-0057,1
SIMULATED,TD-IG2,SIM-12-OOD-0058,1
SIMULATED,TD-IG2,SIM-12-OOD-0059,1
SIMULATED,TD-IG2,SIM-12-OOD-0060,1
SIMULATED,TD-IG2,SIM-12-OOD-0061,1
SIMULATED,TD-IG2,SIM-12-OOD-0062,1
SIMULATED,TD-IG2,SIM-12-OOD-0063,1
SIMULATED,TD-IG2,SIM-12-OOD-0064,1
SIMULATED,TD-IG2,SIM-12-OOD-0065,1
SIMULATED,TD-IG2,SIM-12-OOD-0066,1
SIMULATED,TD-IG2,SIM-12-OOD-0067,1
SIMULATED,TD-IG2,SIM-12-OOD-0068,1
SIMULATED,TD-IG2,SIM-12-OOD-0069,1
SIMULATED,TD-IG2,SIM-12-OOD-0070,1
SIMULATED,TD-IG2,SIM-12-OOD-0071,1
SIMULATED,TD-IG2,SIM-12-OOD-0072,1
SIMULATED,TD-IG2,SIM-12-OOD-0073,1
SIMULATED,TD-IG2,SIM-12-OOD-0074,1
SIMULATED,TD-IG2,SIM-12-OOD-0075,1
SIMULATED,TD-IG2,SIM-12-OOD-0076,1
SIMULATED,TD-IG2,SIM-12-OOD-0077,1
SIMULATED,TD-IG2,SIM-12-OOD-0078,1
SIMULATED,TD-IG2,SIM-12-OOD-0079,1
SIMULATED,TD-IG2,SIM-12-OOD-0080,1
SIMULATED,TD-IG2,SIM-12-OOD-0081,1
SIMULATED,TD-IG2,SIM-12-OOD-0082,1
SIMULATED,TD-IG2,SIM-12-OOD-0083,1
SIMULATED,TD-IG2,SIM-12-OOD-0084,1
SIMULATED,TD-IG2,SIM-12-OOD-0085,1
SIMULATED,TD-IG2,SIM-12-OOD-0086,1
SIMULATED,TD-IG2,SIM-12-OOD-0087,1
SIMULATED,TD-IG2,SIM-12-OOD-0088,1
SIMULATED,TD-IG2,SIM-12-OOD-0089,1
SIMULATED,TD-IG2,SIM-12-OOD-0090,1
SIMULATED,TD-IG2,SIM-12-OOD-0091,1
SIMULATED,TD-IG2,SIM-12-OOD-0092,1
SIMULATED,TD-IG2,SIM-12-OOD-0093,1
SIMULATED,TD-IG2,SIM-12-OOD-0094,1
SIMULATED,TD-IG2,SIM-12-OOD-0095,1
SIMULATED,TD-IG2,SIM-12-OOD-0096,1
SIMULATED,TD-IG2,SIM-12-OOD-0097,1
SIMULATED,TD-IG2,SIM-12-OOD-0098,1
SIMULATED,TD-IG2,SIM-12-OOD-0099,1
SIMULATED,TD-IG2,SIM-12-OOD-0100,1
SIMULATED,TD-IG2,SIM-12-OOD-0101,0
SIMULATED,TD-IG2,SIM-12-OOD-0102,1
SIMULATED,TD-IG2,SIM-12-OOD-0103,1
SIMULATED,TD-IG2,SIM-12-OOD-0104,1
SIMULATED,TD-IG2,SIM-12-OOD-0105,1
SIMULATED,TD-IG2,SIM-12-OOD-0106,1
SIMULATED,TD-IG2,SIM-12-OOD-0107,1
SIMULATED,TD-IG2,SIM-12-OOD-0108,1
SIMULATED,TD-IG2,SIM-12-OOD-0109,1
SIMULATED,TD-IG2,SIM-12-OOD-0110,1
SIMULATED,TD-IG2,SIM-12-OOD-0111,1
SIMULATED,TD-IG2,SIM-12-OOD-0112,1
SIMULATED,TD-IG2,SIM-12-OOD-0113,1
SIMULATED,TD-IG2,SIM-12-OOD-0114,1
SIMULATED,TD-IG2,SIM-12-OOD-0115,1
SIMULATED,TD-IG2,SIM-12-OOD-0116,1
SIMULATED,TD-IG2,SIM-12-OOD-0117,1
SIMULATED,TD-IG2,SIM-12-OOD-0118,1
SIMULATED,TD-IG2,SIM-12-OOD-0119,1
SIMULATED,TD-IG2,SIM-12-OOD-0120,1
SIMULATED,TD-IG2,SIM-12-OOD-0121,1
SIMULATED,TD-IG2,SIM-12-OOD-0122,1
SIMULATED,TD-IG2,SIM-12-OOD-0123,1
SIMULATED,TD-IG2,SIM-12-OOD-0124,1
SIMULATED,TD-IG2,SIM-12-OOD-0125,1
SIMULATED,TD-IG2,SIM-12-OOD-0126,1
SIMULATED,TD-IG2,SIM-12-OOD-0127,1
SIMULATED,TD-IG2,SIM-12-OOD-0128,1
SIMULATED,TD-IG2,SIM-12-OOD-0129,1
SIMULATED,TD-IG2,SIM-12-OOD-0130,1
SIMULATED,TD-IG2,SIM-12-OOD-0131,1
SIMULATED,TD-IG2,SIM-12-OOD-0132,1
SIMULATED,TD-IG2,SIM-12-OOD-0133,1
SIMULATED,TD-IG2,SIM-12-OOD-0134,1
SIMULATED,TD-IG2,SIM-12-OOD-0135,1
SIMULATED,TD-IG2,SIM-12-OOD-0136,1
SIMULATED,TD-IG2,SIM-12-OOD-0137,1
SIMULATED,TD-IG2,SIM-12-OOD-0138,1
SIMULATED,TD-IG2,SIM-12-OOD-0139,1
SIMULATED,TD-IG2,SIM-12-OOD-0140,1
SIMULATED,TD-IG2,SIM-12-OOD-0141,1
SIMULATED,TD-IG2,SIM-12-OOD-0142,1
SIMULATED,TD-IG2,SIM-12-OOD-0143,1
SIMULATED,TD-IG2,SIM-12-OOD-0144,1
SIMULATED,TD-IG2,SIM-12-OOD-0145,1
SIMULATED,TD-IG2,SIM-12-OOD-0146,1
SIMULATED,TD-IG2,SIM-12-OOD-0147,1
SIMULATED,TD-IG2,SIM-12-OOD-0148,1
SIMULATED,TD-IG2,SIM-12-OOD-0149,1
SIMULATED,TD-IG2,SIM-12-OOD-0150,1
SIMULATED,TD-IG2,SIM-12-OOD-0151,1
SIMULATED,TD-IG2,SIM-12-OOD-0152,1
SIMULATED,TD-IG2,SIM-12-OOD-0153,1
SIMULATED,TD-IG2,SIM-12-OOD-0154,1
SIMULATED,TD-IG2,SIM-12-OOD-0155,1
SIMULATED,TD-IG2,SIM-12-OOD-0156,1
SIMULATED,TD-IG2,SIM-12-OOD-0157,1
SIMULATED,TD-IG2,SIM-12-OOD-0158,1
SIMULATED,TD-IG2,SIM-12-OOD-0159,1
SIMULATED,TD-IG3,SIM-05-OOD-0000,1
SIMULATED,TD-IG3,SIM-05-OOD-0001,1
SIMULATED,TD-IG3,SIM-05-OOD-0002,1
SIMULATED,TD-IG3,SIM-05-OOD-0003,1
SIMULATED,TD-IG3,SIM-05-OOD-0004,1
SIMULATED,TD-IG3,SIM-05-OOD-0005,1
SIMULATED,TD-IG3,SIM-05-OOD-0006,1
SIMULATED,TD-IG3,SIM-05-OOD-0007,1
SIMULATED,TD-IG3,SIM-05-OOD-0008,1
SIMULATED,TD-IG3,SIM-05-OOD-0009,1
SIMULATED,TD-IG3,SIM-05-OOD-0010,1
SIMULATED,TD-IG3,SIM-05-OOD-0011,1
SIMULATED,TD-IG3,SIM-05-OOD-0012,1
SIMULATED,TD-IG3,SIM-05-OOD-0013,1
SIMULATED,TD-IG3,SIM-05-OOD-0014,1
SIMULATED,TD-IG3,SIM-05-OOD-0015,1
SIMULATED,TD-IG3,SIM-05-OOD-0016,1
SIMULATED,TD-IG3,SIM-05-OOD-0017,0
SIMULATED,TD-IG3,SIM-05-OOD-0018,1
SIMULATED,TD-IG3,SIM-05-OOD-0019,1
SIMULATED,TD-IG3,SIM-05-OOD-0020,1
SIMULATED,TD-IG3,SIM-05-OOD-0021,1
SIMULATED,TD-IG3,SIM-05-OOD-0022,1
SIMULATED,TD-IG3,SIM-05-OOD-0023,1
SIMULATED,TD-IG3,SIM-05-OOD-0024,1
SIMULATED,TD-IG3,SIM-05-OOD-0025,1
SIMULATED,TD-IG3,SIM-05-OOD-0026,1
SIMULATED,TD-IG3,SIM-05-OOD-0027,1
SIMULATED,TD-IG3,SIM-05-OOD-0028,1
SIMULATED,TD-IG3,SIM-05-OOD-0029,1
SIMULATED,TD-IG3,SIM-05-OOD-0030,1
SIMULATED,TD-IG3,SIM-05-OOD-0031,1
SIMULATED,TD-IG3,SIM-05-OOD-0032,1
SIMULATED,TD-IG3,SIM-05-OOD-0033,1
SIMULATED,TD-IG3,SIM-05-OOD-0034,1
SIMULATED,TD-IG3,SIM-05-OOD-0035,1
SIMULATED,TD-IG3,SIM-05-OOD-0036,1
SIMULATED,TD-IG3,SIM-05-OOD-0037,1
SIMULATED,TD-IG3,SIM-05-OOD-0038,1
SIMULATED,TD-IG3,SIM-05-OOD-0039,1
SIMULATED,TD-IG3,SIM-05-OOD-0040,1
SIMULATED,TD-IG3,SIM-05-OOD-0041,1
SIMULATED,TD-IG3,SIM-05-OOD-0042,1
SIMULATED,TD-IG3,SIM-05-OOD-0043,1
SIMULATED,TD-IG3,SIM-05-OOD-0044,1
SIMULATED,TD-IG3,SIM-05-OOD-0045,1
SIMULATED,TD-IG3,SIM-05-OOD-0046,1
SIMULATED,TD-IG3,SIM-05-OOD-0047,1
SIMULATED,TD-IG3,SIM-05-OOD-0048,1
SIMULATED,TD-IG3,SIM-05-OOD-0049,1
SIMULATED,TD-IG3,SIM-05-OOD-0050,1
SIMULATED,TD-IG3,SIM-05-OOD-0051,1
SIMULATED,TD-IG3,SIM-05-OOD-0052,1
SIMULATED,TD-IG3,SIM-05-OOD-0053,1
SIMULATED,TD-IG3,SIM-05-OOD-0054,1
SIMULATED,TD-IG3,SIM-05-OOD-0055,1
SIMULATED,TD-IG3,SIM-05-OOD-0056,1
SIMULATED,TD-IG3,SIM-05-OOD-0057,1
SIMULATED,TD-IG3,SIM-05-OOD-0058,1
SIMULATED,TD-IG3,SIM-05-OOD-0059,1
SIMULATED,TD-IG3,SIM-05-OOD-0060,1
SIMULATED,TD-IG3,SIM-05-OOD-0061,1
SIMULATED,TD-IG3,SIM-05-OOD-0062,1
SIMULATED,TD-IG3,SIM-05-OOD-0063,1
SIMULATED,TD-IG3,SIM-05-OOD-0064,1
SIMULATED,TD-IG3,SIM-05-OOD-0065,1
SIMULATED,TD-IG3,SIM-05-OOD-0066,1
SIMULATED,TD-IG3,SIM-05-OOD-0067,1
SIMULATED,TD-IG3,SIM-05-OOD-0068,1
SIMULATED,TD-IG3,SIM-05-OOD-0069,1
SIMULATED,TD-IG3,SIM-05-OOD-0070,1
SIMULATED,TD-IG3,SIM-05-OOD-0071,1
SIMULATED,TD-IG3,SIM-05-OOD-0072,1
SIMULATED,TD-IG3,SIM-05-OOD-0073,1
SIMULATED,TD-IG3,SIM-05-OOD-0074,1
SIMULATED,TD-IG3,SIM-05-OOD-0075,1
SIMULATED,TD-IG3,SIM-05-OOD-0076,1
SIMULATED,TD-IG3,SIM-05-OOD-0077,1
SIMULATED,TD-IG3,SIM-05-OOD-0078,0
SIMULATED,TD-IG3,SIM-05-OOD-0079,1
SIMULATED,TD-IG3,SIM-05-OOD-0080,1
SIMULATED,TD-IG3,SIM-05-OOD-0081,1
SIMULATED,TD-IG3,SIM-05-OOD-0082,1
SIMULATED,TD-IG3,SIM-05-OOD-0083,1
SIMULATED,TD-IG3,SIM-05-OOD-0084,1
SIMULATED,TD-IG3,SIM-05-OOD-0085,1
SIMULATED,TD-IG3,SIM-05-OOD-0086,1
SIMULATED,TD-IG3,SIM-05-OOD-0087,1
SIMULATED,TD-IG3,SIM-05-OOD-0088,1
SIMULATED,TD-IG3,SIM-05-OOD-0089,1
SIMULATED,TD-IG3,SIM-05-OOD-0090,1
SIMULATED,TD-IG3,SIM-05-OOD-0091,1
SIMULATED,TD-IG3,SIM-05-OOD-0092,1
SIMULATED,TD-IG3,SIM-05-OOD-0093,1
SIMULATED,TD-IG3,SIM-05-OOD-0094,1
SIMULATED,TD-IG3,SIM-05-OOD-0095,1
SIMULATED,TD-IG3,SIM-05-OOD-0096,1
SIMULATED,TD-IG3,SIM-05-OOD-0097,1
SIMULATED,TD-IG3,SIM-05-OOD-0098,1
SIMULATED,TD-IG3,SIM-05-OOD-0099,1
SIMULATED,TD-IG3,SIM-05-OOD-0100,1
SIMULATED,TD-IG3,SIM-05-OOD-0101,1
SIMULATED,TD-IG3,SIM-05-OOD-0102,1
SIMULATED,TD-IG3,SIM-05-OOD-0103,1
SIMULATED,TD-IG3,SIM-05-OOD-0104,1
SIMULATED,TD-IG3,SIM-05-OOD-0105,1
SIMULATED,TD-IG3,SIM-05-OOD-0106,1
SIMULATED,TD-IG3,SIM-05-OOD-0107,1
SIMULATED,TD-IG3,SIM-05-OOD-0108,1
SIMULATED,TD-IG3,SIM-05-OOD-0109,1
SIMULATED,TD-IG3,SIM-05-OOD-0110,1
SIMULATED,TD-IG3,SIM-05-OOD-0111,1
SIMULATED,TD-IG3,SIM-05-OOD-0112,1
SIMULATED,TD-IG3,SIM-05-OOD-0113,1
SIMULATED,TD-IG3,SIM-05-OOD-0114,1
SIMULATED,TD-IG3,SIM-05-OOD-0115,1
SIMULATED,TD-IG3,SIM-05-OOD-0116,1
SIMULATED,TD-IG3,SIM-05-OOD-0117,1
SIMULATED,TD-IG3,SIM-05-OOD-0118,1
SIMULATED,TD-IG3,SIM-05-OOD-0119,1
SIMULATED,TD-IG3,SIM-05-OOD-0120,1
SIMULATED,TD-IG3,SIM-05-OOD-0121,1
SIMULATED,TD-IG3,SIM-05-OOD-0122,1
SIMULATED,TD-IG3,SIM-05-OOD-0123,1
SIMULATED,TD-IG3,SIM-05-OOD-0124,1
SIMULATED,TD-IG3,SIM-05-OOD-0125,1
SIMULATED,TD-IG3,SIM-05-OOD-0126,1
SIMULATED,TD-IG3,SIM-05-OOD-0127,1
SIMULATED,TD-IG3,SIM-05-OOD-0128,1
SIMULATED,TD-IG3,SIM-05-OOD-0129,1
SIMULATED,TD-IG3,SIM-05-OOD-0130,1
SIMULATED,TD-IG3,SIM-05-OOD-0131,1
SIMULATED,TD-IG3,SIM-05-OOD-0132,1
SIMULATED,TD-IG3,SIM-05-OOD-0133,1
SIMULATED,TD-IG3,SIM-05-OOD-0134,1
SIMULATED,TD-IG3,SIM-05-OOD-0135,1
SIMULATED,TD-IG3,SIM-05-OOD-0136,1
SIMULATED,TD-IG3,SIM-05-OOD-0137,1
SIMULATED,TD-IG3,SIM-05-OOD-0138,1
SIMULATED,TD-IG3,SIM-05-OOD-0139,1
SIMULATED,TD-IG3,SIM-05-OOD-0140,1
SIMULATED,TD-IG3,SIM-05-OOD-0141,1
SIMULATED,TD-IG3,SIM-05-OOD-0142,1
SIMULATED,TD-IG3,SIM-05-OOD-0143,1
SIMULATED,TD-IG3,SIM-05-OOD-0144,1
SIMULATED,TD-IG3,SIM-05-OOD-0145,1
SIMULATED,TD-IG3,SIM-05-OOD-0146,1
SIMULATED,TD-IG3,SIM-05-OOD-0147,1
SIMULATED,TD-IG3,SIM-05-OOD-0148,1
SIMULATED,TD-IG3,SIM-05-OOD-0149,1
SIMULATED,TD-IG3,SIM-05-OOD-0150,1
SIMULATED,TD-IG3,SIM-05-OOD-0151,1
SIMULATED,TD-IG3,SIM-05-OOD-0152,1
SIMULATED,TD-IG3,SIM-05-OOD-0153,1
SIMULATED,TD-IG3,SIM-05-OOD-0154,1
SIMULATED,TD-IG3,SIM-05-OOD-0155,1
SIMULATED,TD-IG3,SIM-05-OOD-0156,1
SIMULATED,TD-IG3,SIM-05-OOD-0157,1
SIMULATED,TD-IG3,SIM-05-OOD-0158,1
SIMULATED,TD-IG3,SIM-05-OOD-0159,1
SIMULATED,TD-IG4,SIM-13-OOD-0000,1
SIMULATED,TD-IG4,SIM-13-OOD-0001,1
SIMULATED,TD-IG4,SIM-13-OOD-0002,1
SIMULATED,TD-IG4,SIM-13-OOD-0003,1
SIMULATED,TD-IG4,SIM-13-OOD-0004,1
SIMULATED,TD-IG4,SIM-13-OOD-0005,1
SIMULATED,TD-IG4,SIM-13-OOD-0006,1
SIMULATED,TD-IG4,SIM-13-OOD-0007,1
SIMULATED,TD-IG4,SIM-13-OOD-0008,1
SIMULATED,TD-IG4,SIM-13-OOD-0009,1
SIMULATED,TD-IG4,SIM-13-OOD-0010,1
SIMULATED,TD-IG4,SIM-13-OOD-0011,1
SIMULATED,TD-IG4,SIM-13-OOD-0012,1
SIMULATED,TD-IG4,SIM-13-OOD-0013,1
SIMULATED,TD-IG4,SIM-13-OOD-0014,1
SIMULATED,TD-IG4,SIM-13-OOD-0015,1
SIMULATED,TD-IG4,SIM-13-OOD-0016,1
SIMULATED,TD-IG4,SIM-13-OOD-0017,1
SIMULATED,TD-IG4,SIM-13-OOD-0018,1
SIMULATED,TD-IG4,SIM-13-OOD-0019,1
SIMULATED,TD-IG4,SIM-13-OOD-0020,1
SIMULATED,TD-IG4,SIM-13-OOD-0021,1
SIMULATED,TD-IG4,SIM-13-OOD-0022,1
SIMULATED,TD-IG4,SIM-13-OOD-0023,1
SIMULATED,TD-IG4,SIM-13-OOD-0024,0
SIMULATED,TD-IG4,SIM-13-OOD-0025,1
SIMULATED,TD-IG4,SIM-13-OOD-0026,1
SIMULATED,TD-IG4,SIM-13-OOD-0027,1
SIMULATED,TD-IG4,SIM-13-OOD-0028,1
SIMULATED,TD-IG4,SIM-13-OOD-0029,1
SIMULATED,TD-IG4,SIM-13-OOD-0030,1
SIMULATED,TD-IG4,SIM-13-OOD-0031,1
SIMULATED,TD-IG4,SIM-13-OOD-0032,1
SIMULATED,TD-IG4,SIM-13-OOD-0033,1
SIMULATED,TD-IG4,SIM-13-OOD-0034,1
SIMULATED,TD-IG4,SIM-13-OOD-0035,1
SIMULATED,TD-IG4,SIM-13-OOD-0036,1
SIMULATED,TD-IG4,SIM-13-OOD-0037,1
SIMULATED,TD-IG4,SIM-13-OOD-0038,1
SIMULATED,TD-IG4,SIM-13-OOD-0039,1
SIMULATED,TD-IG4,SIM-13-OOD-0040,1
SIMULATED,TD-IG4,SIM-13-OOD-0041,1
SIMULATED,TD-IG4,SIM-13-OOD-0042,1
SIMULATED,TD-IG4,SIM-13-OOD-0043,1
SIMULATED,TD-IG4,SIM-13-OOD-0044,1
SIMULATED,TD-IG4,SIM-13-OOD-0045,1
SIMULATED,TD-IG4,SIM-13-OOD-0046,1
SIMULATED,TD-IG4,SIM-13-OOD-0047,1
SIMULATED,TD-IG4,SIM-13-OOD-0048,1
SIMULATED,TD-IG4,SIM-13-OOD-0049,1
SIMULATED,TD-IG4,SIM-13-OOD-0050,1
SIMULATED,TD-IG4,SIM-13-OOD-0051,1
SIMULATED,TD-IG4,SIM-13-OOD-0052,0
SIMULATED,TD-IG4,SIM-13-OOD-0053,1
SIMULATED,TD-IG4,SIM-13-OOD-0054,1
SIMULATED,TD-IG4,SIM-13-OOD-0055,1
SIMULATED,TD-IG4,SIM-13-OOD-0056,1
SIMULATED,TD-IG4,SIM-13-OOD-0057,1
SIMULATED,TD-IG4,SIM-13-OOD-0058,1
SIMULATED,TD-IG4,SIM-13-OOD-0059,1
SIMULATED,TD-IG4,SIM-13-OOD-0060,0
SIMULATED,TD-IG4,SIM-13-OOD-0061,1
SIMULATED,TD-IG4,SIM-13-OOD-0062,1
SIMULATED,TD-IG4,SIM-13-OOD-0063,1
SIMULATED,TD-IG4,SIM-13-OOD-0064,0
SIMULATED,TD-IG4,SIM-13-OOD-0065,1
SIMULATED,TD-IG4,SIM-13-OOD-0066,1
SIMULATED,TD-IG4,SIM-13-OOD-0067,1
SIMULATED,TD-IG4,SIM-13-OOD-0068,1
SIMULATED,TD-IG4,SIM-13-OOD-0069,1
SIMULATED,TD-IG4,SIM-13-OOD-0070,1
SIMULATED,TD-IG4,SIM-13-OOD-0071,1
SIMULATED,TD-IG4,SIM-13-OOD-0072,1
SIMULATED,TD-IG4,SIM-13-OOD-0073,1
SIMULATED,TD-IG4,SIM-13-OOD-0074,1
SIMULATED,TD-IG4,SIM-13-OOD-0075,1
SIMULATED,TD-IG4,SIM-13-OOD-0076,1
SIMULATED,TD-IG4,SIM-13-OOD-0077,1
SIMULATED,TD-IG4,SIM-13-OOD-0078,1
SIMULATED,TD-IG4,SIM-13-OOD-0079,1
SIMULATED,TD-IG4,SIM-13-OOD-0080,1
SIMULATED,TD-IG4,SIM-13-OOD-0081,1
SIMULATED,TD-IG4,SIM-13-OOD-0082,1
SIMULATED,TD-IG4,SIM-13-OOD-0083,1
SIMULATED,TD-IG4,SIM-13-OOD-0084,1
SIMULATED,TD-IG4,SIM-13-OOD-0085,1
SIMULATED,TD-IG4,SIM-13-OOD-0086,1
SIMULATED,TD-IG4,SIM-13-OOD-0087,1
SIMULATED,TD-IG4,SIM-13-OOD-0088,1
SIMULATED,TD-IG4,SIM-13-OOD-0089,1
SIMULATED,TD-IG4,SIM-13-OOD-0090,1
SIMULATED,TD-IG4,SIM-13-OOD-0091,1
SIMULATED,TD-IG4,SIM-13-OOD-0092,1
SIMULATED,TD-IG4,SIM-13-OOD-0093,1
SIMULATED,TD-IG4,SIM-13-OOD-0094,1
SIMULATED,TD-IG4,SIM-13-OOD-0095,1
SIMULATED,TD-IG4,SIM-13-OOD-0096,1
SIMULATED,TD-IG4,SIM-13-OOD-0097,1
SIMULATED,TD-IG4,SIM-13-OOD-0098,1
SIMULATED,TD-IG4,SIM-13-OOD-0099,1
SIMULATED,TD-IG4,SIM-13-OOD-0100,1
SIMULATED,TD-IG4,SIM-13-OOD-0101,0
SIMULATED,TD-IG4,SIM-13-OOD-0102,1
SIMULATED,TD-IG4,SIM-13-OOD-0103,1
SIMULATED,TD-IG4,SIM-13-OOD-0104,1
SIMULATED,TD-IG4,SIM-13-OOD-0105,1
SIMULATED,TD-IG4,SIM-13-OOD-0106,1
SIMULATED,TD-IG4,SIM-13-OOD-0107,1
SIMULATED,TD-IG4,SIM-13-OOD-0108,1
SIMULATED,TD-IG4,SIM-13-OOD-0109,1
SIMULATED,TD-IG4,SIM-13-OOD-0110,1
SIMULATED,TD-IG4,SIM-13-OOD-0111,1
SIMULATED,TD-IG4,SIM-13-OOD-0112,1
SIMULATED,TD-IG4,SIM-13-OOD-0113,1
SIMULATED,TD-IG4,SIM-13-OOD-0114,1
SIMULATED,TD-IG4,SIM-13-OOD-0115,1
SIMULATED,TD-IG4,SIM-13-OOD-0116,1
SIMULATED,TD-IG4,SIM-13-OOD-0117,1
SIMULATED,TD-IG4,SIM-13-OOD-0118,1
SIMULATED,TD-IG4,SIM-13-OOD-0119,1
SIMULATED,TD-IG4,SIM-13-OOD-0120,1
SIMULATED,TD-IG4,SIM-13-OOD-0121,1
SIMULATED,TD-IG4,SIM-13-OOD-0122,1
SIMULATED,TD-IG4,SIM-13-OOD-0123,1
SIMULATED,TD-IG4,SIM-13-OOD-0124,1
SIMULATED,TD-IG4,SIM-13-OOD-0125,1
SIMULATED,TD-IG4,SIM-13-OOD-0126,1
SIMULATED,TD-IG4,SIM-13-OOD-0127,1
SIMULATED,TD-IG4,SIM-13-OOD-0128,1
SIMULATED,TD-IG4,SIM-13-OOD-0129,1
SIMULATED,TD-IG4,SIM-13-OOD-0130,1
SIMULATED,TD-IG4,SIM-13-OOD-0131,1
SIMULATED,TD-IG4,SIM-13-OOD-0132,1
SIMULATED,TD-IG4,SIM-13-OOD-0133,1
SIMULATED,TD-IG4,SIM-13-OOD-0134,1
SIMULATED,TD-IG4,SIM-13-OOD-0135,1
SIMULATED,TD-IG4,SIM-13-OOD-0136,1
SIMULATED,TD-IG4,SIM-13-OOD-0137,1
SIMULATED,TD-IG4,SIM-13-OOD-0138,1
SIMULATED,TD-IG4,SIM-13-OOD-0139,1
SIMULATED,TD-IG4,SIM-13-OOD-0140,1
SIMULATED,TD-IG4,SIM-13-OOD-0141,1
SIMULATED,TD-IG4,SIM-13-OOD-0142,1
SIMULATED,TD-IG4,SIM-13-OOD-0143,1
SIMULATED,TD-IG4,SIM-13-OOD-0144,1
SIMULATED,TD-IG4,SIM-13-OOD-0145,1
SIMULATED,TD-IG4,SIM-13-OOD-0146,1
SIMULATED,TD-IG4,SIM-13-OOD-0147,1
SIMULATED,TD-IG4,SIM-13-OOD-0148,1
SIMULATED,TD-IG4,SIM-13-OOD-0149,1
SIMULATED,TD-IG4,SIM-13-OOD-0150,1
SIMULATED,TD-IG4,SIM-13-OOD-0151,1
SIMULATED,TD-IG4,SIM-13-OOD-0152,1
SIMULATED,TD-IG4,SIM-13-OOD-0153,1
SIMULATED,TD-IG4,SIM-13-OOD-0154,1
SIMULATED,TD-IG4,SIM-13-OOD-0155,1
SIMULATED,TD-IG4,SIM-13-OOD-0156,1
SIMULATED,TD-IG4,SIM-13-OOD-0157,1
SIMULATED,TD-IG4,SIM-13-OOD-0158,1
SIMULATED,TD-IG4,SIM-13-OOD-0159,1
SIMULATED,TD-IG5,SIM-14-OOD-0000,1
SIMULATED,TD-IG5,SIM-14-OOD-0001,1
SIMULATED,TD-IG5,SIM-14-OOD-0002,1
SIMULATED,TD-IG5,SIM-14-OOD-0003,1
SIMULATED,TD-IG5,SIM-14-OOD-0004,1
SIMULATED,TD-IG5,SIM-14-OOD-0005,1
SIMULATED,TD-IG5,SIM-14-OOD-0006,1
SIMULATED,TD-IG5,SIM-14-OOD-0007,1
SIMULATED,TD-IG5,SIM-14-OOD-0008,1
SIMULATED,TD-IG5,SIM-14-OOD-0009,1
SIMULATED,TD-IG5,SIM-14-OOD-0010,1
SIMULATED,TD-IG5,SIM-14-OOD-0011,1
SIMULATED,TD-IG5,SIM-14-OOD-0012,1
SIMULATED,TD-IG5,SIM-14-OOD-0013,1
SIMULATED,TD-IG5,SIM-14-OOD-0014,1
SIMULATED,TD-IG5,SIM-14-OOD-0015,1
SIMULATED,TD-IG5,SIM-14-OOD-0016,1
SIMULATED,TD-IG5,SIM-14-OOD-0017,1
SIMULATED,TD-IG5,SIM-14-OOD-0018,1
SIMULATED,TD-IG5,SIM-14-OOD-0019,1
SIMULATED,TD-IG5,SIM-14-OOD-0020,1
SIMULATED,TD-IG5,SIM-14-OOD-0021,1
SIMULATED,TD-IG5,SIM-14-OOD-0022,1
SIMULATED,TD-IG5,SIM-14-OOD-0023,1
SIMULATED,TD-IG5,SIM-14-OOD-0024,1
SIMULATED,TD-IG5,SIM-14-OOD-0025,1
SIMULATED,TD-IG5,SIM-14-OOD-0026,1
SIMULATED,TD-IG5,SIM-14-OOD-0027,1
SIMULATED,TD-IG5,SIM-14-OOD-0028,1
SIMULATED,TD-IG5,SIM-14-OOD-0029,1
SIMULATED,TD-IG5,SIM-14-OOD-0030,1
SIMULATED,TD-IG5,SIM-14-OOD-0031,1
SIMULATED,TD-IG5,SIM-14-OOD-0032,1
SIMULATED,TD-IG5,SIM-14-OOD-0033,1
SIMULATED,TD-IG5,SIM-14-OOD-0034,1
SIMULATED,TD-IG5,SIM-14-OOD-0035,1
SIMULATED,TD-IG5,SIM-14-OOD-0036,1
SIMULATED,TD-IG5,SIM-14-OOD-0037,1
SIMULATED,TD-IG5,SIM-14-OOD-0038,1
SIMULATED,TD-IG5,SIM-14-OOD-0039,1
SIMULATED,TD-IG5,SIM-14-OOD-0040,1
SIMULATED,TD-IG5,SIM-14-OOD-0041,1
SIMULATED,TD-IG5,SIM-14-OOD-0042,1
SIMULATED,TD-IG5,SIM-14-OOD-0043,1
SIMULATED,TD-IG5,SIM-14-OOD-0044,1
SIMULATED,TD-IG5,SIM-14-OOD-0045,1
SIMULATED,TD-IG5,SIM-14-OOD-0046,1
SIMULATED,TD-IG5,SIM-14-OOD-0047,1
SIMULATED,TD-IG5,SIM-14-OOD-0048,1
SIMULATED,TD-IG5,SIM-14-OOD-0049,1
SIMULATED,TD-IG5,SIM-14-OOD-0050,1
SIMULATED,TD-IG5,SIM-14-OOD-0051,1
SIMULATED,TD-IG5,SIM-14-OOD-0052,1
SIMULATED,TD-IG5,SIM-14-OOD-0053,1
SIMULATED,TD-IG5,SIM-14-OOD-0054,1
SIMULATED,TD-IG5,SIM-14-OOD-0055,1
SIMULATED,TD-IG5,SIM-14-OOD-0056,1
SIMULATED,TD-IG5,SIM-14-OOD-0057,1
SIMULATED,TD-IG5,SIM-14-OOD-0058,1
SIMULATED,TD-IG5,SIM-14-OOD-0059,1
SIMULATED,TD-IG5,SIM-14-OOD-0060,1
SIMULATED,TD-IG5,SIM-14-OOD-0061,1
SIMULATED,TD-IG5,SIM-14-OOD-0062,1
SIMULATED,TD-IG5,SIM-14-OOD-0063,1
SIMULATED,TD-IG5,SIM-14-OOD-0064,1
SIMULATED,TD-IG5,SIM-14-OOD-0065,1
SIMULATED,TD-IG5,SIM-14-OOD-0066,0
SIMULATED,TD-IG5,SIM-14-OOD-0067,1
SIMULATED,TD-IG5,SIM-14-OOD-0068,1
SIMULATED,TD-IG5,SIM-14-OOD-0069,1
SIMULATED,TD-IG5,SIM-14-OOD-0070,1
SIMULATED,TD-IG5,SIM-14-OOD-0071,1
SIMULATED,TD-IG5,SIM-14-OOD-0072,1
SIMULATED,TD-IG5,SIM-14-OOD-0073,1
SIMULATED,TD-IG5,SIM-14-OOD-0074,1
SIMULATED,TD-IG5,SIM-14-OOD-0075,1
SIMULATED,TD-IG5,SIM-14-OOD-0076,1
SIMULATED,TD-IG5,SIM-14-OOD-0077,1
SIMULATED,TD-IG5,SIM-14-OOD-0078,1
SIMULATED,TD-IG5,SIM-14-OOD-0079,1
SIMULATED,TD-IG5,SIM-14-OOD-0080,1
SIMULATED,TD-IG5,SIM-14-OOD-0081,1
SIMULATED,TD-IG5,SIM-14-OOD-0082,1
SIMULATED,TD-IG5,SIM-14-OOD-0083,1
SIMULATED,TD-IG5,SIM-14-OOD-0084,1
SIMULATED,TD-IG5,SIM-14-OOD-0085,1
SIMULATED,TD-IG5,SIM-14-OOD-0086,1
SIMULATED,TD-IG5,SIM-14-OOD-0087,1
SIMULATED,TD-IG5,SIM-14-OOD-0088,1
SIMULATED,TD-IG5,SIM-14-OOD-0089,1
SIMULATED,TD-IG5,SIM-14-OOD-0090,1
SIMULATED,TD-IG5,SIM-14-OOD-0091,1
SIMULATED,TD-IG5,SIM-14-OOD-0092,1
SIMULATED,TD-IG5,SIM-14-OOD-0093,1
SIMULATED,TD-IG5,SIM-14-OOD-0094,1
SIMULATED,TD-IG5,SIM-14-OOD-0095,1
SIMULATED,TD-IG5,SIM-14-OOD-0096,1
SIMULATED,TD-IG5,SIM-14-OOD-0097,1
SIMULATED,TD-IG5,SIM-14-OOD-0098,1
SIMULATED,TD-IG5,SIM-14-OOD-0099,1
SIMULATED,TD-IG5,SIM-14-OOD-0100,1
SIMULATED,TD-IG5,SIM-14-OOD-0101,1
SIMULATED,TD-IG5,SIM-14-OOD-0102,1
SIMULATED,TD-IG5,SIM-14-OOD-0103,1
SIMULATED,TD-IG5,SIM-14-OOD-0104,1
SIMULATED,TD-IG5,SIM-14-OOD-0105,1
SIMULATED,TD-IG5,SIM-14-OOD-0106,1
SIMULATED,TD-IG5,SIM-14-OOD-0107,1
SIMULATED,TD-IG5,SIM-14-OOD-0108,1
SIMULATED,TD-IG5,SIM-14-OOD-0109,1
SIMULATED,TD-IG5,SIM-14-OOD-0110,1
SIMULATED,TD-IG5,SIM-14-OOD-0111,1
SIMULATED,TD-IG5,SIM-14-OOD-0112,1
SIMULATED,TD-IG5,SIM-14-OOD-0113,1
SIMULATED,TD-IG5,SIM-14-OOD-0114,1
SIMULATED,TD-IG5,SIM-14-OOD-0115,1
SIMULATED,TD-IG5,SIM-14-OOD-0116,1
SIMULATED,TD-IG5,SIM-14-OOD-0117,1
SIMULATED,TD-IG5,SIM-14-OOD-0118,1
SIMULATED,TD-IG5,SIM-14-OOD-0119,1
SIMULATED,TD-IG5,SIM-14-OOD-0120,1
SIMULATED,TD-IG5,SIM-14-OOD-0121,1
SIMULATED,TD-IG5,SIM-14-OOD-0122,1
SIMULATED,TD-IG5,SIM-14-OOD-0123,1
SIMULATED,TD-IG5,SIM-14-OOD-0124,1
SIMULATED,TD-IG5,SIM-14-OOD-0125,1
SIMULATED,TD-IG5,SIM-14-OOD-0126,1
SIMULATED,TD-IG5,SIM-14-OOD-0127,1
SIMULATED,TD-IG5,SIM-14-OOD-0128,1
SIMULATED,TD-IG5,SIM-14-OOD-0129,1
SIMULATED,TD-IG5,SIM-14-OOD-0130,1
SIMULATED,TD-IG5,SIM-14-OOD-0131,1
SIMULATED,TD-IG5,SIM-14-OOD-0132,1
SIMULATED,TD-IG5,SIM-14-OOD-0133,1
SIMULATED,TD-IG5,SIM-14-OOD-0134,1
SIMULATED,TD-IG5,SIM-14-OOD-0135,1
SIMULATED,TD-IG5,SIM-14-OOD-0136,1
SIMULATED,TD-IG5,SIM-14-OOD-0137,1
SIMULATED,TD-IG5,SIM-14-OOD-0138,1
SIMULATED,TD-IG5,SIM-14-OOD-0139,1
SIMULATED,TD-IG5,SIM-14-OOD-0140,1
SIMULATED,TD-IG5,SIM-14-OOD-0141,1
SIMULATED,TD-IG5,SIM-14-OOD-0142,1
SIMULATED,TD-IG5,SIM-14-OOD-0143,1
SIMULATED,TD-IG5,SIM-14-OOD-0144,1
SIMULATED,TD-IG5,SIM-14-OOD-0145,1
SIMULATED,TD-IG5,SIM-14-OOD-0146,1
SIMULATED,TD-IG5,SIM-14-OOD-0147,1
SIMULATED,TD-IG5,SIM-14-OOD-0148,1
SIMULATED,TD-IG5,SIM-14-OOD-0149,1
SIMULATED,TD-IG5,SIM-14-OOD-0150,1
SIMULATED,TD-IG5,SIM-14-OOD-0151,0
SIMULATED,TD-IG5,SIM-14-OOD-0152,1
SIMULATED,TD-IG5,SIM-14-OOD-0153,1
SIMULATED,TD-IG5,SIM-14-OOD-0154,0
SIMULATED,TD-IG5,SIM-14-OOD-0155,1
SIMULATED,TD-IG5,SIM-14-OOD-0156,1
SIMULATED,TD-IG5,SIM-14-OOD-0157,1
SIMULATED,TD-IG5,SIM-14-OOD-0158,1
SIMULATED,TD-IG5,SIM-14-OOD-0159,1
SIMULATED,TD-IG6,SIM-15-OOD-0000,1
SIMULATED,TD-IG6,SIM-15-OOD-0001,1
SIMULATED,TD-IG6,SIM-15-OOD-0002,1
SIMULATED,TD-IG6,SIM-15-OOD-0003,1
SIMULATED,TD-IG6,SIM-15-OOD-0004,1
SIMULATED,TD-IG6,SIM-15-OOD-0005,1
SIMULATED,TD-IG6,SIM-15-OOD-0006,1
SIMULATED,TD-IG6,SIM-15-OOD-0007,1
SIMULATED,TD-IG6,SIM-15-OOD-0008,1
SIMULATED,TD-IG6,SIM-15-OOD-0009,1
SIMULATED,TD-IG6,SIM-15-OOD-0010,1
SIMULATED,TD-IG6,SIM-15-OOD-0011,1
SIMULATED,TD-IG6,SIM-15-OOD-0012,1
SIMULATED,TD-IG6,SIM-15-OOD-0013,1
SIMULATED,TD-IG6,SIM-15-OOD-0014,1
SIMULATED,TD-IG6,SIM-15-OOD-0015,1
SIMULATED,TD-IG6,SIM-15-OOD-0016,1
SIMULATED,TD-IG6,SIM-15-OOD-0017,1
SIMULATED,TD-IG6,SIM-15-OOD-0018,1
SIMULATED,TD-IG6,SIM-15-OOD-0019,1
SIMULATED,TD-IG6,SIM-15-OOD-0020,1
SIMULATED,TD-IG6,SIM-15-OOD-0021,1
SIMULATED,TD-IG6,SIM-15-OOD-0022,1
SIMULATED,TD-IG6,SIM-15-OOD-0023,1
SIMULATED,TD-IG6,SIM-15-OOD-0024,0
SIMULATED,TD-IG6,SIM-15-OOD-0025,1
SIMULATED,TD-IG6,SIM-15-OOD-0026,1
SIMULATED,TD-IG6,SIM-15-OOD-0027,1
SIMULATED,TD-IG6,SIM-15-OOD-0028,1
SIMULATED,TD-IG6,SIM-15-OOD-0029,1
SIMULATED,TD-IG6,SIM-15-OOD-0030,1
SIMULATED,TD-IG6,SIM-15-OOD-0031,1
SIMULATED,TD-IG6,SIM-15-OOD-0032,1
SIMULATED,TD-IG6,SIM-15-OOD-0033,1
SIMULATED,TD-IG6,SIM-15-OOD-0034,1
SIMULATED,TD-IG6,SIM-15-OOD-0035,1
SIMULATED,TD-IG6,SIM-15-OOD-0036,1
SIMULATED,TD-IG6,SIM-15-OOD-0037,1
SIMULATED,TD-IG6,SIM-15-OOD-0038,1
SIMULATED,TD-IG6,SIM-15-OOD-0039,1
SIMULATED,TD-IG6,SIM-15-OOD-0040,1
SIMULATED,TD-IG6,SIM-15-OOD-0041,1
SIMULATED,TD-IG6,SIM-15-OOD-0042,1
SIMULATED,TD-IG6,SIM-15-OOD-0043,1
SIMULATED,TD-IG6,SIM-15-OOD-0044,0
SIMULATED,TD-IG6,SIM-15-OOD-0045,1
SIMULATED,TD-IG6,SIM-15-OOD-0046,1
SIMULATED,TD-IG6,SIM-15-OOD-0047,1
SIMULATED,TD-IG6,SIM-15-OOD-0048,1
SIMULATED,TD-IG6,SIM-15-OOD-0049,1
SIMULATED,TD-IG6,SIM-15-OOD-0050,1
SIMULATED,TD-IG6,SIM-15-OOD-0051,1
SIMULATED,TD-IG6,SIM-15-OOD-0052,1
SIMULATED,TD-IG6,SIM-15-OOD-0053,1
SIMULATED,TD-IG6,SIM-15-OOD-0054,1
SIMULATED,TD-IG6,SIM-15-OOD-0055,1
SIMULATED,TD-IG6,SIM-15-OOD-0056,1
SIMULATED,TD-IG6,SIM-15-OOD-0057,1
SIMULATED,TD-IG6,SIM-15-OOD-0058,1
SIMULATED,TD-IG6,SIM-15-OOD-0059,1
SIMULATED,TD-IG6,SIM-15-OOD-0060,1
SIMULATED,TD-IG6,SIM-15-OOD-0061,1
SIMULATED,TD-IG6,SIM-15-OOD-0062,1
SIMULATED,TD-IG6,SIM-15-OOD-0063,1
SIMULATED,TD-IG6,SIM-15-OOD-0064,1
SIMULATED,TD-IG6,SIM-15-OOD-0065,1
SIMULATED,TD-IG6,SIM-15-OOD-0066,1
SIMULATED,TD-IG6,SIM-15-OOD-0067,1
SIMULATED,TD-IG6,SIM-15-OOD-0068,1
SIMULATED,TD-IG6,SIM-15-OOD-0069,1
SIMULATED,TD-IG6,SIM-15-OOD-0070,1
SIMULATED,TD-IG6,SIM-15-OOD-0071,1
SIMULATED,TD-IG6,SIM-15-OOD-0072,0
SIMULATED,TD-IG6,SIM-15-OOD-0073,1
SIMULATED,TD-IG6,SIM-15-OOD-0074,1
SIMULATED,TD-IG6,SIM-15-OOD-0075,1
SIMULATED,TD-IG6,SIM-15-OOD-0076,1
SIMULATED,TD-IG6,SIM-15-OOD-0077,1
SIMULATED,TD-IG6,SIM-15-OOD-0078,1
SIMULATED,TD-IG6,SIM-15-OOD-0079,1
SIMULATED,TD-IG6,SIM-15-OOD-0080,1
SIMULATED,TD-IG6,SIM-15-OOD-0081,1
SIMULATED,TD-IG6,SIM-15-OOD-0082,1
SIMULATED,TD-IG6,SIM-15-OOD-0083,1
SIMULATED,TD-IG6,SIM-15-OOD-0084,1
SIMULATED,TD-IG6,SIM-15-OOD-0085,1
SIMULATED,TD-IG6,SIM-15-OOD-0086,1
SIMULATED,TD-IG6,SIM-15-OOD-0087,1
SIMULATED,TD-IG6,SIM-15-OOD-0088,1
SIMULATED,TD-IG6,SIM-15-OOD-0089,1
SIMULATED,TD-IG6,SIM-15-OOD-0090,1
SIMULATED,TD-IG6,SIM-15-OOD-0091,1
SIMULATED,TD-IG6,SIM-15-OOD-0092,1
SIMULATED,TD-IG6,SIM-15-OOD-0093,1
SIMULATED,TD-IG6,SIM-15-OOD-0094,1
SIMULATED,TD-IG6,SIM-15-OOD-0095,1
SIMULATED,TD-IG6,SIM-15-OOD-0096,1
SIMULATED,TD-IG6,SIM-15-OOD-0097,1
SIMULATED,TD-IG6,SIM-15-OOD-0098,1
SIMULATED,TD-IG6,SIM-15-OOD-0099,1
SIMULATED,TD-IG6,SIM-15-OOD-0100,1
SIMULATED,TD-IG6,SIM-15-OOD-0101,1
SIMULATED,TD-IG6,SIM-15-OOD-0102,1
SIMULATED,TD-IG6,SIM-15-OOD-0103,1
SIMULATED,TD-IG6,SIM-15-OOD-0104,1
SIMULATED,TD-IG6,SIM-15-OOD-0105,1
SIMULATED,TD-IG6,SIM-15-OOD-0106,1
SIMULATED,TD-IG6,SIM-15-OOD-0107,1
SIMULATED,TD-IG6,SIM-15-OOD-0108,1
SIMULATED,TD-IG6,SIM-15-OOD-0109,1
SIMULATED,TD-IG6,SIM-15-OOD-0110,1
SIMULATED,TD-IG6,SIM-15-OOD-0111,1
SIMULATED,TD-IG6,SIM-15-OOD-0112,1
SIMULATED,TD-IG6,SIM-15-OOD-0113,1
SIMULATED,TD-IG6,SIM-15-OOD-0114,1
SIMULATED,TD-IG6,SIM-15-OOD-0115,1
SIMULATED,TD-IG6,SIM-15-OOD-0116,1
SIMULATED,TD-IG6,SIM-15-OOD-0117,1
SIMULATED,TD-IG6,SIM-15-OOD-0118,1
SIMULATED,TD-IG6,SIM-15-OOD-0119,1
SIMULATED,TD-IG6,SIM-15-OOD-0120,1
SIMULATED,TD-IG6,SIM-15-OOD-0121,1
SIMULATED,TD-IG6,SIM-15-OOD-0122,1
SIMULATED,TD-IG6,SIM-15-OOD-0123,1
SIMULATED,TD-IG6,SIM-15-OOD-0124,1
SIMULATED,TD-IG6,SIM-15-OOD-0125,1
SIMULATED,TD-IG6,SIM-15-OOD-0126,1
SIMULATED,TD-IG6,SIM-15-OOD-0127,1
SIMULATED,TD-IG6,SIM-15-OOD-0128,1
SIMULATED,TD-IG6,SIM-15-OOD-0129,1
SIMULATED,TD-IG6,SIM-15-OOD-0130,1
SIMULATED,TD-IG6,SIM-15-OOD-0131,1
SIMULATED,TD-IG6,SIM-15-OOD-0132,1
SIMULATED,TD-IG6,SIM-15-OOD-0133,1
SIMULATED,TD-IG6,SIM-15-OOD-0134,1
SIMULATED,TD-IG6,SIM-15-OOD-0135,1
SIMULATED,TD-IG6,SIM-15-OOD-0136,1
SIMULATED,TD-IG6,SIM-15-OOD-0137,1
SIMULATED,TD-IG6,SIM-15-OOD-0138,1
SIMULATED,TD-IG6,SIM-15-OOD-0139,1
SIMULATED,TD-IG6,SIM-15-OOD-0140,1
SIMULATED,TD-IG6,SIM-15-OOD-0141,1
SIMULATED,TD-IG6,SIM-15-OOD-0142,1
SIMULATED,TD-IG6,SIM-15-OOD-0143,1
SIMULATED,TD-IG6,SIM-15-OOD-0144,1
SIMULATED,TD-IG6,SIM-15-OOD-0145,1
SIMULATED,TD-IG6,SIM-15-OOD-0146,1
SIMULATED,TD-IG6,SIM-15-OOD-0147,1
SIMULATED,TD-IG6,SIM-15-OOD-0148,1
SIMULATED,TD-IG6,SIM-15-OOD-0149,1
SIMULATED,TD-IG6,SIM-15-OOD-0150,1
SIMULATED,TD-IG6,SIM-15-OOD-0151,1
SIMULATED,TD-IG6,SIM-15-OOD-0152,1
SIMULATED,TD-IG6,SIM-15-OOD-0153,1
SIMULATED,TD-IG6,SIM-15-OOD-0154,1
SIMULATED,TD-IG6,SIM-15-OOD-0155,1
SIMULATED,TD-IG6,SIM-15-OOD-0156,1
SIMULATED,TD-IG6,SIM-15-OOD-0157,1
SIMULATED,TD-IG6,SIM-15-OOD-0158,1
SIMULATED,TD-IG6,SIM-15-OOD-0159,1
SIMULATED,TD-TG1,SIM-02-OOD-0000,1
SIMULATED,TD-TG1,SIM-02-OOD-0001,1
SIMULATED,TD-TG1,SIM-02-OOD-0002,1
SIMULATED,TD-TG1,SIM-02-OOD-0003,1
SIMULATED,TD-TG1,SIM-02-OOD-0004,1
SIMULATED,TD-TG1,SIM-02-OOD-0005,1
SIMULATED,TD-TG1,SIM-02-OOD-0006,1
SIMULATED,TD-TG1,SIM-02-OOD-0007,1
SIMULATED,TD-TG1,SIM-02-OOD-0008,1
SIMULATED,TD-TG1,SIM-02-OOD-0009,1
SIMULATED,TD-TG1,SIM-02-OOD-0010,1
SIMULATED,TD-TG1,SIM-02-OOD-0011,1
SIMULATED,TD-TG1,SIM-02-OOD-0012,1
SIMULATED,TD-TG1,SIM-02-OOD-0013,1
SIMULATED,TD-TG1,SIM-02-OOD-0014,1
SIMULATED,TD-TG1,SIM-02-OOD-0015,1
SIMULATED,TD-TG1,SIM-02-OOD-0016,1
SIMULATED,TD-TG1,SIM-02-OOD-0017,1
SIMULATED,TD-TG1,SIM-02-OOD-0018,1
SIMULATED,TD-TG1,SIM-02-OOD-0019,1
SIMULATED,TD-TG1,SIM-02-OOD-0020,1
SIMULATED,TD-TG1,SIM-02-OOD-0021,1
SIMULATED,TD-TG1,SIM-02-OOD-0022,1
SIMULATED,TD-TG1,SIM-02-OOD-0023,1
SIMULATED,TD-TG1,SIM-02-OOD-0024,1
SIMULATED,TD-TG1,SIM-02-OOD-0025,1
SIMULATED,TD-TG1,SIM-02-OOD-0026,1
SIMULATED,TD-TG1,SIM-02-OOD-0027,1
SIMULATED,TD-TG1,SIM-02-OOD-0028,1
SIMULATED,TD-TG1,SIM-02-OOD-0029,1
SIMULATED,TD-TG1,SIM-02-OOD-0030,1
SIMULATED,TD-TG1,SIM-02-OOD-0031,0
SIMULATED,TD-TG1,SIM-02-OOD-0032,1
SIMULATED,TD-TG1,SIM-02-OOD-0033,1
SIMULATED,TD-TG1,SIM-02-OOD-0034,1
SIMULATED,TD-TG1,SIM-02-OOD-0035,1
SIMULATED,TD-TG1,SIM-02-OOD-0036,1
SIMULATED,TD-TG1,SIM-02-OOD-0037,1
SIMULATED,TD-TG1,SIM-02-OOD-0038,1
SIMULATED,TD-TG1,SIM-02-OOD-0039,1
SIMULATED,TD-TG1,SIM-02-OOD-0040,1
SIMULATED,TD-TG1,SIM-02-OOD-0041,1
SIMULATED,TD-TG1,SIM-02-OOD-0042,1
SIMULATED,TD-TG1,SIM-02-OOD-0043,1
SIMULATED,TD-TG1,SIM-02-OOD-0044,1
SIMULATED,TD-TG1,SIM-02-OOD-0045,1
SIMULATED,TD-TG1,SIM-02-OOD-0046,1
SIMULATED,TD-TG1,SIM-02-OOD-0047,1
SIMULATED,TD-TG1,SIM-02-OOD-0048,1
SIMULATED,TD-TG1,SIM-02-OOD-0049,1
SIMULATED,TD-TG1,SIM-02-OOD-0050,1
SIMULATED,TD-TG1,SIM-02-OOD-0051,1
SIMULATED,TD-TG1,SIM-02-OOD-0052,1
SIMULATED,TD-TG1,SIM-02-OOD-0053,1
SIMULATED,TD-TG1,SIM-02-OOD-0054,1
SIMULATED,TD-TG1,SIM-02-OOD-0055,1
SIMULATED,TD-TG1,SIM-02-OOD-0056,1
SIMULATED,TD-TG1,SIM-02-OOD-0057,1
SIMULATED,TD-TG1,SIM-02-OOD-0058,1
SIMULATED,TD-TG1,SIM-02-OOD-0059,1
SIMULATED,TD-TG1,SIM-02-OOD-0060,1
SIMULATED,TD-TG1,SIM-02-OOD-0061,1
SIMULATED,TD-TG1,SIM-02-OOD-0062,1
SIMULATED,TD-TG1,SIM-02-OOD-0063,1
SIMULATED,TD-TG1,SIM-02-OOD-0064,1
SIMULATED,TD-TG1,SIM-02-OOD-0065,1
SIMULATED,TD-TG1,SIM-02-OOD-0066,1
SIMULATED,TD-TG1,SIM-02-OOD-0067,1
SIMULATED,TD-TG1,SIM-02-OOD-0068,1
SIMULATED,TD-TG1,SIM-02-OOD-0069,1
SIMULATED,TD-TG1,SIM-02-OOD-0070,1
SIMULATED,TD-TG1,SIM-02-OOD-0071,1
SIMULATED,TD-TG1,SIM-02-OOD-0072,1
SIMULATED,TD-TG1,SIM-02-OOD-0073,1
SIMULATED,TD-TG1,SIM-02-OOD-0074,1
SIMULATED,TD-TG1,SIM-02-OOD-0075,1
SIMULATED,TD-TG1,SIM-02-OOD-0076,1
SIMULATED,TD-TG1,SIM-02-OOD-0077,1
SIMULATED,TD-TG1,SIM-02-OOD-0078,1
SIMULATED,TD-TG1,SIM-02-OOD-0079,1
SIMULATED,TD-TG1,SIM-02-OOD-0080,1
SIMULATED,TD-TG1,SIM-02-OOD-0081,1
SIMULATED,TD-TG1,SIM-02-OOD-0082,1
SIMULATED,TD-TG1,SIM-02-OOD-0083,1
SIMULATED,TD-TG1,SIM-02-OOD-0084,1
SIMULATED,TD-TG1,SIM-02-OOD-0085,1
SIMULATED,TD-TG1,SIM-02-OOD-0086,1
SIMULATED,TD-TG1,SIM-02-OOD-0087,1
SIMULATED,TD-TG1,SIM-02-OOD-0088,1
SIMULATED,TD-TG1,SIM-02-OOD-0089,1
SIMULATED,TD-TG1,SIM-02-OOD-0090,1
SIMULATED,TD-TG1,SIM-02-OOD-0091,0
SIMULATED,TD-TG1,SIM-02-OOD-0092,1
SIMULATED,TD-TG1,SIM-02-OOD-0093,1
SIMULATED,TD-TG1,SIM-02-OOD-0094,1
SIMULATED,TD-TG1,SIM-02-OOD-0095,1
SIMULATED,TD-TG1,SIM-02-OOD-0096,0
SIMULATED,TD-TG1,SIM-02-OOD-0097,1
SIMULATED,TD-TG1,SIM-02-OOD-0098,1
SIMULATED,TD-TG1,SIM-02-OOD-0099,1
SIMULATED,TD-TG1,SIM-02-OOD-0100,1
SIMULATED,TD-TG1,SIM-02-OOD-0101,1
SIMULATED,TD-TG1,SIM-02-OOD-0102,0
SIMULATED,TD-TG1,SIM-02-OOD-0103,1
SIMULATED,TD-TG1,SIM-02-OOD-0104,1
SIMULATED,TD-TG1,SIM-02-OOD-0105,0
SIMULATED,TD-TG1,SIM-02-OOD-0106,1
SIMULATED,TD-TG1,SIM-02-OOD-0107,1
SIMULATED,TD-TG1,SIM-02-OOD-0108,1
SIMULATED,TD-TG1,SIM-02-OOD-0109,1
SIMULATED,TD-TG1,SIM-02-OOD-0110,1
SIMULATED,TD-TG1,SIM-02-OOD-0111,1
SIMULATED,TD-TG1,SIM-02-OOD-0112,1
SIMULATED,TD-TG1,SIM-02-OOD-0113,1
SIMULATED,TD-TG1,SIM-02-OOD-0114,1
SIMULATED,TD-TG1,SIM-02-OOD-0115,1
SIMULATED,TD-TG1,SIM-02-OOD-0116,1
SIMULATED,TD-TG1,SIM-02-OOD-0117,1
SIMULATED,TD-TG1,SIM-02-OOD-0118,1
SIMULATED,TD-TG1,SIM-02-OOD-0119,1
SIMULATED,TD-TG1,SIM-02-OOD-0120,1
SIMULATED,TD-TG1,SIM-02-OOD-0121,1
SIMULATED,TD-TG1,SIM-02-OOD-0122,1
SIMULATED,TD-TG1,SIM-02-OOD-0123,1
SIMULATED,TD-TG1,SIM-02-OOD-0124,1
SIMULATED,TD-TG1,SIM-02-OOD-0125,1
SIMULATED,TD-TG1,SIM-02-OOD-0126,1
SIMULATED,TD-TG1,SIM-02-OOD-0127,1
SIMULATED,TD-TG1,SIM-02-OOD-0128,1
SIMULATED,TD-TG1,SIM-02-OOD-0129,1
SIMULATED,TD-TG1,SIM-02-OOD-0130,1
SIMULATED,TD-TG1,SIM-02-OOD-0131,1
SIMULATED,TD-TG1,SIM-02-OOD-0132,1
SIMULATED,TD-TG1,SIM-02-OOD-0133,1
SIMULATED,TD-TG1,SIM-02-OOD-0134,1
SIMULATED,TD-TG1,SIM-02-OOD-0135,1
SIMULATED,TD-TG1,SIM-02-OOD-0136,1
SIMULATED,TD-TG1,SIM-02-OOD-0137,1
SIMULATED,TD-TG1,SIM-02-OOD-0138,1
SIMULATED,TD-TG1,SIM-02-OOD-0139,1
SIMULATED,TD-TG1,SIM-02-OOD-0140,1
SIMULATED,TD-TG1,SIM-02-OOD-0141,1
SIMULATED,TD-TG1,SIM-02-OOD-0142,0
SIMULATED,TD-TG1,SIM-02-OOD-0143,1
SIMULATED,TD-TG1,SIM-02-OOD-0144,1
SIMULATED,TD-TG1,SIM-02-OOD-0145,1
SIMULATED,TD-TG1,SIM-02-OOD-0146,1
SIMULATED,TD-TG1,SIM-02-OOD-0147,1
SIMULATED,TD-TG1,SIM-02-OOD-0148,1
SIMULATED,TD-TG1,SIM-02-OOD-0149,1
SIMULATED,TD-TG1,SIM-02-OOD-0150,1
SIMULATED,TD-TG1,SIM-02-OOD-0151,1
SIMULATED,TD-TG1,SIM-02-OOD-0152,1
SIMULATED,TD-TG1,SIM-02-OOD-0153,1
SIMULATED,TD-TG1,SIM-02-OOD-0154,1
SIMULATED,TD-TG1,SIM-02-OOD-0155,1
SIMULATED,TD-TG1,SIM-02-OOD-0156,1
SIMULATED,TD-TG1,SIM-02-OOD-0157,1
SIMULATED,TD-TG1,SIM-02-OOD-0158,1
SIMULATED,TD-TG1,SIM-02-OOD-0159,1
SIMULATED,TD-TG2,SIM-06-OOD-0000,1
SIMULATED,TD-TG2,SIM-06-OOD-0001,1
SIMULATED,TD-TG2,SIM-06-OOD-0002,1
SIMULATED,TD-TG2,SIM-06-OOD-0003,0
SIMULATED,TD-TG2,SIM-06-OOD-0004,1
SIMULATED,TD-TG2,SIM-06-OOD-0005,1
SIMULATED,TD-TG2,SIM-06-OOD-0006,1
SIMULATED,TD-TG2,SIM-06-OOD-0007,1
SIMULATED,TD-TG2,SIM-06-OOD-0008,1
SIMULATED,TD-TG2,SIM-06-OOD-0009,1
SIMULATED,TD-TG2,SIM-06-OOD-0010,1
SIMULATED,TD-TG2,SIM-06-OOD-0011,1
SIMULATED,TD-TG2,SIM-06-OOD-0012,1
SIMULATED,TD-TG2,SIM-06-OOD-0013,1
SIMULATED,TD-TG2,SIM-06-OOD-0014,1
SIMULATED,TD-TG2,SIM-06-OOD-0015,1
SIMULATED,TD-TG2,SIM-06-OOD-0016,1
SIMULATED,TD-TG2,SIM-06-OOD-0017,1
SIMULATED,TD-TG2,SIM-06-OOD-0018,1
SIMULATED,TD-TG2,SIM-06-OOD-0019,1
SIMULATED,TD-TG2,SIM-06-OOD-0020,1
SIMULATED,TD-TG2,SIM-06-OOD-0021,1
SIMULATED,TD-TG2,SIM-06-OOD-0022,1
SIMULATED,TD-TG2,SIM-06-OOD-0023,1
SIMULATED,TD-TG2,SIM-06-OOD-0024,1
SIMULATED,TD-TG2,SIM-06-OOD-0025,1
SIMULATED,TD-TG2,SIM-06-OOD-0026,1
SIMULATED,TD-TG2,SIM-06-OOD-0027,1
SIMULATED,TD-TG2,SIM-06-OOD-0028,1
SIMULATED,TD-TG2,SIM-06-OOD-0029,0
SIMULATED,TD-TG2,SIM-06-OOD-0030,1
SIMULATED,TD-TG2,SIM-06-OOD-0031,1
SIMULATED,TD-TG2,SIM-06-OOD-0032,1
SIMULATED,TD-TG2,SIM-06-OOD-0033,1
SIMULATED,TD-TG2,SIM-06-OOD-0034,1
SIMULATED,TD-TG2,SIM-06-OOD-0035,1
SIMULATED,TD-TG2,SIM-06-OOD-0036,1
SIMULATED,TD-TG2,SIM-06-OOD-0037,1
SIMULATED,TD-TG2,SIM-06-OOD-0038,1
SIMULATED,TD-TG2,SIM-06-OOD-0039,1
SIMULATED,TD-TG2,SIM-06-OOD-0040,1
SIMULATED,TD-TG2,SIM-06-OOD-0041,1
SIMULATED,TD-TG2,SIM-06-OOD-0042,1
SIMULATED,TD-TG2,SIM-06-OOD-0043,1
SIMULATED,TD-TG2,SIM-06-OOD-0044,1
SIMULATED,TD-TG2,SIM-06-OOD-0045,1
SIMULATED,TD-TG2,SIM-06-OOD-0046,1
SIMULATED,TD-TG2,SIM-06-OOD-0047,1
SIMULATED,TD-TG2,SIM-06-OOD-0048,1
SIMULATED,TD-TG2,SIM-06-OOD-0049,1
SIMULATED,TD-TG2,SIM-06-OOD-0050,1
SIMULATED,TD-TG2,SIM-06-OOD-0051,1
SIMULATED,TD-TG2,SIM-06-OOD-0052,1
SIMULATED,TD-TG2,SIM-06-OOD-0053,1
SIMULATED,TD-TG2,SIM-06-OOD-0054,1
SIMULATED,TD-TG2,SIM-06-OOD-0055,1
SIMULATED,TD-TG2,SIM-06-OOD-0056,1
SIMULATED,TD-TG2,SIM-06-OOD-0057,1
SIMULATED,TD-TG2,SIM-06-OOD-0058,1
SIMULATED,TD-TG2,SIM-06-OOD-0059,1
SIMULATED,TD-TG2,SIM-06-OOD-0060,1
SIMULATED,TD-TG2,SIM-06-OOD-0061,1
SIMULATED,TD-TG2,SIM-06-OOD-0062,1
SIMULATED,TD-TG2,SIM-06-OOD-0063,1
SIMULATED,TD-TG2,SIM-06-OOD-0064,1
SIMULATED,TD-TG2,SIM-06-OOD-0065,1
SIMULATED,TD-TG2,SIM-06-OOD-0066,1
SIMULATED,TD-TG2,SIM-06-OOD-0067,1
SIMULATED,TD-TG2,SIM-06-OOD-0068,1
SIMULATED,TD-TG2,SIM-06-OOD-0069,1
SIMULATED,TD-TG2,SIM-06-OOD-0070,1
SIMULATED,TD-TG2,SIM-06-OOD-0071,1
SIMULATED,TD-TG2,SIM-06-OOD-0072,1
SIMULATED,TD-TG2,SIM-06-OOD-0073,1
SIMULATED,TD-TG2,SIM-06-OOD-0074,1
SIMULATED,TD-TG2,SIM-06-OOD-0075,1
SIMULATED,TD-TG2,SIM-06-OOD-0076,1
SIMULATED,TD-TG2,SIM-06-OOD-0077,1
SIMULATED,TD-TG2,SIM-06-OOD-0078,1
SIMULATED,TD-TG2,SIM-06-OOD-0079,1
SIMULATED,TD-TG2,SIM-06-OOD-0080,1
SIMULATED,TD-TG2,SIM-06-OOD-0081,1
SIMULATED,TD-TG2,SIM-06-OOD-0082,1
SIMULATED,TD-TG2,SIM-06-OOD-0083,1
SIMULATED,TD-TG2,SIM-06-OOD-0084,1
SIMULATED,TD-TG2,SIM-06-OOD-0085,1
SIMULATED,TD-TG2,SIM-06-OOD-0086,1
SIMULATED,TD-TG2,SIM-06-OOD-0087,1
SIMULATED,TD-TG2,SIM-06-OOD-0088,0
SIMULATED,TD-TG2,SIM-06-OOD-0089,1
SIMULATED,TD-TG2,SIM-06-OOD-0090,1
SIMULATED,TD-TG2,SIM-06-OOD-0091,1
SIMULATED,TD-TG2,SIM-06-OOD-0092,1
SIMULATED,TD-TG2,SIM-06-OOD-0093,1
SIMULATED,TD-TG2,SIM-06-OOD-0094,1
SIMULATED,TD-TG2,SIM-06-OOD-0095,1
SIMULATED,TD-TG2,SIM-06-OOD-0096,1
SIMULATED,TD-TG2,SIM-06-OOD-0097,1
SIMULATED,TD-TG2,SIM-06-OOD-0098,1
SIMULATED,TD-TG2,SIM-06-OOD-0099,1
SIMULATED,TD-TG2,SIM-06-OOD-0100,1
SIMULATED,TD-TG2,SIM-06-OOD-0101,1
SIMULATED,TD-TG2,SIM-06-OOD-0102,1
SIMULATED,TD-TG2,SIM-06-OOD-0103,1
SIMULATED,TD-TG2,SIM-06-OOD-0104,1
SIMULATED,TD-TG2,SIM-06-OOD-0105,1
SIMULATED,TD-TG2,SIM-06-OOD-0106,1
SIMULATED,TD-TG2,SIM-06-OOD-0107,1
SIMULATED,TD-TG2,SIM-06-OOD-0108,1
SIMULATED,TD-TG2,SIM-06-OOD-0109,1
SIMULATED,TD-TG2,SIM-06-OOD-0110,1
SIMULATED,TD-TG2,SIM-06-OOD-0111,1
SIMULATED,TD-TG2,SIM-06-OOD-0112,1
SIMULATED,TD-TG2,SIM-06-OOD-0113,1
SIMULATED,TD-TG2,SIM-06-OOD-0114,1
SIMULATED,TD-TG2,SIM-06-OOD-0115,1
SIMULATED,TD-TG2,SIM-06-OOD-0116,1
SIMULATED,TD-TG2,SIM-06-OOD-0117,1
SIMULATED,TD-TG2,SIM-06-OOD-0118,1
SIMULATED,TD-TG2,SIM-06-OOD-0119,1
SIMULATED,TD-TG2,SIM-06-OOD-0120,1
SIMULATED,TD-TG2,SIM-06-OOD-0121,1
SIMULATED,TD-TG2,SIM-06-OOD-0122,1
SIMULATED,TD-TG2,SIM-06-OOD-0123,1
SIMULATED,TD-TG2,SIM-06-OOD-0124,1
SIMULATED,TD-TG2,SIM-06-OOD-0125,1
SIMULATED,TD-TG2,SIM-06-OOD-0126,0
SIMULATED,TD-TG2,SIM-06-OOD-0127,1
SIMULATED,TD-TG2,SIM-06-OOD-0128,1
SIMULATED,TD-TG2,SIM-06-OOD-0129,1
SIMULATED,TD-TG2,SIM-06-OOD-0130,1
SIMULATED,TD-TG2,SIM-06-OOD-0131,1
SIMULATED,TD-TG2,SIM-06-OOD-0132,1
SIMULATED,TD-TG2,SIM-06-OOD-0133,1
SIMULATED,TD-TG2,SIM-06-OOD-0134,1
SIMULATED,TD-TG2,SIM-06-OOD-0135,1
SIMULATED,TD-TG2,SIM-06-OOD-0136,1
SIMULATED,TD-TG2,SIM-06-OOD-0137,1
SIMULATED,TD-TG2,SIM-06-OOD-0138,1
SIMULATED,TD-TG2,SIM-06-OOD-0139,1
SIMULATED,TD-TG2,SIM-06-OOD-0140,1
SIMULATED,TD-TG2,SIM-06-OOD-0141,1
SIMULATED,TD-TG2,SIM-06-OOD-0142,1
SIMULATED,TD-TG2,SIM-06-OOD-0143,1
SIMULATED,TD-TG2,SIM-06-OOD-0144,1
SIMULATED,TD-TG2,SIM-06-OOD-0145,1
SIMULATED,TD-TG2,SIM-06-OOD-0146,0
SIMULATED,TD-TG2,SIM-06-OOD-0147,1
SIMULATED,TD-TG2,SIM-06-OOD-0148,1
SIMULATED,TD-TG2,SIM-06-OOD-0149,1
SIMULATED,TD-TG2,SIM-06-OOD-0150,1
SIMULATED,TD-TG2,SIM-06-OOD-0151,1
SIMULATED,TD-TG2,SIM-06-OOD-0152,1
SIMULATED,TD-TG2,SIM-06-OOD-0153,1
SIMULATED,TD-TG2,SIM-06-OOD-0154,1
SIMULATED,TD-TG2,SIM-06-OOD-0155,1
SIMULATED,TD-TG2,SIM-06-OOD-0156,1
SIMULATED,TD-TG2,SIM-06-OOD-0157,1
SIMULATED,TD-TG2,SIM-06-OOD-0158,1
SIMULATED,TD-TG2,SIM-06-OOD-0159,1
SIMULATED,TD-TG3,SIM-16-OOD-0000,1
SIMULATED,TD-TG3,SIM-16-OOD-0001,1
SIMULATED,TD-TG3,SIM-16-OOD-0002,1
SIMULATED,TD-TG3,SIM-16-OOD-0003,1
SIMULATED,TD-TG3,SIM-16-OOD-0004,1
SIMULATED,TD-TG3,SIM-16-OOD-0005,1
SIMULATED,TD-TG3,SIM-16-OOD-0006,1
SIMULATED,TD-TG3,SIM-16-OOD-0007,1
SIMULATED,TD-TG3,SIM-16-OOD-0008,0
SIMULATED,TD-TG3,SIM-16-OOD-0009,1
SIMULATED,TD-TG3,SIM-16-OOD-0010,1
SIMULATED,TD-TG3,SIM-16-OOD-0011,1
SIMULATED,TD-TG3,SIM-16-OOD-0012,1
SIMULATED,TD-TG3,SIM-16-OOD-0013,1
SIMULATED,TD-TG3,SIM-16-OOD-0014,1
SIMULATED,TD-TG3,SIM-16-OOD-0015,1
SIMULATED,TD-TG3,SIM-16-OOD-0016,1
SIMULATED,TD-TG3,SIM-16-OOD-0017,1
SIMULATED,TD-TG3,SIM-16-OOD-0018,1
SIMULATED,TD-TG3,SIM-16-OOD-0019,1
SIMULATED,TD-TG3,SIM-16-OOD-0020,1
SIMULATED,TD-TG3,SIM-16-OOD-0021,1
SIMULATED,TD-TG3,SIM-16-OOD-0022,1
SIMULATED,TD-TG3,SIM-16-OOD-0023,1
SIMULATED,TD-TG3,SIM-16-OOD-0024,1
SIMULATED,TD-TG3,SIM-16-OOD-0025,1
SIMULATED,TD-TG3,SIM-16-OOD-0026,1
SIMULATED,TD-TG3,SIM-16-OOD-0027,1
SIMULATED,TD-TG3,SIM-16-OOD-0028,1
SIMULATED,TD-TG3,SIM-16-OOD-0029,1
SIMULATED,TD-TG3,SIM-16-OOD-0030,1
SIMULATED,TD-TG3,SIM-16-OOD-0031,1
SIMULATED,TD-TG3,SIM-16-OOD-0032,1
SIMULATED,TD-TG3,SIM-16-OOD-0033,1
SIMULATED,TD-TG3,SIM-16-OOD-0034,1
SIMULATED,TD-TG3,SIM-16-OOD-0035,1
SIMULATED,TD-TG3,SIM-16-OOD-0036,1
SIMULATED,TD-TG3,SIM-16-OOD-0037,1
SIMULATED,TD-TG3,SIM-16-OOD-0038,1
SIMULATED,TD-TG3,SIM-16-OOD-0039,1
SIMULATED,TD-TG3,SIM-16-OOD-0040,1
SIMULATED,TD-TG3,SIM-16-OOD-0041,1
SIMULATED,TD-TG3,SIM-16-OOD-0042,1
SIMULATED,TD-TG3,SIM-16-OOD-0043,1
SIMULATED,TD-TG3,SIM-16-OOD-0044,1
SIMULATED,TD-TG3,SIM-16-OOD-0045,1
SIMULATED,TD-TG3,SIM-16-OOD-0046,1
SIMULATED,TD-TG3,SIM-16-OOD-0047,1
SIMULATED,TD-TG3,SIM-16-OOD-0048,1
SIMULATED,TD-TG3,SIM-16-OOD-0049,1
SIMULATED,TD-TG3,SIM-16-OOD-0050,1
SIMULATED,TD-TG3,SIM-16-OOD-0051,1
SIMULATED,TD-TG3,SIM-16-OOD-0052,1
SIMULATED,TD-TG3,SIM-16-OOD-0053,1
SIMULATED,TD-TG3,SIM-16-OOD-0054,1
SIMULATED,TD-TG3,SIM-16-OOD-0055,1
SIMULATED,TD-TG3,SIM-16-OOD-0056,1
SIMULATED,TD-TG3,SIM-16-OOD-0057,1
SIMULATED,TD-TG3,SIM-16-OOD-0058,1
SIMULATED,TD-TG3,SIM-16-OOD-0059,1
SIMULATED,TD-TG3,SIM-16-OOD-0060,1
SIMULATED,TD-TG3,SIM-16-OOD-0061,1
SIMULATED,TD-TG3,SIM-16-OOD-0062,1
SIMULATED,TD-TG3,SIM-16-OOD-0063,1
SIMULATED,TD-TG3,SIM-16-OOD-0064,1
SIMULATED,TD-TG3,SIM-16-OOD-0065,1
SIMULATED,TD-TG3,SIM-16-OOD-0066,1
SIMULATED,TD-TG3,SIM-16-OOD-0067,1
SIMULATED,TD-TG3,SIM-16-OOD-0068,1
SIMULATED,TD-TG3,SIM-16-OOD-0069,1
SIMULATED,TD-TG3,SIM-16-OOD-0070,1
SIMULATED,TD-TG3,SIM-16-OOD-0071,1
SIMULATED,TD-TG3,SIM-16-OOD-0072,1
SIMULATED,TD-TG3,SIM-16-OOD-0073,1
SIMULATED,TD-TG3,SIM-16-OOD-0074,1
SIMULATED,TD-TG3,SIM-16-OOD-0075,1
SIMULATED,TD-TG3,SIM-16-OOD-0076,1
SIMULATED,TD-TG3,SIM-16-OOD-0077,1
SIMULATED,TD-TG3,SIM-16-OOD-0078,1
SIMULATED,TD-TG3,SIM-16-OOD-0079,1
SIMULATED,TD-TG3,SIM-16-OOD-0080,1
SIMULATED,TD-TG3,SIM-16-OOD-0081,1
SIMULATED,TD-TG3,SIM-16-OOD-0082,1
SIMULATED,TD-TG3,SIM-16-OOD-0083,1
SIMULATED,TD-TG3,SIM-16-OOD-0084,1
SIMULATED,TD-TG3,SIM-16-OOD-0085,1
SIMULATED,TD-TG3,SIM-16-OOD-0086,1
SIMULATED,TD-TG3,SIM-16-OOD-0087,1
SIMULATED,TD-TG3,SIM-16-OOD-0088,1
SIMULATED,TD-TG3,SIM-16-OOD-0089,1
SIMULATED,TD-TG3,SIM-16-OOD-0090,1
SIMULATED,TD-TG3,SIM-16-OOD-0091,1
SIMULATED,TD-TG3,SIM-16-OOD-0092,1
SIMULATED,TD-TG3,SIM-16-OOD-0093,1
SIMULATED,TD-TG3,SIM-16-OOD-0094,1
SIMULATED,TD-TG3,SIM-16-OOD-0095,1
SIMULATED,TD-TG3,SIM-16-OOD-0096,0
SIMULATED,TD-TG3,SIM-16-OOD-0097,1
SIMULATED,TD-TG3,SIM-16-OOD-0098,1
SIMULATED,TD-TG3,SIM-16-OOD-0099,1
SIMULATED,TD-TG3,SIM-16-OOD-0100,1
SIMULATED,TD-TG3,SIM-16-OOD-0101,1
SIMULATED,TD-TG3,SIM-16-OOD-0102,1
SIMULATED,TD-TG3,SIM-16-OOD-0103,1
SIMULATED,TD-TG3,SIM-16-OOD-0104,1
SIMULATED,TD-TG3,SIM-16-OOD-0105,1
SIMULATED,TD-TG3,SIM-16-OOD-0106,1
SIMULATED,TD-TG3,SIM-16-OOD-0107,1
SIMULATED,TD-TG3,SIM-16-OOD-0108,1
SIMULATED,TD-TG3,SIM-16-OOD-0109,1
SIMULATED,TD-TG3,SIM-16-OOD-0110,1
SIMULATED,TD-TG3,SIM-16-OOD-0111,1
SIMULATED,TD-TG3,SIM-16-OOD-0112,1
SIMULATED,TD-TG3,SIM-16-OOD-0113,1
SIMULATED,TD-TG3,SIM-16-OOD-0114,1
SIMULATED,TD-TG3,SIM-16-OOD-0115,1
SIMULATED,TD-TG3,SIM-16-OOD-0116,1
SIMULATED,TD-TG3,SIM-16-OOD-0117,1
SIMULATED,TD-TG3,SIM-16-OOD-0118,1
SIMULATED,TD-TG3,SIM-16-OOD-0119,1
SIMULATED,TD-TG3,SIM-16-OOD-0120,1
SIMULATED,TD-TG3,SIM-16-OOD-0121,1
SIMULATED,TD-TG3,SIM-16-OOD-0122,1
SIMULATED,TD-TG3,SIM-16-OOD-0123,1
SIMULATED,TD-TG3,SIM-16-OOD-0124,1
SIMULATED,TD-TG3,SIM-16-OOD-0125,1
SIMULATED,TD-TG3,SIM-16-OOD-0126,1
SIMULATED,TD-TG3,SIM-16-OOD-0127,1
SIMULATED,TD-TG3,SIM-16-OOD-0128,1
SIMULATED,TD-TG3,SIM-16-OOD-0129,1
SIMULATED,TD-TG3,SIM-16-OOD-0130,1
SIMULATED,TD-TG3,SIM-16-OOD-0131,1
SIMULATED,TD-TG3,SIM-16-OOD-0132,1
SIMULATED,TD-TG3,SIM-16-OOD-0133,1
SIMULATED,TD-TG3,SIM-16-OOD-0134,1
SIMULATED,TD-TG3,SIM-16-OOD-0135,1
SIMULATED,TD-TG3,SIM-16-OOD-0136,1
SIMULATED,TD-TG3,SIM-16-OOD-0137,1
SIMULATED,TD-TG3,SIM-16-OOD-0138,1
SIMULATED,TD-TG3,SIM-16-OOD-0139,1
SIMULATED,TD-TG3,SIM-16-OOD-0140,1
SIMULATED,TD-TG3,SIM-16-OOD-0141,1
SIMULATED,TD-TG3,SIM-16-OOD-0142,1
SIMULATED,TD-TG3,SIM-16-OOD-0143,1
SIMULATED,TD-TG3,SIM-16-OOD-0144,1
SIMULATED,TD-TG3,SIM-16-OOD-0145,1
SIMULATED,TD-TG3,SIM-16-OOD-0146,1
SIMULATED,TD-TG3,SIM-16-OOD-0147,1
SIMULATED,TD-TG3,SIM-16-OOD-0148,1
SIMULATED,TD-TG3,SIM-16-OOD-0149,1
SIMULATED,TD-TG3,SIM-16-OOD-0150,1
SIMULATED,TD-TG3,SIM-16-OOD-0151,1
SIMULATED,TD-TG3,SIM-16-OOD-0152,1
SIMULATED,TD-TG3,SIM-16-OOD-0153,1
SIMULATED,TD-TG3,SIM-16-OOD-0154,1
SIMULATED,TD-TG3,SIM-16-OOD-0155,1
SIMULATED,TD-TG3,SIM-16-OOD-0156,1
SIMULATED,TD-TG3,SIM-16-OOD-0157,1
SIMULATED,TD-TG3,SIM-16-OOD-0158,1
SIMULATED,TD-TG3,SIM-16-OOD-0159,1
SIMULATED,TD-TG4,SIM-17-OOD-0000,1
SIMULATED,TD-TG4,SIM-17-OOD-0001,1
SIMULATED,TD-TG4,SIM-17-OOD-0002,1
SIMULATED,TD-TG4,SIM-17-OOD-0003,1
SIMULATED,TD-TG4,SIM-17-OOD-0004,1
SIMULATED,TD-TG4,SIM-17-OOD-0005,1
SIMULATED,TD-TG4,SIM-17-OOD-0006,1
SIMULATED,TD-TG4,SIM-17-OOD-0007,1
SIMULATED,TD-TG4,SIM-17-OOD-0008,1
SIMULATED,TD-TG4,SIM-17-OOD-0009,1
SIMULATED,TD-TG4,SIM-17-OOD-0010,1
SIMULATED,TD-TG4,SIM-17-OOD-0011,1
SIMULATED,TD-TG4,SIM-17-OOD-0012,1
SIMULATED,TD-TG4,SIM-17-OOD-0013,1
SIMULATED,TD-TG4,SIM-17-OOD-0014,1
SIMULATED,TD-TG4,SIM-17-OOD-0015,1
SIMULATED,TD-TG4,SIM-17-OOD-0016,1
SIMULATED,TD-TG4,SIM-17-OOD-0017,1
SIMULATED,TD-TG4,SIM-17-OOD-0018,1
SIMULATED,TD-TG4,SIM-17-OOD-0019,1
SIMULATED,TD-TG4,SIM-17-OOD-0020,1
SIMULATED,TD-TG4,SIM-17-OOD-0021,0
SIMULATED,TD-TG4,SIM-17-OOD-0022,1
SIMULATED,TD-TG4,SIM-17-OOD-0023,1
SIMULATED,TD-TG4,SIM-17-OOD-0024,1
SIMULATED,TD-TG4,SIM-17-OOD-0025,1
SIMULATED,TD-TG4,SIM-17-OOD-0026,1
SIMULATED,TD-TG4,SIM-17-OOD-0027,1
SIMULATED,TD-TG4,SIM-17-OOD-0028,1
SIMULATED,TD-TG4,SIM-17-OOD-0029,1
SIMULATED,TD-TG4,SIM-17-OOD-0030,1
SIMULATED,TD-TG4,SIM-17-OOD-0031,1
SIMULATED,TD-TG4,SIM-17-OOD-0032,1
SIMULATED,TD-TG4,SIM-17-OOD-0033,1
SIMULATED,TD-TG4,SIM-17-OOD-0034,1
SIMULATED,TD-TG4,SIM-17-OOD-0035,1
SIMULATED,TD-TG4,SIM-17-OOD-0036,1
SIMULATED,TD-TG4,SIM-17-OOD-0037,1
SIMULATED,TD-TG4,SIM-17-OOD-0038,1
SIMULATED,TD-TG4,SIM-17-OOD-0039,1
SIMULATED,TD-TG4,SIM-17-OOD-0040,1
SIMULATED,TD-TG4,SIM-17-OOD-0041,1
SIMULATED,TD-TG4,SIM-17-OOD-0042,1
SIMULATED,TD-TG4,SIM-17-OOD-0043,1
SIMULATED,TD-TG4,SIM-17-OOD-0044,1
SIMULATED,TD-TG4,SIM-17-OOD-0045,1
SIMULATED,TD-TG4,SIM-17-OOD-0046,1
SIMULATED,TD-TG4,SIM-17-OOD-0047,1
SIMULATED,TD-TG4,SIM-17-OOD-0048,1
SIMULATED,TD-TG4,SIM-17-OOD-0049,1
SIMULATED,TD-TG4,SIM-17-OOD-0050,1
SIMULATED,TD-TG4,SIM-17-OOD-0051,1
SIMULATED,TD-TG4,SIM-17-OOD-0052,1
SIMULATED,TD-TG4,SIM-17-OOD-0053,1
SIMULATED,TD-TG4,SIM-17-OOD-0054,1
SIMULATED,TD-TG4,SIM-17-OOD-0055,1
SIMULATED,TD-TG4,SIM-17-OOD-0056,1
SIMULATED,TD-TG4,SIM-17-OOD-0057,0
SIMULATED,TD-TG4,SIM-17-OOD-0058,1
SIMULATED,TD-TG4,SIM-17-OOD-0059,1
SIMULATED,TD-TG4,SIM-17-OOD-0060,1
SIMULATED,TD-TG4,SIM-17-OOD-0061,1
SIMULATED,TD-TG4,SIM-17-OOD-0062,1
SIMULATED,TD-TG4,SIM-17-OOD-0063,1
SIMULATED,TD-TG4,SIM-17-OOD-0064,1
SIMULATED,TD-TG4,SIM-17-OOD-0065,1
SIMULATED,TD-TG4,SIM-17-OOD-0066,1
SIMULATED,TD-TG4,SIM-17-OOD-0067,1
SIMULATED,TD-TG4,SIM-17-OOD-0068,1
SIMULATED,TD-TG4,SIM-17-OOD-0069,1
SIMULATED,TD-TG4,SIM-17-OOD-0070,1
SIMULATED,TD-TG4,SIM-17-OOD-0071,1
SIMULATED,TD-TG4,SIM-17-OOD-0072,1
SIMULATED,TD-TG4,SIM-17-OOD-0073,0
SIMULATED,TD-TG4,SIM-17-OOD-0074,1
SIMULATED,TD-TG4,SIM-17-OOD-0075,1
SIMULATED,TD-TG4,SIM-17-OOD-0076,1
SIMULATED,TD-TG4,SIM-17-OOD-0077,0
SIMULATED,TD-TG4,SIM-17-OOD-0078,1
SIMULATED,TD-TG4,SIM-17-OOD-0079,1
SIMULATED,TD-TG4,SIM-17-OOD-0080,1
SIMULATED,TD-TG4,SIM-17-OOD-0081,1
SIMULATED,TD-TG4,SIM-17-OOD-0082,1
SIMULATED,TD-TG4,SIM-17-OOD-0083,1
SIMULATED,TD-TG4,SIM-17-OOD-0084,1
SIMULATED,TD-TG4,SIM-17-OOD-0085,1
SIMULATED,TD-TG4,SIM-17-OOD-0086,1
SIMULATED,TD-TG4,SIM-17-OOD-0087,1
SIMULATED,TD-TG4,SIM-17-OOD-0088,1
SIMULATED,TD-TG4,SIM-17-OOD-0089,1
SIMULATED,TD-TG4,SIM-17-OOD-0090,1
SIMULATED,TD-TG4,SIM-17-OOD-0091,1
SIMULATED,TD-TG4,SIM-17-OOD-0092,1
SIMULATED,TD-TG4,SIM-17-OOD-0093,1
SIMULATED,TD-TG4,SIM-17-OOD-0094,1
SIMULATED,TD-TG4,SIM-17-OOD-0095,1
SIMULATED,TD-TG4,SIM-17-OOD-0096,1
SIMULATED,TD-TG4,SIM-17-OOD-0097,1
SIMULATED,TD-TG4,SIM-17-OOD-0098,1
SIMULATED,TD-TG4,SIM-17-OOD-0099,1
SIMULATED,TD-TG4,SIM-17-OOD-0100,1
SIMULATED,TD-TG4,SIM-17-OOD-0101,1
SIMULATED,TD-TG4,SIM-17-OOD-0102,1
SIMULATED,TD-TG4,SIM-17-OOD-0103,1
SIMULATED,TD-TG4,SIM-17-OOD-0104,1
SIMULATED,TD-TG4,SIM-17-OOD-0105,1
SIMULATED,TD-TG4,SIM-17-OOD-0106,1
SIMULATED,TD-TG4,SIM-17-OOD-0107,1
SIMULATED,TD-TG4,SIM-17-OOD-0108,1
SIMULATED,TD-TG4,SIM-17-OOD-0109,1
SIMULATED,TD-TG4,SIM-17-OOD-0110,1
SIMULATED,TD-TG4,SIM-17-OOD-0111,1
SIMULATED,TD-TG4,SIM-17-OOD-0112,1
SIMULATED,TD-TG4,SIM-17-OOD-0113,1
SIMULATED,TD-TG4,SIM-17-OOD-0114,1
SIMULATED,TD-TG4,SIM-17-OOD-0115,1
SIMULATED,TD-TG4,SIM-17-OOD-0116,1
SIMULATED,TD-TG4,SIM-17-OOD-0117,1
SIMULATED,TD-TG4,SIM-17-OOD-0118,1
SIMULATED,TD-TG4,SIM-17-OOD-0119,1
SIMULATED,TD-TG4,SIM-17-OOD-0120,1
SIMULATED,TD-TG4,SIM-17-OOD-0121,1
SIMULATED,TD-TG4,SIM-17-OOD-0122,1
SIMULATED,TD-TG4,SIM-17-OOD-0123,1
SIMULATED,TD-TG4,SIM-17-OOD-0124,1
SIMULATED,TD-TG4,SIM-17-OOD-0125,1
SIMULATED,TD-TG4,SIM-17-OOD-0126,1
SIMULATED,TD-TG4,SIM-17-OOD-0127,1
SIMULATED,TD-TG4,SIM-17-OOD-0128,1
SIMULATED,TD-TG4,SIM-17-OOD-0129,1
SIMULATED,TD-TG4,SIM-17-OOD-0130,1
SIMULATED,TD-TG4,SIM-17-OOD-0131,1
SIMULATED,TD-TG4,SIM-17-OOD-0132,1
SIMULATED,TD-TG4,SIM-17-OOD-0133,1
SIMULATED,TD-TG4,SIM-17-OOD-0134,1
SIMULATED,TD-TG4,SIM-17-OOD-0135,1
SIMULATED,TD-TG4,SIM-17-OOD-0136,1
SIMULATED,TD-TG4,SIM-17-OOD-0137,1
SIMULATED,TD-TG4,SIM-17-OOD-0138,1
SIMULATED,TD-TG4,SIM-17-OOD-0139,1
SIMULATED,TD-TG4,SIM-17-OOD-0140,1
SIMULATED,TD-TG4,SIM-17-OOD-0141,1
SIMULATED,TD-TG4,SIM-17-OOD-0142,1
SIMULATED,TD-TG4,SIM-17-OOD-0143,1
SIMULATED,TD-TG4,SIM-17-OOD-0144,1
SIMULATED,TD-TG4,SIM-17-OOD-0145,1
SIMULATED,TD-TG4,SIM-17-OOD-0146,1
SIMULATED,TD-TG4,SIM-17-OOD-0147,1
SIMULATED,TD-TG4,SIM-17-OOD-0148,1
SIMULATED,TD-TG4,SIM-17-OOD-0149,1
SIMULATED,TD-TG4,SIM-17-OOD-0150,1
SIMULATED,TD-TG4,SIM-17-OOD-0151,1
SIMULATED,TD-TG4,SIM-17-OOD-0152,1
SIMULATED,TD-TG4,SIM-17-OOD-0153,1
SIMULATED,TD-TG4,SIM-17-OOD-0154,1
SIMULATED,TD-TG4,SIM-17-OOD-0155,1
SIMULATED,TD-TG4,SIM-17-OOD-0156,1
SIMULATED,TD-TG4,SIM-17-OOD-0157,1
SIMULATED,TD-TG4,SIM-17-OOD-0158,0
SIMULATED,TD-TG4,SIM-17-OOD-0159,1
SIMULATED,TD-TG5,SIM-18-OOD-0000,1
SIMULATED,TD-TG5,SIM-18-OOD-0001,1
SIMULATED,TD-TG5,SIM-18-OOD-0002,1
SIMULATED,TD-TG5,SIM-18-OOD-0003,1
SIMULATED,TD-TG5,SIM-18-OOD-0004,1
SIMULATED,TD-TG5,SIM-18-OOD-0005,1
SIMULATED,TD-TG5,SIM-18-OOD-0006,1
SIMULATED,TD-TG5,SIM-18-OOD-0007,1
SIMULATED,TD-TG5,SIM-18-OOD-0008,1
SIMULATED,TD-TG5,SIM-18-OOD-0009,1
SIMULATED,TD-TG5,SIM-18-OOD-0010,1
SIMULATED,TD-TG5,SIM-18-OOD-0011,1
SIMULATED,TD-TG5,SIM-18-OOD-0012,1
SIMULATED,TD-TG5,SIM-18-OOD-0013,1
SIMULATED,TD-TG5,SIM-18-OOD-0014,1
SIMULATED,TD-TG5,SIM-18-OOD-0015,1
SIMULATED,TD-TG5,SIM-18-OOD-0016,1
SIMULATED,TD-TG5,SIM-18-OOD-0017,1
SIMULATED,TD-TG5,SIM-18-OOD-0018,1
SIMULATED,TD-TG5,SIM-18-OOD-0019,1
SIMULATED,TD-TG5,SIM-18-OOD-0020,1
SIMULATED,TD-TG5,SIM-18-OOD-0021,1
SIMULATED,TD-TG5,SIM-18-OOD-0022,1
SIMULATED,TD-TG5,SIM-18-OOD-0023,1
SIMULATED,TD-TG5,SIM-18-OOD-0024,1
SIMULATED,TD-TG5,SIM-18-OOD-0025,1
SIMULATED,TD-TG5,SIM-18-OOD-0026,1
SIMULATED,TD-TG5,SIM-18-OOD-0027,1
SIMULATED,TD-TG5,SIM-18-OOD-0028,1
SIMULATED,TD-TG5,SIM-18-OOD-0029,1
SIMULATED,TD-TG5,SIM-18-OOD-0030,1
SIMULATED,TD-TG5,SIM-18-OOD-0031,1
SIMULATED,TD-TG5,SIM-18-OOD-0032,1
SIMULATED,TD-TG5,SIM-18-OOD-0033,1
SIMULATED,TD-TG5,SIM-18-OOD-0034,1
SIMULATED,TD-TG5,SIM-18-OOD-0035,1
SIMULATED,TD-TG5,SIM-18-OOD-0036,1
SIMULATED,TD-TG5,SIM-18-OOD-0037,1
SIMULATED,TD-TG5,SIM-18-OOD-0038,1
SIMULATED,TD-TG5,SIM-18-OOD-0039,1
SIMULATED,TD-TG5,SIM-18-OOD-0040,1
SIMULATED,TD-TG5,SIM-18-OOD-0041,1
SIMULATED,TD-TG5,SIM-18-OOD-0042,1
SIMULATED,TD-TG5,SIM-18-OOD-0043,1
SIMULATED,TD-TG5,SIM-18-OOD-0044,1
SIMULATED,TD-TG5,SIM-18-OOD-0045,1
SIMULATED,TD-TG5,SIM-18-OOD-0046,1
SIMULATED,TD-TG5,SIM-18-OOD-0047,1
SIMULATED,TD-TG5,SIM-18-OOD-0048,1
SIMULATED,TD-TG5,SIM-18-OOD-0049,1
SIMULATED,TD-TG5,SIM-18-OOD-0050,1
SIMULATED,TD-TG5,SIM-18-OOD-0051,1
SIMULATED,TD-TG5,SIM-18-OOD-0052,1
SIMULATED,TD-TG5,SIM-18-OOD-0053,1
SIMULATED,TD-TG5,SIM-18-OOD-0054,1
SIMULATED,TD-TG5,SIM-18-OOD-0055,1
SIMULATED,TD-TG5,SIM-18-OOD-0056,1
SIMULATED,TD-TG5,SIM-18-OOD-0057,1
SIMULATED,TD-TG5,SIM-18-OOD-0058,1
SIMULATED,TD-TG5,SIM-18-OOD-0059,1
SIMULATED,TD-TG5,SIM-18-OOD-0060,1
SIMULATED,TD-TG5,SIM-18-OOD-0061,1
SIMULATED,TD-TG5,SIM-18-OOD-0062,1
SIMULATED,TD-TG5,SIM-18-OOD-0063,1
SIMULATED,TD-TG5,SIM-18-OOD-0064,1
SIMULATED,TD-TG5,SIM-18-OOD-0065,1
SIMULATED,TD-TG5,SIM-18-OOD-0066,1
SIMULATED,TD-TG5,SIM-18-OOD-0067,1
SIMULATED,TD-TG5,SIM-18-OOD-0068,1
SIMULATED,TD-TG5,SIM-18-OOD-0069,1
SIMULATED,TD-TG5,SIM-18-OOD-0070,1
SIMULATED,TD-TG5,SIM-18-OOD-0071,1
SIMULATED,TD-TG5,SIM-18-OOD-0072,1
SIMULATED,TD-TG5,SIM-18-OOD-0073,1
SIMULATED,TD-TG5,SIM-18-OOD-0074,1
SIMULATED,TD-TG5,SIM-18-OOD-0075,1
SIMULATED,TD-TG5,SIM-18-OOD-0076,1
SIMULATED,TD-TG5,SIM-18-OOD-0077,1
SIMULATED,TD-TG5,SIM-18-OOD-0078,1
SIMULATED,TD-TG5,SIM-18-OOD-0079,1
SIMULATED,TD-TG5,SIM-18-OOD-0080,1
SIMULATED,TD-TG5,SIM-18-OOD-0081,1
SIMULATED,TD-TG5,SIM-18-OOD-0082,1
SIMULATED,TD-TG5,SIM-18-OOD-0083,1
SIMULATED,TD-TG5,SIM-18-OOD-0084,1
SIMULATED,TD-TG5,SIM-18-OOD-0085,1
SIMULATED,TD-TG5,SIM-18-OOD-0086,1
SIMULATED,TD-TG5,SIM-18-OOD-0087,1
SIMULATED,TD-TG5,SIM-18-OOD-0088,1
SIMULATED,TD-TG5,SIM-18-OOD-0089,1
SIMULATED,TD-TG5,SIM-18-OOD-0090,1
SIMULATED,TD-TG5,SIM-18-OOD-0091,1
SIMULATED,TD-TG5,SIM-18-OOD-0092,1
SIMULATED,TD-TG5,SIM-18-OOD-0093,1
SIMULATED,TD-TG5,SIM-18-OOD-0094,1
SIMULATED,TD-TG5,SIM-18-OOD-0095,0
SIMULATED,TD-TG5,SIM-18-OOD-0096,1
SIMULATED,TD-TG5,SIM-18-OOD-0097,1
SIMULATED,TD-TG5,SIM-18-OOD-0098,1
SIMULATED,TD-TG5,SIM-18-OOD-0099,1
SIMULATED,TD-TG5,SIM-18-OOD-0100,1
SIMULATED,TD-TG5,SIM-18-OOD-0101,1
SIMULATED,TD-TG5,SIM-18-OOD-0102,1
SIMULATED,TD-TG5,SIM-18-OOD-0103,1
SIMULATED,TD-TG5,SIM-18-OOD-0104,1
SIMULATED,TD-TG5,SIM-18-OOD-0105,1
SIMULATED,TD-TG5,SIM-18-OOD-0106,1
SIMULATED,TD-TG5,SIM-18-OOD-0107,1
SIMULATED,TD-TG5,SIM-18-OOD-0108,1
SIMULATED,TD-TG5,SIM-18-OOD-0109,1
SIMULATED,TD-TG5,SIM-18-OOD-0110,1
SIMULATED,TD-TG5,SIM-18-OOD-0111,1
SIMULATED,TD-TG5,SIM-18-OOD-0112,1
SIMULATED,TD-TG5,SIM-18-OOD-0113,1
SIMULATED,TD-TG5,SIM-18-OOD-0114,1
SIMULATED,TD-TG5,SIM-18-OOD-0115,1
SIMULATED,TD-TG5,SIM-18-OOD-0116,1
SIMULATED,TD-TG5,SIM-18-OOD-0117,1
SIMULATED,TD-TG5,SIM-18-OOD-0118,1
SIMULATED,TD-TG5,SIM-18-OOD-0119,1
SIMULATED,TD-TG5,SIM-18-OOD-0120,1
SIMULATED,TD-TG5,SIM-18-OOD-0121,1
SIMULATED,TD-TG5,SIM-18-OOD-0122,1
SIMULATED,TD-TG5,SIM-18-OOD-0123,1
SIMULATED,TD-TG5,SIM-18-OOD-0124,1
SIMULATED,TD-TG5,SIM-18-OOD-0125,1
SIMULATED,TD-TG5,SIM-18-OOD-0126,1
SIMULATED,TD-TG5,SIM-18-OOD-0127,1
SIMULATED,TD-TG5,SIM-18-OOD-0128,1
SIMULATED,TD-TG5,SIM-18-OOD-0129,1
SIMULATED,TD-TG5,SIM-18-OOD-0130,1
SIMULATED,TD-TG5,SIM-18-OOD-0131,1
SIMULATED,TD-TG5,SIM-18-OOD-0132,1
SIMULATED,TD-TG5,SIM-18-OOD-0133,1
SIMULATED,TD-TG5,SIM-18-OOD-0134,1
SIMULATED,TD-TG5,SIM-18-OOD-0135,1
SIMULATED,TD-TG5,SIM-18-OOD-0136,1
SIMULATED,TD-TG5,SIM-18-OOD-0137,1
SIMULATED,TD-TG5,SIM-18-OOD-0138,1
SIMULATED,TD-TG5,SIM-18-OOD-0139,1
SIMULATED,TD-TG5,SIM-18-OOD-0140,1
SIMULATED,TD-TG5,SIM-18-OOD-0141,1
SIMULATED,TD-TG5,SIM-18-OOD-0142,1
SIMULATED,TD-TG5,SIM-18-OOD-0143,1
SIMULATED,TD-TG5,SIM-18-OOD-0144,1
SIMULATED,TD-TG5,SIM-18-OOD-0145,1
SIMULATED,TD-TG5,SIM-18-OOD-0146,1
SIMULATED,TD-TG5,SIM-18-OOD-0147,1
SIMULATED,TD-TG5,SIM-18-OOD-0148,1
SIMULATED,TD-TG5,SIM-18-OOD-0149,1
SIMULATED,TD-TG5,SIM-18-OOD-0150,1
SIMULATED,TD-TG5,SIM-18-OOD-0151,1
SIMULATED,TD-TG5,SIM-18-OOD-0152,1
SIMULATED,TD-TG5,SIM-18-OOD-0153,1
SIMULATED,TD-TG5,SIM-18-OOD-0154,1
SIMULATED,TD-TG5,SIM-18-OOD-0155,1
SIMULATED,TD-TG5,SIM-18-OOD-0156,1
SIMULATED,TD-TG5,SIM-18-OOD-0157,1
SIMULATED,TD-TG5,SIM-18-OOD-0158,1
SIMULATED,TD-TG5,SIM-18-OOD-0159,1
SIMULATED,TD-AR1,SIM-03-OOD-0000,1
SIMULATED,TD-AR1,SIM-03-OOD-0001,1
SIMULATED,TD-AR1,SIM-03-OOD-0002,1
SIMULATED,TD-AR1,SIM-03-OOD-0003,1
SIMULATED,TD-AR1,SIM-03-OOD-0004,1
SIMULATED,TD-AR1,SIM-03-OOD-0005,1
SIMULATED,TD-AR1,SIM-03-OOD-0006,0
SIMULATED,TD-AR1,SIM-03-OOD-0007,1
SIMULATED,TD-AR1,SIM-03-OOD-0008,1
SIMULATED,TD-AR1,SIM-03-OOD-0009,1
SIMULATED,TD-AR1,SIM-03-OOD-0010,1
SIMULATED,TD-AR1,SIM-03-OOD-0011,1
SIMULATED,TD-AR1,SIM-03-OOD-0012,1
SIMULATED,TD-AR1,SIM-03-OOD-0013,1
SIMULATED,TD-AR1,SIM-03-OOD-0014,1
SIMULATED,TD-AR1,SIM-03-OOD-0015,1
SIMULATED,TD-AR1,SIM-03-OOD-0016,1
SIMULATED,TD-AR1,SIM-03-OOD-0017,0
SIMULATED,TD-AR1,SIM-03-OOD-0018,1
SIMULATED,TD-AR1,SIM-03-OOD-0019,1
SIMULATED,TD-AR1,SIM-03-OOD-0020,1
SIMULATED,TD-AR1,SIM-03-OOD-0021,1
SIMULATED,TD-AR1,SIM-03-OOD-0022,1
SIMULATED,TD-AR1,SIM-03-OOD-0023,1
SIMULATED,TD-AR1,SIM-03-OOD-0024,1
SIMULATED,TD-AR1,SIM-03-OOD-0025,1
SIMULATED,TD-AR1,SIM-03-OOD-0026,1
SIMULATED,TD-AR1,SIM-03-OOD-0027,1
SIMULATED,TD-AR1,SIM-03-OOD-0028,1
SIMULATED,TD-AR1,SIM-03-OOD-0029,1
SIMULATED,TD-AR1,SIM-03-OOD-0030,1
SIMULATED,TD-AR1,SIM-03-OOD-0031,1
SIMULATED,TD-AR1,SIM-03-OOD-0032,0
SIMULATED,TD-AR1,SIM-03-OOD-0033,1
SIMULATED,TD-AR1,SIM-03-OOD-0034,1
SIMULATED,TD-AR1,SIM-03-OOD-0035,1
SIMULATED,TD-AR1,SIM-03-OOD-0036,1
SIMULATED,TD-AR1,SIM-03-OOD-0037,1
SIMULATED,TD-AR1,SIM-03-OOD-0038,1
SIMULATED,TD-AR1,SIM-03-OOD-0039,1
SIMULATED,TD-AR1,SIM-03-OOD-0040,1
SIMULATED,TD-AR1,SIM-03-OOD-0041,1
SIMULATED,TD-AR1,SIM-03-OOD-0042,1
SIMULATED,TD-AR1,SIM-03-OOD-0043,1
SIMULATED,TD-AR1,SIM-03-OOD-0044,1
SIMULATED,TD-AR1,SIM-03-OOD-0045,1
SIMULATED,TD-AR1,SIM-03-OOD-0046,1
SIMULATED,TD-AR1,SIM-03-OOD-0047,1
SIMULATED,TD-AR1,SIM-03-OOD-0048,1
SIMULATED,TD-AR1,SIM-03-OOD-0049,1
SIMULATED,TD-AR1,SIM-03-OOD-0050,1
SIMULATED,TD-AR1,SIM-03-OOD-0051,1
SIMULATED,TD-AR1,SIM-03-OOD-0052,1
SIMULATED,TD-AR1,SIM-03-OOD-0053,1
SIMULATED,TD-AR1,SIM-03-OOD-0054,1
SIMULATED,TD-AR1,SIM-03-OOD-0055,1
SIMULATED,TD-AR1,SIM-03-OOD-0056,1
SIMULATED,TD-AR1,SIM-03-OOD-0057,1
SIMULATED,TD-AR1,SIM-03-OOD-0058,1
SIMULATED,TD-AR1,SIM-03-OOD-0059,1
SIMULATED,TD-AR1,SIM-03-OOD-0060,1
SIMULATED,TD-AR1,SIM-03-OOD-0061,1
SIMULATED,TD-AR1,SIM-03-OOD-0062,1
SIMULATED,TD-AR1,SIM-03-OOD-0063,1
SIMULATED,TD-AR1,SIM-03-OOD-0064,1
SIMULATED,TD-AR1,SIM-03-OOD-0065,1
SIMULATED,TD-AR1,SIM-03-OOD-0066,1
SIMULATED,TD-AR1,SIM-03-OOD-0067,1
SIMULATED,TD-AR1,SIM-03-OOD-0068,1
SIMULATED,TD-AR1,SIM-03-OOD-0069,1
SIMULATED,TD-AR1,SIM-03-OOD-0070,1
SIMULATED,TD-AR1,SIM-03-OOD-0071,1
SIMULATED,TD-AR1,SIM-03-OOD-0072,1
SIMULATED,TD-AR1,SIM-03-OOD-0073,1
SIMULATED,TD-AR1,SIM-03-OOD-0074,1
SIMULATED,TD-AR1,SIM-03-OOD-0075,1
SIMULATED,TD-AR1,SIM-03-OOD-0076,1
SIMULATED,TD-AR1,SIM-03-OOD-0077,1
SIMULATED,TD-AR1,SIM-03-OOD-0078,1
SIMULATED,TD-AR1,SIM-03-OOD-0079,1
SIMULATED,TD-AR1,SIM-03-OOD-0080,1
SIMULATED,TD-AR1,SIM-03-OOD-0081,1
SIMULATED,TD-AR1,SIM-03-OOD-0082,1
SIMULATED,TD-AR1,SIM-03-OOD-0083,1
SIMULATED,TD-AR1,SIM-03-OOD-0084,1
SIMULATED,TD-AR1,SIM-03-OOD-0085,1
SIMULATED,TD-AR1,SIM-03-OOD-0086,1
SIMULATED,TD-AR1,SIM-03-OOD-0087,0
SIMULATED,TD-AR1,SIM-03-OOD-0088,1
SIMULATED,TD-AR1,SIM-03-OOD-0089,1
SIMULATED,TD-AR1,SIM-03-OOD-0090,1
SIMULATED,TD-AR1,SIM-03-OOD-0091,1
SIMULATED,TD-AR1,SIM-03-OOD-0092,1
SIMULATED,TD-AR1,SIM-03-OOD-0093,1
SIMULATED,TD-AR1,SIM-03-OOD-0094,0
SIMULATED,TD-AR1,SIM-03-OOD-0095,1
SIMULATED,TD-AR1,SIM-03-OOD-0096,1
SIMULATED,TD-AR1,SIM-03-OOD-0097,1
SIMULATED,TD-AR1,SIM-03-OOD-0098,1
SIMULATED,TD-AR1,SIM-03-OOD-0099,1
SIMULATED,TD-AR1,SIM-03-OOD-0100,1
SIMULATED,TD-AR1,SIM-03-OOD-0101,1
SIMULATED,TD-AR1,SIM-03-OOD-0102,1
SIMULATED,TD-AR1,SIM-03-OOD-0103,1
SIMULATED,TD-AR1,SIM-03-OOD-0104,1
SIMULATED,TD-AR1,SIM-03-OOD-0105,1
SIMULATED,TD-AR1,SIM-03-OOD-0106,1
SIMULATED,TD-AR1,SIM-03-OOD-0107,1
SIMULATED,TD-AR1,SIM-03-OOD-0108,1
SIMULATED,TD-AR1,SIM-03-OOD-0109,1
SIMULATED,TD-AR1,SIM-03-OOD-0110,1
SIMULATED,TD-AR1,SIM-03-OOD-0111,1
SIMULATED,TD-AR1,SIM-03-OOD-0112,0
SIMULATED,TD-AR1,SIM-03-OOD-0113,1
SIMULATED,TD-AR1,SIM-03-OOD-0114,1
SIMULATED,TD-AR1,SIM-03-OOD-0115,1
SIMULATED,TD-AR1,SIM-03-OOD-0116,1
SIMULATED,TD-AR1,SIM-03-OOD-0117,1
SIMULATED,TD-AR1,SIM-03-OOD-0118,1
SIMULATED,TD-AR1,SIM-03-OOD-0119,1
SIMULATED,TD-AR1,SIM-03-OOD-0120,1
SIMULATED,TD-AR1,SIM-03-OOD-0121,1
SIMULATED,TD-AR1,SIM-03-OOD-0122,1
SIMULATED,TD-AR1,SIM-03-OOD-0123,1
SIMULATED,TD-AR1,SIM-03-OOD-0124,1
SIMULATED,TD-AR1,SIM-03-OOD-0125,1
SIMULATED,TD-AR1,SIM-03-OOD-0126,1
SIMULATED,TD-AR1,SIM-03-OOD-0127,1
SIMULATED,TD-AR1,SIM-03-OOD-0128,1
SIMULATED,TD-AR1,SIM-03-OOD-0129,1
SIMULATED,TD-AR1,SIM-03-OOD-0130,1
SIMULATED,TD-AR1,SIM-03-OOD-0131,1
SIMULATED,TD-AR1,SIM-03-OOD-0132,0
SIMULATED,TD-AR1,SIM-03-OOD-0133,1
SIMULATED,TD-AR1,SIM-03-OOD-0134,1
SIMULATED,TD-AR1,SIM-03-OOD-0135,1
SIMULATED,TD-AR1,SIM-03-OOD-0136,1
SIMULATED,TD-AR1,SIM-03-OOD-0137,1
SIMULATED,TD-AR1,SIM-03-OOD-0138,1
SIMULATED,TD-AR1,SIM-03-OOD-0139,1
SIMULATED,TD-AR1,SIM-03-OOD-0140,1
SIMULATED,TD-AR1,SIM-03-OOD-0141,1
SIMULATED,TD-AR1,SIM-03-OOD-0142,1
SIMULATED,TD-AR1,SIM-03-OOD-0143,1
SIMULATED,TD-AR1,SIM-03-OOD-0144,1
SIMULATED,TD-AR1,SIM-03-OOD-0145,1
SIMULATED,TD-AR1,SIM-03-OOD-0146,1
SIMULATED,TD-AR1,SIM-03-OOD-0147,1
SIMULATED,TD-AR1,SIM-03-OOD-0148,1
SIMULATED,TD-AR1,SIM-03-OOD-0149,1
SIMULATED,TD-AR1,SIM-03-OOD-0150,0
SIMULATED,TD-AR1,SIM-03-OOD-0151,1
SIMULATED,TD-AR1,SIM-03-OOD-0152,1
SIMULATED,TD-AR1,SIM-03-OOD-0153,1
SIMULATED,TD-AR1,SIM-03-OOD-0154,1
SIMULATED,TD-AR1,SIM-03-OOD-0155,1
SIMULATED,TD-AR1,SIM-03-OOD-0156,1
SIMULATED,TD-AR1,SIM-03-OOD-0157,1
SIMULATED,TD-AR1,SIM-03-OOD-0158,1
SIMULATED,TD-AR1,SIM-03-OOD-0159,1
SIMULATED,TD-AR2,SIM-07-OOD-0000,1
SIMULATED,TD-AR2,SIM-07-OOD-0001,1
SIMULATED,TD-AR2,SIM-07-OOD-0002,1
SIMULATED,TD-AR2,SIM-07-OOD-0003,1
SIMULATED,TD-AR2,SIM-07-OOD-0004,0
SIMULATED,TD-AR2,SIM-07-OOD-0005,1
SIMULATED,TD-AR2,SIM-07-OOD-0006,1
SIMULATED,TD-AR2,SIM-07-OOD-0007,1
SIMULATED,TD-AR2,SIM-07-OOD-0008,1
SIMULATED,TD-AR2,SIM-07-OOD-0009,1
SIMULATED,TD-AR2,SIM-07-OOD-0010,1
SIMULATED,TD-AR2,SIM-07-OOD-0011,1
SIMULATED,TD-AR2,SIM-07-OOD-0012,1
SIMULATED,TD-AR2,SIM-07-OOD-0013,1
SIMULATED,TD-AR2,SIM-07-OOD-0014,1
SIMULATED,TD-AR2,SIM-07-OOD-0015,1
SIMULATED,TD-AR2,SIM-07-OOD-0016,1
SIMULATED,TD-AR2,SIM-07-OOD-0017,1
SIMULATED,TD-AR2,SIM-07-OOD-0018,1
SIMULATED,TD-AR2,SIM-07-OOD-0019,1
SIMULATED,TD-AR2,SIM-07-OOD-0020,1
SIMULATED,TD-AR2,SIM-07-OOD-0021,1
SIMULATED,TD-AR2,SIM-07-OOD-0022,1
SIMULATED,TD-AR2,SIM-07-OOD-0023,1
SIMULATED,TD-AR2,SIM-07-OOD-0024,1
SIMULATED,TD-AR2,SIM-07-OOD-0025,1
SIMULATED,TD-AR2,SIM-07-OOD-0026,1
SIMULATED,TD-AR2,SIM-07-OOD-0027,1
SIMULATED,TD-AR2,SIM-07-OOD-0028,1
SIMULATED,TD-AR2,SIM-07-OOD-0029,1
SIMULATED,TD-AR2,SIM-07-OOD-0030,1
SIMULATED,TD-AR2,SIM-07-OOD-0031,1
SIMULATED,TD-AR2,SIM-07-OOD-0032,1
SIMULATED,TD-AR2,SIM-07-OOD-0033,1
SIMULATED,TD-AR2,SIM-07-OOD-0034,1
SIMULATED,TD-AR2,SIM-07-OOD-0035,1
SIMULATED,TD-AR2,SIM-07-OOD-0036,1
SIMULATED,TD-AR2,SIM-07-OOD-0037,1
SIMULATED,TD-AR2,SIM-07-OOD-0038,1
SIMULATED,TD-AR2,SIM-07-OOD-0039,1
SIMULATED,TD-AR2,SIM-07-OOD-0040,1
SIMULATED,TD-AR2,SIM-07-OOD-0041,1
SIMULATED,TD-AR2,SIM-07-OOD-0042,1
SIMULATED,TD-AR2,SIM-07-OOD-0043,1
SIMULATED,TD-AR2,SIM-07-OOD-0044,1
SIMULATED,TD-AR2,SIM-07-OOD-0045,1
SIMULATED,TD-AR2,SIM-07-OOD-0046,1
SIMULATED,TD-AR2,SIM-07-OOD-0047,1
SIMULATED,TD-AR2,SIM-07-OOD-0048,0
SIMULATED,TD-AR2,SIM-07-OOD-0049,1
SIMULATED,TD-AR2,SIM-07-OOD-0050,1
SIMULATED,TD-AR2,SIM-07-OOD-0051,1
SIMULATED,TD-AR2,SIM-07-OOD-0052,1
SIMULATED,TD-AR2,SIM-07-OOD-0053,0
SIMULATED,TD-AR2,SIM-07-OOD-0054,1
SIMULATED,TD-AR2,SIM-07-OOD-0055,1
SIMULATED,TD-AR2,SIM-07-OOD-0056,1
SIMULATED,TD-AR2,SIM-07-OOD-0057,1
SIMULATED,TD-AR2,SIM-07-OOD-0058,1
SIMULATED,TD-AR2,SIM-07-OOD-0059,1
SIMULATED,TD-AR2,SIM-07-OOD-0060,1
SIMULATED,TD-AR2,SIM-07-OOD-0061,1
SIMULATED,TD-AR2,SIM-07-OOD-0062,1
SIMULATED,TD-AR2,SIM-07-OOD-0063,1
SIMULATED,TD-AR2,SIM-07-OOD-0064,1
SIMULATED,TD-AR2,SIM-07-OOD-0065,1
SIMULATED,TD-AR2,SIM-07-OOD-0066,1
SIMULATED,TD-AR2,SIM-07-OOD-0067,1
SIMULATED,TD-AR2,SIM-07-OOD-0068,1
SIMULATED,TD-AR2,SIM-07-OOD-0069,1
SIMULATED,TD-AR2,SIM-07-OOD-0070,1
SIMULATED,TD-AR2,SIM-07-OOD-0071,1
SIMULATED,TD-AR2,SIM-07-OOD-0072,1
SIMULATED,TD-AR2,SIM-07-OOD-0073,1
SIMULATED,TD-AR2,SIM-07-OOD-0074,1
SIMULATED,TD-AR2,SIM-07-OOD-0075,1
SIMULATED,TD-AR2,SIM-07-OOD-0076,1
SIMULATED,TD-AR2,SIM-07-OOD-0077,1
SIMULATED,TD-AR2,SIM-07-OOD-0078,1
SIMULATED,TD-AR2,SIM-07-OOD-0079,1
SIMULATED,TD-AR2,SIM-07-OOD-0080,1
SIMULATED,TD-AR2,SIM-07-OOD-0081,1
SIMULATED,TD-AR2,SIM-07-OOD-0082,1
SIMULATED,TD-AR2,SIM-07-OOD-0083,1
SIMULATED,TD-AR2,SIM-07-OOD-0084,1
SIMULATED,TD-AR2,SIM-07-OOD-0085,1
SIMULATED,TD-AR2,SIM-07-OOD-0086,1
SIMULATED,TD-AR2,SIM-07-OOD-0087,1
SIMULATED,TD-AR2,SIM-07-OOD-0088,1
SIMULATED,TD-AR2,SIM-07-OOD-0089,1
SIMULATED,TD-AR2,SIM-07-OOD-0090,1
SIMULATED,TD-AR2,SIM-07-OOD-0091,1
SIMULATED,TD-AR2,SIM-07-OOD-0092,1
SIMULATED,TD-AR2,SIM-07-OOD-0093,1
SIMULATED,TD-AR2,SIM-07-OOD-0094,1
SIMULATED,TD-AR2,SIM-07-OOD-0095,1
SIMULATED,TD-AR2,SIM-07-OOD-0096,1
SIMULATED,TD-AR2,SIM-07-OOD-0097,1
SIMULATED,TD-AR2,SIM-07-OOD-0098,1
SIMULATED,TD-AR2,SIM-07-OOD-0099,1
SIMULATED,TD-AR2,SIM-07-OOD-0100,1
SIMULATED,TD-AR2,SIM-07-OOD-0101,1
SIMULATED,TD-AR2,SIM-07-OOD-0102,1
SIMULATED,TD-AR2,SIM-07-OOD-0103,1
SIMULATED,TD-AR2,SIM-07-OOD-0104,1
SIMULATED,TD-AR2,SIM-07-OOD-0105,1
SIMULATED,TD-AR2,SIM-07-OOD-0106,1
SIMULATED,TD-AR2,SIM-07-OOD-0107,1
SIMULATED,TD-AR2,SIM-07-OOD-0108,1
SIMULATED,TD-AR2,SIM-07-OOD-0109,1
SIMULATED,TD-AR2,SIM-07-OOD-0110,1
SIMULATED,TD-AR2,SIM-07-OOD-0111,1
SIMULATED,TD-AR2,SIM-07-OOD-0112,1
SIMULATED,TD-AR2,SIM-07-OOD-0113,1
SIMULATED,TD-AR2,SIM-07-OOD-0114,1
SIMULATED,TD-AR2,SIM-07-OOD-0115,1
SIMULATED,TD-AR2,SIM-07-OOD-0116,1
SIMULATED,TD-AR2,SIM-07-OOD-0117,1
SIMULATED,TD-AR2,SIM-07-OOD-0118,1
SIMULATED,TD-AR2,SIM-07-OOD-0119,1
SIMULATED,TD-AR2,SIM-07-OOD-0120,1
SIMULATED,TD-AR2,SIM-07-OOD-0121,1
SIMULATED,TD-AR2,SIM-07-OOD-0122,1
SIMULATED,TD-AR2,SIM-07-OOD-0123,0
SIMULATED,TD-AR2,SIM-07-OOD-0124,1
SIMULATED,TD-AR2,SIM-07-OOD-0125,1
SIMULATED,TD-AR2,SIM-07-OOD-0126,1
SIMULATED,TD-AR2,SIM-07-OOD-0127,1
SIMULATED,TD-AR2,SIM-07-OOD-0128,1
SIMULATED,TD-AR2,SIM-07-OOD-0129,1
SIMULATED,TD-AR2,SIM-07-OOD-0130,1
SIMULATED,TD-AR2,SIM-07-OOD-0131,1
SIMULATED,TD-AR2,SIM-07-OOD-0132,1
SIMULATED,TD-AR2,SIM-07-OOD-0133,1
SIMULATED,TD-AR2,SIM-07-OOD-0134,1
SIMULATED,TD-AR2,SIM-07-OOD-0135,1
SIMULATED,TD-AR2,SIM-07-OOD-0136,1
SIMULATED,TD-AR2,SIM-07-OOD-0137,1
SIMULATED,TD-AR2,SIM-07-OOD-0138,1
SIMULATED,TD-AR2,SIM-07-OOD-0139,1
SIMULATED,TD-AR2,SIM-07-OOD-0140,1
SIMULATED,TD-AR2,SIM-07-OOD-0141,1
SIMULATED,TD-AR2,SIM-07-OOD-0142,1
SIMULATED,TD-AR2,SIM-07-OOD-0143,1
SIMULATED,TD-AR2,SIM-07-OOD-0144,1
SIMULATED,TD-AR2,SIM-07-OOD-0145,1
SIMULATED,TD-AR2,SIM-07-OOD-0146,1
SIMULATED,TD-AR2,SIM-07-OOD-0147,1
SIMULATED,TD-AR2,SIM-07-OOD-0148,1
SIMULATED,TD-AR2,SIM-07-OOD-0149,1
SIMULATED,TD-AR2,SIM-07-OOD-0150,1
SIMULATED,TD-AR2,SIM-07-OOD-0151,1
SIMULATED,TD-AR2,SIM-07-OOD-0152,1
SIMULATED,TD-AR2,SIM-07-OOD-0153,1
SIMULATED,TD-AR2,SIM-07-OOD-0154,1
SIMULATED,TD-AR2,SIM-07-OOD-0155,1
SIMULATED,TD-AR2,SIM-07-OOD-0156,1
SIMULATED,TD-AR2,SIM-07-OOD-0157,1
SIMULATED,TD-AR2,SIM-07-OOD-0158,1
SIMULATED,TD-AR2,SIM-07-OOD-0159,1
SIMULATED,TD-AR3,SIM-19-OOD-0000,1
SIMULATED,TD-AR3,SIM-19-OOD-0001,1
SIMULATED,TD-AR3,SIM-19-OOD-0002,1
SIMULATED,TD-AR3,SIM-19-OOD-0003,1
SIMULATED,TD-AR3,SIM-19-OOD-0004,1
SIMULATED,TD-AR3,SIM-19-OOD-0005,1
SIMULATED,TD-AR3,SIM-19-OOD-0006,1
SIMULATED,TD-AR3,SIM-19-OOD-0007,1
SIMULATED,TD-AR3,SIM-19-OOD-0008,1
SIMULATED,TD-AR3,SIM-19-OOD-0009,1
SIMULATED,TD-AR3,SIM-19-OOD-0010,1
SIMULATED,TD-AR3,SIM-19-OOD-0011,1
SIMULATED,TD-AR3,SIM-19-OOD-0012,1
SIMULATED,TD-AR3,SIM-19-OOD-0013,0
SIMULATED,TD-AR3,SIM-19-OOD-0014,1
SIMULATED,TD-AR3,SIM-19-OOD-0015,1
SIMULATED,TD-AR3,SIM-19-OOD-0016,1
SIMULATED,TD-AR3,SIM-19-OOD-0017,1
SIMULATED,TD-AR3,SIM-19-OOD-0018,1
SIMULATED,TD-AR3,SIM-19-OOD-0019,1
SIMULATED,TD-AR3,SIM-19-OOD-0020,1
SIMULATED,TD-AR3,SIM-19-OOD-0021,1
SIMULATED,TD-AR3,SIM-19-OOD-0022,1
SIMULATED,TD-AR3,SIM-19-OOD-0023,1
SIMULATED,TD-AR3,SIM-19-OOD-0024,1
SIMULATED,TD-AR3,SIM-19-OOD-0025,1
SIMULATED,TD-AR3,SIM-19-OOD-0026,1
SIMULATED,TD-AR3,SIM-19-OOD-0027,1
SIMULATED,TD-AR3,SIM-19-OOD-0028,1
SIMULATED,TD-AR3,SIM-19-OOD-0029,1
SIMULATED,TD-AR3,SIM-19-OOD-0030,1
SIMULATED,TD-AR3,SIM-19-OOD-0031,1
SIMULATED,TD-AR3,SIM-19-OOD-0032,1
SIMULATED,TD-AR3,SIM-19-OOD-0033,1
SIMULATED,TD-AR3,SIM-19-OOD-0034,1
SIMULATED,TD-AR3,SIM-19-OOD-0035,1
SIMULATED,TD-AR3,SIM-19-OOD-0036,1
SIMULATED,TD-AR3,SIM-19-OOD-0037,1
SIMULATED,TD-AR3,SIM-19-OOD-0038,1
SIMULATED,TD-AR3,SIM-19-OOD-0039,1
SIMULATED,TD-AR3,SIM-19-OOD-0040,1
SIMULATED,TD-AR3,SIM-19-OOD-0041,1
SIMULATED,TD-AR3,SIM-19-OOD-0042,1
SIMULATED,TD-AR3,SIM-19-OOD-0043,1
SIMULATED,TD-AR3,SIM-19-OOD-0044,1
SIMULATED,TD-AR3,SIM-19-OOD-0045,1
SIMULATED,TD-AR3,SIM-19-OOD-0046,1
SIMULATED,TD-AR3,SIM-19-OOD-0047,1
SIMULATED,TD-AR3,SIM-19-OOD-0048,1
SIMULATED,TD-AR3,SIM-19-OOD-0049,0
SIMULATED,TD-AR3,SIM-19-OOD-0050,1
SIMULATED,TD-AR3,SIM-19-OOD-0051,1
SIMULATED,TD-AR3,SIM-19-OOD-0052,1
SIMULATED,TD-AR3,SIM-19-OOD-0053,1
SIMULATED,TD-AR3,SIM-19-OOD-0054,1
SIMULATED,TD-AR3,SIM-19-OOD-0055,1
SIMULATED,TD-AR3,SIM-19-OOD-0056,1
SIMULATED,TD-AR3,SIM-19-OOD-0057,1
SIMULATED,TD-AR3,SIM-19-OOD-0058,1
SIMULATED,TD-AR3,SIM-19-OOD-0059,1
SIMULATED,TD-AR3,SIM-19-OOD-0060,1
SIMULATED,TD-AR3,SIM-19-OOD-0061,1
SIMULATED,TD-AR3,SIM-19-OOD-0062,1
SIMULATED,TD-AR3,SIM-19-OOD-0063,1
SIMULATED,TD-AR3,SIM-19-OOD-0064,1
SIMULATED,TD-AR3,SIM-19-OOD-0065,1
SIMULATED,TD-AR3,SIM-19-OOD-0066,0
SIMULATED,TD-AR3,SIM-19-OOD-0067,1
SIMULATED,TD-AR3,SIM-19-OOD-0068,1
SIMULATED,TD-AR3,SIM-19-OOD-0069,1
SIMULATED,TD-AR3,SIM-19-OOD-0070,1
SIMULATED,TD-AR3,SIM-19-OOD-0071,1
SIMULATED,TD-AR3,SIM-19-OOD-0072,1
SIMULATED,TD-AR3,SIM-19-OOD-0073,1
SIMULATED,TD-AR3,SIM-19-OOD-0074,1
SIMULATED,TD-AR3,SIM-19-OOD-0075,1
SIMULATED,TD-AR3,SIM-19-OOD-0076,1
SIMULATED,TD-AR3,SIM-19-OOD-0077,1
SIMULATED,TD-AR3,SIM-19-OOD-0078,0
SIMULATED,TD-AR3,SIM-19-OOD-0079,1
SIMULATED,TD-AR3,SIM-19-OOD-0080,0
SIMULATED,TD-AR3,SIM-19-OOD-0081,1
SIMULATED,TD-AR3,SIM-19-OOD-0082,1
SIMULATED,TD-AR3,SIM-19-OOD-0083,1
SIMULATED,TD-AR3,SIM-19-OOD-0084,0
SIMULATED,TD-AR3,SIM-19-OOD-0085,1
SIMULATED,TD-AR3,SIM-19-OOD-0086,1
SIMULATED,TD-AR3,SIM-19-OOD-0087,1
SIMULATED,TD-AR3,SIM-19-OOD-0088,1
SIMULATED,TD-AR3,SIM-19-OOD-0089,1
SIMULATED,TD-AR3,SIM-19-OOD-0090,1
SIMULATED,TD-AR3,SIM-19-OOD-0091,1
SIMULATED,TD-AR3,SIM-19-OOD-0092,1
SIMULATED,TD-AR3,SIM-19-OOD-0093,1
SIMULATED,TD-AR3,SIM-19-OOD-0094,1
SIMULATED,TD-AR3,SIM-19-OOD-0095,1
SIMULATED,TD-AR3,SIM-19-OOD-0096,1
SIMULATED,TD-AR3,SIM-19-OOD-0097,1
SIMULATED,TD-AR3,SIM-19-OOD-0098,1
SIMULATED,TD-AR3,SIM-19-OOD-0099,1
SIMULATED,TD-AR3,SIM-19-OOD-0100,1
SIMULATED,TD-AR3,SIM-19-OOD-0101,1
SIMULATED,TD-AR3,SIM-19-OOD-0102,1
SIMULATED,TD-AR3,SIM-19-OOD-0103,1
SIMULATED,TD-AR3,SIM-19-OOD-0104,1
SIMULATED,TD-AR3,SIM-19-OOD-0105,1
SIMULATED,TD-AR3,SIM-19-OOD-0106,1
SIMULATED,TD-AR3,SIM-19-OOD-0107,1
SIMULATED,TD-AR3,SIM-19-OOD-0108,1
SIMULATED,TD-AR3,SIM-19-OOD-0109,1
SIMULATED,TD-AR3,SIM-19-OOD-0110,0
SIMULATED,TD-AR3,SIM-19-OOD-0111,1
SIMULATED,TD-AR3,SIM-19-OOD-0112,1
SIMULATED,TD-AR3,SIM-19-OOD-0113,1
SIMULATED,TD-AR3,SIM-19-OOD-0114,1
SIMULATED,TD-AR3,SIM-19-OOD-0115,1
SIMULATED,TD-AR3,SIM-19-OOD-0116,1
SIMULATED,TD-AR3,SIM-19-OOD-0117,1
SIMULATED,TD-AR3,SIM-19-OOD-0118,1
SIMULATED,TD-AR3,SIM-19-OOD-0119,1
SIMULATED,TD-AR3,SIM-19-OOD-0120,1
SIMULATED,TD-AR3,SIM-19-OOD-0121,1
SIMULATED,TD-AR3,SIM-19-OOD-0122,1
SIMULATED,TD-AR3,SIM-19-OOD-0123,1
SIMULATED,TD-AR3,SIM-19-OOD-0124,1
SIMULATED,TD-AR3,SIM-19-OOD-0125,1
SIMULATED,TD-AR3,SIM-19-OOD-0126,1
SIMULATED,TD-AR3,SIM-19-OOD-0127,1
SIMULATED,TD-AR3,SIM-19-OOD-0128,1
SIMULATED,TD-AR3,SIM-19-OOD-0129,1
SIMULATED,TD-AR3,SIM-19-OOD-0130,1
SIMULATED,TD-AR3,SIM-19-OOD-0131,1
SIMULATED,TD-AR3,SIM-19-OOD-0132,1
SIMULATED,TD-AR3,SIM-19-OOD-0133,1
SIMULATED,TD-AR3,SIM-19-OOD-0134,1
SIMULATED,TD-AR3,SIM-19-OOD-0135,1
SIMULATED,TD-AR3,SIM-19-OOD-0136,1
SIMULATED,TD-AR3,SIM-19-OOD-0137,1
SIMULATED,TD-AR3,SIM-19-OOD-0138,0
SIMULATED,TD-AR3,SIM-19-OOD-0139,1
SIMULATED,TD-AR3,SIM-19-OOD-0140,1
SIMULATED,TD-AR3,SIM-19-OOD-0141,1
SIMULATED,TD-AR3,SIM-19-OOD-0142,1
SIMULATED,TD-AR3,SIM-19-OOD-0143,1
SIMULATED,TD-AR3,SIM-19-OOD-0144,1
SIMULATED,TD-AR3,SIM-19-OOD-0145,1
SIMULATED,TD-AR3,SIM-19-OOD-0146,1
SIMULATED,TD-AR3,SIM-19-OOD-0147,1
SIMULATED,TD-AR3,SIM-19-OOD-0148,1
SIMULATED,TD-AR3,SIM-19-OOD-0149,1
SIMULATED,TD-AR3,SIM-19-OOD-0150,1
SIMULATED,TD-AR3,SIM-19-OOD-0151,1
SIMULATED,TD-AR3,SIM-19-OOD-0152,1
SIMULATED,TD-AR3,SIM-19-OOD-0153,1
SIMULATED,TD-AR3,SIM-19-OOD-0154,1
SIMULATED,TD-AR3,SIM-19-OOD-0155,1
SIMULATED,TD-AR3,SIM-19-OOD-0156,1
SIMULATED,TD-AR3,SIM-19-OOD-0157,1
SIMULATED,TD-AR3,SIM-19-OOD-0158,1
SIMULATED,TD-AR3,SIM-19-OOD-0159,1
SIMULATED,TD-AR4,SIM-20-OOD-0000,1
SIMULATED,TD-AR4,SIM-20-OOD-0001,1
SIMULATED,TD-AR4,SIM-20-OOD-0002,1
SIMULATED,TD-AR4,SIM-20-OOD-0003,1
SIMULATED,TD-AR4,SIM-20-OOD-0004,1
SIMULATED,TD-AR4,SIM-20-OOD-0005,1
SIMULATED,TD-AR4,SIM-20-OOD-0006,1
SIMULATED,TD-AR4,SIM-20-OOD-0007,1
SIMULATED,TD-AR4,SIM-20-OOD-0008,0
SIMULATED,TD-AR4,SIM-20-OOD-0009,1
SIMULATED,TD-AR4,SIM-20-OOD-0010,1
SIMULATED,TD-AR4,SIM-20-OOD-0011,1
SIMULATED,TD-AR4,SIM-20-OOD-0012,1
SIMULATED,TD-AR4,SIM-20-OOD-0013,1
SIMULATED,TD-AR4,SIM-20-OOD-0014,1
SIMULATED,TD-AR4,SIM-20-OOD-0015,1
SIMULATED,TD-AR4,SIM-20-OOD-0016,1
SIMULATED,TD-AR4,SIM-20-OOD-0017,1
SIMULATED,TD-AR4,SIM-20-OOD-0018,1
SIMULATED,TD-AR4,SIM-20-OOD-0019,1
SIMULATED,TD-AR4,SIM-20-OOD-0020,1
SIMULATED,TD-AR4,SIM-20-OOD-0021,1
SIMULATED,TD-AR4,SIM-20-OOD-0022,1
SIMULATED,TD-AR4,SIM-20-OOD-0023,1
SIMULATED,TD-AR4,SIM-20-OOD-0024,1
SIMULATED,TD-AR4,SIM-20-OOD-0025,1
SIMULATED,TD-AR4,SIM-20-OOD-0026,1
SIMULATED,TD-AR4,SIM-20-OOD-0027,1
SIMULATED,TD-AR4,SIM-20-OOD-0028,1
SIMULATED,TD-AR4,SIM-20-OOD-0029,1
SIMULATED,TD-AR4,SIM-20-OOD-0030,1
SIMULATED,TD-AR4,SIM-20-OOD-0031,1
SIMULATED,TD-AR4,SIM-20-OOD-0032,1
SIMULATED,TD-AR4,SIM-20-OOD-0033,1
SIMULATED,TD-AR4,SIM-20-OOD-0034,1
SIMULATED,TD-AR4,SIM-20-OOD-0035,1
SIMULATED,TD-AR4,SIM-20-OOD-0036,0
SIMULATED,TD-AR4,SIM-20-OOD-0037,1
SIMULATED,TD-AR4,SIM-20-OOD-0038,1
SIMULATED,TD-AR4,SIM-20-OOD-0039,1
SIMULATED,TD-AR4,SIM-20-OOD-0040,1
SIMULATED,TD-AR4,SIM-20-OOD-0041,1
SIMULATED,TD-AR4,SIM-20-OOD-0042,1
SIMULATED,TD-AR4,SIM-20-OOD-0043,1
SIMULATED,TD-AR4,SIM-20-OOD-0044,1
SIMULATED,TD-AR4,SIM-20-OOD-0045,1
SIMULATED,TD-AR4,SIM-20-OOD-0046,1
SIMULATED,TD-AR4,SIM-20-OOD-0047,1
SIMULATED,TD-AR4,SIM-20-OOD-0048,1
SIMULATED,TD-AR4,SIM-20-OOD-0049,1
SIMULATED,TD-AR4,SIM-20-OOD-0050,1
SIMULATED,TD-AR4,SIM-20-OOD-0051,1
SIMULATED,TD-AR4,SIM-20-OOD-0052,1
SIMULATED,TD-AR4,SIM-20-OOD-0053,1
SIMULATED,TD-AR4,SIM-20-OOD-0054,1
SIMULATED,TD-AR4,SIM-20-OOD-0055,1
SIMULATED,TD-AR4,SIM-20-OOD-0056,1
SIMULATED,TD-AR4,SIM-20-OOD-0057,1
SIMULATED,TD-AR4,SIM-20-OOD-0058,1
SIMULATED,TD-AR4,SIM-20-OOD-0059,1
SIMULATED,TD-AR4,SIM-20-OOD-0060,1
SIMULATED,TD-AR4,SIM-20-OOD-0061,1
SIMULATED,TD-AR4,SIM-20-OOD-0062,1
SIMULATED,TD-AR4,SIM-20-OOD-0063,1
SIMULATED,TD-AR4,SIM-20-OOD-0064,1
SIMULATED,TD-AR4,SIM-20-OOD-0065,1
SIMULATED,TD-AR4,SIM-20-OOD-0066,1
SIMULATED,TD-AR4,SIM-20-OOD-0067,1
SIMULATED,TD-AR4,SIM-20-OOD-0068,1
SIMULATED,TD-AR4,SIM-20-OOD-0069,1
SIMULATED,TD-AR4,SIM-20-OOD-0070,1
SIMULATED,TD-AR4,SIM-20-OOD-0071,1
SIMULATED,TD-AR4,SIM-20-OOD-0072,1
SIMULATED,TD-AR4,SIM-20-OOD-0073,1
SIMULATED,TD-AR4,SIM-20-OOD-0074,1
SIMULATED,TD-AR4,SIM-20-OOD-0075,1
SIMULATED,TD-AR4,SIM-20-OOD-0076,1
SIMULATED,TD-AR4,SIM-20-OOD-0077,1
SIMULATED,TD-AR4,SIM-20-OOD-0078,1
SIMULATED,TD-AR4,SIM-20-OOD-0079,1
SIMULATED,TD-AR4,SIM-20-OOD-0080,1
SIMULATED,TD-AR4,SIM-20-OOD-0081,1
SIMULATED,TD-AR4,SIM-20-OOD-0082,1
SIMULATED,TD-AR4,SIM-20-OOD-0083,1
SIMULATED,TD-AR4,SIM-20-OOD-0084,1
SIMULATED,TD-AR4,SIM-20-OOD-0085,0
SIMULATED,TD-AR4,SIM-20-OOD-0086,1
SIMULATED,TD-AR4,SIM-20-OOD-0087,1
SIMULATED,TD-AR4,SIM-20-OOD-0088,1
SIMULATED,TD-AR4,SIM-20-OOD-0089,1
SIMULATED,TD-AR4,SIM-20-OOD-0090,1
SIMULATED,TD-AR4,SIM-20-OOD-0091,1
SIMULATED,TD-AR4,SIM-20-OOD-0092,1
SIMULATED,TD-AR4,SIM-20-OOD-0093,1
SIMULATED,TD-AR4,SIM-20-OOD-0094,1
SIMULATED,TD-AR4,SIM-20-OOD-0095,1
SIMULATED,TD-AR4,SIM-20-OOD-0096,1
SIMULATED,TD-AR4,SIM-20-OOD-0097,1
SIMULATED,TD-AR4,SIM-20-OOD-0098,1
SIMULATED,TD-AR4,SIM-20-OOD-0099,1
SIMULATED,TD-AR4,SIM-20-OOD-0100,1
SIMULATED,TD-AR4,SIM-20-OOD-0101,1
SIMULATED,TD-AR4,SIM-20-OOD-0102,1
SIMULATED,TD-AR4,SIM-20-OOD-0103,1
SIMULATED,TD-AR4,SIM-20-OOD-0104,1
SIMULATED,TD-AR4,SIM-20-OOD-0105,1
SIMULATED,TD-AR4,SIM-20-OOD-0106,1
SIMULATED,TD-AR4,SIM-20-OOD-0107,1
SIMULATED,TD-AR4,SIM-20-OOD-0108,1
SIMULATED,TD-AR4,SIM-20-OOD-0109,1
SIMULATED,TD-AR4,SIM-20-OOD-0110,1
SIMULATED,TD-AR4,SIM-20-OOD-0111,1
SIMULATED,TD-AR4,SIM-20-OOD-0112,1
SIMULATED,TD-AR4,SIM-20-OOD-0113,1
SIMULATED,TD-AR4,SIM-20-OOD-0114,1
SIMULATED,TD-AR4,SIM-20-OOD-0115,1
SIMULATED,TD-AR4,SIM-20-OOD-0116,1
SIMULATED,TD-AR4,SIM-20-OOD-0117,1
SIMULATED,TD-AR4,SIM-20-OOD-0118,1
SIMULATED,TD-AR4,SIM-20-OOD-0119,1
SIMULATED,TD-AR4,SIM-20-OOD-0120,1
SIMULATED,TD-AR4,SIM-20-OOD-0121,1
SIMULATED,TD-AR4,SIM-20-OOD-0122,1
SIMULATED,TD-AR4,SIM-20-OOD-0123,1
SIMULATED,TD-AR4,SIM-20-OOD-0124,1
SIMULATED,TD-AR4,SIM-20-OOD-0125,1
SIMULATED,TD-AR4,SIM-20-OOD-0126,1
SIMULATED,TD-AR4,SIM-20-OOD-0127,1
SIMULATED,TD-AR4,SIM-20-OOD-0128,1
SIMULATED,TD-AR4,SIM-20-OOD-0129,1
SIMULATED,TD-AR4,SIM-20-OOD-0130,1
SIMULATED,TD-AR4,SIM-20-OOD-0131,1
SIMULATED,TD-AR4,SIM-20-OOD-0132,1
SIMULATED,TD-AR4,SIM-20-OOD-0133,1
SIMULATED,TD-AR4,SIM-20-OOD-0134,1
SIMULATED,TD-AR4,SIM-20-OOD-0135,1
SIMULATED,TD-AR4,SIM-20-OOD-0136,1
SIMULATED,TD-AR4,SIM-20-OOD-0137,1
SIMULATED,TD-AR4,SIM-20-OOD-0138,1
SIMULATED,TD-AR4,SIM-20-OOD-0139,1
SIMULATED,TD-AR4,SIM-20-OOD-0140,1
SIMULATED,TD-AR4,SIM-20-OOD-0141,1
SIMULATED,TD-AR4,SIM-20-OOD-0142,1
SIMULATED,TD-AR4,SIM-20-OOD-0143,1
SIMULATED,TD-AR4,SIM-20-OOD-0144,1
SIMULATED,TD-AR4,SIM-20-OOD-0145,1
SIMULATED,TD-AR4,SIM-20-OOD-0146,1
SIMULATED,TD-AR4,SIM-20-OOD-0147,1
SIMULATED,TD-AR4,SIM-20-OOD-0148,1
SIMULATED,TD-AR4,SIM-20-OOD-0149,1
SIMULATED,TD-AR4,SIM-20-OOD-0150,1
SIMULATED,TD-AR4,SIM-20-OOD-0151,1
SIMULATED,TD-AR4,SIM-20-OOD-0152,1
SIMULATED,TD-AR4,SIM-20-OOD-0153,1
SIMULATED,TD-AR4,SIM-20-OOD-0154,1
SIMULATED,TD-AR4,SIM-20-OOD-0155,1
SIMULATED,TD-AR4,SIM-20-OOD-0156,1
SIMULATED,TD-AR4,SIM-20-OOD-0157,1
SIMULATED,TD-AR4,SIM-20-OOD-0158,1
SIMULATED,TD-AR4,SIM-20-OOD-0159,1
SIMULATED,TD-AR5,SIM-21-OOD-0000,1
SIMULATED,TD-AR5,SIM-21-OOD-0001,1
SIMULATED,TD-AR5,SIM-21-OOD-0002,1
SIMULATED,TD-AR5,SIM-21-OOD-0003,1
SIMULATED,TD-AR5,SIM-21-OOD-0004,1
SIMULATED,TD-AR5,SIM-21-OOD-0005,1
SIMULATED,TD-AR5,SIM-21-OOD-0006,1
SIMULATED,TD-AR5,SIM-21-OOD-0007,1
SIMULATED,TD-AR5,SIM-21-OOD-0008,1
SIMULATED,TD-AR5,SIM-21-OOD-0009,1
SIMULATED,TD-AR5,SIM-21-OOD-0010,1
SIMULATED,TD-AR5,SIM-21-OOD-0011,1
SIMULATED,TD-AR5,SIM-21-OOD-0012,1
SIMULATED,TD-AR5,SIM-21-OOD-0013,1
SIMULATED,TD-AR5,SIM-21-OOD-0014,1
SIMULATED,TD-AR5,SIM-21-OOD-0015,1
SIMULATED,TD-AR5,SIM-21-OOD-0016,1
SIMULATED,TD-AR5,SIM-21-OOD-0017,1
SIMULATED,TD-AR5,SIM-21-OOD-0018,1
SIMULATED,TD-AR5,SIM-21-OOD-0019,1
SIMULATED,TD-AR5,SIM-21-OOD-0020,1
SIMULATED,TD-AR5,SIM-21-OOD-0021,1
SIMULATED,TD-AR5,SIM-21-OOD-0022,1
SIMULATED,TD-AR5,SIM-21-OOD-0023,1
SIMULATED,TD-AR5,SIM-21-OOD-0024,1
SIMULATED,TD-AR5,SIM-21-OOD-0025,1
SIMULATED,TD-AR5,SIM-21-OOD-0026,1
SIMULATED,TD-AR5,SIM-21-OOD-0027,1
SIMULATED,TD-AR5,SIM-21-OOD-0028,1
SIMULATED,TD-AR5,SIM-21-OOD-0029,1
SIMULATED,TD-AR5,SIM-21-OOD-0030,1
SIMULATED,TD-AR5,SIM-21-OOD-0031,1
SIMULATED,TD-AR5,SIM-21-OOD-0032,0
SIMULATED,TD-AR5,SIM-21-OOD-0033,1
SIMULATED,TD-AR5,SIM-21-OOD-0034,1
SIMULATED,TD-AR5,SIM-21-OOD-0035,1
SIMULATED,TD-AR5,SIM-21-OOD-0036,1
SIMULATED,TD-AR5,SIM-21-OOD-0037,1
SIMULATED,TD-AR5,SIM-21-OOD-0038,1
SIMULATED,TD-AR5,SIM-21-OOD-0039,1
SIMULATED,TD-AR5,SIM-21-OOD-0040,1
SIMULATED,TD-AR5,SIM-21-OOD-0041,1
SIMULATED,TD-AR5,SIM-21-OOD-0042,1
SIMULATED,TD-AR5,SIM-21-OOD-0043,1
SIMULATED,TD-AR5,SIM-21-OOD-0044,1
SIMULATED,TD-AR5,SIM-21-OOD-0045,1
SIMULATED,TD-AR5,SIM-21-OOD-0046,1
SIMULATED,TD-AR5,SIM-21-OOD-0047,1
SIMULATED,TD-AR5,SIM-21-OOD-0048,1
SIMULATED,TD-AR5,SIM-21-OOD-0049,1
SIMULATED,TD-AR5,SIM-21-OOD-0050,1
SIMULATED,TD-AR5,SIM-21-OOD-0051,1
SIMULATED,TD-AR5,SIM-21-OOD-0052,1
SIMULATED,TD-AR5,SIM-21-OOD-0053,1
SIMULATED,TD-AR5,SIM-21-OOD-0054,1
SIMULATED,TD-AR5,SIM-21-OOD-0055,1
SIMULATED,TD-AR5,SIM-21-OOD-0056,1
SIMULATED,TD-AR5,SIM-21-OOD-0057,1
SIMULATED,TD-AR5,SIM-21-OOD-0058,1
SIMULATED,TD-AR5,SIM-21-OOD-0059,1
SIMULATED,TD-AR5,SIM-21-OOD-0060,1
SIMULATED,TD-AR5,SIM-21-OOD-0061,1
SIMULATED,TD-AR5,SIM-21-OOD-0062,1
SIMULATED,TD-AR5,SIM-21-OOD-0063,1
SIMULATED,TD-AR5,SIM-21-OOD-0064,1
SIMULATED,TD-AR5,SIM-21-OOD-0065,1
SIMULATED,TD-AR5,SIM-21-OOD-0066,1
SIMULATED,TD-AR5,SIM-21-OOD-0067,1
SIMULATED,TD-AR5,SIM-21-OOD-0068,1
SIMULATED,TD-AR5,SIM-21-OOD-0069,1
SIMULATED,TD-AR5,SIM-21-OOD-0070,1
SIMULATED,TD-AR5,SIM-21-OOD-0071,1
SIMULATED,TD-AR5,SIM-21-OOD-0072,1
SIMULATED,TD-AR5,SIM-21-OOD-0073,1
SIMULATED,TD-AR5,SIM-21-OOD-0074,1
SIMULATED,TD-AR5,SIM-21-OOD-0075,1
SIMULATED,TD-AR5,SIM-21-OOD-0076,1
SIMULATED,TD-AR5,SIM-21-OOD-0077,1
SIMULATED,TD-AR5,SIM-21-OOD-0078,1
SIMULATED,TD-AR5,SIM-21-OOD-0079,1
SIMULATED,TD-AR5,SIM-21-OOD-0080,1
SIMULATED,TD-AR5,SIM-21-OOD-0081,1
SIMULATED,TD-AR5,SIM-21-OOD-0082,1
SIMULATED,TD-AR5,SIM-21-OOD-0083,1
SIMULATED,TD-AR5,SIM-21-OOD-0084,1
SIMULATED,TD-AR5,SIM-21-OOD-0085,1
SIMULATED,TD-AR5,SIM-21-OOD-0086,1
SIMULATED,TD-AR5,SIM-21-OOD-0087,1
SIMULATED,TD-AR5,SIM-21-OOD-0088,1
SIMULATED,TD-AR5,SIM-21-OOD-0089,1
SIMULATED,TD-AR5,SIM-21-OOD-0090,1
SIMULATED,TD-AR5,SIM-21-OOD-0091,1
SIMULATED,TD-AR5,SIM-21-OOD-0092,1
SIMULATED,TD-AR5,SIM-21-OOD-0093,1
SIMULATED,TD-AR5,SIM-21-OOD-0094,1
SIMULATED,TD-AR5,SIM-21-OOD-0095,1
SIMULATED,TD-AR5,SIM-21-OOD-0096,1
SIMULATED,TD-AR5,SIM-21-OOD-0097,1
SIMULATED,TD-AR5,SIM-21-OOD-0098,1
SIMULATED,TD-AR5,SIM-21-OOD-0099,1
SIMULATED,TD-AR5,SIM-21-OOD-0100,1
SIMULATED,TD-AR5,SIM-21-OOD-0101,1
SIMULATED,TD-AR5,SIM-21-OOD-0102,1
SIMULATED,TD-AR5,SIM-21-OOD-0103,0
SIMULATED,TD-AR5,SIM-21-OOD-0104,1
SIMULATED,TD-AR5,SIM-21-OOD-0105,1
SIMULATED,TD-AR5,SIM-21-OOD-0106,1
SIMULATED,TD-AR5,SIM-21-OOD-0107,1
SIMULATED,TD-AR5,SIM-21-OOD-0108,1
SIMULATED,TD-AR5,SIM-21-OOD-0109,1
SIMULATED,TD-AR5,SIM-21-OOD-0110,1
SIMULATED,TD-AR5,SIM-21-OOD-0111,1
SIMULATED,TD-AR5,SIM-21-OOD-0112,1
SIMULATED,TD-AR5,SIM-21-OOD-0113,1
SIMULATED,TD-AR5,SIM-21-OOD-0114,1
SIMULATED,TD-AR5,SIM-21-OOD-0115,1
SIMULATED,TD-AR5,SIM-21-OOD-0116,1
SIMULATED,TD-AR5,SIM-21-OOD-0117,1
SIMULATED,TD-AR5,SIM-21-OOD-0118,1
SIMULATED,TD-AR5,SIM-21-OOD-0119,1
SIMULATED,TD-AR5,SIM-21-OOD-0120,1
SIMULATED,TD-AR5,SIM-21-OOD-0121,1
SIMULATED,TD-AR5,SIM-21-OOD-0122,1
SIMULATED,TD-AR5,SIM-21-OOD-0123,1
SIMULATED,TD-AR5,SIM-21-OOD-0124,1
SIMULATED,TD-AR5,SIM-21-OOD-0125,1
SIMULATED,TD-AR5,SIM-21-OOD-0126,1
SIMULATED,TD-AR5,SIM-21-OOD-0127,1
SIMULATED,TD-AR5,SIM-21-OOD-0128,1
SIMULATED,TD-AR5,SIM-21-OOD-0129,1
SIMULATED,TD-AR5,SIM-21-OOD-0130,1
SIMULATED,TD-AR5,SIM-21-OOD-0131,1
SIMULATED,TD-AR5,SIM-21-OOD-0132,1
SIMULATED,TD-AR5,SIM-21-OOD-0133,1
SIMULATED,TD-AR5,SIM-21-OOD-0134,1
SIMULATED,TD-AR5,SIM-21-OOD-0135,1
SIMULATED,TD-AR5,SIM-21-OOD-0136,1
SIMULATED,TD-AR5,SIM-21-OOD-0137,1
SIMULATED,TD-AR5,SIM-21-OOD-0138,1
SIMULATED,TD-AR5,SIM-21-OOD-0139,1
SIMULATED,TD-AR5,SIM-21-OOD-0140,1
SIMULATED,TD-AR5,SIM-21-OOD-0141,1
SIMULATED,TD-AR5,SIM-21-OOD-0142,1
SIMULATED,TD-AR5,SIM-21-OOD-0143,1
SIMULATED,TD-AR5,SIM-21-OOD-0144,1
SIMULATED,TD-AR5,SIM-21-OOD-0145,1
SIMULATED,TD-AR5,SIM-21-OOD-0146,1
SIMULATED,TD-AR5,SIM-21-OOD-0147,1
SIMULATED,TD-AR5,SIM-21-OOD-0148,0
SIMULATED,TD-AR5,SIM-21-OOD-0149,1
SIMULATED,TD-AR5,SIM-21-OOD-0150,1
SIMULATED,TD-AR5,SIM-21-OOD-0151,1
SIMULATED,TD-AR5,SIM-21-OOD-0152,1
SIMULATED,TD-AR5,SIM-21-OOD-0153,1
SIMULATED,TD-AR5,SIM-21-OOD-0154,1
SIMULATED,TD-AR5,SIM-21-OOD-0155,1
SIMULATED,TD-AR5,SIM-21-OOD-0156,1
SIMULATED,TD-AR5,SIM-21-OOD-0157,1
SIMULATED,TD-AR5,SIM-21-OOD-0158,1
SIMULATED,TD-AR5,SIM-21-OOD-0159,0
