provenance,setting,domain,component,input_group,delta_pp
SIMULATED,Reuse,TD-SV4,A,SIM-ABL-0-0000,-5.44511796996328
SIMULATED,Reuse,TD-SV4,A,SIM-ABL-0-0001,-4.503465349522181
SIMULATED,Reuse,TD-SV4,A,SIM-ABL-0-0002,8.73425936580459
SIMULATED,Reuse,TD-SV4,A,SIM-ABL-0-0003,12.2421970845951
SIMULATED,Reuse,TD-SV4,A,SIM-ABL-0-0004,-6.654661193183515
SIMULATED,Reuse,TD-SV4,A,SIM-ABL-0-0005,-1.092251167758015
SIMULATED,Reuse,TD-SV4,A,SIM-ABL-0-0006,-12.811016789909702
SIMULATED,Reuse,TD-SV4,A,SIM-ABL-0-0007,5.980675099484567
SIMULATED,Reuse,TD-SV4,A,SIM-ABL-0-0008,6.5219120167924975
SIMULATED,Reuse,TD-SV4,A,SIM-ABL-0-0009,12.059996544274233
SIMULATED,Reuse,TD-SV4,A,SIM-ABL-0-0010,1.6677484020567732
SIMULATED,Reuse,TD-SV4,A,SIM-ABL-0-0011,14.467195521588224
SIMULATED,Reuse,TD-SV4,A,SIM-ABL-0-0012,-15.242769848957064
SIMULATED,Reuse,TD-SV4,A,SIM-ABL-0-0013,-6.8975341929514435
SIMULATED,Reuse,TD-SV4,A,SIM-ABL-0-0014,-1.2251294522692115
SIMULATED,Reuse,TD-SV4,A,SIM-ABL-0-0015,-4.179853805381185
SIMULATED,Reuse,TD-SV4,A,SIM-ABL-0-0016,-5.289212924791326
SIMULATED,Reuse,TD-SV4,A,SIM-ABL-0-0017,-3.047503126862944
SIMULATED,Reuse,TD-SV4,A,SIM-ABL-0-0018,-15.73896786472287
SIMULATED,Reuse,TD-SV4,A,SIM-ABL-0-0019,18.887964492320922
SIMULATED,Reuse,TD-SV4,A,SIM-ABL-0-0020,-6.700838984290658
SIMULATED,Reuse,TD-SV4,A,SIM-ABL-0-0021,-5.4184858482697305
SIMULATED,Reuse,TD-SV4,A,SIM-ABL-0-0022,3.341047786154686
SIMULATED,Reuse,TD-SV4,A,SIM-ABL-0-0023,-8.54965557738669
SIMULATED,Reuse,TD-SV4,A,SIM-ABL-0-0024,5.9736524764504635
SIMULATED,Reuse,TD-SV4,A,SIM-ABL-0-0025,10.585042630161405
SIMULATED,Reuse,TD-SV4,A,SIM-ABL-0-0026,-6.4135449353519975
SIMULATED,Reuse,TD-SV4,A,SIM-ABL-0-0027,-4.845555635515842
SIMULATED,Reuse,TD-SV4,A,SIM-ABL-0-0028,-10.013074575397058
SIMULATED,Reuse,TD-SV4,A,SIM-ABL-0-0029,-7.127803874811724
SIMULATED,Reuse,TD-SV4,A,SIM-ABL-0-0030,-10.119439309768303
SIMULATED,Reuse,TD-SV4,A,SIM-ABL-0-0031,6.835762427956116
SIMULATED,Reuse,TD-SV4,A,SIM-ABL-0-0032,7.699037615344368
SIMULATED,Reuse,TD-SV4,A,SIM-ABL-0-0033,6.81117530564665
SIMULATED,Reuse,TD-SV4,A,SIM-ABL-0-0034,-2.089514471175839
SIMULATED,Reuse,TD-SV4,A,SIM-ABL-0-0035,-5.950207913903229
SIMULATED,Reuse,TD-SV4,A,SIM-ABL-0-0036,-0.32478980340452046
SIMULATED,Reuse,TD-SV4,A,SIM-ABL-0-0037,2.0928305929928044
SIMULATED,Reuse,TD-SV4,A,SIM-ABL-0-0038,-9.523813166451536
SIMULATED,Reuse,TD-SV4,A,SIM-ABL-0-0039,8.551074388830386
SIMULATED,Reuse,TD-SV4,A,SIM-ABL-0-0040,2.188731618382269
SIMULATED,Reuse,TD-SV4,A,SIM-ABL-0-0041,8.83676233066933
SIMULATED,Reuse,TD-SV4,A,SIM-ABL-0-0042,1.9943935038598761
SIMULATED,Reuse,TD-SV4,A,SIM-ABL-0-0043,6.755557161989211
SIMULATED,Reuse,TD-SV4,A,SIM-ABL-0-0044,5.132397065097039
SIMULATED,Reuse,TD-SV4,A,SIM-ABL-0-0045,-2.551173561937561
SIMULATED,Reuse,TD-SV4,A,SIM-ABL-0-0046,-1.4815798346161546
SIMULATED,Reuse,TD-SV4,A,SIM-ABL-0-0047,1.3825447849398156
SIMULATED,Reuse,TD-SV4,A,SIM-ABL-0-0048,0.11189553303893729
SIMULATED,Reuse,TD-SV4,A,SIM-ABL-0-0049,-3.3211414805177943
SIMULATED,Reuse,TD-SV4,A,SIM-ABL-0-0050,-7.352669437548726
SIMULATED,Reuse,TD-SV4,A,SIM-ABL-0-0051,5.629102164808473
SIMULATED,Reuse,TD-SV4,A,SIM-ABL-0-0052,-8.011913366773955
SIMULATED,Reuse,TD-SV4,A,SIM-ABL-0-0053,-0.9708312343821279
SIMULATED,Reuse,TD-SV4,A,SIM-ABL-0-0054,5.150457286242749
SIMULATED,Reuse,TD-SV4,A,SIM-ABL-0-0055,-2.8917052855929493
SIMULATED,Reuse,TD-SV4,A,SIM-ABL-0-0056,1.4441865945273227
SIMULATED,Reuse,TD-SV4,A,SIM-ABL-0-0057,3.0115876425387906
SIMULATED,Reuse,TD-SV4,A,SIM-ABL-0-0058,-0.6937043655421309
SIMULATED,Reuse,TD-SV4,A,SIM-ABL-0-0059,8.723761003295788
SIMULATED,Reuse,TD-SV4,A,SIM-ABL-0-0060,3.2443730492586855
SIMULATED,Reuse,TD-SV4,A,SIM-ABL-0-0061,8.147735645302298
SIMULATED,Reuse,TD-SV4,A,SIM-ABL-0-0062,3.923087098432024
SIMULATED,Reuse,TD-SV4,A,SIM-ABL-0-0063,-7.12436816884056
SIMULATED,Reuse,TD-SV4,A,SIM-ABL-0-0064,2.721698359696961
SIMULATED,Reuse,TD-SV4,A,SIM-ABL-0-0065,-5.243139259673323
SIMULATED,Reuse,TD-SV4,A,SIM-ABL-0-0066,1.4037872621486778
SIMULATED,Reuse,TD-SV4,A,SIM-ABL-0-0067,4.93748797133605
SIMULATED,Reuse,TD-SV4,A,SIM-ABL-0-0068,4.4479214868177905
SIMULATED,Reuse,TD-SV4,A,SIM-ABL-0-0069,10.060917788638685
SIMULATED,Reuse,TD-SV4,A,SIM-ABL-0-0070,5.083709069273412
SIMULATED,Reuse,TD-SV4,A,SIM-ABL-0-0071,-1.6600064713691152
SIMULATED,Reuse,TD-SV4,A,SIM-ABL-0-0072,8.486758940790015
SIMULATED,Reuse,TD-SV4,A,SIM-ABL-0-0073,-5.660392724728597
SIMULATED,Reuse,TD-SV4,A,SIM-ABL-0-0074,10.098884091675309
SIMULATED,Reuse,TD-SV4,A,SIM-ABL-0-0075,1.0825045322194693
SIMULATED,Reuse,TD-SV4,A,SIM-ABL-0-0076,-11.638858226782322
SIMULATED,Reuse,TD-SV4,A,SIM-ABL-0-0077,-10.853153797701907
SIMULATED,Reuse,TD-SV4,A,SIM-ABL-0-0078,8.510325889190508
SIMULATED,Reuse,TD-SV4,A,SIM-ABL-0-0079,-0.6728325710021885
SIMULATED,Reuse,TD-SV4,A,SIM-ABL-0-0080,-7.247138424677321
SIMULATED,Reuse,TD-SV4,A,SIM-ABL-0-0081,-5.41476676811991
SIMULATED,Reuse,TD-SV4,A,SIM-ABL-0-0082,5.195036322375284
SIMULATED,Reuse,TD-SV4,A,SIM-ABL-0-0083,6.009946494543565
SIMULATED,Reuse,TD-SV4,A,SIM-ABL-0-0084,3.992137038933498
SIMULATED,Reuse,TD-SV4,A,SIM-ABL-0-0085,5.962897172465773
SIMULATED,Reuse,TD-SV4,A,SIM-ABL-0-0086,6.213391496018778
SIMULATED,Reuse,TD-SV4,A,SIM-ABL-0-0087,2.6914935146798924
SIMULATED,Reuse,TD-SV4,A,SIM-ABL-0-0088,-3.1577972599780093
SIMULATED,Reuse,TD-SV4,A,SIM-ABL-0-0089,13.728818377533122
SIMULATED,Reuse,TD-SV4,A,SIM-ABL-0-0090,5.6415490560072294
SIMULATED,Reuse,TD-SV4,A,SIM-ABL-0-0091,4.654766609893856
SIMULATED,Reuse,TD-SV4,A,SIM-ABL-0-0092,-6.374858297141919
SIMULATED,Reuse,TD-SV4,A,SIM-ABL-0-0093,6.668454392065136
SIMULATED,Reuse,TD-SV4,A,SIM-ABL-0-0094,-2.900891484823015
SIMULATED,Reuse,TD-SV4,A,SIM-ABL-0-0095,9.69557163775856
SIMULATED,Reuse,TD-SV4,A,SIM-ABL-0-0096,4.79007546771027
SIMULATED,Reuse,TD-SV4,A,SIM-ABL-0-0097,1.5078271733800148
SIMULATED,Reuse,TD-SV4,A,SIM-ABL-0-0098,-3.776895422855204
SIMULATED,Reuse,TD-SV4,A,SIM-ABL-0-0099,1.5257991409708955
SIMULATED,Reuse,TD-SV4,A,SIM-ABL-0-0100,1.3893613358867656
SIMULATED,Reuse,TD-SV4,A,SIM-ABL-0-0101,-4.70677680913833
SIMULATED,Reuse,TD-SV4,A,SIM-ABL-0-0102,1.6080014270441225
SIMULATED,Reuse,TD-SV4,A,SIM-ABL-0-0103,7.919620006495374
SIMULATED,Reuse,TD-SV4,A,SIM-ABL-0-0104,9.070245427302874
SIMULATED,Reuse,TD-SV4,A,SIM-ABL-0-0105,10.438098941374946
SIMULATED,Reuse,TD-SV4,A,SIM-ABL-0-0106,4.151153143971572
SIMULATED,Reuse,TD-SV4,A,SIM-ABL-0-0107,-1.2092199055026598
SIMULATED,Reuse,TD-SV4,A,SIM-ABL-0-0108,0.37810251980960546
SIMULATED,Reuse,TD-SV4,A,SIM-ABL-0-0109,8.254828420092313
SIMULATED,Reuse,TD-SV4,A,SIM-ABL-0-0110,-5.488004771433796
SIMULATED,Reuse,TD-SV4,A,SIM-ABL-0-0111,-3.240913881182384
SIMULATED,Reuse,TD-SV4,A,SIM-ABL-0-0112,2.513281535087579
SIMULATED,Reuse,TD-SV4,A,SIM-ABL-0-0113,6.771700349560265
SIMULATED,Reuse,TD-SV4,A,SIM-ABL-0-0114,2.0068909585880217
SIMULATED,Reuse,TD-SV4,A,SIM-ABL-0-0115,-7.784639287653412
SIMULATED,Reuse,TD-SV4,A,SIM-ABL-0-0116,0.27151495418218285
SIMULATED,Reuse,TD-SV4,A,SIM-ABL-0-0117,1.5388400577883856
SIMULATED,Reuse,TD-SV4,A,SIM-ABL-0-0118,-12.131836644250546
SIMULATED,Reuse,TD-SV4,A,SIM-ABL-0-0119,-1.0030054180318628
SIMULATED,Reuse,TD-SV4,A,SIM-ABL-0-0120,-11.4389835465732
SIMULATED,Reuse,TD-SV4,A,SIM-ABL-0-0121,-1.6228145585368925
SIMULATED,Reuse,TD-SV4,A,SIM-ABL-0-0122,7.9519824227511915
SIMULATED,Reuse,TD-SV4,A,SIM-ABL-0-0123,6.306779861433983
SIMULATED,Reuse,TD-SV4,A,SIM-ABL-0-0124,10.521979919954791
SIMULATED,Reuse,TD-SV4,A,SIM-ABL-0-0125,8.296172616277868
SIMULATED,Reuse,TD-SV4,A,SIM-ABL-0-0126,10.037740643978111
SIMULATED,Reuse,TD-SV4,A,SIM-ABL-0-0127,8.008580158686717
SIMULATED,Reuse,TD-SV4,A,SIM-ABL-0-0128,1.5114971906123567
SIMULATED,Reuse,TD-SV4,A,SIM-ABL-0-0129,-2.7093896629664957
SIMULATED,Reuse,TD-SV4,A,SIM-ABL-0-0130,-16.459854773385782
SIMULATED,Reuse,TD-SV4,A,SIM-ABL-0-0131,9.91058541856575
SIMULATED,Reuse,TD-SV4,A,SIM-ABL-0-0132,10.808701080045747
SIMULATED,Reuse,TD-SV4,A,SIM-ABL-0-0133,-1.144908700208091
SIMULATED,Reuse,TD-SV4,A,SIM-ABL-0-0134,9.468009059828427
SIMULATED,Reuse,TD-SV4,A,SIM-ABL-0-0135,3.930435299033446
SIMULATED,Reuse,TD-SV4,A,SIM-ABL-0-0136,11.203270473101044
SIMULATED,Reuse,TD-SV4,A,SIM-ABL-0-0137,-0.749920825710757
SIMULATED,Reuse,TD-SV4,A,SIM-ABL-0-0138,-3.2696939382780137
SIMULATED,Reuse,TD-SV4,A,SIM-ABL-0-0139,3.0087264452058164
SIMULATED,Reuse,TD-SV4,A,SIM-ABL-0-0140,2.048881605031341
SIMULATED,Reuse,TD-SV4,A,SIM-ABL-0-0141,-9.445415092225126
SIMULATED,Reuse,TD-SV4,A,SIM-ABL-0-0142,-7.731753657509796
SIMULATED,Reuse,TD-SV4,A,SIM-ABL-0-0143,1.7209871816375388
SIMULATED,Reuse,TD-SV4,A,SIM-ABL-0-0144,3.972954398309751
SIMULATED,Reuse,TD-SV4,A,SIM-ABL-0-0145,-12.000158981074431
SIMULATED,Reuse,TD-SV4,A,SIM-ABL-0-0146,9.388220964020345
SIMULATED,Reuse,TD-SV4,A,SIM-ABL-0-0147,8.559828043004362
SIMULATED,Reuse,TD-SV4,A,SIM-ABL-0-0148,10.832626423592275
SIMULATED,Reuse,TD-SV4,A,SIM-ABL-0-0149,5.816134331242465
SIMULATED,Reuse,TD-SV4,A,SIM-ABL-0-0150,5.458908539379358
SIMULATED,Reuse,TD-SV4,A,SIM-ABL-0-0151,-8.607221478639232
SIMULATED,Reuse,TD-SV4,A,SIM-ABL-0-0152,-0.22980386397805508
SIMULATED,Reuse,TD-SV4,A,SIM-ABL-0-0153,-7.1207229739010405
SIMULATED,Reuse,TD-SV4,A,SIM-ABL-0-0154,-2.6115958026885844
SIMULATED,Reuse,TD-SV4,A,SIM-ABL-0-0155,4.104817355267429
SIMULATED,Reuse,TD-SV4,A,SIM-ABL-0-0156,17.7130172279261
SIMULATED,Reuse,TD-SV4,A,SIM-ABL-0-0157,-4.614702232515013
SIMULATED,Reuse,TD-SV4,A,SIM-ABL-0-0158,-8.868880231946394
SIMULATED,Reuse,TD-SV4,A,SIM-ABL-0-0159,-2.7633418471646483
SIMULATED,Reuse,TD-SV4,K,SIM-ABL-0-0000,-2.241944740487633
SIMULATED,Reuse,TD-SV4,K,SIM-ABL-0-0001,-6.210610184587887
SIMULATED,Reuse,TD-SV4,K,SIM-ABL-0-0002,4.438029424919431
SIMULATED,Reuse,TD-SV4,K,SIM-ABL-0-0003,8.387147782758552
SIMULATED,Reuse,TD-SV4,K,SIM-ABL-0-0004,-2.901969660213735
SIMULATED,Reuse,TD-SV4,K,SIM-ABL-0-0005,0.37467222867533645
SIMULATED,Reuse,TD-SV4,K,SIM-ABL-0-0006,2.8175653402578185
SIMULATED,Reuse,TD-SV4,K,SIM-ABL-0-0007,-3.408210862124888
SIMULATED,Reuse,TD-SV4,K,SIM-ABL-0-0008,3.6970233415840856
SIMULATED,Reuse,TD-SV4,K,SIM-ABL-0-0009,2.2660920188929228
SIMULATED,Reuse,TD-SV4,K,SIM-ABL-0-0010,-4.760341760246002
SIMULATED,Reuse,TD-SV4,K,SIM-ABL-0-0011,-1.9999792956434548
SIMULATED,Reuse,TD-SV4,K,SIM-ABL-0-0012,-1.9180740354658679
SIMULATED,Reuse,TD-SV4,K,SIM-ABL-0-0013,0.14530328624853794
SIMULATED,Reuse,TD-SV4,K,SIM-ABL-0-0014,7.800107710287385
SIMULATED,Reuse,TD-SV4,K,SIM-ABL-0-0015,-0.22690298548570675
SIMULATED,Reuse,TD-SV4,K,SIM-ABL-0-0016,19.501995501729887
SIMULATED,Reuse,TD-SV4,K,SIM-ABL-0-0017,6.528547485205687
SIMULATED,Reuse,TD-SV4,K,SIM-ABL-0-0018,2.484281712064506
SIMULATED,Reuse,TD-SV4,K,SIM-ABL-0-0019,-4.185793195768955
SIMULATED,Reuse,TD-SV4,K,SIM-ABL-0-0020,1.2236389222269595
SIMULATED,Reuse,TD-SV4,K,SIM-ABL-0-0021,4.772365704624878
SIMULATED,Reuse,TD-SV4,K,SIM-ABL-0-0022,-6.2460094127063535
SIMULATED,Reuse,TD-SV4,K,SIM-ABL-0-0023,2.309907226870968
SIMULATED,Reuse,TD-SV4,K,SIM-ABL-0-0024,0.14321560731315874
SIMULATED,Reuse,TD-SV4,K,SIM-ABL-0-0025,4.520736877557598
SIMULATED,Reuse,TD-SV4,K,SIM-ABL-0-0026,9.36089162701642
SIMULATED,Reuse,TD-SV4,K,SIM-ABL-0-0027,5.385644590940071
SIMULATED,Reuse,TD-SV4,K,SIM-ABL-0-0028,2.8567583514870867
SIMULATED,Reuse,TD-SV4,K,SIM-ABL-0-0029,14.468857645652898
SIMULATED,Reuse,TD-SV4,K,SIM-ABL-0-0030,-0.933107006415598
SIMULATED,Reuse,TD-SV4,K,SIM-ABL-0-0031,-1.8064364835503128
SIMULATED,Reuse,TD-SV4,K,SIM-ABL-0-0032,-5.885208900877375
SIMULATED,Reuse,TD-SV4,K,SIM-ABL-0-0033,0.6160053824381586
SIMULATED,Reuse,TD-SV4,K,SIM-ABL-0-0034,3.99487103826186
SIMULATED,Reuse,TD-SV4,K,SIM-ABL-0-0035,4.3737368776800585
SIMULATED,Reuse,TD-SV4,K,SIM-ABL-0-0036,3.0101726285286463
SIMULATED,Reuse,TD-SV4,K,SIM-ABL-0-0037,-6.421799984033926
SIMULATED,Reuse,TD-SV4,K,SIM-ABL-0-0038,-0.9575100849110743
SIMULATED,Reuse,TD-SV4,K,SIM-ABL-0-0039,2.015146720788926
SIMULATED,Reuse,TD-SV4,K,SIM-ABL-0-0040,7.458038467197451
SIMULATED,Reuse,TD-SV4,K,SIM-ABL-0-0041,4.333931810508943
SIMULATED,Reuse,TD-SV4,K,SIM-ABL-0-0042,10.790885341407268
SIMULATED,Reuse,TD-SV4,K,SIM-ABL-0-0043,-0.5816817566257746
SIMULATED,Reuse,TD-SV4,K,SIM-ABL-0-0044,-4.750861292777287
SIMULATED,Reuse,TD-SV4,K,SIM-ABL-0-0045,-4.712623463254237
SIMULATED,Reuse,TD-SV4,K,SIM-ABL-0-0046,-6.558143144161969
SIMULATED,Reuse,TD-SV4,K,SIM-ABL-0-0047,-5.095373745005411
SIMULATED,Reuse,TD-SV4,K,SIM-ABL-0-0048,8.983054604511224
SIMULATED,Reuse,TD-SV4,K,SIM-ABL-0-0049,7.783078424005261
SIMULATED,Reuse,TD-SV4,K,SIM-ABL-0-0050,-8.203866165614233
SIMULATED,Reuse,TD-SV4,K,SIM-ABL-0-0051,-12.796006888140193
SIMULATED,Reuse,TD-SV4,K,SIM-ABL-0-0052,5.148378316550485
SIMULATED,Reuse,TD-SV4,K,SIM-ABL-0-0053,4.7844787848719115
SIMULATED,Reuse,TD-SV4,K,SIM-ABL-0-0054,6.534193280649832
SIMULATED,Reuse,TD-SV4,K,SIM-ABL-0-0055,-8.407294956277829
SIMULATED,Reuse,TD-SV4,K,SIM-ABL-0-0056,5.035405277936407
SIMULATED,Reuse,TD-SV4,K,SIM-ABL-0-0057,-1.5796447371560092
SIMULATED,Reuse,TD-SV4,K,SIM-ABL-0-0058,-6.828724386493176
SIMULATED,Reuse,TD-SV4,K,SIM-ABL-0-0059,3.991811148273722
SIMULATED,Reuse,TD-SV4,K,SIM-ABL-0-0060,1.5189244749054778
SIMULATED,Reuse,TD-SV4,K,SIM-ABL-0-0061,3.1770663702095634
SIMULATED,Reuse,TD-SV4,K,SIM-ABL-0-0062,6.690840352154092
SIMULATED,Reuse,TD-SV4,K,SIM-ABL-0-0063,-4.021611474062807
SIMULATED,Reuse,TD-SV4,K,SIM-ABL-0-0064,-0.16105747510237634
SIMULATED,Reuse,TD-SV4,K,SIM-ABL-0-0065,3.466255892755028
SIMULATED,Reuse,TD-SV4,K,SIM-ABL-0-0066,2.403363221120833
SIMULATED,Reuse,TD-SV4,K,SIM-ABL-0-0067,2.0522923897018965
SIMULATED,Reuse,TD-SV4,K,SIM-ABL-0-0068,1.5387573386769415
SIMULATED,Reuse,TD-SV4,K,SIM-ABL-0-0069,-4.026730972075336
SIMULATED,Reuse,TD-SV4,K,SIM-ABL-0-0070,-16.16842639905672
SIMULATED,Reuse,TD-SV4,K,SIM-ABL-0-0071,-3.141226848320995
SIMULATED,Reuse,TD-SV4,K,SIM-ABL-0-0072,1.599359812144903
SIMULATED,Reuse,TD-SV4,K,SIM-ABL-0-0073,3.2478006132129287
SIMULATED,Reuse,TD-SV4,K,SIM-ABL-0-0074,-1.5380068310363266
SIMULATED,Reuse,TD-SV4,K,SIM-ABL-0-0075,17.687211029971127
SIMULATED,Reuse,TD-SV4,K,SIM-ABL-0-0076,-5.179790760547558
SIMULATED,Reuse,TD-SV4,K,SIM-ABL-0-0077,-5.867407638229423
SIMULATED,Reuse,TD-SV4,K,SIM-ABL-0-0078,-7.010295605271104
SIMULATED,Reuse,TD-SV4,K,SIM-ABL-0-0079,2.276029616321934
SIMULATED,Reuse,TD-SV4,K,SIM-ABL-0-0080,6.280676510092798
SIMULATED,Reuse,TD-SV4,K,SIM-ABL-0-0081,-4.916948557032567
SIMULATED,Reuse,TD-SV4,K,SIM-ABL-0-0082,1.0849539548159246
SIMULATED,Reuse,TD-SV4,K,SIM-ABL-0-0083,3.8897118541231106
SIMULATED,Reuse,TD-SV4,K,SIM-ABL-0-0084,4.199177311468011
SIMULATED,Reuse,TD-SV4,K,SIM-ABL-0-0085,-1.877938813502256
SIMULATED,Reuse,TD-SV4,K,SIM-ABL-0-0086,-1.265629746308376
SIMULATED,Reuse,TD-SV4,K,SIM-ABL-0-0087,-18.33091546436042
SIMULATED,Reuse,TD-SV4,K,SIM-ABL-0-0088,7.9692815934791295
SIMULATED,Reuse,TD-SV4,K,SIM-ABL-0-0089,-10.246438171672082
SIMULATED,Reuse,TD-SV4,K,SIM-ABL-0-0090,9.119646625179387
SIMULATED,Reuse,TD-SV4,K,SIM-ABL-0-0091,-7.560939188558507
SIMULATED,Reuse,TD-SV4,K,SIM-ABL-0-0092,-0.9244053990560142
SIMULATED,Reuse,TD-SV4,K,SIM-ABL-0-0093,16.51384729127259
SIMULATED,Reuse,TD-SV4,K,SIM-ABL-0-0094,1.310931803133163
SIMULATED,Reuse,TD-SV4,K,SIM-ABL-0-0095,-1.6586750595504056
SIMULATED,Reuse,TD-SV4,K,SIM-ABL-0-0096,-6.730374757402844
SIMULATED,Reuse,TD-SV4,K,SIM-ABL-0-0097,5.415703649886305
SIMULATED,Reuse,TD-SV4,K,SIM-ABL-0-0098,2.1913003205377684
SIMULATED,Reuse,TD-SV4,K,SIM-ABL-0-0099,-10.89968716155723
SIMULATED,Reuse,TD-SV4,K,SIM-ABL-0-0100,17.768335727983885
SIMULATED,Reuse,TD-SV4,K,SIM-ABL-0-0101,-0.023496141162037354
SIMULATED,Reuse,TD-SV4,K,SIM-ABL-0-0102,1.6514049431286946
SIMULATED,Reuse,TD-SV4,K,SIM-ABL-0-0103,0.29492843357927767
SIMULATED,Reuse,TD-SV4,K,SIM-ABL-0-0104,-1.5454705221894351
SIMULATED,Reuse,TD-SV4,K,SIM-ABL-0-0105,7.468256036628697
SIMULATED,Reuse,TD-SV4,K,SIM-ABL-0-0106,4.317535504125294
SIMULATED,Reuse,TD-SV4,K,SIM-ABL-0-0107,4.00902699796321
SIMULATED,Reuse,TD-SV4,K,SIM-ABL-0-0108,1.5335279219301672
SIMULATED,Reuse,TD-SV4,K,SIM-ABL-0-0109,9.237065051369784
SIMULATED,Reuse,TD-SV4,K,SIM-ABL-0-0110,8.737974407914137
SIMULATED,Reuse,TD-SV4,K,SIM-ABL-0-0111,6.229468299355213
SIMULATED,Reuse,TD-SV4,K,SIM-ABL-0-0112,-1.0761847060038172
SIMULATED,Reuse,TD-SV4,K,SIM-ABL-0-0113,7.458751278928297
SIMULATED,Reuse,TD-SV4,K,SIM-ABL-0-0114,-4.68784694173814
SIMULATED,Reuse,TD-SV4,K,SIM-ABL-0-0115,-1.216349352765941
SIMULATED,Reuse,TD-SV4,K,SIM-ABL-0-0116,10.090665830154713
SIMULATED,Reuse,TD-SV4,K,SIM-ABL-0-0117,0.1434652299946445
SIMULATED,Reuse,TD-SV4,K,SIM-ABL-0-0118,-10.310788762747158
SIMULATED,Reuse,TD-SV4,K,SIM-ABL-0-0119,9.022490376336748
SIMULATED,Reuse,TD-SV4,K,SIM-ABL-0-0120,2.9820642558112955
SIMULATED,Reuse,TD-SV4,K,SIM-ABL-0-0121,-3.6008076125384876
SIMULATED,Reuse,TD-SV4,K,SIM-ABL-0-0122,0.30258759417201153
SIMULATED,Reuse,TD-SV4,K,SIM-ABL-0-0123,-1.2226073380557239
SIMULATED,Reuse,TD-SV4,K,SIM-ABL-0-0124,6.297259012559405
SIMULATED,Reuse,TD-SV4,K,SIM-ABL-0-0125,16.45112729659405
SIMULATED,Reuse,TD-SV4,K,SIM-ABL-0-0126,9.755451218408764
SIMULATED,Reuse,TD-SV4,K,SIM-ABL-0-0127,7.048642779785256
SIMULATED,Reuse,TD-SV4,K,SIM-ABL-0-0128,-1.8703120786052132
SIMULATED,Reuse,TD-SV4,K,SIM-ABL-0-0129,-10.018801485955045
SIMULATED,Reuse,TD-SV4,K,SIM-ABL-0-0130,-9.14629927928825
SIMULATED,Reuse,TD-SV4,K,SIM-ABL-0-0131,-5.7497426394164535
SIMULATED,Reuse,TD-SV4,K,SIM-ABL-0-0132,12.464848327119638
SIMULATED,Reuse,TD-SV4,K,SIM-ABL-0-0133,-1.459982779258418
SIMULATED,Reuse,TD-SV4,K,SIM-ABL-0-0134,3.5979510889796282
SIMULATED,Reuse,TD-SV4,K,SIM-ABL-0-0135,-2.924547414530045
SIMULATED,Reuse,TD-SV4,K,SIM-ABL-0-0136,-4.877883772202191
SIMULATED,Reuse,TD-SV4,K,SIM-ABL-0-0137,-3.6099219678329795
SIMULATED,Reuse,TD-SV4,K,SIM-ABL-0-0138,6.693095848233085
SIMULATED,Reuse,TD-SV4,K,SIM-ABL-0-0139,-6.836868913207798
SIMULATED,Reuse,TD-SV4,K,SIM-ABL-0-0140,-0.43939647390534486
SIMULATED,Reuse,TD-SV4,K,SIM-ABL-0-0141,-8.148678845234759
SIMULATED,Reuse,TD-SV4,K,SIM-ABL-0-0142,0.4150366809838292
SIMULATED,Reuse,TD-SV4,K,SIM-ABL-0-0143,6.584849716280395
SIMULATED,Reuse,TD-SV4,K,SIM-ABL-0-0144,-3.5189634669134997
SIMULATED,Reuse,TD-SV4,K,SIM-ABL-0-0145,6.510539225218507
SIMULATED,Reuse,TD-SV4,K,SIM-ABL-0-0146,9.569112070495422
SIMULATED,Reuse,TD-SV4,K,SIM-ABL-0-0147,-2.0960597509267935
SIMULATED,Reuse,TD-SV4,K,SIM-ABL-0-0148,3.442209703420458
SIMULATED,Reuse,TD-SV4,K,SIM-ABL-0-0149,0.20555213846579734
SIMULATED,Reuse,TD-SV4,K,SIM-ABL-0-0150,6.118078560765074
SIMULATED,Reuse,TD-SV4,K,SIM-ABL-0-0151,5.1769225447800515
SIMULATED,Reuse,TD-SV4,K,SIM-ABL-0-0152,1.165291967715051
SIMULATED,Reuse,TD-SV4,K,SIM-ABL-0-0153,3.0897835649374756
SIMULATED,Reuse,TD-SV4,K,SIM-ABL-0-0154,-6.854566143195603
SIMULATED,Reuse,TD-SV4,K,SIM-ABL-0-0155,5.242094954688332
SIMULATED,Reuse,TD-SV4,K,SIM-ABL-0-0156,2.819979025674713
SIMULATED,Reuse,TD-SV4,K,SIM-ABL-0-0157,7.172854594421322
SIMULATED,Reuse,TD-SV4,K,SIM-ABL-0-0158,-1.4562491031348057
SIMULATED,Reuse,TD-SV4,K,SIM-ABL-0-0159,3.8128564467383397
SIMULATED,Reuse,TD-SV4,V,SIM-ABL-0-0000,11.632918258362533
SIMULATED,Reuse,TD-SV4,V,SIM-ABL-0-0001,-1.6982821968759154
SIMULATED,Reuse,TD-SV4,V,SIM-ABL-0-0002,1.0557625105369945
SIMULATED,Reuse,TD-SV4,V,SIM-ABL-0-0003,-7.313612375655895
SIMULATED,Reuse,TD-SV4,V,SIM-ABL-0-0004,-1.415386733862114
SIMULATED,Reuse,TD-SV4,V,SIM-ABL-0-0005,7.004464598012644
SIMULATED,Reuse,TD-SV4,V,SIM-ABL-0-0006,-1.1409071132354232
SIMULATED,Reuse,TD-SV4,V,SIM-ABL-0-0007,-8.96124436101668
SIMULATED,Reuse,TD-SV4,V,SIM-ABL-0-0008,8.308258865194263
SIMULATED,Reuse,TD-SV4,V,SIM-ABL-0-0009,2.7270164696163692
SIMULATED,Reuse,TD-SV4,V,SIM-ABL-0-0010,-17.426893923798318
SIMULATED,Reuse,TD-SV4,V,SIM-ABL-0-0011,-1.4503476143006795
SIMULATED,Reuse,TD-SV4,V,SIM-ABL-0-0012,-4.221925464328275
SIMULATED,Reuse,TD-SV4,V,SIM-ABL-0-0013,-10.494772537907071
SIMULATED,Reuse,TD-SV4,V,SIM-ABL-0-0014,-6.5195867223403265
SIMULATED,Reuse,TD-SV4,V,SIM-ABL-0-0015,6.8175376782349915
SIMULATED,Reuse,TD-SV4,V,SIM-ABL-0-0016,7.41221948921137
SIMULATED,Reuse,TD-SV4,V,SIM-ABL-0-0017,4.76757653591607
SIMULATED,Reuse,TD-SV4,V,SIM-ABL-0-0018,-5.613568469548989
SIMULATED,Reuse,TD-SV4,V,SIM-ABL-0-0019,-2.992943429647826
SIMULATED,Reuse,TD-SV4,V,SIM-ABL-0-0020,-2.879574990997752
SIMULATED,Reuse,TD-SV4,V,SIM-ABL-0-0021,8.004312910607883
SIMULATED,Reuse,TD-SV4,V,SIM-ABL-0-0022,-3.9761294437317414
SIMULATED,Reuse,TD-SV4,V,SIM-ABL-0-0023,16.02685787448607
SIMULATED,Reuse,TD-SV4,V,SIM-ABL-0-0024,-2.163673481690915
SIMULATED,Reuse,TD-SV4,V,SIM-ABL-0-0025,8.518588836651485
SIMULATED,Reuse,TD-SV4,V,SIM-ABL-0-0026,16.3514635749339
SIMULATED,Reuse,TD-SV4,V,SIM-ABL-0-0027,-1.430708617823984
SIMULATED,Reuse,TD-SV4,V,SIM-ABL-0-0028,-3.1685564704888387
SIMULATED,Reuse,TD-SV4,V,SIM-ABL-0-0029,4.826556650895682
SIMULATED,Reuse,TD-SV4,V,SIM-ABL-0-0030,11.957274678742086
SIMULATED,Reuse,TD-SV4,V,SIM-ABL-0-0031,2.2254880760502207
SIMULATED,Reuse,TD-SV4,V,SIM-ABL-0-0032,1.7814087010123005
SIMULATED,Reuse,TD-SV4,V,SIM-ABL-0-0033,2.799193751257061
SIMULATED,Reuse,TD-SV4,V,SIM-ABL-0-0034,-9.679477861032787
SIMULATED,Reuse,TD-SV4,V,SIM-ABL-0-0035,15.684393843273366
SIMULATED,Reuse,TD-SV4,V,SIM-ABL-0-0036,-5.625546354056021
SIMULATED,Reuse,TD-SV4,V,SIM-ABL-0-0037,12.338503665957852
SIMULATED,Reuse,TD-SV4,V,SIM-ABL-0-0038,-17.453278316384186
SIMULATED,Reuse,TD-SV4,V,SIM-ABL-0-0039,4.5019856558688485
SIMULATED,Reuse,TD-SV4,V,SIM-ABL-0-0040,7.839647330818563
SIMULATED,Reuse,TD-SV4,V,SIM-ABL-0-0041,12.047356948965803
SIMULATED,Reuse,TD-SV4,V,SIM-ABL-0-0042,-5.595510064178863
SIMULATED,Reuse,TD-SV4,V,SIM-ABL-0-0043,4.354081427698793
SIMULATED,Reuse,TD-SV4,V,SIM-ABL-0-0044,4.428875489576555
SIMULATED,Reuse,TD-SV4,V,SIM-ABL-0-0045,12.449945092259167
SIMULATED,Reuse,TD-SV4,V,SIM-ABL-0-0046,2.2861118814393073
SIMULATED,Reuse,TD-SV4,V,SIM-ABL-0-0047,-1.940884709665308
SIMULATED,Reuse,TD-SV4,V,SIM-ABL-0-0048,-5.886524371471067
SIMULATED,Reuse,TD-SV4,V,SIM-ABL-0-0049,-6.742316269779286
SIMULATED,Reuse,TD-SV4,V,SIM-ABL-0-0050,-10.067816925784019
SIMULATED,Reuse,TD-SV4,V,SIM-ABL-0-0051,1.0409865481549672
SIMULATED,Reuse,TD-SV4,V,SIM-ABL-0-0052,9.907087001147561
SIMULATED,Reuse,TD-SV4,V,SIM-ABL-0-0053,-1.097041973189799
SIMULATED,Reuse,TD-SV4,V,SIM-ABL-0-0054,1.576786098683645
SIMULATED,Reuse,TD-SV4,V,SIM-ABL-0-0055,15.732842146693258
SIMULATED,Reuse,TD-SV4,V,SIM-ABL-0-0056,-2.95730401037543
SIMULATED,Reuse,TD-SV4,V,SIM-ABL-0-0057,8.848107482236113
SIMULATED,Reuse,TD-SV4,V,SIM-ABL-0-0058,1.1700807398345041
SIMULATED,Reuse,TD-SV4,V,SIM-ABL-0-0059,8.688533004396064
SIMULATED,Reuse,TD-SV4,V,SIM-ABL-0-0060,7.991453192221613
SIMULATED,Reuse,TD-SV4,V,SIM-ABL-0-0061,-6.071991439782183
SIMULATED,Reuse,TD-SV4,V,SIM-ABL-0-0062,-1.1642363661617492
SIMULATED,Reuse,TD-SV4,V,SIM-ABL-0-0063,8.439176814322582
SIMULATED,Reuse,TD-SV4,V,SIM-ABL-0-0064,9.267870459266979
SIMULATED,Reuse,TD-SV4,V,SIM-ABL-0-0065,2.459313166941993
SIMULATED,Reuse,TD-SV4,V,SIM-ABL-0-0066,-6.240746335256787
SIMULATED,Reuse,TD-SV4,V,SIM-ABL-0-0067,-2.191352252633706
SIMULATED,Reuse,TD-SV4,V,SIM-ABL-0-0068,5.292323620985207
SIMULATED,Reuse,TD-SV4,V,SIM-ABL-0-0069,1.8785482977632766
SIMULATED,Reuse,TD-SV4,V,SIM-ABL-0-0070,0.33576594916452307
SIMULATED,Reuse,TD-SV4,V,SIM-ABL-0-0071,2.1162155699462692
SIMULATED,Reuse,TD-SV4,V,SIM-ABL-0-0072,21.300499827761335
SIMULATED,Reuse,TD-SV4,V,SIM-ABL-0-0073,-1.670175524543268
SIMULATED,Reuse,TD-SV4,V,SIM-ABL-0-0074,-1.5385965414177725
SIMULATED,Reuse,TD-SV4,V,SIM-ABL-0-0075,-5.654818113022657
SIMULATED,Reuse,TD-SV4,V,SIM-ABL-0-0076,-13.272722413923377
SIMULATED,Reuse,TD-SV4,V,SIM-ABL-0-0077,0.8491488200711945
SIMULATED,Reuse,TD-SV4,V,SIM-ABL-0-0078,-5.967905674034203
SIMULATED,Reuse,TD-SV4,V,SIM-ABL-0-0079,-8.886030319116724
SIMULATED,Reuse,TD-SV4,V,SIM-ABL-0-0080,12.133885834263701
SIMULATED,Reuse,TD-SV4,V,SIM-ABL-0-0081,-3.9949733126562315
SIMULATED,Reuse,TD-SV4,V,SIM-ABL-0-0082,0.9469765923484976
SIMULATED,Reuse,TD-SV4,V,SIM-ABL-0-0083,2.73734141440702
SIMULATED,Reuse,TD-SV4,V,SIM-ABL-0-0084,-0.20540537167271622
SIMULATED,Reuse,TD-SV4,V,SIM-ABL-0-0085,-1.9245906087141686
SIMULATED,Reuse,TD-SV4,V,SIM-ABL-0-0086,13.973450464469938
SIMULATED,Reuse,TD-SV4,V,SIM-ABL-0-0087,-5.580647383488101
SIMULATED,Reuse,TD-SV4,V,SIM-ABL-0-0088,-6.670517529045719
SIMULATED,Reuse,TD-SV4,V,SIM-ABL-0-0089,-11.272846846284269
SIMULATED,Reuse,TD-SV4,V,SIM-ABL-0-0090,-2.1394109425969545
SIMULATED,Reuse,TD-SV4,V,SIM-ABL-0-0091,-0.4361963692242019
SIMULATED,Reuse,TD-SV4,V,SIM-ABL-0-0092,8.884881202533636
SIMULATED,Reuse,TD-SV4,V,SIM-ABL-0-0093,2.9058851037479796
SIMULATED,Reuse,TD-SV4,V,SIM-ABL-0-0094,-1.2256659922620479
SIMULATED,Reuse,TD-SV4,V,SIM-ABL-0-0095,-2.217213182326799
SIMULATED,Reuse,TD-SV4,V,SIM-ABL-0-0096,-1.6863721592445815
SIMULATED,Reuse,TD-SV4,V,SIM-ABL-0-0097,-2.1047627009079815
SIMULATED,Reuse,TD-SV4,V,SIM-ABL-0-0098,-4.901553794453791
SIMULATED,Reuse,TD-SV4,V,SIM-ABL-0-0099,2.910748095160607
SIMULATED,Reuse,TD-SV4,V,SIM-ABL-0-0100,7.148881308643443
SIMULATED,Reuse,TD-SV4,V,SIM-ABL-0-0101,-4.910526335451416
SIMULATED,Reuse,TD-SV4,V,SIM-ABL-0-0102,-3.803541434750076
SIMULATED,Reuse,TD-SV4,V,SIM-ABL-0-0103,10.892202583710532
SIMULATED,Reuse,TD-SV4,V,SIM-ABL-0-0104,4.187057863813371
SIMULATED,Reuse,TD-SV4,V,SIM-ABL-0-0105,-1.1527830051256247
SIMULATED,Reuse,TD-SV4,V,SIM-ABL-0-0106,2.0312882112160087
SIMULATED,Reuse,TD-SV4,V,SIM-ABL-0-0107,6.653645974792059
SIMULATED,Reuse,TD-SV4,V,SIM-ABL-0-0108,-17.510848661502866
SIMULATED,Reuse,TD-SV4,V,SIM-ABL-0-0109,6.199453465652583
SIMULATED,Reuse,TD-SV4,V,SIM-ABL-0-0110,9.229598355445987
SIMULATED,Reuse,TD-SV4,V,SIM-ABL-0-0111,-1.0239117819469041
SIMULATED,Reuse,TD-SV4,V,SIM-ABL-0-0112,11.562646277539187
SIMULATED,Reuse,TD-SV4,V,SIM-ABL-0-0113,-1.8546072301576677
SIMULATED,Reuse,TD-SV4,V,SIM-ABL-0-0114,-0.5633469546220082
SIMULATED,Reuse,TD-SV4,V,SIM-ABL-0-0115,-21.347512070010666
SIMULATED,Reuse,TD-SV4,V,SIM-ABL-0-0116,-1.6194884191219594
SIMULATED,Reuse,TD-SV4,V,SIM-ABL-0-0117,7.8737956015548205
SIMULATED,Reuse,TD-SV4,V,SIM-ABL-0-0118,12.736588350542592
SIMULATED,Reuse,TD-SV4,V,SIM-ABL-0-0119,8.707423474240304
SIMULATED,Reuse,TD-SV4,V,SIM-ABL-0-0120,9.635258844956134
SIMULATED,Reuse,TD-SV4,V,SIM-ABL-0-0121,1.2359568447423175
SIMULATED,Reuse,TD-SV4,V,SIM-ABL-0-0122,17.92023607092782
SIMULATED,Reuse,TD-SV4,V,SIM-ABL-0-0123,1.3689286288230673
SIMULATED,Reuse,TD-SV4,V,SIM-ABL-0-0124,-6.404132167736951
SIMULATED,Reuse,TD-SV4,V,SIM-ABL-0-0125,13.08855415074957
SIMULATED,Reuse,TD-SV4,V,SIM-ABL-0-0126,-6.901279823419373
SIMULATED,Reuse,TD-SV4,V,SIM-ABL-0-0127,-15.725772777822158
SIMULATED,Reuse,TD-SV4,V,SIM-ABL-0-0128,8.452317092317301
SIMULATED,Reuse,TD-SV4,V,SIM-ABL-0-0129,-1.4179582833417816
SIMULATED,Reuse,TD-SV4,V,SIM-ABL-0-0130,2.5851903706424846
SIMULATED,Reuse,TD-SV4,V,SIM-ABL-0-0131,7.405675438926412
SIMULATED,Reuse,TD-SV4,V,SIM-ABL-0-0132,-21.979855014861442
SIMULATED,Reuse,TD-SV4,V,SIM-ABL-0-0133,-1.362271209126789
SIMULATED,Reuse,TD-SV4,V,SIM-ABL-0-0134,-7.135203434969428
SIMULATED,Reuse,TD-SV4,V,SIM-ABL-0-0135,8.445741486246522
SIMULATED,Reuse,TD-SV4,V,SIM-ABL-0-0136,-2.6672371288763204
SIMULATED,Reuse,TD-SV4,V,SIM-ABL-0-0137,-1.5432629473205384
SIMULATED,Reuse,TD-SV4,V,SIM-ABL-0-0138,-0.48082906731262964
SIMULATED,Reuse,TD-SV4,V,SIM-ABL-0-0139,-5.711088409806694
SIMULATED,Reuse,TD-SV4,V,SIM-ABL-0-0140,-0.617193823607693
SIMULATED,Reuse,TD-SV4,V,SIM-ABL-0-0141,-12.05414154950725
SIMULATED,Reuse,TD-SV4,V,SIM-ABL-0-0142,-0.1579184577629409
SIMULATED,Reuse,TD-SV4,V,SIM-ABL-0-0143,-11.826911786869008
SIMULATED,Reuse,TD-SV4,V,SIM-ABL-0-0144,-4.048639983234068
SIMULATED,Reuse,TD-SV4,V,SIM-ABL-0-0145,2.4189681600166244
SIMULATED,Reuse,TD-SV4,V,SIM-ABL-0-0146,-7.013321820998092
SIMULATED,Reuse,TD-SV4,V,SIM-ABL-0-0147,3.107145583791341
SIMULATED,Reuse,TD-SV4,V,SIM-ABL-0-0148,-1.0893009819428316
SIMULATED,Reuse,TD-SV4,V,SIM-ABL-0-0149,-6.794947051427299
SIMULATED,Reuse,TD-SV4,V,SIM-ABL-0-0150,6.052746035110366
SIMULATED,Reuse,TD-SV4,V,SIM-ABL-0-0151,0.14229182329014245
SIMULATED,Reuse,TD-SV4,V,SIM-ABL-0-0152,-1.3392622555255493
SIMULATED,Reuse,TD-SV4,V,SIM-ABL-0-0153,13.152544453075281
SIMULATED,Reuse,TD-SV4,V,SIM-ABL-0-0154,11.492082777405175
SIMULATED,Reuse,TD-SV4,V,SIM-ABL-0-0155,-4.2326084065013365
SIMULATED,Reuse,TD-SV4,V,SIM-ABL-0-0156,4.463645995850401
SIMULATED,Reuse,TD-SV4,V,SIM-ABL-0-0157,12.768181968942276
SIMULATED,Reuse,TD-SV4,V,SIM-ABL-0-0158,-7.47891305059607
SIMULATED,Reuse,TD-SV4,V,SIM-ABL-0-0159,15.876771538660178
SIMULATED,Reuse,TD-SV4,T,SIM-ABL-0-0000,1.4784321821094344
SIMULATED,Reuse,TD-SV4,T,SIM-ABL-0-0001,1.8490153703712808
SIMULATED,Reuse,TD-SV4,T,SIM-ABL-0-0002,6.538534831507037
SIMULATED,Reuse,TD-SV4,T,SIM-ABL-0-0003,6.597106123674708
SIMULATED,Reuse,TD-SV4,T,SIM-ABL-0-0004,10.846664933978964
SIMULATED,Reuse,TD-SV4,T,SIM-ABL-0-0005,9.676618176291184
SIMULATED,Reuse,TD-SV4,T,SIM-ABL-0-0006,5.442833604593199
SIMULATED,Reuse,TD-SV4,T,SIM-ABL-0-0007,4.920277072611239
SIMULATED,Reuse,TD-SV4,T,SIM-ABL-0-0008,-3.9370311015801205
SIMULATED,Reuse,TD-SV4,T,SIM-ABL-0-0009,-0.6716470205322036
SIMULATED,Reuse,TD-SV4,T,SIM-ABL-0-0010,-8.6792031345871
SIMULATED,Reuse,TD-SV4,T,SIM-ABL-0-0011,5.120607362937853
SIMULATED,Reuse,TD-SV4,T,SIM-ABL-0-0012,23.262809228098153
SIMULATED,Reuse,TD-SV4,T,SIM-ABL-0-0013,12.159946439246486
SIMULATED,Reuse,TD-SV4,T,SIM-ABL-0-0014,4.896070512722331
SIMULATED,Reuse,TD-SV4,T,SIM-ABL-0-0015,-2.3416455193956978
SIMULATED,Reuse,TD-SV4,T,SIM-ABL-0-0016,-3.459533456950913
SIMULATED,Reuse,TD-SV4,T,SIM-ABL-0-0017,3.8032230517615733
SIMULATED,Reuse,TD-SV4,T,SIM-ABL-0-0018,13.175622186605231
SIMULATED,Reuse,TD-SV4,T,SIM-ABL-0-0019,14.85908237081993
SIMULATED,Reuse,TD-SV4,T,SIM-ABL-0-0020,4.814539588266712
SIMULATED,Reuse,TD-SV4,T,SIM-ABL-0-0021,-0.01617347020109161
SIMULATED,Reuse,TD-SV4,T,SIM-ABL-0-0022,0.5803754977084923
SIMULATED,Reuse,TD-SV4,T,SIM-ABL-0-0023,1.070092694232641
SIMULATED,Reuse,TD-SV4,T,SIM-ABL-0-0024,10.73102131945161
SIMULATED,Reuse,TD-SV4,T,SIM-ABL-0-0025,8.976561628974643
SIMULATED,Reuse,TD-SV4,T,SIM-ABL-0-0026,2.7673653163532226
SIMULATED,Reuse,TD-SV4,T,SIM-ABL-0-0027,-1.5350393845637704
SIMULATED,Reuse,TD-SV4,T,SIM-ABL-0-0028,2.390086021902216
SIMULATED,Reuse,TD-SV4,T,SIM-ABL-0-0029,3.8439120929691133
SIMULATED,Reuse,TD-SV4,T,SIM-ABL-0-0030,-13.730406265188527
SIMULATED,Reuse,TD-SV4,T,SIM-ABL-0-0031,2.17087980309694
SIMULATED,Reuse,TD-SV4,T,SIM-ABL-0-0032,3.168912494860736
SIMULATED,Reuse,TD-SV4,T,SIM-ABL-0-0033,2.7267598346242194
SIMULATED,Reuse,TD-SV4,T,SIM-ABL-0-0034,7.795524874005137
SIMULATED,Reuse,TD-SV4,T,SIM-ABL-0-0035,9.357870309233167
SIMULATED,Reuse,TD-SV4,T,SIM-ABL-0-0036,-6.143357084120849
SIMULATED,Reuse,TD-SV4,T,SIM-ABL-0-0037,14.947721029755934
SIMULATED,Reuse,TD-SV4,T,SIM-ABL-0-0038,19.985228630879348
SIMULATED,Reuse,TD-SV4,T,SIM-ABL-0-0039,3.4991049750304986
SIMULATED,Reuse,TD-SV4,T,SIM-ABL-0-0040,2.640634581958761
SIMULATED,Reuse,TD-SV4,T,SIM-ABL-0-0041,-2.628313810407084
SIMULATED,Reuse,TD-SV4,T,SIM-ABL-0-0042,-6.641816178085119
SIMULATED,Reuse,TD-SV4,T,SIM-ABL-0-0043,0.5041500910907635
SIMULATED,Reuse,TD-SV4,T,SIM-ABL-0-0044,-0.2179459106410775
SIMULATED,Reuse,TD-SV4,T,SIM-ABL-0-0045,8.365831984296086
SIMULATED,Reuse,TD-SV4,T,SIM-ABL-0-0046,2.8658632974153315
SIMULATED,Reuse,TD-SV4,T,SIM-ABL-0-0047,8.98393016351401
SIMULATED,Reuse,TD-SV4,T,SIM-ABL-0-0048,11.50198849022634
SIMULATED,Reuse,TD-SV4,T,SIM-ABL-0-0049,-5.3525326220509495
SIMULATED,Reuse,TD-SV4,T,SIM-ABL-0-0050,-6.605540363290348
SIMULATED,Reuse,TD-SV4,T,SIM-ABL-0-0051,-1.7249688343685428
SIMULATED,Reuse,TD-SV4,T,SIM-ABL-0-0052,-4.418893149101468
SIMULATED,Reuse,TD-SV4,T,SIM-ABL-0-0053,-9.66120635785426
SIMULATED,Reuse,TD-SV4,T,SIM-ABL-0-0054,4.486263048075935
SIMULATED,Reuse,TD-SV4,T,SIM-ABL-0-0055,-11.135307728509533
SIMULATED,Reuse,TD-SV4,T,SIM-ABL-0-0056,3.7494584644493596
SIMULATED,Reuse,TD-SV4,T,SIM-ABL-0-0057,1.876098945595161
SIMULATED,Reuse,TD-SV4,T,SIM-ABL-0-0058,16.530404114155598
SIMULATED,Reuse,TD-SV4,T,SIM-ABL-0-0059,-14.381941941252045
SIMULATED,Reuse,TD-SV4,T,SIM-ABL-0-0060,4.121796734757737
SIMULATED,Reuse,TD-SV4,T,SIM-ABL-0-0061,-7.614723739662079
SIMULATED,Reuse,TD-SV4,T,SIM-ABL-0-0062,-2.09600441419789
SIMULATED,Reuse,TD-SV4,T,SIM-ABL-0-0063,-0.20007485403078906
SIMULATED,Reuse,TD-SV4,T,SIM-ABL-0-0064,4.23535061640977
SIMULATED,Reuse,TD-SV4,T,SIM-ABL-0-0065,7.177091708390488
SIMULATED,Reuse,TD-SV4,T,SIM-ABL-0-0066,9.49887302393393
SIMULATED,Reuse,TD-SV4,T,SIM-ABL-0-0067,7.660367391079511
SIMULATED,Reuse,TD-SV4,T,SIM-ABL-0-0068,9.397475874105888
SIMULATED,Reuse,TD-SV4,T,SIM-ABL-0-0069,0.24409927114383656
SIMULATED,Reuse,TD-SV4,T,SIM-ABL-0-0070,7.06962575499162
SIMULATED,Reuse,TD-SV4,T,SIM-ABL-0-0071,0.3554353849760883
SIMULATED,Reuse,TD-SV4,T,SIM-ABL-0-0072,6.220414556500625
SIMULATED,Reuse,TD-SV4,T,SIM-ABL-0-0073,-13.299716438364499
SIMULATED,Reuse,TD-SV4,T,SIM-ABL-0-0074,-4.71331633390264
SIMULATED,Reuse,TD-SV4,T,SIM-ABL-0-0075,6.992665497305119
SIMULATED,Reuse,TD-SV4,T,SIM-ABL-0-0076,13.235421370535596
SIMULATED,Reuse,TD-SV4,T,SIM-ABL-0-0077,11.32088522111454
SIMULATED,Reuse,TD-SV4,T,SIM-ABL-0-0078,2.129396693525439
SIMULATED,Reuse,TD-SV4,T,SIM-ABL-0-0079,13.513684348885302
SIMULATED,Reuse,TD-SV4,T,SIM-ABL-0-0080,3.858775092821261
SIMULATED,Reuse,TD-SV4,T,SIM-ABL-0-0081,-3.387633347740219
SIMULATED,Reuse,TD-SV4,T,SIM-ABL-0-0082,7.546387531393719
SIMULATED,Reuse,TD-SV4,T,SIM-ABL-0-0083,9.452516069652397
SIMULATED,Reuse,TD-SV4,T,SIM-ABL-0-0084,-7.739230995178323
SIMULATED,Reuse,TD-SV4,T,SIM-ABL-0-0085,-0.6165113350100597
SIMULATED,Reuse,TD-SV4,T,SIM-ABL-0-0086,15.25612097915696
SIMULATED,Reuse,TD-SV4,T,SIM-ABL-0-0087,8.308347417852005
SIMULATED,Reuse,TD-SV4,T,SIM-ABL-0-0088,1.86029894374889
SIMULATED,Reuse,TD-SV4,T,SIM-ABL-0-0089,-4.883683856670283
SIMULATED,Reuse,TD-SV4,T,SIM-ABL-0-0090,-0.40215512907313666
SIMULATED,Reuse,TD-SV4,T,SIM-ABL-0-0091,27.087669954799733
SIMULATED,Reuse,TD-SV4,T,SIM-ABL-0-0092,7.801303393681385
SIMULATED,Reuse,TD-SV4,T,SIM-ABL-0-0093,3.9339446399453957
SIMULATED,Reuse,TD-SV4,T,SIM-ABL-0-0094,1.7715990103084707
SIMULATED,Reuse,TD-SV4,T,SIM-ABL-0-0095,6.034677567679713
SIMULATED,Reuse,TD-SV4,T,SIM-ABL-0-0096,-5.246696556919661
SIMULATED,Reuse,TD-SV4,T,SIM-ABL-0-0097,-18.497355445203407
SIMULATED,Reuse,TD-SV4,T,SIM-ABL-0-0098,5.89834346410853
SIMULATED,Reuse,TD-SV4,T,SIM-ABL-0-0099,6.730633074279971
SIMULATED,Reuse,TD-SV4,T,SIM-ABL-0-0100,-6.810606537805981
SIMULATED,Reuse,TD-SV4,T,SIM-ABL-0-0101,-2.5819520437924712
SIMULATED,Reuse,TD-SV4,T,SIM-ABL-0-0102,-2.048240031663341
SIMULATED,Reuse,TD-SV4,T,SIM-ABL-0-0103,1.6569400709071975
SIMULATED,Reuse,TD-SV4,T,SIM-ABL-0-0104,4.058916496553668
SIMULATED,Reuse,TD-SV4,T,SIM-ABL-0-0105,-12.692092946957853
SIMULATED,Reuse,TD-SV4,T,SIM-ABL-0-0106,-1.35457566893965
SIMULATED,Reuse,TD-SV4,T,SIM-ABL-0-0107,5.352438109469473
SIMULATED,Reuse,TD-SV4,T,SIM-ABL-0-0108,-0.6423303831562519
SIMULATED,Reuse,TD-SV4,T,SIM-ABL-0-0109,3.084207228653664
SIMULATED,Reuse,TD-SV4,T,SIM-ABL-0-0110,-5.73486066618743
SIMULATED,Reuse,TD-SV4,T,SIM-ABL-0-0111,-6.101625769861361
SIMULATED,Reuse,TD-SV4,T,SIM-ABL-0-0112,8.560461902938014
SIMULATED,Reuse,TD-SV4,T,SIM-ABL-0-0113,-18.140532268326478
SIMULATED,Reuse,TD-SV4,T,SIM-ABL-0-0114,3.4873068400347544
SIMULATED,Reuse,TD-SV4,T,SIM-ABL-0-0115,-0.1254922840365289
SIMULATED,Reuse,TD-SV4,T,SIM-ABL-0-0116,-4.975549373955506
SIMULATED,Reuse,TD-SV4,T,SIM-ABL-0-0117,-2.4250991563612745
SIMULATED,Reuse,TD-SV4,T,SIM-ABL-0-0118,2.4075925795202773
SIMULATED,Reuse,TD-SV4,T,SIM-ABL-0-0119,12.705615750095307
SIMULATED,Reuse,TD-SV4,T,SIM-ABL-0-0120,6.5400731889118955
SIMULATED,Reuse,TD-SV4,T,SIM-ABL-0-0121,9.425163066851049
SIMULATED,Reuse,TD-SV4,T,SIM-ABL-0-0122,-5.2618378656143445
SIMULATED,Reuse,TD-SV4,T,SIM-ABL-0-0123,-2.4229413945851848
SIMULATED,Reuse,TD-SV4,T,SIM-ABL-0-0124,-12.260679550886316
SIMULATED,Reuse,TD-SV4,T,SIM-ABL-0-0125,8.899125717980578
SIMULATED,Reuse,TD-SV4,T,SIM-ABL-0-0126,5.631347209323147
SIMULATED,Reuse,TD-SV4,T,SIM-ABL-0-0127,-0.994334978896557
SIMULATED,Reuse,TD-SV4,T,SIM-ABL-0-0128,12.43412848112092
SIMULATED,Reuse,TD-SV4,T,SIM-ABL-0-0129,1.2238078080879724
SIMULATED,Reuse,TD-SV4,T,SIM-ABL-0-0130,13.166570182968957
SIMULATED,Reuse,TD-SV4,T,SIM-ABL-0-0131,18.64938081021377
SIMULATED,Reuse,TD-SV4,T,SIM-ABL-0-0132,-1.5960794136796563
SIMULATED,Reuse,TD-SV4,T,SIM-ABL-0-0133,1.312761828745593
SIMULATED,Reuse,TD-SV4,T,SIM-ABL-0-0134,-0.681847356733293
SIMULATED,Reuse,TD-SV4,T,SIM-ABL-0-0135,8.354247640499516
SIMULATED,Reuse,TD-SV4,T,SIM-ABL-0-0136,4.78543021481875
SIMULATED,Reuse,TD-SV4,T,SIM-ABL-0-0137,-3.880345436161279
SIMULATED,Reuse,TD-SV4,T,SIM-ABL-0-0138,3.1617122269794207
SIMULATED,Reuse,TD-SV4,T,SIM-ABL-0-0139,16.47507518133873
SIMULATED,Reuse,TD-SV4,T,SIM-ABL-0-0140,3.28686303800257
SIMULATED,Reuse,TD-SV4,T,SIM-ABL-0-0141,1.5541041759209637
SIMULATED,Reuse,TD-SV4,T,SIM-ABL-0-0142,3.8897236837381697
SIMULATED,Reuse,TD-SV4,T,SIM-ABL-0-0143,8.18011798594471
SIMULATED,Reuse,TD-SV4,T,SIM-ABL-0-0144,7.964233891988525
SIMULATED,Reuse,TD-SV4,T,SIM-ABL-0-0145,-1.4875537620808696
SIMULATED,Reuse,TD-SV4,T,SIM-ABL-0-0146,10.240515715945712
SIMULATED,Reuse,TD-SV4,T,SIM-ABL-0-0147,15.717683318605477
SIMULATED,Reuse,TD-SV4,T,SIM-ABL-0-0148,8.974455105653162
SIMULATED,Reuse,TD-SV4,T,SIM-ABL-0-0149,9.191127565718649
SIMULATED,Reuse,TD-SV4,T,SIM-ABL-0-0150,10.198107719525444
SIMULATED,Reuse,TD-SV4,T,SIM-ABL-0-0151,-2.4059150941586225
SIMULATED,Reuse,TD-SV4,T,SIM-ABL-0-0152,5.0300283272623085
SIMULATED,Reuse,TD-SV4,T,SIM-ABL-0-0153,-6.990589204803344
SIMULATED,Reuse,TD-SV4,T,SIM-ABL-0-0154,6.341751549344741
SIMULATED,Reuse,TD-SV4,T,SIM-ABL-0-0155,7.109437367264423
SIMULATED,Reuse,TD-SV4,T,SIM-ABL-0-0156,0.12926804066186737
SIMULATED,Reuse,TD-SV4,T,SIM-ABL-0-0157,12.712727199194138
SIMULATED,Reuse,TD-SV4,T,SIM-ABL-0-0158,5.716989227465466
SIMULATED,Reuse,TD-SV4,T,SIM-ABL-0-0159,-1.5229118570372737
SIMULATED,Reuse,TD-SV4,Π,SIM-ABL-0-0000,3.233089177610313
SIMULATED,Reuse,TD-SV4,Π,SIM-ABL-0-0001,-15.077000382607448
SIMULATED,Reuse,TD-SV4,Π,SIM-ABL-0-0002,-3.147916220068435
SIMULATED,Reuse,TD-SV4,Π,SIM-ABL-0-0003,-1.8820922582080462
SIMULATED,Reuse,TD-SV4,Π,SIM-ABL-0-0004,2.2062276167756254
SIMULATED,Reuse,TD-SV4,Π,SIM-ABL-0-0005,-11.370719714751385
SIMULATED,Reuse,TD-SV4,Π,SIM-ABL-0-0006,6.039336109484665
SIMULATED,Reuse,TD-SV4,Π,SIM-ABL-0-0007,5.114294555696453
SIMULATED,Reuse,TD-SV4,Π,SIM-ABL-0-0008,-0.6008453333491945
SIMULATED,Reuse,TD-SV4,Π,SIM-ABL-0-0009,15.906293644614568
SIMULATED,Reuse,TD-SV4,Π,SIM-ABL-0-0010,3.0107489274968757
SIMULATED,Reuse,TD-SV4,Π,SIM-ABL-0-0011,2.3040226016761096
SIMULATED,Reuse,TD-SV4,Π,SIM-ABL-0-0012,10.228594581758589
SIMULATED,Reuse,TD-SV4,Π,SIM-ABL-0-0013,10.61842111706699
SIMULATED,Reuse,TD-SV4,Π,SIM-ABL-0-0014,-0.06607502592256864
SIMULATED,Reuse,TD-SV4,Π,SIM-ABL-0-0015,10.62344551433589
SIMULATED,Reuse,TD-SV4,Π,SIM-ABL-0-0016,5.260182227312114
SIMULATED,Reuse,TD-SV4,Π,SIM-ABL-0-0017,0.3763806227883051
SIMULATED,Reuse,TD-SV4,Π,SIM-ABL-0-0018,-8.136029037657178
SIMULATED,Reuse,TD-SV4,Π,SIM-ABL-0-0019,8.348322481796963
SIMULATED,Reuse,TD-SV4,Π,SIM-ABL-0-0020,0.8484501783816891
SIMULATED,Reuse,TD-SV4,Π,SIM-ABL-0-0021,-2.5185492760155883
SIMULATED,Reuse,TD-SV4,Π,SIM-ABL-0-0022,-1.9224764235305285
SIMULATED,Reuse,TD-SV4,Π,SIM-ABL-0-0023,5.876006206651265
SIMULATED,Reuse,TD-SV4,Π,SIM-ABL-0-0024,-3.4633392663283518
SIMULATED,Reuse,TD-SV4,Π,SIM-ABL-0-0025,7.307655749279117
SIMULATED,Reuse,TD-SV4,Π,SIM-ABL-0-0026,-13.165444583945071
SIMULATED,Reuse,TD-SV4,Π,SIM-ABL-0-0027,-4.03732701638778
SIMULATED,Reuse,TD-SV4,Π,SIM-ABL-0-0028,13.050996552910952
SIMULATED,Reuse,TD-SV4,Π,SIM-ABL-0-0029,-3.743164469023272
SIMULATED,Reuse,TD-SV4,Π,SIM-ABL-0-0030,-6.126982928167247
SIMULATED,Reuse,TD-SV4,Π,SIM-ABL-0-0031,7.954497177438154
SIMULATED,Reuse,TD-SV4,Π,SIM-ABL-0-0032,-10.574072349093033
SIMULATED,Reuse,TD-SV4,Π,SIM-ABL-0-0033,3.6299237495518413
SIMULATED,Reuse,TD-SV4,Π,SIM-ABL-0-0034,9.465468099863994
SIMULATED,Reuse,TD-SV4,Π,SIM-ABL-0-0035,7.361587550726747
SIMULATED,Reuse,TD-SV4,Π,SIM-ABL-0-0036,1.753966534130266
SIMULATED,Reuse,TD-SV4,Π,SIM-ABL-0-0037,16.335740723181573
SIMULATED,Reuse,TD-SV4,Π,SIM-ABL-0-0038,3.3723001990976584
SIMULATED,Reuse,TD-SV4,Π,SIM-ABL-0-0039,6.745930435121775
SIMULATED,Reuse,TD-SV4,Π,SIM-ABL-0-0040,-1.4475866660232182
SIMULATED,Reuse,TD-SV4,Π,SIM-ABL-0-0041,-5.860569586521341
SIMULATED,Reuse,TD-SV4,Π,SIM-ABL-0-0042,10.17572963653711
SIMULATED,Reuse,TD-SV4,Π,SIM-ABL-0-0043,1.0265418777676225
SIMULATED,Reuse,TD-SV4,Π,SIM-ABL-0-0044,-0.11103089681959988
SIMULATED,Reuse,TD-SV4,Π,SIM-ABL-0-0045,-9.391462423640569
SIMULATED,Reuse,TD-SV4,Π,SIM-ABL-0-0046,-4.924366031896134
SIMULATED,Reuse,TD-SV4,Π,SIM-ABL-0-0047,0.29393395802390687
SIMULATED,Reuse,TD-SV4,Π,SIM-ABL-0-0048,0.3587830810105297
SIMULATED,Reuse,TD-SV4,Π,SIM-ABL-0-0049,0.2612309450471897
SIMULATED,Reuse,TD-SV4,Π,SIM-ABL-0-0050,12.855277254568517
SIMULATED,Reuse,TD-SV4,Π,SIM-ABL-0-0051,-0.08495367153203537
SIMULATED,Reuse,TD-SV4,Π,SIM-ABL-0-0052,5.990460067376651
SIMULATED,Reuse,TD-SV4,Π,SIM-ABL-0-0053,2.403438274671595
SIMULATED,Reuse,TD-SV4,Π,SIM-ABL-0-0054,7.252147980155145
SIMULATED,Reuse,TD-SV4,Π,SIM-ABL-0-0055,7.063838720556481
SIMULATED,Reuse,TD-SV4,Π,SIM-ABL-0-0056,2.403539528691657
SIMULATED,Reuse,TD-SV4,Π,SIM-ABL-0-0057,3.982848666634764
SIMULATED,Reuse,TD-SV4,Π,SIM-ABL-0-0058,5.850645981676083
SIMULATED,Reuse,TD-SV4,Π,SIM-ABL-0-0059,-5.242832749633664
SIMULATED,Reuse,TD-SV4,Π,SIM-ABL-0-0060,18.765440544408253
SIMULATED,Reuse,TD-SV4,Π,SIM-ABL-0-0061,14.06572976066192
SIMULATED,Reuse,TD-SV4,Π,SIM-ABL-0-0062,-4.29710293011738
SIMULATED,Reuse,TD-SV4,Π,SIM-ABL-0-0063,-2.460849069280056
SIMULATED,Reuse,TD-SV4,Π,SIM-ABL-0-0064,15.074566934489447
SIMULATED,Reuse,TD-SV4,Π,SIM-ABL-0-0065,8.495098136707888
SIMULATED,Reuse,TD-SV4,Π,SIM-ABL-0-0066,10.265376925224306
SIMULATED,Reuse,TD-SV4,Π,SIM-ABL-0-0067,-2.6642014061313457
SIMULATED,Reuse,TD-SV4,Π,SIM-ABL-0-0068,11.362855786682434
SIMULATED,Reuse,TD-SV4,Π,SIM-ABL-0-0069,11.310030989863318
SIMULATED,Reuse,TD-SV4,Π,SIM-ABL-0-0070,6.132739033095986
SIMULATED,Reuse,TD-SV4,Π,SIM-ABL-0-0071,-7.530062329142289
SIMULATED,Reuse,TD-SV4,Π,SIM-ABL-0-0072,-2.2905050515680037
SIMULATED,Reuse,TD-SV4,Π,SIM-ABL-0-0073,4.491606503408216
SIMULATED,Reuse,TD-SV4,Π,SIM-ABL-0-0074,11.1662278682693
SIMULATED,Reuse,TD-SV4,Π,SIM-ABL-0-0075,2.2504730863971316
SIMULATED,Reuse,TD-SV4,Π,SIM-ABL-0-0076,1.5191919712139779
SIMULATED,Reuse,TD-SV4,Π,SIM-ABL-0-0077,0.7838829086507522
SIMULATED,Reuse,TD-SV4,Π,SIM-ABL-0-0078,-3.4112492169611874
SIMULATED,Reuse,TD-SV4,Π,SIM-ABL-0-0079,-1.6987207789502117
SIMULATED,Reuse,TD-SV4,Π,SIM-ABL-0-0080,3.6855809763774223
SIMULATED,Reuse,TD-SV4,Π,SIM-ABL-0-0081,0.7042425613283645
SIMULATED,Reuse,TD-SV4,Π,SIM-ABL-0-0082,-0.11878079686604925
SIMULATED,Reuse,TD-SV4,Π,SIM-ABL-0-0083,10.29475743673747
SIMULATED,Reuse,TD-SV4,Π,SIM-ABL-0-0084,3.5194687504284774
SIMULATED,Reuse,TD-SV4,Π,SIM-ABL-0-0085,-4.125813515452255
SIMULATED,Reuse,TD-SV4,Π,SIM-ABL-0-0086,-0.42341602003399714
SIMULATED,Reuse,TD-SV4,Π,SIM-ABL-0-0087,18.30574184912116
SIMULATED,Reuse,TD-SV4,Π,SIM-ABL-0-0088,5.88673370821553
SIMULATED,Reuse,TD-SV4,Π,SIM-ABL-0-0089,-1.400870463665128
SIMULATED,Reuse,TD-SV4,Π,SIM-ABL-0-0090,-5.3447390106610095
SIMULATED,Reuse,TD-SV4,Π,SIM-ABL-0-0091,0.0887323410038574
SIMULATED,Reuse,TD-SV4,Π,SIM-ABL-0-0092,-7.225010481659827
SIMULATED,Reuse,TD-SV4,Π,SIM-ABL-0-0093,6.80619148066589
SIMULATED,Reuse,TD-SV4,Π,SIM-ABL-0-0094,1.411180725955456
SIMULATED,Reuse,TD-SV4,Π,SIM-ABL-0-0095,3.8150370821169464
SIMULATED,Reuse,TD-SV4,Π,SIM-ABL-0-0096,3.816817382297364
SIMULATED,Reuse,TD-SV4,Π,SIM-ABL-0-0097,4.351560039359104
SIMULATED,Reuse,TD-SV4,Π,SIM-ABL-0-0098,0.01722099674563271
SIMULATED,Reuse,TD-SV4,Π,SIM-ABL-0-0099,4.387261844115124
SIMULATED,Reuse,TD-SV4,Π,SIM-ABL-0-0100,6.236645298663653
SIMULATED,Reuse,TD-SV4,Π,SIM-ABL-0-0101,-6.351949014273491
SIMULATED,Reuse,TD-SV4,Π,SIM-ABL-0-0102,-6.916016252408823
SIMULATED,Reuse,TD-SV4,Π,SIM-ABL-0-0103,-1.0085848944329436
SIMULATED,Reuse,TD-SV4,Π,SIM-ABL-0-0104,13.15939852415988
SIMULATED,Reuse,TD-SV4,Π,SIM-ABL-0-0105,3.7503281787233576
SIMULATED,Reuse,TD-SV4,Π,SIM-ABL-0-0106,-3.8325142219266324
SIMULATED,Reuse,TD-SV4,Π,SIM-ABL-0-0107,21.36471636444502
SIMULATED,Reuse,TD-SV4,Π,SIM-ABL-0-0108,6.287739859364001
SIMULATED,Reuse,TD-SV4,Π,SIM-ABL-0-0109,-2.0109275335520342
SIMULATED,Reuse,TD-SV4,Π,SIM-ABL-0-0110,6.0946515209684895
SIMULATED,Reuse,TD-SV4,Π,SIM-ABL-0-0111,-5.490436713361304
SIMULATED,Reuse,TD-SV4,Π,SIM-ABL-0-0112,4.153967531628484
SIMULATED,Reuse,TD-SV4,Π,SIM-ABL-0-0113,7.308104424720598
SIMULATED,Reuse,TD-SV4,Π,SIM-ABL-0-0114,2.005350451398976
SIMULATED,Reuse,TD-SV4,Π,SIM-ABL-0-0115,9.301758509162475
SIMULATED,Reuse,TD-SV4,Π,SIM-ABL-0-0116,-8.105425774847244
SIMULATED,Reuse,TD-SV4,Π,SIM-ABL-0-0117,8.935584658596962
SIMULATED,Reuse,TD-SV4,Π,SIM-ABL-0-0118,2.8142361997859284
SIMULATED,Reuse,TD-SV4,Π,SIM-ABL-0-0119,7.096534987898089
SIMULATED,Reuse,TD-SV4,Π,SIM-ABL-0-0120,2.2125504464830037
SIMULATED,Reuse,TD-SV4,Π,SIM-ABL-0-0121,4.640181991077161
SIMULATED,Reuse,TD-SV4,Π,SIM-ABL-0-0122,-0.6152721156626062
SIMULATED,Reuse,TD-SV4,Π,SIM-ABL-0-0123,1.399090732308517
SIMULATED,Reuse,TD-SV4,Π,SIM-ABL-0-0124,0.6563880683432561
SIMULATED,Reuse,TD-SV4,Π,SIM-ABL-0-0125,3.026918659915659
SIMULATED,Reuse,TD-SV4,Π,SIM-ABL-0-0126,-0.47278696513835916
SIMULATED,Reuse,TD-SV4,Π,SIM-ABL-0-0127,-1.3710628431578415
SIMULATED,Reuse,TD-SV4,Π,SIM-ABL-0-0128,10.057831193980903
SIMULATED,Reuse,TD-SV4,Π,SIM-ABL-0-0129,13.29852117750917
SIMULATED,Reuse,TD-SV4,Π,SIM-ABL-0-0130,5.400343684474725
SIMULATED,Reuse,TD-SV4,Π,SIM-ABL-0-0131,5.563626757411948
SIMULATED,Reuse,TD-SV4,Π,SIM-ABL-0-0132,6.432398894011028
SIMULATED,Reuse,TD-SV4,Π,SIM-ABL-0-0133,-8.43151654717887
SIMULATED,Reuse,TD-SV4,Π,SIM-ABL-0-0134,21.372747729312206
SIMULATED,Reuse,TD-SV4,Π,SIM-ABL-0-0135,0.3874636938355107
SIMULATED,Reuse,TD-SV4,Π,SIM-ABL-0-0136,-7.1607884608321095
SIMULATED,Reuse,TD-SV4,Π,SIM-ABL-0-0137,-0.28708564209072573
SIMULATED,Reuse,TD-SV4,Π,SIM-ABL-0-0138,5.739983539938448
SIMULATED,Reuse,TD-SV4,Π,SIM-ABL-0-0139,-0.7380293827935329
SIMULATED,Reuse,TD-SV4,Π,SIM-ABL-0-0140,0.923648180257131
SIMULATED,Reuse,TD-SV4,Π,SIM-ABL-0-0141,-6.625216942203449
SIMULATED,Reuse,TD-SV4,Π,SIM-ABL-0-0142,-1.3205803987733145
SIMULATED,Reuse,TD-SV4,Π,SIM-ABL-0-0143,0.840319727066053
SIMULATED,Reuse,TD-SV4,Π,SIM-ABL-0-0144,7.5834681499455785
SIMULATED,Reuse,TD-SV4,Π,SIM-ABL-0-0145,-1.0056822736502848
SIMULATED,Reuse,TD-SV4,Π,SIM-ABL-0-0146,3.94720220803479
SIMULATED,Reuse,TD-SV4,Π,SIM-ABL-0-0147,1.8608118360939105
SIMULATED,Reuse,TD-SV4,Π,SIM-ABL-0-0148,1.9434664311467729
SIMULATED,Reuse,TD-SV4,Π,SIM-ABL-0-0149,14.561821414606072
SIMULATED,Reuse,TD-SV4,Π,SIM-ABL-0-0150,5.538474224935598
SIMULATED,Reuse,TD-SV4,Π,SIM-ABL-0-0151,1.175590669421212
SIMULATED,Reuse,TD-SV4,Π,SIM-ABL-0-0152,1.1918866059100297
SIMULATED,Reuse,TD-SV4,Π,SIM-ABL-0-0153,-11.204820708149121
SIMULATED,Reuse,TD-SV4,Π,SIM-ABL-0-0154,8.632481078286101
SIMULATED,Reuse,TD-SV4,Π,SIM-ABL-0-0155,1.2087225217234905
SIMULATED,Reuse,TD-SV4,Π,SIM-ABL-0-0156,0.398860044511371
SIMULATED,Reuse,TD-SV4,Π,SIM-ABL-0-0157,4.325529290948614
SIMULATED,Reuse,TD-SV4,Π,SIM-ABL-0-0158,5.846546068369621
SIMULATED,Reuse,TD-SV4,Π,SIM-ABL-0-0159,9.345750443138867
SIMULATED,Reuse,TD-SV4,G,SIM-ABL-0-0000,-0.10966049686789325
SIMULATED,Reuse,TD-SV4,G,SIM-ABL-0-0001,-1.5386051274756092
SIMULATED,Reuse,TD-SV4,G,SIM-ABL-0-0002,6.524352133698179
SIMULATED,Reuse,TD-SV4,G,SIM-ABL-0-0003,11.664658206454845
SIMULATED,Reuse,TD-SV4,G,SIM-ABL-0-0004,-10.805762431118174
SIMULATED,Reuse,TD-SV4,G,SIM-ABL-0-0005,6.426642598553709
SIMULATED,Reuse,TD-SV4,G,SIM-ABL-0-0006,11.051970799778802
SIMULATED,Reuse,TD-SV4,G,SIM-ABL-0-0007,-6.085321305192348
SIMULATED,Reuse,TD-SV4,G,SIM-ABL-0-0008,-6.973047703439566
SIMULATED,Reuse,TD-SV4,G,SIM-ABL-0-0009,1.1584249103261453
SIMULATED,Reuse,TD-SV4,G,SIM-ABL-0-0010,-6.880139302828584
SIMULATED,Reuse,TD-SV4,G,SIM-ABL-0-0011,-10.12358633379907
SIMULATED,Reuse,TD-SV4,G,SIM-ABL-0-0012,-0.4405292121787999
SIMULATED,Reuse,TD-SV4,G,SIM-ABL-0-0013,-10.258721514164924
SIMULATED,Reuse,TD-SV4,G,SIM-ABL-0-0014,3.918070336016971
SIMULATED,Reuse,TD-SV4,G,SIM-ABL-0-0015,8.579447702257038
SIMULATED,Reuse,TD-SV4,G,SIM-ABL-0-0016,-0.2830173488333293
SIMULATED,Reuse,TD-SV4,G,SIM-ABL-0-0017,0.6515117411383775
SIMULATED,Reuse,TD-SV4,G,SIM-ABL-0-0018,-9.45206469095262
SIMULATED,Reuse,TD-SV4,G,SIM-ABL-0-0019,0.016690273219850282
SIMULATED,Reuse,TD-SV4,G,SIM-ABL-0-0020,5.322184788277902
SIMULATED,Reuse,TD-SV4,G,SIM-ABL-0-0021,-3.318589613813304
SIMULATED,Reuse,TD-SV4,G,SIM-ABL-0-0022,7.142411728796899
SIMULATED,Reuse,TD-SV4,G,SIM-ABL-0-0023,-7.162859708307957
SIMULATED,Reuse,TD-SV4,G,SIM-ABL-0-0024,-10.740833040495094
SIMULATED,Reuse,TD-SV4,G,SIM-ABL-0-0025,-4.703935424361609
SIMULATED,Reuse,TD-SV4,G,SIM-ABL-0-0026,5.982599941641393
SIMULATED,Reuse,TD-SV4,G,SIM-ABL-0-0027,-8.076363079795753
SIMULATED,Reuse,TD-SV4,G,SIM-ABL-0-0028,-3.3819617488599873
SIMULATED,Reuse,TD-SV4,G,SIM-ABL-0-0029,2.1515072485238704
SIMULATED,Reuse,TD-SV4,G,SIM-ABL-0-0030,-6.04850426592656
SIMULATED,Reuse,TD-SV4,G,SIM-ABL-0-0031,-2.4529967494933107
SIMULATED,Reuse,TD-SV4,G,SIM-ABL-0-0032,7.049295331341085
SIMULATED,Reuse,TD-SV4,G,SIM-ABL-0-0033,-7.150738986654199
SIMULATED,Reuse,TD-SV4,G,SIM-ABL-0-0034,2.4055590260298363
SIMULATED,Reuse,TD-SV4,G,SIM-ABL-0-0035,5.821589303112735
SIMULATED,Reuse,TD-SV4,G,SIM-ABL-0-0036,14.086011659605276
SIMULATED,Reuse,TD-SV4,G,SIM-ABL-0-0037,-3.5014241957975494
SIMULATED,Reuse,TD-SV4,G,SIM-ABL-0-0038,-4.426957691855671
SIMULATED,Reuse,TD-SV4,G,SIM-ABL-0-0039,6.622318061038533
SIMULATED,Reuse,TD-SV4,G,SIM-ABL-0-0040,1.1408293642528389
SIMULATED,Reuse,TD-SV4,G,SIM-ABL-0-0041,0.32740197517385583
SIMULATED,Reuse,TD-SV4,G,SIM-ABL-0-0042,-5.593348642543459
SIMULATED,Reuse,TD-SV4,G,SIM-ABL-0-0043,2.620776327909312
SIMULATED,Reuse,TD-SV4,G,SIM-ABL-0-0044,-13.836739392187267
SIMULATED,Reuse,TD-SV4,G,SIM-ABL-0-0045,-1.689503592385147
SIMULATED,Reuse,TD-SV4,G,SIM-ABL-0-0046,7.71613323936023
SIMULATED,Reuse,TD-SV4,G,SIM-ABL-0-0047,8.724125927591508
SIMULATED,Reuse,TD-SV4,G,SIM-ABL-0-0048,8.921300228521625
SIMULATED,Reuse,TD-SV4,G,SIM-ABL-0-0049,5.615550487295203
SIMULATED,Reuse,TD-SV4,G,SIM-ABL-0-0050,3.679030671725909
SIMULATED,Reuse,TD-SV4,G,SIM-ABL-0-0051,-1.2067470197437298
SIMULATED,Reuse,TD-SV4,G,SIM-ABL-0-0052,1.3867537059297121
SIMULATED,Reuse,TD-SV4,G,SIM-ABL-0-0053,-9.053469549828137
SIMULATED,Reuse,TD-SV4,G,SIM-ABL-0-0054,11.504959760698855
SIMULATED,Reuse,TD-SV4,G,SIM-ABL-0-0055,2.853851788465072
SIMULATED,Reuse,TD-SV4,G,SIM-ABL-0-0056,-16.05944259530112
SIMULATED,Reuse,TD-SV4,G,SIM-ABL-0-0057,-3.2972102205142826
SIMULATED,Reuse,TD-SV4,G,SIM-ABL-0-0058,5.91805259466128
SIMULATED,Reuse,TD-SV4,G,SIM-ABL-0-0059,10.441156594636228
SIMULATED,Reuse,TD-SV4,G,SIM-ABL-0-0060,2.0253143140810197
SIMULATED,Reuse,TD-SV4,G,SIM-ABL-0-0061,6.006289738844694
SIMULATED,Reuse,TD-SV4,G,SIM-ABL-0-0062,7.641900943581126
SIMULATED,Reuse,TD-SV4,G,SIM-ABL-0-0063,-2.3320351953584013
SIMULATED,Reuse,TD-SV4,G,SIM-ABL-0-0064,12.332823653508418
SIMULATED,Reuse,TD-SV4,G,SIM-ABL-0-0065,-1.605128257827392
SIMULATED,Reuse,TD-SV4,G,SIM-ABL-0-0066,4.689890650296934
SIMULATED,Reuse,TD-SV4,G,SIM-ABL-0-0067,-6.788462970172153
SIMULATED,Reuse,TD-SV4,G,SIM-ABL-0-0068,-11.011161677641603
SIMULATED,Reuse,TD-SV4,G,SIM-ABL-0-0069,-7.806393182812206
SIMULATED,Reuse,TD-SV4,G,SIM-ABL-0-0070,-6.976022279066932
SIMULATED,Reuse,TD-SV4,G,SIM-ABL-0-0071,-1.3628667347133132
SIMULATED,Reuse,TD-SV4,G,SIM-ABL-0-0072,0.9387618195151283
SIMULATED,Reuse,TD-SV4,G,SIM-ABL-0-0073,-7.644942741905288
SIMULATED,Reuse,TD-SV4,G,SIM-ABL-0-0074,2.9493118133016445
SIMULATED,Reuse,TD-SV4,G,SIM-ABL-0-0075,4.835102900850425
SIMULATED,Reuse,TD-SV4,G,SIM-ABL-0-0076,2.7797012370242613
SIMULATED,Reuse,TD-SV4,G,SIM-ABL-0-0077,1.919412253193634
SIMULATED,Reuse,TD-SV4,G,SIM-ABL-0-0078,7.665186315142522
SIMULATED,Reuse,TD-SV4,G,SIM-ABL-0-0079,5.823226860058308
SIMULATED,Reuse,TD-SV4,G,SIM-ABL-0-0080,-8.22411393958917
SIMULATED,Reuse,TD-SV4,G,SIM-ABL-0-0081,-8.084637023292457
SIMULATED,Reuse,TD-SV4,G,SIM-ABL-0-0082,10.36813930375967
SIMULATED,Reuse,TD-SV4,G,SIM-ABL-0-0083,2.231859888299524
SIMULATED,Reuse,TD-SV4,G,SIM-ABL-0-0084,0.20095677664165135
SIMULATED,Reuse,TD-SV4,G,SIM-ABL-0-0085,-2.6674245254548787
SIMULATED,Reuse,TD-SV4,G,SIM-ABL-0-0086,5.585127330598424
SIMULATED,Reuse,TD-SV4,G,SIM-ABL-0-0087,-1.9134824680599847
SIMULATED,Reuse,TD-SV4,G,SIM-ABL-0-0088,7.806651335377242
SIMULATED,Reuse,TD-SV4,G,SIM-ABL-0-0089,2.4891635429201115
SIMULATED,Reuse,TD-SV4,G,SIM-ABL-0-0090,-0.8004885778800127
SIMULATED,Reuse,TD-SV4,G,SIM-ABL-0-0091,-3.429499795792051
SIMULATED,Reuse,TD-SV4,G,SIM-ABL-0-0092,-1.9203831044020996
SIMULATED,Reuse,TD-SV4,G,SIM-ABL-0-0093,12.126789423147923
SIMULATED,Reuse,TD-SV4,G,SIM-ABL-0-0094,-9.613479127142034
SIMULATED,Reuse,TD-SV4,G,SIM-ABL-0-0095,-7.913091616823952
SIMULATED,Reuse,TD-SV4,G,SIM-ABL-0-0096,-2.213437970756186
SIMULATED,Reuse,TD-SV4,G,SIM-ABL-0-0097,-9.747270718586352
SIMULATED,Reuse,TD-SV4,G,SIM-ABL-0-0098,7.592215703296266
SIMULATED,Reuse,TD-SV4,G,SIM-ABL-0-0099,-2.966373061105094
SIMULATED,Reuse,TD-SV4,G,SIM-ABL-0-0100,7.2540740487944015
SIMULATED,Reuse,TD-SV4,G,SIM-ABL-0-0101,-0.5857939453823103
SIMULATED,Reuse,TD-SV4,G,SIM-ABL-0-0102,-1.4391380864938714
SIMULATED,Reuse,TD-SV4,G,SIM-ABL-0-0103,2.249731116932015
SIMULATED,Reuse,TD-SV4,G,SIM-ABL-0-0104,-11.494297961837065
SIMULATED,Reuse,TD-SV4,G,SIM-ABL-0-0105,7.508429698476972
SIMULATED,Reuse,TD-SV4,G,SIM-ABL-0-0106,-9.615276225906253
SIMULATED,Reuse,TD-SV4,G,SIM-ABL-0-0107,9.886722941848985
SIMULATED,Reuse,TD-SV4,G,SIM-ABL-0-0108,8.862770681265268
SIMULATED,Reuse,TD-SV4,G,SIM-ABL-0-0109,-6.111931814305132
SIMULATED,Reuse,TD-SV4,G,SIM-ABL-0-0110,10.62505697225908
SIMULATED,Reuse,TD-SV4,G,SIM-ABL-0-0111,-11.696731670394232
SIMULATED,Reuse,TD-SV4,G,SIM-ABL-0-0112,5.885526482760864
SIMULATED,Reuse,TD-SV4,G,SIM-ABL-0-0113,1.6435949137329393
SIMULATED,Reuse,TD-SV4,G,SIM-ABL-0-0114,6.515901553610945
SIMULATED,Reuse,TD-SV4,G,SIM-ABL-0-0115,1.0659837281760116
SIMULATED,Reuse,TD-SV4,G,SIM-ABL-0-0116,-7.876481629666779
SIMULATED,Reuse,TD-SV4,G,SIM-ABL-0-0117,4.928519503823426
SIMULATED,Reuse,TD-SV4,G,SIM-ABL-0-0118,-5.21561095613745
SIMULATED,Reuse,TD-SV4,G,SIM-ABL-0-0119,-1.5054859684108721
SIMULATED,Reuse,TD-SV4,G,SIM-ABL-0-0120,-3.4817924466478156
SIMULATED,Reuse,TD-SV4,G,SIM-ABL-0-0121,-0.5542342291851846
SIMULATED,Reuse,TD-SV4,G,SIM-ABL-0-0122,-6.855678670294619
SIMULATED,Reuse,TD-SV4,G,SIM-ABL-0-0123,-4.616616293281521
SIMULATED,Reuse,TD-SV4,G,SIM-ABL-0-0124,2.607387797719328
SIMULATED,Reuse,TD-SV4,G,SIM-ABL-0-0125,7.1378120433678545
SIMULATED,Reuse,TD-SV4,G,SIM-ABL-0-0126,-6.897916198302253
SIMULATED,Reuse,TD-SV4,G,SIM-ABL-0-0127,7.842542365276357
SIMULATED,Reuse,TD-SV4,G,SIM-ABL-0-0128,0.8976337322272182
SIMULATED,Reuse,TD-SV4,G,SIM-ABL-0-0129,-3.5469340610046083
SIMULATED,Reuse,TD-SV4,G,SIM-ABL-0-0130,-6.43376901342506
SIMULATED,Reuse,TD-SV4,G,SIM-ABL-0-0131,0.3954469554170418
SIMULATED,Reuse,TD-SV4,G,SIM-ABL-0-0132,11.823764016078435
SIMULATED,Reuse,TD-SV4,G,SIM-ABL-0-0133,-1.4440766491624641
SIMULATED,Reuse,TD-SV4,G,SIM-ABL-0-0134,3.228851016975375
SIMULATED,Reuse,TD-SV4,G,SIM-ABL-0-0135,-2.3960799833012567
SIMULATED,Reuse,TD-SV4,G,SIM-ABL-0-0136,-3.7320108309256708
SIMULATED,Reuse,TD-SV4,G,SIM-ABL-0-0137,-3.0969601583891384
SIMULATED,Reuse,TD-SV4,G,SIM-ABL-0-0138,1.4130300221430678
SIMULATED,Reuse,TD-SV4,G,SIM-ABL-0-0139,1.8803463691188753
SIMULATED,Reuse,TD-SV4,G,SIM-ABL-0-0140,1.472362007830271
SIMULATED,Reuse,TD-SV4,G,SIM-ABL-0-0141,-1.927175149869465
SIMULATED,Reuse,TD-SV4,G,SIM-ABL-0-0142,-0.5807332252013732
SIMULATED,Reuse,TD-SV4,G,SIM-ABL-0-0143,-3.461398023771866
SIMULATED,Reuse,TD-SV4,G,SIM-ABL-0-0144,-3.1152982440593058
SIMULATED,Reuse,TD-SV4,G,SIM-ABL-0-0145,-5.532471678539728
SIMULATED,Reuse,TD-SV4,G,SIM-ABL-0-0146,-0.951029849917778
SIMULATED,Reuse,TD-SV4,G,SIM-ABL-0-0147,-4.2161243862512805
SIMULATED,Reuse,TD-SV4,G,SIM-ABL-0-0148,2.246386429099571
SIMULATED,Reuse,TD-SV4,G,SIM-ABL-0-0149,-0.0920038051832529
SIMULATED,Reuse,TD-SV4,G,SIM-ABL-0-0150,-1.2768291102994325
SIMULATED,Reuse,TD-SV4,G,SIM-ABL-0-0151,-3.5596807631710674
SIMULATED,Reuse,TD-SV4,G,SIM-ABL-0-0152,-1.515126800804088
SIMULATED,Reuse,TD-SV4,G,SIM-ABL-0-0153,-6.039598276276978
SIMULATED,Reuse,TD-SV4,G,SIM-ABL-0-0154,-0.8490194610702261
SIMULATED,Reuse,TD-SV4,G,SIM-ABL-0-0155,-0.12606512417729931
SIMULATED,Reuse,TD-SV4,G,SIM-ABL-0-0156,0.593010840604989
SIMULATED,Reuse,TD-SV4,G,SIM-ABL-0-0157,-12.375487862671383
SIMULATED,Reuse,TD-SV4,G,SIM-ABL-0-0158,-9.10016199845449
SIMULATED,Reuse,TD-SV4,G,SIM-ABL-0-0159,11.95258621963036
SIMULATED,Reuse,TD-IG1,A,SIM-ABL-1-0000,-0.49669790368534184
SIMULATED,Reuse,TD-IG1,A,SIM-ABL-1-0001,-0.07859313413973257
SIMULATED,Reuse,TD-IG1,A,SIM-ABL-1-0002,6.440358748629022
SIMULATED,Reuse,TD-IG1,A,SIM-ABL-1-0003,-4.507401620525952
SIMULATED,Reuse,TD-IG1,A,SIM-ABL-1-0004,-8.687725395601511
SIMULATED,Reuse,TD-IG1,A,SIM-ABL-1-0005,6.273934471226065
SIMULATED,Reuse,TD-IG1,A,SIM-ABL-1-0006,1.9221785974231875
SIMULATED,Reuse,TD-IG1,A,SIM-ABL-1-0007,1.4769380884715204
SIMULATED,Reuse,TD-IG1,A,SIM-ABL-1-0008,9.771960519360105
SIMULATED,Reuse,TD-IG1,A,SIM-ABL-1-0009,2.6416931050827124
SIMULATED,Reuse,TD-IG1,A,SIM-ABL-1-0010,5.931255312320799
SIMULATED,Reuse,TD-IG1,A,SIM-ABL-1-0011,-8.824571026538802
SIMULATED,Reuse,TD-IG1,A,SIM-ABL-1-0012,-6.571114686283355
SIMULATED,Reuse,TD-IG1,A,SIM-ABL-1-0013,-6.462748885546656
SIMULATED,Reuse,TD-IG1,A,SIM-ABL-1-0014,1.2575542624847726
SIMULATED,Reuse,TD-IG1,A,SIM-ABL-1-0015,-2.4811730709714723
SIMULATED,Reuse,TD-IG1,A,SIM-ABL-1-0016,8.77835435113407
SIMULATED,Reuse,TD-IG1,A,SIM-ABL-1-0017,7.654408287231311
SIMULATED,Reuse,TD-IG1,A,SIM-ABL-1-0018,-2.3280007919224683
SIMULATED,Reuse,TD-IG1,A,SIM-ABL-1-0019,-4.3733362952311765
SIMULATED,Reuse,TD-IG1,A,SIM-ABL-1-0020,-2.4043105502794138
SIMULATED,Reuse,TD-IG1,A,SIM-ABL-1-0021,1.98431544601736
SIMULATED,Reuse,TD-IG1,A,SIM-ABL-1-0022,-2.207580181149082
SIMULATED,Reuse,TD-IG1,A,SIM-ABL-1-0023,-0.2530660771581068
SIMULATED,Reuse,TD-IG1,A,SIM-ABL-1-0024,-1.6279023511432222
SIMULATED,Reuse,TD-IG1,A,SIM-ABL-1-0025,6.531497446463932
SIMULATED,Reuse,TD-IG1,A,SIM-ABL-1-0026,2.4879267655538033
SIMULATED,Reuse,TD-IG1,A,SIM-ABL-1-0027,2.4199933065176045
SIMULATED,Reuse,TD-IG1,A,SIM-ABL-1-0028,0.17102406126994785
SIMULATED,Reuse,TD-IG1,A,SIM-ABL-1-0029,1.6355340582214999
SIMULATED,Reuse,TD-IG1,A,SIM-ABL-1-0030,6.40118400903577
SIMULATED,Reuse,TD-IG1,A,SIM-ABL-1-0031,-7.362284562465453
SIMULATED,Reuse,TD-IG1,A,SIM-ABL-1-0032,0.03640770023630879
SIMULATED,Reuse,TD-IG1,A,SIM-ABL-1-0033,-5.47270079305588
SIMULATED,Reuse,TD-IG1,A,SIM-ABL-1-0034,2.8564181724084157
SIMULATED,Reuse,TD-IG1,A,SIM-ABL-1-0035,2.3230437511177007
SIMULATED,Reuse,TD-IG1,A,SIM-ABL-1-0036,-1.86067104125775
SIMULATED,Reuse,TD-IG1,A,SIM-ABL-1-0037,1.9208927888063885
SIMULATED,Reuse,TD-IG1,A,SIM-ABL-1-0038,-1.0278369554893727
SIMULATED,Reuse,TD-IG1,A,SIM-ABL-1-0039,-13.438677793553532
SIMULATED,Reuse,TD-IG1,A,SIM-ABL-1-0040,0.04765745742959626
SIMULATED,Reuse,TD-IG1,A,SIM-ABL-1-0041,3.3474366970155707
SIMULATED,Reuse,TD-IG1,A,SIM-ABL-1-0042,0.3875583624217229
SIMULATED,Reuse,TD-IG1,A,SIM-ABL-1-0043,-2.0302750829318494
SIMULATED,Reuse,TD-IG1,A,SIM-ABL-1-0044,15.435441291250822
SIMULATED,Reuse,TD-IG1,A,SIM-ABL-1-0045,-4.872919901199804
SIMULATED,Reuse,TD-IG1,A,SIM-ABL-1-0046,9.636428454124124
SIMULATED,Reuse,TD-IG1,A,SIM-ABL-1-0047,-13.180482556639875
SIMULATED,Reuse,TD-IG1,A,SIM-ABL-1-0048,6.035295562648091
SIMULATED,Reuse,TD-IG1,A,SIM-ABL-1-0049,4.37608375191241
SIMULATED,Reuse,TD-IG1,A,SIM-ABL-1-0050,6.786590825351082
SIMULATED,Reuse,TD-IG1,A,SIM-ABL-1-0051,1.4731290364206804
SIMULATED,Reuse,TD-IG1,A,SIM-ABL-1-0052,2.767069630517213
SIMULATED,Reuse,TD-IG1,A,SIM-ABL-1-0053,-2.316579456310048
SIMULATED,Reuse,TD-IG1,A,SIM-ABL-1-0054,11.193616508139018
SIMULATED,Reuse,TD-IG1,A,SIM-ABL-1-0055,-4.2318385335547735
SIMULATED,Reuse,TD-IG1,A,SIM-ABL-1-0056,8.130939024508521
SIMULATED,Reuse,TD-IG1,A,SIM-ABL-1-0057,11.681077372948213
SIMULATED,Reuse,TD-IG1,A,SIM-ABL-1-0058,15.527531256199719
SIMULATED,Reuse,TD-IG1,A,SIM-ABL-1-0059,-10.969322311492373
SIMULATED,Reuse,TD-IG1,A,SIM-ABL-1-0060,1.142201461093384
SIMULATED,Reuse,TD-IG1,A,SIM-ABL-1-0061,19.765974521326676
SIMULATED,Reuse,TD-IG1,A,SIM-ABL-1-0062,-0.6671927299930402
SIMULATED,Reuse,TD-IG1,A,SIM-ABL-1-0063,-0.04855897784879781
SIMULATED,Reuse,TD-IG1,A,SIM-ABL-1-0064,8.634745245916283
SIMULATED,Reuse,TD-IG1,A,SIM-ABL-1-0065,17.464937535778958
SIMULATED,Reuse,TD-IG1,A,SIM-ABL-1-0066,1.3170260413285069
SIMULATED,Reuse,TD-IG1,A,SIM-ABL-1-0067,3.47788334073528
SIMULATED,Reuse,TD-IG1,A,SIM-ABL-1-0068,8.644617488451527
SIMULATED,Reuse,TD-IG1,A,SIM-ABL-1-0069,5.8729983460228254
SIMULATED,Reuse,TD-IG1,A,SIM-ABL-1-0070,15.647370047804225
SIMULATED,Reuse,TD-IG1,A,SIM-ABL-1-0071,-8.667062351400144
SIMULATED,Reuse,TD-IG1,A,SIM-ABL-1-0072,-1.4325858912026552
SIMULATED,Reuse,TD-IG1,A,SIM-ABL-1-0073,12.498828664814742
SIMULATED,Reuse,TD-IG1,A,SIM-ABL-1-0074,4.264275499210343
SIMULATED,Reuse,TD-IG1,A,SIM-ABL-1-0075,0.3068336370158147
SIMULATED,Reuse,TD-IG1,A,SIM-ABL-1-0076,15.778774164632223
SIMULATED,Reuse,TD-IG1,A,SIM-ABL-1-0077,11.753950160677165
SIMULATED,Reuse,TD-IG1,A,SIM-ABL-1-0078,-5.327407841864915
SIMULATED,Reuse,TD-IG1,A,SIM-ABL-1-0079,15.752394900575128
SIMULATED,Reuse,TD-IG1,A,SIM-ABL-1-0080,-1.1188987853745003
SIMULATED,Reuse,TD-IG1,A,SIM-ABL-1-0081,8.757108421738058
SIMULATED,Reuse,TD-IG1,A,SIM-ABL-1-0082,-1.9257415483020655
SIMULATED,Reuse,TD-IG1,A,SIM-ABL-1-0083,12.012485463560266
SIMULATED,Reuse,TD-IG1,A,SIM-ABL-1-0084,4.93845985853971
SIMULATED,Reuse,TD-IG1,A,SIM-ABL-1-0085,17.55832053100641
SIMULATED,Reuse,TD-IG1,A,SIM-ABL-1-0086,-0.08923886098600442
SIMULATED,Reuse,TD-IG1,A,SIM-ABL-1-0087,6.413880954588699
SIMULATED,Reuse,TD-IG1,A,SIM-ABL-1-0088,-0.5923899438308435
SIMULATED,Reuse,TD-IG1,A,SIM-ABL-1-0089,-4.668448085895728
SIMULATED,Reuse,TD-IG1,A,SIM-ABL-1-0090,5.705717919042796
SIMULATED,Reuse,TD-IG1,A,SIM-ABL-1-0091,11.416300141585761
SIMULATED,Reuse,TD-IG1,A,SIM-ABL-1-0092,1.395904001819692
SIMULATED,Reuse,TD-IG1,A,SIM-ABL-1-0093,1.895966138874724
SIMULATED,Reuse,TD-IG1,A,SIM-ABL-1-0094,-8.482287148146824
SIMULATED,Reuse,TD-IG1,A,SIM-ABL-1-0095,2.272094737518155
SIMULATED,Reuse,TD-IG1,A,SIM-ABL-1-0096,0.48507890711414237
SIMULATED,Reuse,TD-IG1,A,SIM-ABL-1-0097,1.9373877465904996
SIMULATED,Reuse,TD-IG1,A,SIM-ABL-1-0098,-0.9525825214254553
SIMULATED,Reuse,TD-IG1,A,SIM-ABL-1-0099,-3.523801641037647
SIMULATED,Reuse,TD-IG1,A,SIM-ABL-1-0100,2.945782768541289
SIMULATED,Reuse,TD-IG1,A,SIM-ABL-1-0101,-0.3242719472137121
SIMULATED,Reuse,TD-IG1,A,SIM-ABL-1-0102,5.7697786727778375
SIMULATED,Reuse,TD-IG1,A,SIM-ABL-1-0103,7.229991789686677
SIMULATED,Reuse,TD-IG1,A,SIM-ABL-1-0104,5.218471731781368
SIMULATED,Reuse,TD-IG1,A,SIM-ABL-1-0105,-2.8833981296502125
SIMULATED,Reuse,TD-IG1,A,SIM-ABL-1-0106,-5.802952549016426
SIMULATED,Reuse,TD-IG1,A,SIM-ABL-1-0107,3.812036061157312
SIMULATED,Reuse,TD-IG1,A,SIM-ABL-1-0108,-2.3184714165107936
SIMULATED,Reuse,TD-IG1,A,SIM-ABL-1-0109,8.901925339058497
SIMULATED,Reuse,TD-IG1,A,SIM-ABL-1-0110,8.40402314507738
SIMULATED,Reuse,TD-IG1,A,SIM-ABL-1-0111,4.135321746720409
SIMULATED,Reuse,TD-IG1,A,SIM-ABL-1-0112,10.709731244220965
SIMULATED,Reuse,TD-IG1,A,SIM-ABL-1-0113,-10.825401407781298
SIMULATED,Reuse,TD-IG1,A,SIM-ABL-1-0114,-0.4476116053996875
SIMULATED,Reuse,TD-IG1,A,SIM-ABL-1-0115,6.618873436919596
SIMULATED,Reuse,TD-IG1,A,SIM-ABL-1-0116,10.023920894379641
SIMULATED,Reuse,TD-IG1,A,SIM-ABL-1-0117,3.462282242640964
SIMULATED,Reuse,TD-IG1,A,SIM-ABL-1-0118,-2.7589594096862835
SIMULATED,Reuse,TD-IG1,A,SIM-ABL-1-0119,1.6897163434419746
SIMULATED,Reuse,TD-IG1,A,SIM-ABL-1-0120,-20.541332092181023
SIMULATED,Reuse,TD-IG1,A,SIM-ABL-1-0121,11.369984377208075
SIMULATED,Reuse,TD-IG1,A,SIM-ABL-1-0122,18.068078976734835
SIMULATED,Reuse,TD-IG1,A,SIM-ABL-1-0123,11.23215961480272
SIMULATED,Reuse,TD-IG1,A,SIM-ABL-1-0124,2.162713067826857
SIMULATED,Reuse,TD-IG1,A,SIM-ABL-1-0125,-6.879956503793016
SIMULATED,Reuse,TD-IG1,A,SIM-ABL-1-0126,-6.006655455417171
SIMULATED,Reuse,TD-IG1,A,SIM-ABL-1-0127,3.9760935081203557
SIMULATED,Reuse,TD-IG1,A,SIM-ABL-1-0128,-4.976473519730533
SIMULATED,Reuse,TD-IG1,A,SIM-ABL-1-0129,6.021599160447391
SIMULATED,Reuse,TD-IG1,A,SIM-ABL-1-0130,9.26417655561489
SIMULATED,Reuse,TD-IG1,A,SIM-ABL-1-0131,2.0023771906163663
SIMULATED,Reuse,TD-IG1,A,SIM-ABL-1-0132,1.2010051058402964
SIMULATED,Reuse,TD-IG1,A,SIM-ABL-1-0133,-2.332611452300771
SIMULATED,Reuse,TD-IG1,A,SIM-ABL-1-0134,4.7621257602919815
SIMULATED,Reuse,TD-IG1,A,SIM-ABL-1-0135,-2.741808565997957
SIMULATED,Reuse,TD-IG1,A,SIM-ABL-1-0136,2.026036989610848
SIMULATED,Reuse,TD-IG1,A,SIM-ABL-1-0137,-2.970647996688115
SIMULATED,Reuse,TD-IG1,A,SIM-ABL-1-0138,2.1106447670147577
SIMULATED,Reuse,TD-IG1,A,SIM-ABL-1-0139,12.65852320527173
SIMULATED,Reuse,TD-IG1,A,SIM-ABL-1-0140,4.259484554812995
SIMULATED,Reuse,TD-IG1,A,SIM-ABL-1-0141,-5.235616311905044
SIMULATED,Reuse,TD-IG1,A,SIM-ABL-1-0142,-4.392766447979495
SIMULATED,Reuse,TD-IG1,A,SIM-ABL-1-0143,3.760830047979186
SIMULATED,Reuse,TD-IG1,A,SIM-ABL-1-0144,8.022003040626117
SIMULATED,Reuse,TD-IG1,A,SIM-ABL-1-0145,-9.40256854016372
SIMULATED,Reuse,TD-IG1,A,SIM-ABL-1-0146,-0.6153634326196835
SIMULATED,Reuse,TD-IG1,A,SIM-ABL-1-0147,0.5915301771004082
SIMULATED,Reuse,TD-IG1,A,SIM-ABL-1-0148,8.141880594394484
SIMULATED,Reuse,TD-IG1,A,SIM-ABL-1-0149,-3.4134780263860693
SIMULATED,Reuse,TD-IG1,A,SIM-ABL-1-0150,2.3584894050972887
SIMULATED,Reuse,TD-IG1,A,SIM-ABL-1-0151,-11.99903763564011
SIMULATED,Reuse,TD-IG1,A,SIM-ABL-1-0152,-4.7485339504460455
SIMULATED,Reuse,TD-IG1,A,SIM-ABL-1-0153,6.465667930277306
SIMULATED,Reuse,TD-IG1,A,SIM-ABL-1-0154,-8.128327692433071
SIMULATED,Reuse,TD-IG1,A,SIM-ABL-1-0155,-7.2721948957548825
SIMULATED,Reuse,TD-IG1,A,SIM-ABL-1-0156,0.6696745421757158
SIMULATED,Reuse,TD-IG1,A,SIM-ABL-1-0157,-2.586977708894672
SIMULATED,Reuse,TD-IG1,A,SIM-ABL-1-0158,-3.7599210166545487
SIMULATED,Reuse,TD-IG1,A,SIM-ABL-1-0159,12.164464167309896
SIMULATED,Reuse,TD-IG1,K,SIM-ABL-1-0000,5.98918300956602
SIMULATED,Reuse,TD-IG1,K,SIM-ABL-1-0001,8.693438850424826
SIMULATED,Reuse,TD-IG1,K,SIM-ABL-1-0002,-2.0754223073333566
SIMULATED,Reuse,TD-IG1,K,SIM-ABL-1-0003,-0.8730171655821828
SIMULATED,Reuse,TD-IG1,K,SIM-ABL-1-0004,-16.205600989394036
SIMULATED,Reuse,TD-IG1,K,SIM-ABL-1-0005,11.100758458533104
SIMULATED,Reuse,TD-IG1,K,SIM-ABL-1-0006,5.092198796899302
SIMULATED,Reuse,TD-IG1,K,SIM-ABL-1-0007,4.925799546568555
SIMULATED,Reuse,TD-IG1,K,SIM-ABL-1-0008,8.961786172363338
SIMULATED,Reuse,TD-IG1,K,SIM-ABL-1-0009,6.08325556035931
SIMULATED,Reuse,TD-IG1,K,SIM-ABL-1-0010,0.13608232431327003
SIMULATED,Reuse,TD-IG1,K,SIM-ABL-1-0011,2.2292201993954777
SIMULATED,Reuse,TD-IG1,K,SIM-ABL-1-0012,-10.501834877167454
SIMULATED,Reuse,TD-IG1,K,SIM-ABL-1-0013,-8.140033636604773
SIMULATED,Reuse,TD-IG1,K,SIM-ABL-1-0014,6.529538468653947
SIMULATED,Reuse,TD-IG1,K,SIM-ABL-1-0015,-10.680988405475635
SIMULATED,Reuse,TD-IG1,K,SIM-ABL-1-0016,17.133047044494095
SIMULATED,Reuse,TD-IG1,K,SIM-ABL-1-0017,2.9112389466439104
SIMULATED,Reuse,TD-IG1,K,SIM-ABL-1-0018,6.2746240123307535
SIMULATED,Reuse,TD-IG1,K,SIM-ABL-1-0019,0.23032895287004604
SIMULATED,Reuse,TD-IG1,K,SIM-ABL-1-0020,3.58674553042303
SIMULATED,Reuse,TD-IG1,K,SIM-ABL-1-0021,2.5326227514342063
SIMULATED,Reuse,TD-IG1,K,SIM-ABL-1-0022,-2.400704116003725
SIMULATED,Reuse,TD-IG1,K,SIM-ABL-1-0023,0.020517937814548193
SIMULATED,Reuse,TD-IG1,K,SIM-ABL-1-0024,3.723034554124419
SIMULATED,Reuse,TD-IG1,K,SIM-ABL-1-0025,5.041401584025878
SIMULATED,Reuse,TD-IG1,K,SIM-ABL-1-0026,-5.655483755629555
SIMULATED,Reuse,TD-IG1,K,SIM-ABL-1-0027,8.66085793052915
SIMULATED,Reuse,TD-IG1,K,SIM-ABL-1-0028,-0.37380997820330714
SIMULATED,Reuse,TD-IG1,K,SIM-ABL-1-0029,1.4441634122890967
SIMULATED,Reuse,TD-IG1,K,SIM-ABL-1-0030,-0.25986184599743306
SIMULATED,Reuse,TD-IG1,K,SIM-ABL-1-0031,1.5099087077374442
SIMULATED,Reuse,TD-IG1,K,SIM-ABL-1-0032,-6.962545866825147
SIMULATED,Reuse,TD-IG1,K,SIM-ABL-1-0033,1.463323387816206
SIMULATED,Reuse,TD-IG1,K,SIM-ABL-1-0034,-7.187739143550802
SIMULATED,Reuse,TD-IG1,K,SIM-ABL-1-0035,4.183513880095313
SIMULATED,Reuse,TD-IG1,K,SIM-ABL-1-0036,2.270663313079577
SIMULATED,Reuse,TD-IG1,K,SIM-ABL-1-0037,-1.182565994750806
SIMULATED,Reuse,TD-IG1,K,SIM-ABL-1-0038,2.7009463344634583
SIMULATED,Reuse,TD-IG1,K,SIM-ABL-1-0039,9.412781350263511
SIMULATED,Reuse,TD-IG1,K,SIM-ABL-1-0040,-0.684471585671657
SIMULATED,Reuse,TD-IG1,K,SIM-ABL-1-0041,1.4422320048137474
SIMULATED,Reuse,TD-IG1,K,SIM-ABL-1-0042,4.534478431268946
SIMULATED,Reuse,TD-IG1,K,SIM-ABL-1-0043,-12.892705254206627
SIMULATED,Reuse,TD-IG1,K,SIM-ABL-1-0044,6.54030677987631
SIMULATED,Reuse,TD-IG1,K,SIM-ABL-1-0045,2.5134923658197565
SIMULATED,Reuse,TD-IG1,K,SIM-ABL-1-0046,-4.78307305533709
SIMULATED,Reuse,TD-IG1,K,SIM-ABL-1-0047,9.687025556520677
SIMULATED,Reuse,TD-IG1,K,SIM-ABL-1-0048,0.7522401767083504
SIMULATED,Reuse,TD-IG1,K,SIM-ABL-1-0049,-6.436669288518722
SIMULATED,Reuse,TD-IG1,K,SIM-ABL-1-0050,8.076894539018086
SIMULATED,Reuse,TD-IG1,K,SIM-ABL-1-0051,11.332437870324355
SIMULATED,Reuse,TD-IG1,K,SIM-ABL-1-0052,17.43815711554183
SIMULATED,Reuse,TD-IG1,K,SIM-ABL-1-0053,-4.385518191526575
SIMULATED,Reuse,TD-IG1,K,SIM-ABL-1-0054,-11.19700624585047
SIMULATED,Reuse,TD-IG1,K,SIM-ABL-1-0055,4.30366603772894
SIMULATED,Reuse,TD-IG1,K,SIM-ABL-1-0056,3.5135719793812314
SIMULATED,Reuse,TD-IG1,K,SIM-ABL-1-0057,0.8029593319297883
SIMULATED,Reuse,TD-IG1,K,SIM-ABL-1-0058,0.6971622575285708
SIMULATED,Reuse,TD-IG1,K,SIM-ABL-1-0059,-8.255389952260341
SIMULATED,Reuse,TD-IG1,K,SIM-ABL-1-0060,0.822124904823101
SIMULATED,Reuse,TD-IG1,K,SIM-ABL-1-0061,-3.9717877682971423
SIMULATED,Reuse,TD-IG1,K,SIM-ABL-1-0062,-26.72337636036652
SIMULATED,Reuse,TD-IG1,K,SIM-ABL-1-0063,4.105934035015345
SIMULATED,Reuse,TD-IG1,K,SIM-ABL-1-0064,1.9828586244463995
SIMULATED,Reuse,TD-IG1,K,SIM-ABL-1-0065,-0.7823686450815246
SIMULATED,Reuse,TD-IG1,K,SIM-ABL-1-0066,-4.8813009520250334
SIMULATED,Reuse,TD-IG1,K,SIM-ABL-1-0067,-16.26803359964829
SIMULATED,Reuse,TD-IG1,K,SIM-ABL-1-0068,14.341941158138013
SIMULATED,Reuse,TD-IG1,K,SIM-ABL-1-0069,-4.4937898572130255
SIMULATED,Reuse,TD-IG1,K,SIM-ABL-1-0070,0.9319183571299279
SIMULATED,Reuse,TD-IG1,K,SIM-ABL-1-0071,0.13290081600485468
SIMULATED,Reuse,TD-IG1,K,SIM-ABL-1-0072,-19.59548826654966
SIMULATED,Reuse,TD-IG1,K,SIM-ABL-1-0073,9.248777816484548
SIMULATED,Reuse,TD-IG1,K,SIM-ABL-1-0074,0.19539753618806333
SIMULATED,Reuse,TD-IG1,K,SIM-ABL-1-0075,-2.2630236558036065
SIMULATED,Reuse,TD-IG1,K,SIM-ABL-1-0076,3.7434412810540016
SIMULATED,Reuse,TD-IG1,K,SIM-ABL-1-0077,1.9127001275389053
SIMULATED,Reuse,TD-IG1,K,SIM-ABL-1-0078,-1.9052512217089268
SIMULATED,Reuse,TD-IG1,K,SIM-ABL-1-0079,-2.374474180332889
SIMULATED,Reuse,TD-IG1,K,SIM-ABL-1-0080,-0.020768783913654554
SIMULATED,Reuse,TD-IG1,K,SIM-ABL-1-0081,0.9616651702478789
SIMULATED,Reuse,TD-IG1,K,SIM-ABL-1-0082,-2.7230280925428207
SIMULATED,Reuse,TD-IG1,K,SIM-ABL-1-0083,-7.338173521527653
SIMULATED,Reuse,TD-IG1,K,SIM-ABL-1-0084,6.301107524213717
SIMULATED,Reuse,TD-IG1,K,SIM-ABL-1-0085,8.77324371644409
SIMULATED,Reuse,TD-IG1,K,SIM-ABL-1-0086,2.8354281590983805
SIMULATED,Reuse,TD-IG1,K,SIM-ABL-1-0087,0.5425042976341865
SIMULATED,Reuse,TD-IG1,K,SIM-ABL-1-0088,-1.226307635725318
SIMULATED,Reuse,TD-IG1,K,SIM-ABL-1-0089,8.582342286114086
SIMULATED,Reuse,TD-IG1,K,SIM-ABL-1-0090,-7.13230021727551
SIMULATED,Reuse,TD-IG1,K,SIM-ABL-1-0091,15.062066520555984
SIMULATED,Reuse,TD-IG1,K,SIM-ABL-1-0092,2.750467022479811
SIMULATED,Reuse,TD-IG1,K,SIM-ABL-1-0093,10.423976552634011
SIMULATED,Reuse,TD-IG1,K,SIM-ABL-1-0094,-2.6011152297246407
SIMULATED,Reuse,TD-IG1,K,SIM-ABL-1-0095,-15.319539414739726
SIMULATED,Reuse,TD-IG1,K,SIM-ABL-1-0096,14.131635548043343
SIMULATED,Reuse,TD-IG1,K,SIM-ABL-1-0097,-4.372988627298881
SIMULATED,Reuse,TD-IG1,K,SIM-ABL-1-0098,11.815712360756832
SIMULATED,Reuse,TD-IG1,K,SIM-ABL-1-0099,-0.8762379847257575
SIMULATED,Reuse,TD-IG1,K,SIM-ABL-1-0100,-5.67413168830775
SIMULATED,Reuse,TD-IG1,K,SIM-ABL-1-0101,-11.620220449185258
SIMULATED,Reuse,TD-IG1,K,SIM-ABL-1-0102,12.793731657207141
SIMULATED,Reuse,TD-IG1,K,SIM-ABL-1-0103,-13.646850994518786
SIMULATED,Reuse,TD-IG1,K,SIM-ABL-1-0104,-9.067779736585836
SIMULATED,Reuse,TD-IG1,K,SIM-ABL-1-0105,-4.079432101520099
SIMULATED,Reuse,TD-IG1,K,SIM-ABL-1-0106,-2.060303801055234
SIMULATED,Reuse,TD-IG1,K,SIM-ABL-1-0107,-1.6546053282145785
SIMULATED,Reuse,TD-IG1,K,SIM-ABL-1-0108,15.507394174943384
SIMULATED,Reuse,TD-IG1,K,SIM-ABL-1-0109,0.5186847021345293
SIMULATED,Reuse,TD-IG1,K,SIM-ABL-1-0110,11.227003781588495
SIMULATED,Reuse,TD-IG1,K,SIM-ABL-1-0111,-1.2245066292530764
SIMULATED,Reuse,TD-IG1,K,SIM-ABL-1-0112,-10.75520447548678
SIMULATED,Reuse,TD-IG1,K,SIM-ABL-1-0113,0.4380136489367017
SIMULATED,Reuse,TD-IG1,K,SIM-ABL-1-0114,10.986649203358798
SIMULATED,Reuse,TD-IG1,K,SIM-ABL-1-0115,-10.707467056017606
SIMULATED,Reuse,TD-IG1,K,SIM-ABL-1-0116,-3.1222593707545285
SIMULATED,Reuse,TD-IG1,K,SIM-ABL-1-0117,-12.08326474105641
SIMULATED,Reuse,TD-IG1,K,SIM-ABL-1-0118,-4.635632485337666
SIMULATED,Reuse,TD-IG1,K,SIM-ABL-1-0119,1.5442958622449035
SIMULATED,Reuse,TD-IG1,K,SIM-ABL-1-0120,8.048594831752716
SIMULATED,Reuse,TD-IG1,K,SIM-ABL-1-0121,6.748373780717993
SIMULATED,Reuse,TD-IG1,K,SIM-ABL-1-0122,-2.1956607322186077
SIMULATED,Reuse,TD-IG1,K,SIM-ABL-1-0123,8.089588553719647
SIMULATED,Reuse,TD-IG1,K,SIM-ABL-1-0124,6.295904509091712
SIMULATED,Reuse,TD-IG1,K,SIM-ABL-1-0125,-0.4882447981437296
SIMULATED,Reuse,TD-IG1,K,SIM-ABL-1-0126,-10.912920255500264
SIMULATED,Reuse,TD-IG1,K,SIM-ABL-1-0127,3.108940607042681
SIMULATED,Reuse,TD-IG1,K,SIM-ABL-1-0128,7.1060441657263915
SIMULATED,Reuse,TD-IG1,K,SIM-ABL-1-0129,3.143876301373107
SIMULATED,Reuse,TD-IG1,K,SIM-ABL-1-0130,-0.9132620163136316
SIMULATED,Reuse,TD-IG1,K,SIM-ABL-1-0131,6.197262165321218
SIMULATED,Reuse,TD-IG1,K,SIM-ABL-1-0132,5.0220186847840695
SIMULATED,Reuse,TD-IG1,K,SIM-ABL-1-0133,-6.376760106873807
SIMULATED,Reuse,TD-IG1,K,SIM-ABL-1-0134,5.524278671247871
SIMULATED,Reuse,TD-IG1,K,SIM-ABL-1-0135,-2.8560720448451216
SIMULATED,Reuse,TD-IG1,K,SIM-ABL-1-0136,-0.14740632486761157
SIMULATED,Reuse,TD-IG1,K,SIM-ABL-1-0137,7.130933676947792
SIMULATED,Reuse,TD-IG1,K,SIM-ABL-1-0138,5.153567541569156
SIMULATED,Reuse,TD-IG1,K,SIM-ABL-1-0139,-6.505469406765326
SIMULATED,Reuse,TD-IG1,K,SIM-ABL-1-0140,-2.256348991798526
SIMULATED,Reuse,TD-IG1,K,SIM-ABL-1-0141,6.972787802410413
SIMULATED,Reuse,TD-IG1,K,SIM-ABL-1-0142,-1.818621271995026
SIMULATED,Reuse,TD-IG1,K,SIM-ABL-1-0143,-13.710101123922463
SIMULATED,Reuse,TD-IG1,K,SIM-ABL-1-0144,-3.341801612214706
SIMULATED,Reuse,TD-IG1,K,SIM-ABL-1-0145,-2.0040853758462633
SIMULATED,Reuse,TD-IG1,K,SIM-ABL-1-0146,0.7310868431540924
SIMULATED,Reuse,TD-IG1,K,SIM-ABL-1-0147,16.412258087445238
SIMULATED,Reuse,TD-IG1,K,SIM-ABL-1-0148,-2.742044904492113
SIMULATED,Reuse,TD-IG1,K,SIM-ABL-1-0149,-6.948742971180326
SIMULATED,Reuse,TD-IG1,K,SIM-ABL-1-0150,-5.820213635415934
SIMULATED,Reuse,TD-IG1,K,SIM-ABL-1-0151,-1.0677327194553823
SIMULATED,Reuse,TD-IG1,K,SIM-ABL-1-0152,-13.634817644690848
SIMULATED,Reuse,TD-IG1,K,SIM-ABL-1-0153,-5.36472085037357
SIMULATED,Reuse,TD-IG1,K,SIM-ABL-1-0154,0.1375182621275493
SIMULATED,Reuse,TD-IG1,K,SIM-ABL-1-0155,-26.95766295343748
SIMULATED,Reuse,TD-IG1,K,SIM-ABL-1-0156,1.6884073952912455
SIMULATED,Reuse,TD-IG1,K,SIM-ABL-1-0157,3.290859315626265
SIMULATED,Reuse,TD-IG1,K,SIM-ABL-1-0158,5.7984534313103975
SIMULATED,Reuse,TD-IG1,K,SIM-ABL-1-0159,-9.174310100342193
SIMULATED,Reuse,TD-IG1,V,SIM-ABL-1-0000,12.140103085832894
SIMULATED,Reuse,TD-IG1,V,SIM-ABL-1-0001,1.538881385632478
SIMULATED,Reuse,TD-IG1,V,SIM-ABL-1-0002,9.887799374362597
SIMULATED,Reuse,TD-IG1,V,SIM-ABL-1-0003,12.009002398272314
SIMULATED,Reuse,TD-IG1,V,SIM-ABL-1-0004,6.082917201337088
SIMULATED,Reuse,TD-IG1,V,SIM-ABL-1-0005,14.927692635828524
SIMULATED,Reuse,TD-IG1,V,SIM-ABL-1-0006,-9.41039871112515
SIMULATED,Reuse,TD-IG1,V,SIM-ABL-1-0007,-1.3321697189702677
SIMULATED,Reuse,TD-IG1,V,SIM-ABL-1-0008,13.116111604713678
SIMULATED,Reuse,TD-IG1,V,SIM-ABL-1-0009,-2.8986721484916953
SIMULATED,Reuse,TD-IG1,V,SIM-ABL-1-0010,15.85643364812067
SIMULATED,Reuse,TD-IG1,V,SIM-ABL-1-0011,4.323879714880638
SIMULATED,Reuse,TD-IG1,V,SIM-ABL-1-0012,7.597264966443966
SIMULATED,Reuse,TD-IG1,V,SIM-ABL-1-0013,-9.865343909954456
SIMULATED,Reuse,TD-IG1,V,SIM-ABL-1-0014,0.22493107962552883
SIMULATED,Reuse,TD-IG1,V,SIM-ABL-1-0015,-5.4211978366556295
SIMULATED,Reuse,TD-IG1,V,SIM-ABL-1-0016,-8.929000432378253
SIMULATED,Reuse,TD-IG1,V,SIM-ABL-1-0017,4.471438026650778
SIMULATED,Reuse,TD-IG1,V,SIM-ABL-1-0018,4.57499967916284
SIMULATED,Reuse,TD-IG1,V,SIM-ABL-1-0019,-17.532439838217844
SIMULATED,Reuse,TD-IG1,V,SIM-ABL-1-0020,17.938430299856517
SIMULATED,Reuse,TD-IG1,V,SIM-ABL-1-0021,1.106411692803746
SIMULATED,Reuse,TD-IG1,V,SIM-ABL-1-0022,-1.1072994993958072
SIMULATED,Reuse,TD-IG1,V,SIM-ABL-1-0023,-1.0565733910984396
SIMULATED,Reuse,TD-IG1,V,SIM-ABL-1-0024,-3.58427203268892
SIMULATED,Reuse,TD-IG1,V,SIM-ABL-1-0025,-3.4444818034808473
SIMULATED,Reuse,TD-IG1,V,SIM-ABL-1-0026,-0.714174664779045
SIMULATED,Reuse,TD-IG1,V,SIM-ABL-1-0027,6.432003725024574
SIMULATED,Reuse,TD-IG1,V,SIM-ABL-1-0028,-2.5594298875229025
SIMULATED,Reuse,TD-IG1,V,SIM-ABL-1-0029,1.0316227830100229
SIMULATED,Reuse,TD-IG1,V,SIM-ABL-1-0030,0.2950968465395556
SIMULATED,Reuse,TD-IG1,V,SIM-ABL-1-0031,8.620183764332916
SIMULATED,Reuse,TD-IG1,V,SIM-ABL-1-0032,18.018755754955148
SIMULATED,Reuse,TD-IG1,V,SIM-ABL-1-0033,-9.216417652594549
SIMULATED,Reuse,TD-IG1,V,SIM-ABL-1-0034,9.110964543766856
SIMULATED,Reuse,TD-IG1,V,SIM-ABL-1-0035,3.7136373969064786
SIMULATED,Reuse,TD-IG1,V,SIM-ABL-1-0036,7.668810237696885
SIMULATED,Reuse,TD-IG1,V,SIM-ABL-1-0037,-4.674960179641452
SIMULATED,Reuse,TD-IG1,V,SIM-ABL-1-0038,3.7690573777244443
SIMULATED,Reuse,TD-IG1,V,SIM-ABL-1-0039,-3.6652807922872888
SIMULATED,Reuse,TD-IG1,V,SIM-ABL-1-0040,19.9442433461992
SIMULATED,Reuse,TD-IG1,V,SIM-ABL-1-0041,-2.0956605621176796
SIMULATED,Reuse,TD-IG1,V,SIM-ABL-1-0042,-0.10837977757393835
SIMULATED,Reuse,TD-IG1,V,SIM-ABL-1-0043,-12.300615529597708
SIMULATED,Reuse,TD-IG1,V,SIM-ABL-1-0044,3.6859562818550167
SIMULATED,Reuse,TD-IG1,V,SIM-ABL-1-0045,-3.905966720613798
SIMULATED,Reuse,TD-IG1,V,SIM-ABL-1-0046,15.97782353515289
SIMULATED,Reuse,TD-IG1,V,SIM-ABL-1-0047,-7.230402143256715
SIMULATED,Reuse,TD-IG1,V,SIM-ABL-1-0048,13.728494999133387
SIMULATED,Reuse,TD-IG1,V,SIM-ABL-1-0049,-1.5747079434751772
SIMULATED,Reuse,TD-IG1,V,SIM-ABL-1-0050,3.3798143880306912
SIMULATED,Reuse,TD-IG1,V,SIM-ABL-1-0051,-11.296196056382271
SIMULATED,Reuse,TD-IG1,V,SIM-ABL-1-0052,8.998135398452941
SIMULATED,Reuse,TD-IG1,V,SIM-ABL-1-0053,9.724364831008938
SIMULATED,Reuse,TD-IG1,V,SIM-ABL-1-0054,9.50693534151816
SIMULATED,Reuse,TD-IG1,V,SIM-ABL-1-0055,0.5659351140273596
SIMULATED,Reuse,TD-IG1,V,SIM-ABL-1-0056,0.9146459143676406
SIMULATED,Reuse,TD-IG1,V,SIM-ABL-1-0057,6.563154054290049
SIMULATED,Reuse,TD-IG1,V,SIM-ABL-1-0058,-0.2578148940959113
SIMULATED,Reuse,TD-IG1,V,SIM-ABL-1-0059,-3.5153884860148774
SIMULATED,Reuse,TD-IG1,V,SIM-ABL-1-0060,3.1018681090748856
SIMULATED,Reuse,TD-IG1,V,SIM-ABL-1-0061,1.558076001909769
SIMULATED,Reuse,TD-IG1,V,SIM-ABL-1-0062,3.80374306730689
SIMULATED,Reuse,TD-IG1,V,SIM-ABL-1-0063,-9.145471639177144
SIMULATED,Reuse,TD-IG1,V,SIM-ABL-1-0064,1.2713046066617761
SIMULATED,Reuse,TD-IG1,V,SIM-ABL-1-0065,4.407270249611493
SIMULATED,Reuse,TD-IG1,V,SIM-ABL-1-0066,0.9533140987396445
SIMULATED,Reuse,TD-IG1,V,SIM-ABL-1-0067,-2.882630862553636
SIMULATED,Reuse,TD-IG1,V,SIM-ABL-1-0068,0.10451051882813278
SIMULATED,Reuse,TD-IG1,V,SIM-ABL-1-0069,0.8233296284258462
SIMULATED,Reuse,TD-IG1,V,SIM-ABL-1-0070,-4.374165663025604
SIMULATED,Reuse,TD-IG1,V,SIM-ABL-1-0071,7.852283254127595
SIMULATED,Reuse,TD-IG1,V,SIM-ABL-1-0072,-12.001345968097578
SIMULATED,Reuse,TD-IG1,V,SIM-ABL-1-0073,0.8229436257493474
SIMULATED,Reuse,TD-IG1,V,SIM-ABL-1-0074,-1.8167486066409175
SIMULATED,Reuse,TD-IG1,V,SIM-ABL-1-0075,10.36670405773614
SIMULATED,Reuse,TD-IG1,V,SIM-ABL-1-0076,16.56322211815969
SIMULATED,Reuse,TD-IG1,V,SIM-ABL-1-0077,5.413501415287421
SIMULATED,Reuse,TD-IG1,V,SIM-ABL-1-0078,7.9506191144594105
SIMULATED,Reuse,TD-IG1,V,SIM-ABL-1-0079,-4.537412960588398
SIMULATED,Reuse,TD-IG1,V,SIM-ABL-1-0080,1.20047225074256
SIMULATED,Reuse,TD-IG1,V,SIM-ABL-1-0081,-3.386790266884081
SIMULATED,Reuse,TD-IG1,V,SIM-ABL-1-0082,-0.965046966539759
SIMULATED,Reuse,TD-IG1,V,SIM-ABL-1-0083,0.7267552156780122
SIMULATED,Reuse,TD-IG1,V,SIM-ABL-1-0084,0.6404315305105603
SIMULATED,Reuse,TD-IG1,V,SIM-ABL-1-0085,-7.878942258646049
SIMULATED,Reuse,TD-IG1,V,SIM-ABL-1-0086,-3.9143551241482384
SIMULATED,Reuse,TD-IG1,V,SIM-ABL-1-0087,4.36885706992072
SIMULATED,Reuse,TD-IG1,V,SIM-ABL-1-0088,8.025973041955442
SIMULATED,Reuse,TD-IG1,V,SIM-ABL-1-0089,12.255828894789143
SIMULATED,Reuse,TD-IG1,V,SIM-ABL-1-0090,6.915268171784096
SIMULATED,Reuse,TD-IG1,V,SIM-ABL-1-0091,14.380498655608028
SIMULATED,Reuse,TD-IG1,V,SIM-ABL-1-0092,-3.3459549558750443
SIMULATED,Reuse,TD-IG1,V,SIM-ABL-1-0093,-3.4340921184707054
SIMULATED,Reuse,TD-IG1,V,SIM-ABL-1-0094,3.2641039445685056
SIMULATED,Reuse,TD-IG1,V,SIM-ABL-1-0095,-0.7259272331072237
SIMULATED,Reuse,TD-IG1,V,SIM-ABL-1-0096,1.403800609270524
SIMULATED,Reuse,TD-IG1,V,SIM-ABL-1-0097,2.1304601710469586
SIMULATED,Reuse,TD-IG1,V,SIM-ABL-1-0098,2.2104365062515945
SIMULATED,Reuse,TD-IG1,V,SIM-ABL-1-0099,3.388989322498264
SIMULATED,Reuse,TD-IG1,V,SIM-ABL-1-0100,14.60686862924342
SIMULATED,Reuse,TD-IG1,V,SIM-ABL-1-0101,16.42343552608215
SIMULATED,Reuse,TD-IG1,V,SIM-ABL-1-0102,11.51030163208283
SIMULATED,Reuse,TD-IG1,V,SIM-ABL-1-0103,2.791521382344098
SIMULATED,Reuse,TD-IG1,V,SIM-ABL-1-0104,1.8834231533898023
SIMULATED,Reuse,TD-IG1,V,SIM-ABL-1-0105,10.950306138724427
SIMULATED,Reuse,TD-IG1,V,SIM-ABL-1-0106,1.9745722245305832
SIMULATED,Reuse,TD-IG1,V,SIM-ABL-1-0107,9.049076781628585
SIMULATED,Reuse,TD-IG1,V,SIM-ABL-1-0108,-16.887684296908617
SIMULATED,Reuse,TD-IG1,V,SIM-ABL-1-0109,-2.6139226879297435
SIMULATED,Reuse,TD-IG1,V,SIM-ABL-1-0110,-1.1124003153044302
SIMULATED,Reuse,TD-IG1,V,SIM-ABL-1-0111,-5.631530005422951
SIMULATED,Reuse,TD-IG1,V,SIM-ABL-1-0112,0.2969961702881352
SIMULATED,Reuse,TD-IG1,V,SIM-ABL-1-0113,3.4805518681519363
SIMULATED,Reuse,TD-IG1,V,SIM-ABL-1-0114,1.1192576566897972
SIMULATED,Reuse,TD-IG1,V,SIM-ABL-1-0115,-6.699752499909794
SIMULATED,Reuse,TD-IG1,V,SIM-ABL-1-0116,-9.352158265299007
SIMULATED,Reuse,TD-IG1,V,SIM-ABL-1-0117,-5.198523427539628
SIMULATED,Reuse,TD-IG1,V,SIM-ABL-1-0118,2.3887882714174564
SIMULATED,Reuse,TD-IG1,V,SIM-ABL-1-0119,-1.8824363247065423
SIMULATED,Reuse,TD-IG1,V,SIM-ABL-1-0120,9.833846402414613
SIMULATED,Reuse,TD-IG1,V,SIM-ABL-1-0121,2.4281895844653456
SIMULATED,Reuse,TD-IG1,V,SIM-ABL-1-0122,-1.1914394269265283
SIMULATED,Reuse,TD-IG1,V,SIM-ABL-1-0123,-4.017178642039626
SIMULATED,Reuse,TD-IG1,V,SIM-ABL-1-0124,-2.8499589307978623
SIMULATED,Reuse,TD-IG1,V,SIM-ABL-1-0125,0.4699313725521952
SIMULATED,Reuse,TD-IG1,V,SIM-ABL-1-0126,-1.9636987771205905
SIMULATED,Reuse,TD-IG1,V,SIM-ABL-1-0127,6.271938675510889
SIMULATED,Reuse,TD-IG1,V,SIM-ABL-1-0128,-4.2233216400745
SIMULATED,Reuse,TD-IG1,V,SIM-ABL-1-0129,12.857625369596837
SIMULATED,Reuse,TD-IG1,V,SIM-ABL-1-0130,-0.717747466687852
SIMULATED,Reuse,TD-IG1,V,SIM-ABL-1-0131,4.9925195142301835
SIMULATED,Reuse,TD-IG1,V,SIM-ABL-1-0132,-4.815168427166764
SIMULATED,Reuse,TD-IG1,V,SIM-ABL-1-0133,9.147875980858302
SIMULATED,Reuse,TD-IG1,V,SIM-ABL-1-0134,-1.165576719007309
SIMULATED,Reuse,TD-IG1,V,SIM-ABL-1-0135,0.03771091450899
SIMULATED,Reuse,TD-IG1,V,SIM-ABL-1-0136,12.275557154901906
SIMULATED,Reuse,TD-IG1,V,SIM-ABL-1-0137,1.5030883528688501
SIMULATED,Reuse,TD-IG1,V,SIM-ABL-1-0138,-1.226238345961236
SIMULATED,Reuse,TD-IG1,V,SIM-ABL-1-0139,-0.8477596242852141
SIMULATED,Reuse,TD-IG1,V,SIM-ABL-1-0140,4.71738235793941
SIMULATED,Reuse,TD-IG1,V,SIM-ABL-1-0141,-0.3758062647286655
SIMULATED,Reuse,TD-IG1,V,SIM-ABL-1-0142,7.111427982318677
SIMULATED,Reuse,TD-IG1,V,SIM-ABL-1-0143,0.3148876236082405
SIMULATED,Reuse,TD-IG1,V,SIM-ABL-1-0144,2.701691285251143
SIMULATED,Reuse,TD-IG1,V,SIM-ABL-1-0145,2.8419289017034597
SIMULATED,Reuse,TD-IG1,V,SIM-ABL-1-0146,-12.912721670717682
SIMULATED,Reuse,TD-IG1,V,SIM-ABL-1-0147,-2.448975933779741
SIMULATED,Reuse,TD-IG1,V,SIM-ABL-1-0148,5.935330231525574
SIMULATED,Reuse,TD-IG1,V,SIM-ABL-1-0149,-1.9831822193334596
SIMULATED,Reuse,TD-IG1,V,SIM-ABL-1-0150,-6.92056070976173
SIMULATED,Reuse,TD-IG1,V,SIM-ABL-1-0151,6.8566220587394575
SIMULATED,Reuse,TD-IG1,V,SIM-ABL-1-0152,5.112144036435495
SIMULATED,Reuse,TD-IG1,V,SIM-ABL-1-0153,1.827431947046255
SIMULATED,Reuse,TD-IG1,V,SIM-ABL-1-0154,13.657901189861947
SIMULATED,Reuse,TD-IG1,V,SIM-ABL-1-0155,3.375931927033405
SIMULATED,Reuse,TD-IG1,V,SIM-ABL-1-0156,8.943662194224073
SIMULATED,Reuse,TD-IG1,V,SIM-ABL-1-0157,1.396785025563043
SIMULATED,Reuse,TD-IG1,V,SIM-ABL-1-0158,-9.555644710172572
SIMULATED,Reuse,TD-IG1,V,SIM-ABL-1-0159,7.76495921120217
SIMULATED,Reuse,TD-IG1,T,SIM-ABL-1-0000,-1.6808327369274005
SIMULATED,Reuse,TD-IG1,T,SIM-ABL-1-0001,0.06727024546394267
SIMULATED,Reuse,TD-IG1,T,SIM-ABL-1-0002,17.806082450487203
SIMULATED,Reuse,TD-IG1,T,SIM-ABL-1-0003,-3.669775433807234
SIMULATED,Reuse,TD-IG1,T,SIM-ABL-1-0004,-5.331140806658908
SIMULATED,Reuse,TD-IG1,T,SIM-ABL-1-0005,3.256449984052129
SIMULATED,Reuse,TD-IG1,T,SIM-ABL-1-0006,-1.3673640599132133
SIMULATED,Reuse,TD-IG1,T,SIM-ABL-1-0007,7.769353486479691
SIMULATED,Reuse,TD-IG1,T,SIM-ABL-1-0008,6.272110318240677
SIMULATED,Reuse,TD-IG1,T,SIM-ABL-1-0009,7.989992934173428
SIMULATED,Reuse,TD-IG1,T,SIM-ABL-1-0010,-0.5261405945987194
SIMULATED,Reuse,TD-IG1,T,SIM-ABL-1-0011,11.221154824248774
SIMULATED,Reuse,TD-IG1,T,SIM-ABL-1-0012,-6.75074304718658
SIMULATED,Reuse,TD-IG1,T,SIM-ABL-1-0013,3.7715885733209067
SIMULATED,Reuse,TD-IG1,T,SIM-ABL-1-0014,-1.1037006845477402
SIMULATED,Reuse,TD-IG1,T,SIM-ABL-1-0015,-4.473135818090075
SIMULATED,Reuse,TD-IG1,T,SIM-ABL-1-0016,-10.068728615537362
SIMULATED,Reuse,TD-IG1,T,SIM-ABL-1-0017,2.8565139124177037
SIMULATED,Reuse,TD-IG1,T,SIM-ABL-1-0018,6.049304729359612
SIMULATED,Reuse,TD-IG1,T,SIM-ABL-1-0019,8.993841444155798
SIMULATED,Reuse,TD-IG1,T,SIM-ABL-1-0020,-9.675888283101951
SIMULATED,Reuse,TD-IG1,T,SIM-ABL-1-0021,3.4492646423718014
SIMULATED,Reuse,TD-IG1,T,SIM-ABL-1-0022,8.515262403608613
SIMULATED,Reuse,TD-IG1,T,SIM-ABL-1-0023,18.694039503085758
SIMULATED,Reuse,TD-IG1,T,SIM-ABL-1-0024,-9.658606681069994
SIMULATED,Reuse,TD-IG1,T,SIM-ABL-1-0025,1.4663279900177109
SIMULATED,Reuse,TD-IG1,T,SIM-ABL-1-0026,2.0046104465500436
SIMULATED,Reuse,TD-IG1,T,SIM-ABL-1-0027,15.166646850034459
SIMULATED,Reuse,TD-IG1,T,SIM-ABL-1-0028,17.429313717411734
SIMULATED,Reuse,TD-IG1,T,SIM-ABL-1-0029,4.39219055031316
SIMULATED,Reuse,TD-IG1,T,SIM-ABL-1-0030,6.231365791931257
SIMULATED,Reuse,TD-IG1,T,SIM-ABL-1-0031,-1.1417423290602997
SIMULATED,Reuse,TD-IG1,T,SIM-ABL-1-0032,11.31534271995135
SIMULATED,Reuse,TD-IG1,T,SIM-ABL-1-0033,0.8030727040564489
SIMULATED,Reuse,TD-IG1,T,SIM-ABL-1-0034,-4.593403694913107
SIMULATED,Reuse,TD-IG1,T,SIM-ABL-1-0035,7.094003000653634
SIMULATED,Reuse,TD-IG1,T,SIM-ABL-1-0036,-6.043751021473634
SIMULATED,Reuse,TD-IG1,T,SIM-ABL-1-0037,-4.645114011038494
SIMULATED,Reuse,TD-IG1,T,SIM-ABL-1-0038,7.775629287811002
SIMULATED,Reuse,TD-IG1,T,SIM-ABL-1-0039,19.26761353708786
SIMULATED,Reuse,TD-IG1,T,SIM-ABL-1-0040,-2.267861983719599
SIMULATED,Reuse,TD-IG1,T,SIM-ABL-1-0041,-5.58426797502333
SIMULATED,Reuse,TD-IG1,T,SIM-ABL-1-0042,4.074785343062795
SIMULATED,Reuse,TD-IG1,T,SIM-ABL-1-0043,0.7663730501954511
SIMULATED,Reuse,TD-IG1,T,SIM-ABL-1-0044,3.2901495701322205
SIMULATED,Reuse,TD-IG1,T,SIM-ABL-1-0045,-0.3182328199927067
SIMULATED,Reuse,TD-IG1,T,SIM-ABL-1-0046,9.400157383550521
SIMULATED,Reuse,TD-IG1,T,SIM-ABL-1-0047,-5.889018309155212
SIMULATED,Reuse,TD-IG1,T,SIM-ABL-1-0048,-5.83367037952671
SIMULATED,Reuse,TD-IG1,T,SIM-ABL-1-0049,-2.680791332416134
SIMULATED,Reuse,TD-IG1,T,SIM-ABL-1-0050,1.8036080981195617
SIMULATED,Reuse,TD-IG1,T,SIM-ABL-1-0051,-1.5315478413998447
SIMULATED,Reuse,TD-IG1,T,SIM-ABL-1-0052,5.67197974653443
SIMULATED,Reuse,TD-IG1,T,SIM-ABL-1-0053,13.544084302390731
SIMULATED,Reuse,TD-IG1,T,SIM-ABL-1-0054,5.746419190102983
SIMULATED,Reuse,TD-IG1,T,SIM-ABL-1-0055,-9.98312102362707
SIMULATED,Reuse,TD-IG1,T,SIM-ABL-1-0056,-0.3827825013892272
SIMULATED,Reuse,TD-IG1,T,SIM-ABL-1-0057,8.524344464998192
SIMULATED,Reuse,TD-IG1,T,SIM-ABL-1-0058,-1.625022688602467
SIMULATED,Reuse,TD-IG1,T,SIM-ABL-1-0059,6.0984169600702645
SIMULATED,Reuse,TD-IG1,T,SIM-ABL-1-0060,6.5158333663625045
SIMULATED,Reuse,TD-IG1,T,SIM-ABL-1-0061,8.204005918668697
SIMULATED,Reuse,TD-IG1,T,SIM-ABL-1-0062,8.954060266762738
SIMULATED,Reuse,TD-IG1,T,SIM-ABL-1-0063,11.58136762440005
SIMULATED,Reuse,TD-IG1,T,SIM-ABL-1-0064,-6.934279955225788
SIMULATED,Reuse,TD-IG1,T,SIM-ABL-1-0065,-0.9556342672934992
SIMULATED,Reuse,TD-IG1,T,SIM-ABL-1-0066,0.8954771513529094
SIMULATED,Reuse,TD-IG1,T,SIM-ABL-1-0067,16.70675639079709
SIMULATED,Reuse,TD-IG1,T,SIM-ABL-1-0068,-5.710034116105684
SIMULATED,Reuse,TD-IG1,T,SIM-ABL-1-0069,15.59315506256356
SIMULATED,Reuse,TD-IG1,T,SIM-ABL-1-0070,11.21871528586457
SIMULATED,Reuse,TD-IG1,T,SIM-ABL-1-0071,9.974929786809541
SIMULATED,Reuse,TD-IG1,T,SIM-ABL-1-0072,4.74352500733219
SIMULATED,Reuse,TD-IG1,T,SIM-ABL-1-0073,-2.270977089775627
SIMULATED,Reuse,TD-IG1,T,SIM-ABL-1-0074,7.377815886381784
SIMULATED,Reuse,TD-IG1,T,SIM-ABL-1-0075,5.185648256276696
SIMULATED,Reuse,TD-IG1,T,SIM-ABL-1-0076,14.939649028059126
SIMULATED,Reuse,TD-IG1,T,SIM-ABL-1-0077,12.266391321911549
SIMULATED,Reuse,TD-IG1,T,SIM-ABL-1-0078,3.465765885317945
SIMULATED,Reuse,TD-IG1,T,SIM-ABL-1-0079,2.4193641382974236
SIMULATED,Reuse,TD-IG1,T,SIM-ABL-1-0080,6.6835560990447656
SIMULATED,Reuse,TD-IG1,T,SIM-ABL-1-0081,-3.702339692121127
SIMULATED,Reuse,TD-IG1,T,SIM-ABL-1-0082,13.207471784367675
SIMULATED,Reuse,TD-IG1,T,SIM-ABL-1-0083,-0.8172626841438437
SIMULATED,Reuse,TD-IG1,T,SIM-ABL-1-0084,9.703459106755126
SIMULATED,Reuse,TD-IG1,T,SIM-ABL-1-0085,12.329365361231009
SIMULATED,Reuse,TD-IG1,T,SIM-ABL-1-0086,3.2811802014417424
SIMULATED,Reuse,TD-IG1,T,SIM-ABL-1-0087,-1.5811777255701056
SIMULATED,Reuse,TD-IG1,T,SIM-ABL-1-0088,0.7934122309172147
SIMULATED,Reuse,TD-IG1,T,SIM-ABL-1-0089,-0.6204032349037867
SIMULATED,Reuse,TD-IG1,T,SIM-ABL-1-0090,11.097942595031277
SIMULATED,Reuse,TD-IG1,T,SIM-ABL-1-0091,2.133567668096831
SIMULATED,Reuse,TD-IG1,T,SIM-ABL-1-0092,0.8536725782345762
SIMULATED,Reuse,TD-IG1,T,SIM-ABL-1-0093,1.1539089966131755
SIMULATED,Reuse,TD-IG1,T,SIM-ABL-1-0094,5.8707376608270705
SIMULATED,Reuse,TD-IG1,T,SIM-ABL-1-0095,15.11638726710396
SIMULATED,Reuse,TD-IG1,T,SIM-ABL-1-0096,-1.3966719322564867
SIMULATED,Reuse,TD-IG1,T,SIM-ABL-1-0097,3.7611020959199437
SIMULATED,Reuse,TD-IG1,T,SIM-ABL-1-0098,4.050286803617855
SIMULATED,Reuse,TD-IG1,T,SIM-ABL-1-0099,4.575700389252712
SIMULATED,Reuse,TD-IG1,T,SIM-ABL-1-0100,-2.055685200944991
SIMULATED,Reuse,TD-IG1,T,SIM-ABL-1-0101,-0.03154428505107498
SIMULATED,Reuse,TD-IG1,T,SIM-ABL-1-0102,-8.561467443151601
SIMULATED,Reuse,TD-IG1,T,SIM-ABL-1-0103,5.4931976303425625
SIMULATED,Reuse,TD-IG1,T,SIM-ABL-1-0104,6.644770185262462
SIMULATED,Reuse,TD-IG1,T,SIM-ABL-1-0105,-3.6619029405524426
SIMULATED,Reuse,TD-IG1,T,SIM-ABL-1-0106,13.953734579618054
SIMULATED,Reuse,TD-IG1,T,SIM-ABL-1-0107,7.118900693283006
SIMULATED,Reuse,TD-IG1,T,SIM-ABL-1-0108,13.357287156430015
SIMULATED,Reuse,TD-IG1,T,SIM-ABL-1-0109,-2.520975290001447
SIMULATED,Reuse,TD-IG1,T,SIM-ABL-1-0110,7.565464220511518
SIMULATED,Reuse,TD-IG1,T,SIM-ABL-1-0111,0.011586381885476893
SIMULATED,Reuse,TD-IG1,T,SIM-ABL-1-0112,8.88504957502797
SIMULATED,Reuse,TD-IG1,T,SIM-ABL-1-0113,2.253906504908278
SIMULATED,Reuse,TD-IG1,T,SIM-ABL-1-0114,-4.6833445364223465
SIMULATED,Reuse,TD-IG1,T,SIM-ABL-1-0115,3.878948268808668
SIMULATED,Reuse,TD-IG1,T,SIM-ABL-1-0116,9.96868057170631
SIMULATED,Reuse,TD-IG1,T,SIM-ABL-1-0117,1.1194169719582623
SIMULATED,Reuse,TD-IG1,T,SIM-ABL-1-0118,6.908843559425003
SIMULATED,Reuse,TD-IG1,T,SIM-ABL-1-0119,0.889839830664815
SIMULATED,Reuse,TD-IG1,T,SIM-ABL-1-0120,11.03501885162906
SIMULATED,Reuse,TD-IG1,T,SIM-ABL-1-0121,9.487765733136495
SIMULATED,Reuse,TD-IG1,T,SIM-ABL-1-0122,1.5355519624706133
SIMULATED,Reuse,TD-IG1,T,SIM-ABL-1-0123,5.642183522977165
SIMULATED,Reuse,TD-IG1,T,SIM-ABL-1-0124,3.819510356783657
SIMULATED,Reuse,TD-IG1,T,SIM-ABL-1-0125,1.9807991080493799
SIMULATED,Reuse,TD-IG1,T,SIM-ABL-1-0126,5.182161706253054
SIMULATED,Reuse,TD-IG1,T,SIM-ABL-1-0127,5.406771556012902
SIMULATED,Reuse,TD-IG1,T,SIM-ABL-1-0128,0.8261087211991667
SIMULATED,Reuse,TD-IG1,T,SIM-ABL-1-0129,-3.887777163597095
SIMULATED,Reuse,TD-IG1,T,SIM-ABL-1-0130,7.158156197300321
SIMULATED,Reuse,TD-IG1,T,SIM-ABL-1-0131,7.4943396389673484
SIMULATED,Reuse,TD-IG1,T,SIM-ABL-1-0132,2.3143772220385195
SIMULATED,Reuse,TD-IG1,T,SIM-ABL-1-0133,2.5325162648338573
SIMULATED,Reuse,TD-IG1,T,SIM-ABL-1-0134,-8.35203967403588
SIMULATED,Reuse,TD-IG1,T,SIM-ABL-1-0135,3.343156694899795
SIMULATED,Reuse,TD-IG1,T,SIM-ABL-1-0136,-5.996416236680217
SIMULATED,Reuse,TD-IG1,T,SIM-ABL-1-0137,-1.1968778902467525
SIMULATED,Reuse,TD-IG1,T,SIM-ABL-1-0138,0.864891602172837
SIMULATED,Reuse,TD-IG1,T,SIM-ABL-1-0139,-1.730415947328967
SIMULATED,Reuse,TD-IG1,T,SIM-ABL-1-0140,6.315799638378988
SIMULATED,Reuse,TD-IG1,T,SIM-ABL-1-0141,9.751813949515112
SIMULATED,Reuse,TD-IG1,T,SIM-ABL-1-0142,-2.074275198908569
SIMULATED,Reuse,TD-IG1,T,SIM-ABL-1-0143,-0.8805758865707669
SIMULATED,Reuse,TD-IG1,T,SIM-ABL-1-0144,2.7196764893562
SIMULATED,Reuse,TD-IG1,T,SIM-ABL-1-0145,13.987956283412885
SIMULATED,Reuse,TD-IG1,T,SIM-ABL-1-0146,5.649469878041896
SIMULATED,Reuse,TD-IG1,T,SIM-ABL-1-0147,-0.8526611050830306
SIMULATED,Reuse,TD-IG1,T,SIM-ABL-1-0148,7.00693899641249
SIMULATED,Reuse,TD-IG1,T,SIM-ABL-1-0149,3.789722821433947
SIMULATED,Reuse,TD-IG1,T,SIM-ABL-1-0150,4.223446685766277
SIMULATED,Reuse,TD-IG1,T,SIM-ABL-1-0151,-4.897240895809139
SIMULATED,Reuse,TD-IG1,T,SIM-ABL-1-0152,-0.9175047399303975
SIMULATED,Reuse,TD-IG1,T,SIM-ABL-1-0153,7.7741302594535755
SIMULATED,Reuse,TD-IG1,T,SIM-ABL-1-0154,-3.545319149576537
SIMULATED,Reuse,TD-IG1,T,SIM-ABL-1-0155,4.781074546055121
SIMULATED,Reuse,TD-IG1,T,SIM-ABL-1-0156,-9.776921306107681
SIMULATED,Reuse,TD-IG1,T,SIM-ABL-1-0157,-2.8196959586510975
SIMULATED,Reuse,TD-IG1,T,SIM-ABL-1-0158,-2.906111192731797
SIMULATED,Reuse,TD-IG1,T,SIM-ABL-1-0159,4.34943324213706
SIMULATED,Reuse,TD-IG1,Π,SIM-ABL-1-0000,3.0172337245412173
SIMULATED,Reuse,TD-IG1,Π,SIM-ABL-1-0001,9.684144524085259
SIMULATED,Reuse,TD-IG1,Π,SIM-ABL-1-0002,-3.8138149855864
SIMULATED,Reuse,TD-IG1,Π,SIM-ABL-1-0003,10.264220463554292
SIMULATED,Reuse,TD-IG1,Π,SIM-ABL-1-0004,-5.278805072514988
SIMULATED,Reuse,TD-IG1,Π,SIM-ABL-1-0005,5.1001917885858985
SIMULATED,Reuse,TD-IG1,Π,SIM-ABL-1-0006,3.022719434189741
SIMULATED,Reuse,TD-IG1,Π,SIM-ABL-1-0007,2.780415553880263
SIMULATED,Reuse,TD-IG1,Π,SIM-ABL-1-0008,4.98811427020675
SIMULATED,Reuse,TD-IG1,Π,SIM-ABL-1-0009,5.800489735064334
SIMULATED,Reuse,TD-IG1,Π,SIM-ABL-1-0010,8.221624583626241
SIMULATED,Reuse,TD-IG1,Π,SIM-ABL-1-0011,3.00595079108351
SIMULATED,Reuse,TD-IG1,Π,SIM-ABL-1-0012,-0.3837075521940063
SIMULATED,Reuse,TD-IG1,Π,SIM-ABL-1-0013,-2.371528011429276
SIMULATED,Reuse,TD-IG1,Π,SIM-ABL-1-0014,-4.506435109245905
SIMULATED,Reuse,TD-IG1,Π,SIM-ABL-1-0015,8.359995432844041
SIMULATED,Reuse,TD-IG1,Π,SIM-ABL-1-0016,-0.538590076564498
SIMULATED,Reuse,TD-IG1,Π,SIM-ABL-1-0017,-3.299661464514325
SIMULATED,Reuse,TD-IG1,Π,SIM-ABL-1-0018,11.986734988163615
SIMULATED,Reuse,TD-IG1,Π,SIM-ABL-1-0019,2.934996641331688
SIMULATED,Reuse,TD-IG1,Π,SIM-ABL-1-0020,6.867590185693666
SIMULATED,Reuse,TD-IG1,Π,SIM-ABL-1-0021,-3.8866667117216656
SIMULATED,Reuse,TD-IG1,Π,SIM-ABL-1-0022,-1.1088349045969612
SIMULATED,Reuse,TD-IG1,Π,SIM-ABL-1-0023,0.6109004126150324
SIMULATED,Reuse,TD-IG1,Π,SIM-ABL-1-0024,5.047025157487675
SIMULATED,Reuse,TD-IG1,Π,SIM-ABL-1-0025,-5.168148880316888
SIMULATED,Reuse,TD-IG1,Π,SIM-ABL-1-0026,8.93053283301668
SIMULATED,Reuse,TD-IG1,Π,SIM-ABL-1-0027,-5.819440453506883
SIMULATED,Reuse,TD-IG1,Π,SIM-ABL-1-0028,-5.12574906576421
SIMULATED,Reuse,TD-IG1,Π,SIM-ABL-1-0029,3.426382193968756
SIMULATED,Reuse,TD-IG1,Π,SIM-ABL-1-0030,5.119618340269971
SIMULATED,Reuse,TD-IG1,Π,SIM-ABL-1-0031,3.7406290754633673
SIMULATED,Reuse,TD-IG1,Π,SIM-ABL-1-0032,9.18778352051693
SIMULATED,Reuse,TD-IG1,Π,SIM-ABL-1-0033,-6.810067328916423
SIMULATED,Reuse,TD-IG1,Π,SIM-ABL-1-0034,-9.952001287205507
SIMULATED,Reuse,TD-IG1,Π,SIM-ABL-1-0035,-9.30409134807837
SIMULATED,Reuse,TD-IG1,Π,SIM-ABL-1-0036,7.633517894828826
SIMULATED,Reuse,TD-IG1,Π,SIM-ABL-1-0037,4.639280881320348
SIMULATED,Reuse,TD-IG1,Π,SIM-ABL-1-0038,7.615677352500873
SIMULATED,Reuse,TD-IG1,Π,SIM-ABL-1-0039,7.8225645263101296
SIMULATED,Reuse,TD-IG1,Π,SIM-ABL-1-0040,-3.5599267788122244
SIMULATED,Reuse,TD-IG1,Π,SIM-ABL-1-0041,5.104678823196091
SIMULATED,Reuse,TD-IG1,Π,SIM-ABL-1-0042,-11.03733763924042
SIMULATED,Reuse,TD-IG1,Π,SIM-ABL-1-0043,4.878298931130505
SIMULATED,Reuse,TD-IG1,Π,SIM-ABL-1-0044,11.342039550479711
SIMULATED,Reuse,TD-IG1,Π,SIM-ABL-1-0045,2.8944745535640126
SIMULATED,Reuse,TD-IG1,Π,SIM-ABL-1-0046,2.5014257269976476
SIMULATED,Reuse,TD-IG1,Π,SIM-ABL-1-0047,4.008117946113365
SIMULATED,Reuse,TD-IG1,Π,SIM-ABL-1-0048,5.594151865652811
SIMULATED,Reuse,TD-IG1,Π,SIM-ABL-1-0049,1.6313268684354463
SIMULATED,Reuse,TD-IG1,Π,SIM-ABL-1-0050,-4.127514054475486
SIMULATED,Reuse,TD-IG1,Π,SIM-ABL-1-0051,9.096967793467034
SIMULATED,Reuse,TD-IG1,Π,SIM-ABL-1-0052,6.689992890544191
SIMULATED,Reuse,TD-IG1,Π,SIM-ABL-1-0053,-1.9802866599971014
SIMULATED,Reuse,TD-IG1,Π,SIM-ABL-1-0054,-19.003884079788193
SIMULATED,Reuse,TD-IG1,Π,SIM-ABL-1-0055,8.986893777828477
SIMULATED,Reuse,TD-IG1,Π,SIM-ABL-1-0056,-4.883606991410241
SIMULATED,Reuse,TD-IG1,Π,SIM-ABL-1-0057,-7.562058030248828
SIMULATED,Reuse,TD-IG1,Π,SIM-ABL-1-0058,-3.4339516940289823
SIMULATED,Reuse,TD-IG1,Π,SIM-ABL-1-0059,9.459401420831695
SIMULATED,Reuse,TD-IG1,Π,SIM-ABL-1-0060,1.8407699104981268
SIMULATED,Reuse,TD-IG1,Π,SIM-ABL-1-0061,3.060561301023653
SIMULATED,Reuse,TD-IG1,Π,SIM-ABL-1-0062,2.5123105973548236
SIMULATED,Reuse,TD-IG1,Π,SIM-ABL-1-0063,-17.886529669354584
SIMULATED,Reuse,TD-IG1,Π,SIM-ABL-1-0064,0.6838817233963435
SIMULATED,Reuse,TD-IG1,Π,SIM-ABL-1-0065,10.390600737182366
SIMULATED,Reuse,TD-IG1,Π,SIM-ABL-1-0066,7.207690030613888
SIMULATED,Reuse,TD-IG1,Π,SIM-ABL-1-0067,19.47047343869395
SIMULATED,Reuse,TD-IG1,Π,SIM-ABL-1-0068,-1.2792099027290345
SIMULATED,Reuse,TD-IG1,Π,SIM-ABL-1-0069,9.30604779488285
SIMULATED,Reuse,TD-IG1,Π,SIM-ABL-1-0070,4.730284387778154
SIMULATED,Reuse,TD-IG1,Π,SIM-ABL-1-0071,12.3209838998926
SIMULATED,Reuse,TD-IG1,Π,SIM-ABL-1-0072,-2.2434734274952763
SIMULATED,Reuse,TD-IG1,Π,SIM-ABL-1-0073,9.032175771388411
SIMULATED,Reuse,TD-IG1,Π,SIM-ABL-1-0074,5.172707819428375
SIMULATED,Reuse,TD-IG1,Π,SIM-ABL-1-0075,1.7352681980387996
SIMULATED,Reuse,TD-IG1,Π,SIM-ABL-1-0076,0.41540629594157874
SIMULATED,Reuse,TD-IG1,Π,SIM-ABL-1-0077,6.905913947310271
SIMULATED,Reuse,TD-IG1,Π,SIM-ABL-1-0078,1.9696082126934404
SIMULATED,Reuse,TD-IG1,Π,SIM-ABL-1-0079,-5.712161473507065
SIMULATED,Reuse,TD-IG1,Π,SIM-ABL-1-0080,-10.431879597308354
SIMULATED,Reuse,TD-IG1,Π,SIM-ABL-1-0081,10.123903076138937
SIMULATED,Reuse,TD-IG1,Π,SIM-ABL-1-0082,-2.4986107088767424
SIMULATED,Reuse,TD-IG1,Π,SIM-ABL-1-0083,-6.712449736362867
SIMULATED,Reuse,TD-IG1,Π,SIM-ABL-1-0084,2.0996497840189816
SIMULATED,Reuse,TD-IG1,Π,SIM-ABL-1-0085,-3.3769247473786717
SIMULATED,Reuse,TD-IG1,Π,SIM-ABL-1-0086,-3.1666948020952237
SIMULATED,Reuse,TD-IG1,Π,SIM-ABL-1-0087,3.148710718278993
SIMULATED,Reuse,TD-IG1,Π,SIM-ABL-1-0088,-1.068278061980465
SIMULATED,Reuse,TD-IG1,Π,SIM-ABL-1-0089,-5.229136775525222
SIMULATED,Reuse,TD-IG1,Π,SIM-ABL-1-0090,6.926907601821229
SIMULATED,Reuse,TD-IG1,Π,SIM-ABL-1-0091,0.7799655880674445
SIMULATED,Reuse,TD-IG1,Π,SIM-ABL-1-0092,3.2928061444829684
SIMULATED,Reuse,TD-IG1,Π,SIM-ABL-1-0093,-1.072820644644854
SIMULATED,Reuse,TD-IG1,Π,SIM-ABL-1-0094,8.660310073037602
SIMULATED,Reuse,TD-IG1,Π,SIM-ABL-1-0095,-4.6878725052999535
SIMULATED,Reuse,TD-IG1,Π,SIM-ABL-1-0096,-25.195942467624743
SIMULATED,Reuse,TD-IG1,Π,SIM-ABL-1-0097,2.2060034811050757
SIMULATED,Reuse,TD-IG1,Π,SIM-ABL-1-0098,-0.476215473375345
SIMULATED,Reuse,TD-IG1,Π,SIM-ABL-1-0099,5.361924045871863
SIMULATED,Reuse,TD-IG1,Π,SIM-ABL-1-0100,-0.07097929241257273
SIMULATED,Reuse,TD-IG1,Π,SIM-ABL-1-0101,-6.445184704983475
SIMULATED,Reuse,TD-IG1,Π,SIM-ABL-1-0102,10.84868839630787
SIMULATED,Reuse,TD-IG1,Π,SIM-ABL-1-0103,-8.95936743669538
SIMULATED,Reuse,TD-IG1,Π,SIM-ABL-1-0104,9.088794561204015
SIMULATED,Reuse,TD-IG1,Π,SIM-ABL-1-0105,0.6877918282448867
SIMULATED,Reuse,TD-IG1,Π,SIM-ABL-1-0106,-2.190740615037152
SIMULATED,Reuse,TD-IG1,Π,SIM-ABL-1-0107,-5.887899513597149
SIMULATED,Reuse,TD-IG1,Π,SIM-ABL-1-0108,13.792988742043352
SIMULATED,Reuse,TD-IG1,Π,SIM-ABL-1-0109,3.4608111969684106
SIMULATED,Reuse,TD-IG1,Π,SIM-ABL-1-0110,8.523831041900568
SIMULATED,Reuse,TD-IG1,Π,SIM-ABL-1-0111,6.2030725402529
SIMULATED,Reuse,TD-IG1,Π,SIM-ABL-1-0112,-7.218805637624611
SIMULATED,Reuse,TD-IG1,Π,SIM-ABL-1-0113,1.4912196101425552
SIMULATED,Reuse,TD-IG1,Π,SIM-ABL-1-0114,15.61525168590809
SIMULATED,Reuse,TD-IG1,Π,SIM-ABL-1-0115,0.7381777855968974
SIMULATED,Reuse,TD-IG1,Π,SIM-ABL-1-0116,-1.6436260233311613
SIMULATED,Reuse,TD-IG1,Π,SIM-ABL-1-0117,3.5938444569492614
SIMULATED,Reuse,TD-IG1,Π,SIM-ABL-1-0118,11.21792198081237
SIMULATED,Reuse,TD-IG1,Π,SIM-ABL-1-0119,-2.686398461211267
SIMULATED,Reuse,TD-IG1,Π,SIM-ABL-1-0120,-12.215207295472922
SIMULATED,Reuse,TD-IG1,Π,SIM-ABL-1-0121,7.334438133032442
SIMULATED,Reuse,TD-IG1,Π,SIM-ABL-1-0122,13.420506210160587
SIMULATED,Reuse,TD-IG1,Π,SIM-ABL-1-0123,-6.8797903836060925
SIMULATED,Reuse,TD-IG1,Π,SIM-ABL-1-0124,10.198987435715173
SIMULATED,Reuse,TD-IG1,Π,SIM-ABL-1-0125,-2.2078530107531806
SIMULATED,Reuse,TD-IG1,Π,SIM-ABL-1-0126,-3.7235140500162283
SIMULATED,Reuse,TD-IG1,Π,SIM-ABL-1-0127,-2.6673879013609563
SIMULATED,Reuse,TD-IG1,Π,SIM-ABL-1-0128,-4.027942418993751
SIMULATED,Reuse,TD-IG1,Π,SIM-ABL-1-0129,3.907408295114571
SIMULATED,Reuse,TD-IG1,Π,SIM-ABL-1-0130,-3.5413386505148594
SIMULATED,Reuse,TD-IG1,Π,SIM-ABL-1-0131,-0.18146413856480992
SIMULATED,Reuse,TD-IG1,Π,SIM-ABL-1-0132,8.911801842671597
SIMULATED,Reuse,TD-IG1,Π,SIM-ABL-1-0133,6.352167987972513
SIMULATED,Reuse,TD-IG1,Π,SIM-ABL-1-0134,5.605230048203204
SIMULATED,Reuse,TD-IG1,Π,SIM-ABL-1-0135,-1.0993396881515416
SIMULATED,Reuse,TD-IG1,Π,SIM-ABL-1-0136,7.4861447929389024
SIMULATED,Reuse,TD-IG1,Π,SIM-ABL-1-0137,-0.189732786490163
SIMULATED,Reuse,TD-IG1,Π,SIM-ABL-1-0138,10.562928980900953
SIMULATED,Reuse,TD-IG1,Π,SIM-ABL-1-0139,13.852601045986157
SIMULATED,Reuse,TD-IG1,Π,SIM-ABL-1-0140,1.68828756268479
SIMULATED,Reuse,TD-IG1,Π,SIM-ABL-1-0141,-0.8017867275281527
SIMULATED,Reuse,TD-IG1,Π,SIM-ABL-1-0142,-1.990594340841172
SIMULATED,Reuse,TD-IG1,Π,SIM-ABL-1-0143,-3.7844671077280783
SIMULATED,Reuse,TD-IG1,Π,SIM-ABL-1-0144,-6.17441307703084
SIMULATED,Reuse,TD-IG1,Π,SIM-ABL-1-0145,-5.196687718677275
SIMULATED,Reuse,TD-IG1,Π,SIM-ABL-1-0146,3.06753295834009
SIMULATED,Reuse,TD-IG1,Π,SIM-ABL-1-0147,2.119983131090166
SIMULATED,Reuse,TD-IG1,Π,SIM-ABL-1-0148,9.343171170308068
SIMULATED,Reuse,TD-IG1,Π,SIM-ABL-1-0149,-8.758887298255745
SIMULATED,Reuse,TD-IG1,Π,SIM-ABL-1-0150,-1.2966391600815146
SIMULATED,Reuse,TD-IG1,Π,SIM-ABL-1-0151,13.715938557870402
SIMULATED,Reuse,TD-IG1,Π,SIM-ABL-1-0152,8.298438835510268
SIMULATED,Reuse,TD-IG1,Π,SIM-ABL-1-0153,-2.289383102817819
SIMULATED,Reuse,TD-IG1,Π,SIM-ABL-1-0154,5.713060568062263
SIMULATED,Reuse,TD-IG1,Π,SIM-ABL-1-0155,-2.1207331613116
SIMULATED,Reuse,TD-IG1,Π,SIM-ABL-1-0156,1.5490422677905358
SIMULATED,Reuse,TD-IG1,Π,SIM-ABL-1-0157,4.971007220515123
SIMULATED,Reuse,TD-IG1,Π,SIM-ABL-1-0158,0.29911028746101764
SIMULATED,Reuse,TD-IG1,Π,SIM-ABL-1-0159,0.6323615852962521
SIMULATED,Reuse,TD-IG1,G,SIM-ABL-1-0000,-7.056680178410465
SIMULATED,Reuse,TD-IG1,G,SIM-ABL-1-0001,-3.9871660681829524
SIMULATED,Reuse,TD-IG1,G,SIM-ABL-1-0002,-12.036273093868548
SIMULATED,Reuse,TD-IG1,G,SIM-ABL-1-0003,9.192679446802279
SIMULATED,Reuse,TD-IG1,G,SIM-ABL-1-0004,-10.730788070993773
SIMULATED,Reuse,TD-IG1,G,SIM-ABL-1-0005,-12.862452189363966
SIMULATED,Reuse,TD-IG1,G,SIM-ABL-1-0006,11.649985241086402
SIMULATED,Reuse,TD-IG1,G,SIM-ABL-1-0007,3.512919410014791
SIMULATED,Reuse,TD-IG1,G,SIM-ABL-1-0008,9.815613827085517
SIMULATED,Reuse,TD-IG1,G,SIM-ABL-1-0009,-0.6794857978751956
SIMULATED,Reuse,TD-IG1,G,SIM-ABL-1-0010,-1.4347551773926022
SIMULATED,Reuse,TD-IG1,G,SIM-ABL-1-0011,-10.954295028293188
SIMULATED,Reuse,TD-IG1,G,SIM-ABL-1-0012,-8.262737697601267
SIMULATED,Reuse,TD-IG1,G,SIM-ABL-1-0013,-3.1877589908587356
SIMULATED,Reuse,TD-IG1,G,SIM-ABL-1-0014,-1.2085053040341234
SIMULATED,Reuse,TD-IG1,G,SIM-ABL-1-0015,-6.2001001900022725
SIMULATED,Reuse,TD-IG1,G,SIM-ABL-1-0016,-5.941317785039998
SIMULATED,Reuse,TD-IG1,G,SIM-ABL-1-0017,-0.23073353206482994
SIMULATED,Reuse,TD-IG1,G,SIM-ABL-1-0018,4.582193578972074
SIMULATED,Reuse,TD-IG1,G,SIM-ABL-1-0019,8.355630188061552
SIMULATED,Reuse,TD-IG1,G,SIM-ABL-1-0020,6.563733860691395
SIMULATED,Reuse,TD-IG1,G,SIM-ABL-1-0021,3.1061922964222273
SIMULATED,Reuse,TD-IG1,G,SIM-ABL-1-0022,-5.7934239323332966
SIMULATED,Reuse,TD-IG1,G,SIM-ABL-1-0023,2.568921717859276
SIMULATED,Reuse,TD-IG1,G,SIM-ABL-1-0024,-6.511863491382156
SIMULATED,Reuse,TD-IG1,G,SIM-ABL-1-0025,7.028391175211232
SIMULATED,Reuse,TD-IG1,G,SIM-ABL-1-0026,5.575667056347963
SIMULATED,Reuse,TD-IG1,G,SIM-ABL-1-0027,-16.00253524718937
SIMULATED,Reuse,TD-IG1,G,SIM-ABL-1-0028,14.210661672050712
SIMULATED,Reuse,TD-IG1,G,SIM-ABL-1-0029,-0.6934562029161442
SIMULATED,Reuse,TD-IG1,G,SIM-ABL-1-0030,-6.651688155468266
SIMULATED,Reuse,TD-IG1,G,SIM-ABL-1-0031,4.707684889622612
SIMULATED,Reuse,TD-IG1,G,SIM-ABL-1-0032,-0.4778490862966127
SIMULATED,Reuse,TD-IG1,G,SIM-ABL-1-0033,-4.697764502552144
SIMULATED,Reuse,TD-IG1,G,SIM-ABL-1-0034,4.01231473497161
SIMULATED,Reuse,TD-IG1,G,SIM-ABL-1-0035,-1.2580152490594454
SIMULATED,Reuse,TD-IG1,G,SIM-ABL-1-0036,-6.316237134286347
SIMULATED,Reuse,TD-IG1,G,SIM-ABL-1-0037,0.4290589429927103
SIMULATED,Reuse,TD-IG1,G,SIM-ABL-1-0038,4.513098034186746
SIMULATED,Reuse,TD-IG1,G,SIM-ABL-1-0039,1.5477966895831696
SIMULATED,Reuse,TD-IG1,G,SIM-ABL-1-0040,-2.325151983985077
SIMULATED,Reuse,TD-IG1,G,SIM-ABL-1-0041,10.311062703873466
SIMULATED,Reuse,TD-IG1,G,SIM-ABL-1-0042,-6.638340499787087
SIMULATED,Reuse,TD-IG1,G,SIM-ABL-1-0043,4.201526993847045
SIMULATED,Reuse,TD-IG1,G,SIM-ABL-1-0044,4.975862426445176
SIMULATED,Reuse,TD-IG1,G,SIM-ABL-1-0045,8.902657856895944
SIMULATED,Reuse,TD-IG1,G,SIM-ABL-1-0046,-11.069264933231713
SIMULATED,Reuse,TD-IG1,G,SIM-ABL-1-0047,1.5405903519456996
SIMULATED,Reuse,TD-IG1,G,SIM-ABL-1-0048,-14.215687462961728
SIMULATED,Reuse,TD-IG1,G,SIM-ABL-1-0049,-10.349452045607027
SIMULATED,Reuse,TD-IG1,G,SIM-ABL-1-0050,-2.436676328593479
SIMULATED,Reuse,TD-IG1,G,SIM-ABL-1-0051,-7.8261450724252875
SIMULATED,Reuse,TD-IG1,G,SIM-ABL-1-0052,10.314367508391221
SIMULATED,Reuse,TD-IG1,G,SIM-ABL-1-0053,1.1753631859440077
SIMULATED,Reuse,TD-IG1,G,SIM-ABL-1-0054,1.9252013102699759
SIMULATED,Reuse,TD-IG1,G,SIM-ABL-1-0055,4.452884658081834
SIMULATED,Reuse,TD-IG1,G,SIM-ABL-1-0056,-5.344031319101582
SIMULATED,Reuse,TD-IG1,G,SIM-ABL-1-0057,-19.558887440772743
SIMULATED,Reuse,TD-IG1,G,SIM-ABL-1-0058,2.7173894796230194
SIMULATED,Reuse,TD-IG1,G,SIM-ABL-1-0059,-2.434916754077794
SIMULATED,Reuse,TD-IG1,G,SIM-ABL-1-0060,0.9324344275808347
SIMULATED,Reuse,TD-IG1,G,SIM-ABL-1-0061,-13.637900272058378
SIMULATED,Reuse,TD-IG1,G,SIM-ABL-1-0062,-1.2885925891175116
SIMULATED,Reuse,TD-IG1,G,SIM-ABL-1-0063,15.018022658203307
SIMULATED,Reuse,TD-IG1,G,SIM-ABL-1-0064,19.512413066343193
SIMULATED,Reuse,TD-IG1,G,SIM-ABL-1-0065,2.2451937064924414
SIMULATED,Reuse,TD-IG1,G,SIM-ABL-1-0066,3.5092992375969674
SIMULATED,Reuse,TD-IG1,G,SIM-ABL-1-0067,-8.882928452610098
SIMULATED,Reuse,TD-IG1,G,SIM-ABL-1-0068,-1.5495128587295148
SIMULATED,Reuse,TD-IG1,G,SIM-ABL-1-0069,-7.8503151940367575
SIMULATED,Reuse,TD-IG1,G,SIM-ABL-1-0070,-4.106113966644765
SIMULATED,Reuse,TD-IG1,G,SIM-ABL-1-0071,-1.3575339875500916
SIMULATED,Reuse,TD-IG1,G,SIM-ABL-1-0072,-4.845860730164104
SIMULATED,Reuse,TD-IG1,G,SIM-ABL-1-0073,-0.7174298579832761
SIMULATED,Reuse,TD-IG1,G,SIM-ABL-1-0074,0.6896974980545805
SIMULATED,Reuse,TD-IG1,G,SIM-ABL-1-0075,-5.851494846478079
SIMULATED,Reuse,TD-IG1,G,SIM-ABL-1-0076,0.9699254519622613
SIMULATED,Reuse,TD-IG1,G,SIM-ABL-1-0077,-13.798654500512601
SIMULATED,Reuse,TD-IG1,G,SIM-ABL-1-0078,0.16048581472839152
SIMULATED,Reuse,TD-IG1,G,SIM-ABL-1-0079,11.866233051103277
SIMULATED,Reuse,TD-IG1,G,SIM-ABL-1-0080,6.0446202659283275
SIMULATED,Reuse,TD-IG1,G,SIM-ABL-1-0081,3.936873795301336
SIMULATED,Reuse,TD-IG1,G,SIM-ABL-1-0082,-3.0528516775294476
SIMULATED,Reuse,TD-IG1,G,SIM-ABL-1-0083,8.730323943530719
SIMULATED,Reuse,TD-IG1,G,SIM-ABL-1-0084,5.217090653223141
SIMULATED,Reuse,TD-IG1,G,SIM-ABL-1-0085,0.855920419762247
SIMULATED,Reuse,TD-IG1,G,SIM-ABL-1-0086,0.8785892509077238
SIMULATED,Reuse,TD-IG1,G,SIM-ABL-1-0087,-0.7590419447478717
SIMULATED,Reuse,TD-IG1,G,SIM-ABL-1-0088,-8.216822881026005
SIMULATED,Reuse,TD-IG1,G,SIM-ABL-1-0089,1.2192244508340844
SIMULATED,Reuse,TD-IG1,G,SIM-ABL-1-0090,4.374903202270572
SIMULATED,Reuse,TD-IG1,G,SIM-ABL-1-0091,4.685035428507331
SIMULATED,Reuse,TD-IG1,G,SIM-ABL-1-0092,-1.8732868563754137
SIMULATED,Reuse,TD-IG1,G,SIM-ABL-1-0093,6.146125578785315
SIMULATED,Reuse,TD-IG1,G,SIM-ABL-1-0094,-1.0022212568924784
SIMULATED,Reuse,TD-IG1,G,SIM-ABL-1-0095,1.8761948962543147
SIMULATED,Reuse,TD-IG1,G,SIM-ABL-1-0096,-5.675931594980267
SIMULATED,Reuse,TD-IG1,G,SIM-ABL-1-0097,-8.080133268285593
SIMULATED,Reuse,TD-IG1,G,SIM-ABL-1-0098,-11.720120235199927
SIMULATED,Reuse,TD-IG1,G,SIM-ABL-1-0099,-10.920483008082178
SIMULATED,Reuse,TD-IG1,G,SIM-ABL-1-0100,10.547042561469869
SIMULATED,Reuse,TD-IG1,G,SIM-ABL-1-0101,-5.112027401769742
SIMULATED,Reuse,TD-IG1,G,SIM-ABL-1-0102,13.415057850099638
SIMULATED,Reuse,TD-IG1,G,SIM-ABL-1-0103,7.033189536478558
SIMULATED,Reuse,TD-IG1,G,SIM-ABL-1-0104,3.913701106861165
SIMULATED,Reuse,TD-IG1,G,SIM-ABL-1-0105,-0.26044212940369915
SIMULATED,Reuse,TD-IG1,G,SIM-ABL-1-0106,-5.162369022939089
SIMULATED,Reuse,TD-IG1,G,SIM-ABL-1-0107,-7.063220956381986
SIMULATED,Reuse,TD-IG1,G,SIM-ABL-1-0108,-4.85712587870993
SIMULATED,Reuse,TD-IG1,G,SIM-ABL-1-0109,-0.3813155705598218
SIMULATED,Reuse,TD-IG1,G,SIM-ABL-1-0110,-10.870941682020243
SIMULATED,Reuse,TD-IG1,G,SIM-ABL-1-0111,-5.794342661461166
SIMULATED,Reuse,TD-IG1,G,SIM-ABL-1-0112,-8.424589715625354
SIMULATED,Reuse,TD-IG1,G,SIM-ABL-1-0113,-0.5481198353354838
SIMULATED,Reuse,TD-IG1,G,SIM-ABL-1-0114,-5.538476692566589
SIMULATED,Reuse,TD-IG1,G,SIM-ABL-1-0115,-4.100994848958527
SIMULATED,Reuse,TD-IG1,G,SIM-ABL-1-0116,-3.3405454739146236
SIMULATED,Reuse,TD-IG1,G,SIM-ABL-1-0117,-4.381036713647511
SIMULATED,Reuse,TD-IG1,G,SIM-ABL-1-0118,4.479167946124753
SIMULATED,Reuse,TD-IG1,G,SIM-ABL-1-0119,-1.9650303329599017
SIMULATED,Reuse,TD-IG1,G,SIM-ABL-1-0120,-10.023048094126207
SIMULATED,Reuse,TD-IG1,G,SIM-ABL-1-0121,-1.5081989967478178
SIMULATED,Reuse,TD-IG1,G,SIM-ABL-1-0122,-4.596405945806217
SIMULATED,Reuse,TD-IG1,G,SIM-ABL-1-0123,3.1193909329316503
SIMULATED,Reuse,TD-IG1,G,SIM-ABL-1-0124,-7.875131276906181
SIMULATED,Reuse,TD-IG1,G,SIM-ABL-1-0125,10.28142427300647
SIMULATED,Reuse,TD-IG1,G,SIM-ABL-1-0126,6.9759559947116685
SIMULATED,Reuse,TD-IG1,G,SIM-ABL-1-0127,-1.4465550723608986
SIMULATED,Reuse,TD-IG1,G,SIM-ABL-1-0128,-6.187342402300828
SIMULATED,Reuse,TD-IG1,G,SIM-ABL-1-0129,4.876720300557658
SIMULATED,Reuse,TD-IG1,G,SIM-ABL-1-0130,4.397059738986733
SIMULATED,Reuse,TD-IG1,G,SIM-ABL-1-0131,-3.4740343669607636
SIMULATED,Reuse,TD-IG1,G,SIM-ABL-1-0132,-1.745528944056433
SIMULATED,Reuse,TD-IG1,G,SIM-ABL-1-0133,4.342473081872748
SIMULATED,Reuse,TD-IG1,G,SIM-ABL-1-0134,-4.265062324715611
SIMULATED,Reuse,TD-IG1,G,SIM-ABL-1-0135,8.87300641951945
SIMULATED,Reuse,TD-IG1,G,SIM-ABL-1-0136,-5.353876181515525
SIMULATED,Reuse,TD-IG1,G,SIM-ABL-1-0137,9.867682881391989
SIMULATED,Reuse,TD-IG1,G,SIM-ABL-1-0138,3.642149262316849
SIMULATED,Reuse,TD-IG1,G,SIM-ABL-1-0139,-3.953657063357441
SIMULATED,Reuse,TD-IG1,G,SIM-ABL-1-0140,-6.887106207073007
SIMULATED,Reuse,TD-IG1,G,SIM-ABL-1-0141,-6.854516595622552
SIMULATED,Reuse,TD-IG1,G,SIM-ABL-1-0142,4.136406164401805
SIMULATED,Reuse,TD-IG1,G,SIM-ABL-1-0143,5.288844369209056
SIMULATED,Reuse,TD-IG1,G,SIM-ABL-1-0144,-3.5539463301739436
SIMULATED,Reuse,TD-IG1,G,SIM-ABL-1-0145,0.04547513091847588
SIMULATED,Reuse,TD-IG1,G,SIM-ABL-1-0146,-6.102940662934967
SIMULATED,Reuse,TD-IG1,G,SIM-ABL-1-0147,-6.124129169145827
SIMULATED,Reuse,TD-IG1,G,SIM-ABL-1-0148,-3.165966112436161
SIMULATED,Reuse,TD-IG1,G,SIM-ABL-1-0149,-2.995063282146986
SIMULATED,Reuse,TD-IG1,G,SIM-ABL-1-0150,-8.194743567404434
SIMULATED,Reuse,TD-IG1,G,SIM-ABL-1-0151,-2.2452572949371947
SIMULATED,Reuse,TD-IG1,G,SIM-ABL-1-0152,-5.601078316539717
SIMULATED,Reuse,TD-IG1,G,SIM-ABL-1-0153,3.332177814515599
SIMULATED,Reuse,TD-IG1,G,SIM-ABL-1-0154,4.378582105670368
SIMULATED,Reuse,TD-IG1,G,SIM-ABL-1-0155,-1.8332544544397977
SIMULATED,Reuse,TD-IG1,G,SIM-ABL-1-0156,-2.0478406761308756
SIMULATED,Reuse,TD-IG1,G,SIM-ABL-1-0157,1.7051586571846147
SIMULATED,Reuse,TD-IG1,G,SIM-ABL-1-0158,7.725212658236508
SIMULATED,Reuse,TD-IG1,G,SIM-ABL-1-0159,-10.507440141545782
SIMULATED,Reuse,TD-TG1,A,SIM-ABL-2-0000,-0.6014129406440587
SIMULATED,Reuse,TD-TG1,A,SIM-ABL-2-0001,-16.718454634646474
SIMULATED,Reuse,TD-TG1,A,SIM-ABL-2-0002,-3.4795843351954865
SIMULATED,Reuse,TD-TG1,A,SIM-ABL-2-0003,1.8917379056646881
SIMULATED,Reuse,TD-TG1,A,SIM-ABL-2-0004,-7.311168611635243
SIMULATED,Reuse,TD-TG1,A,SIM-ABL-2-0005,-4.443406058175213
SIMULATED,Reuse,TD-TG1,A,SIM-ABL-2-0006,-7.584164615628371
SIMULATED,Reuse,TD-TG1,A,SIM-ABL-2-0007,7.072792166613239
SIMULATED,Reuse,TD-TG1,A,SIM-ABL-2-0008,-8.475556910804286
SIMULATED,Reuse,TD-TG1,A,SIM-ABL-2-0009,-5.307975690360834
SIMULATED,Reuse,TD-TG1,A,SIM-ABL-2-0010,-5.785877666556181
SIMULATED,Reuse,TD-TG1,A,SIM-ABL-2-0011,-2.413589180069629
SIMULATED,Reuse,TD-TG1,A,SIM-ABL-2-0012,0.8078464609055178
SIMULATED,Reuse,TD-TG1,A,SIM-ABL-2-0013,-9.684470098713193
SIMULATED,Reuse,TD-TG1,A,SIM-ABL-2-0014,1.187503523077138
SIMULATED,Reuse,TD-TG1,A,SIM-ABL-2-0015,12.008280630954994
SIMULATED,Reuse,TD-TG1,A,SIM-ABL-2-0016,3.1988386571560934
SIMULATED,Reuse,TD-TG1,A,SIM-ABL-2-0017,1.6819911055357886
SIMULATED,Reuse,TD-TG1,A,SIM-ABL-2-0018,5.64562605149201
SIMULATED,Reuse,TD-TG1,A,SIM-ABL-2-0019,-5.239288755867755
SIMULATED,Reuse,TD-TG1,A,SIM-ABL-2-0020,-3.4607374390178336
SIMULATED,Reuse,TD-TG1,A,SIM-ABL-2-0021,-19.003299436452956
SIMULATED,Reuse,TD-TG1,A,SIM-ABL-2-0022,4.295408226261191
SIMULATED,Reuse,TD-TG1,A,SIM-ABL-2-0023,-11.0238028075104
SIMULATED,Reuse,TD-TG1,A,SIM-ABL-2-0024,-7.082456579360202
SIMULATED,Reuse,TD-TG1,A,SIM-ABL-2-0025,-0.24513440159543853
SIMULATED,Reuse,TD-TG1,A,SIM-ABL-2-0026,5.308351723855557
SIMULATED,Reuse,TD-TG1,A,SIM-ABL-2-0027,0.4556670862819711
SIMULATED,Reuse,TD-TG1,A,SIM-ABL-2-0028,-13.709165730474801
SIMULATED,Reuse,TD-TG1,A,SIM-ABL-2-0029,0.606017909773675
SIMULATED,Reuse,TD-TG1,A,SIM-ABL-2-0030,12.745872547543593
SIMULATED,Reuse,TD-TG1,A,SIM-ABL-2-0031,2.3229108780374803
SIMULATED,Reuse,TD-TG1,A,SIM-ABL-2-0032,3.2924569245962902
SIMULATED,Reuse,TD-TG1,A,SIM-ABL-2-0033,-2.4130315234243738
SIMULATED,Reuse,TD-TG1,A,SIM-ABL-2-0034,2.35925887877215
SIMULATED,Reuse,TD-TG1,A,SIM-ABL-2-0035,5.150325130076256
SIMULATED,Reuse,TD-TG1,A,SIM-ABL-2-0036,-6.85036992634548
SIMULATED,Reuse,TD-TG1,A,SIM-ABL-2-0037,-9.50567992158695
SIMULATED,Reuse,TD-TG1,A,SIM-ABL-2-0038,-0.6347953513332807
SIMULATED,Reuse,TD-TG1,A,SIM-ABL-2-0039,1.0800568095703993
SIMULATED,Reuse,TD-TG1,A,SIM-ABL-2-0040,1.7198717169062174
SIMULATED,Reuse,TD-TG1,A,SIM-ABL-2-0041,-1.0653955587907957
SIMULATED,Reuse,TD-TG1,A,SIM-ABL-2-0042,9.413421944019833
SIMULATED,Reuse,TD-TG1,A,SIM-ABL-2-0043,1.03456662010203
SIMULATED,Reuse,TD-TG1,A,SIM-ABL-2-0044,2.62348698393385
SIMULATED,Reuse,TD-TG1,A,SIM-ABL-2-0045,-0.47381912006444066
SIMULATED,Reuse,TD-TG1,A,SIM-ABL-2-0046,0.6257365716874261
SIMULATED,Reuse,TD-TG1,A,SIM-ABL-2-0047,-2.768449122959198
SIMULATED,Reuse,TD-TG1,A,SIM-ABL-2-0048,5.384401168282542
SIMULATED,Reuse,TD-TG1,A,SIM-ABL-2-0049,-1.6717676312003686
SIMULATED,Reuse,TD-TG1,A,SIM-ABL-2-0050,-0.40815243134639084
SIMULATED,Reuse,TD-TG1,A,SIM-ABL-2-0051,2.3268764542200135
SIMULATED,Reuse,TD-TG1,A,SIM-ABL-2-0052,5.878447249345145
SIMULATED,Reuse,TD-TG1,A,SIM-ABL-2-0053,14.63727899849314
SIMULATED,Reuse,TD-TG1,A,SIM-ABL-2-0054,-7.758463580666414
SIMULATED,Reuse,TD-TG1,A,SIM-ABL-2-0055,-0.597018149981865
SIMULATED,Reuse,TD-TG1,A,SIM-ABL-2-0056,16.216327884500526
SIMULATED,Reuse,TD-TG1,A,SIM-ABL-2-0057,7.6473476101412725
SIMULATED,Reuse,TD-TG1,A,SIM-ABL-2-0058,-8.057092087306671
SIMULATED,Reuse,TD-TG1,A,SIM-ABL-2-0059,4.1491550997864
SIMULATED,Reuse,TD-TG1,A,SIM-ABL-2-0060,2.1658905160244197
SIMULATED,Reuse,TD-TG1,A,SIM-ABL-2-0061,10.454652880770166
SIMULATED,Reuse,TD-TG1,A,SIM-ABL-2-0062,-6.1588606483385435
SIMULATED,Reuse,TD-TG1,A,SIM-ABL-2-0063,-2.965216499257342
SIMULATED,Reuse,TD-TG1,A,SIM-ABL-2-0064,0.48404968831394557
SIMULATED,Reuse,TD-TG1,A,SIM-ABL-2-0065,-1.4868491042168268
SIMULATED,Reuse,TD-TG1,A,SIM-ABL-2-0066,2.529822367486336
SIMULATED,Reuse,TD-TG1,A,SIM-ABL-2-0067,-16.9444110580891
SIMULATED,Reuse,TD-TG1,A,SIM-ABL-2-0068,-8.944458725345424
SIMULATED,Reuse,TD-TG1,A,SIM-ABL-2-0069,1.7739964860336257
SIMULATED,Reuse,TD-TG1,A,SIM-ABL-2-0070,3.7705308044222465
SIMULATED,Reuse,TD-TG1,A,SIM-ABL-2-0071,3.675298335928228
SIMULATED,Reuse,TD-TG1,A,SIM-ABL-2-0072,8.632773519214096
SIMULATED,Reuse,TD-TG1,A,SIM-ABL-2-0073,-5.7648996500934695
SIMULATED,Reuse,TD-TG1,A,SIM-ABL-2-0074,-3.8026361818163954
SIMULATED,Reuse,TD-TG1,A,SIM-ABL-2-0075,-2.080014667876969
SIMULATED,Reuse,TD-TG1,A,SIM-ABL-2-0076,-0.8879612529931051
SIMULATED,Reuse,TD-TG1,A,SIM-ABL-2-0077,-1.323524892320277
SIMULATED,Reuse,TD-TG1,A,SIM-ABL-2-0078,9.772763275188135
SIMULATED,Reuse,TD-TG1,A,SIM-ABL-2-0079,10.266278324705596
SIMULATED,Reuse,TD-TG1,A,SIM-ABL-2-0080,-1.4624312437622924
SIMULATED,Reuse,TD-TG1,A,SIM-ABL-2-0081,2.2397293062938815
SIMULATED,Reuse,TD-TG1,A,SIM-ABL-2-0082,12.168058451952234
SIMULATED,Reuse,TD-TG1,A,SIM-ABL-2-0083,1.882576887988207
SIMULATED,Reuse,TD-TG1,A,SIM-ABL-2-0084,-2.280863406314052
SIMULATED,Reuse,TD-TG1,A,SIM-ABL-2-0085,2.7849948197994676
SIMULATED,Reuse,TD-TG1,A,SIM-ABL-2-0086,-8.706069829797075
SIMULATED,Reuse,TD-TG1,A,SIM-ABL-2-0087,-1.826978714399632
SIMULATED,Reuse,TD-TG1,A,SIM-ABL-2-0088,6.9905599695584035
SIMULATED,Reuse,TD-TG1,A,SIM-ABL-2-0089,6.750144129699696
SIMULATED,Reuse,TD-TG1,A,SIM-ABL-2-0090,9.90430382724728
SIMULATED,Reuse,TD-TG1,A,SIM-ABL-2-0091,-5.000749367606208
SIMULATED,Reuse,TD-TG1,A,SIM-ABL-2-0092,-4.538048622356827
SIMULATED,Reuse,TD-TG1,A,SIM-ABL-2-0093,0.5381813789385332
SIMULATED,Reuse,TD-TG1,A,SIM-ABL-2-0094,0.07989903980424735
SIMULATED,Reuse,TD-TG1,A,SIM-ABL-2-0095,12.136870928895968
SIMULATED,Reuse,TD-TG1,A,SIM-ABL-2-0096,-10.438931225118301
SIMULATED,Reuse,TD-TG1,A,SIM-ABL-2-0097,6.795506873343846
SIMULATED,Reuse,TD-TG1,A,SIM-ABL-2-0098,9.12743007174539
SIMULATED,Reuse,TD-TG1,A,SIM-ABL-2-0099,-5.991850680686575
SIMULATED,Reuse,TD-TG1,A,SIM-ABL-2-0100,6.49711364745074
SIMULATED,Reuse,TD-TG1,A,SIM-ABL-2-0101,5.239931666784069
SIMULATED,Reuse,TD-TG1,A,SIM-ABL-2-0102,-3.1086788345651892
SIMULATED,Reuse,TD-TG1,A,SIM-ABL-2-0103,6.277141549764555
SIMULATED,Reuse,TD-TG1,A,SIM-ABL-2-0104,-0.2680952048565822
SIMULATED,Reuse,TD-TG1,A,SIM-ABL-2-0105,14.57062622987416
SIMULATED,Reuse,TD-TG1,A,SIM-ABL-2-0106,3.184855661478971
SIMULATED,Reuse,TD-TG1,A,SIM-ABL-2-0107,-3.4199134311108015
SIMULATED,Reuse,TD-TG1,A,SIM-ABL-2-0108,1.6955439953632523
SIMULATED,Reuse,TD-TG1,A,SIM-ABL-2-0109,9.645298719713677
SIMULATED,Reuse,TD-TG1,A,SIM-ABL-2-0110,0.45672154506729756
SIMULATED,Reuse,TD-TG1,A,SIM-ABL-2-0111,9.473938546488714
SIMULATED,Reuse,TD-TG1,A,SIM-ABL-2-0112,-4.024639569126433
SIMULATED,Reuse,TD-TG1,A,SIM-ABL-2-0113,5.011029155852795
SIMULATED,Reuse,TD-TG1,A,SIM-ABL-2-0114,11.0024046138537
SIMULATED,Reuse,TD-TG1,A,SIM-ABL-2-0115,6.8999909974895575
SIMULATED,Reuse,TD-TG1,A,SIM-ABL-2-0116,-5.534746652145079
SIMULATED,Reuse,TD-TG1,A,SIM-ABL-2-0117,-12.314430634784449
SIMULATED,Reuse,TD-TG1,A,SIM-ABL-2-0118,-0.26529702573207115
SIMULATED,Reuse,TD-TG1,A,SIM-ABL-2-0119,4.885110188893241
SIMULATED,Reuse,TD-TG1,A,SIM-ABL-2-0120,-11.476298768906137
SIMULATED,Reuse,TD-TG1,A,SIM-ABL-2-0121,-13.995958220648568
SIMULATED,Reuse,TD-TG1,A,SIM-ABL-2-0122,10.404910590299963
SIMULATED,Reuse,TD-TG1,A,SIM-ABL-2-0123,7.1092849346230595
SIMULATED,Reuse,TD-TG1,A,SIM-ABL-2-0124,-2.528159040372949
SIMULATED,Reuse,TD-TG1,A,SIM-ABL-2-0125,0.06023849378470306
SIMULATED,Reuse,TD-TG1,A,SIM-ABL-2-0126,6.749386660473092
SIMULATED,Reuse,TD-TG1,A,SIM-ABL-2-0127,4.481180644863883
SIMULATED,Reuse,TD-TG1,A,SIM-ABL-2-0128,-0.5514770825655768
SIMULATED,Reuse,TD-TG1,A,SIM-ABL-2-0129,-1.3781506702076307
SIMULATED,Reuse,TD-TG1,A,SIM-ABL-2-0130,0.674691805472523
SIMULATED,Reuse,TD-TG1,A,SIM-ABL-2-0131,7.359429059876629
SIMULATED,Reuse,TD-TG1,A,SIM-ABL-2-0132,-2.7024411634140426
SIMULATED,Reuse,TD-TG1,A,SIM-ABL-2-0133,-4.8968095104809946
SIMULATED,Reuse,TD-TG1,A,SIM-ABL-2-0134,-5.345707949632454
SIMULATED,Reuse,TD-TG1,A,SIM-ABL-2-0135,15.050931031024575
SIMULATED,Reuse,TD-TG1,A,SIM-ABL-2-0136,2.7897391714864037
SIMULATED,Reuse,TD-TG1,A,SIM-ABL-2-0137,-15.489662013283976
SIMULATED,Reuse,TD-TG1,A,SIM-ABL-2-0138,-1.1401481241078741
SIMULATED,Reuse,TD-TG1,A,SIM-ABL-2-0139,7.905470065321456
SIMULATED,Reuse,TD-TG1,A,SIM-ABL-2-0140,3.0755827078104283
SIMULATED,Reuse,TD-TG1,A,SIM-ABL-2-0141,-2.3968687811146125
SIMULATED,Reuse,TD-TG1,A,SIM-ABL-2-0142,3.0112153872748997
SIMULATED,Reuse,TD-TG1,A,SIM-ABL-2-0143,-2.3052489652785804
SIMULATED,Reuse,TD-TG1,A,SIM-ABL-2-0144,-2.191288710566876
SIMULATED,Reuse,TD-TG1,A,SIM-ABL-2-0145,8.757140212408627
SIMULATED,Reuse,TD-TG1,A,SIM-ABL-2-0146,3.9455573453787816
SIMULATED,Reuse,TD-TG1,A,SIM-ABL-2-0147,0.3648016948554782
SIMULATED,Reuse,TD-TG1,A,SIM-ABL-2-0148,-1.6632751887159023
SIMULATED,Reuse,TD-TG1,A,SIM-ABL-2-0149,-6.625361052753692
SIMULATED,Reuse,TD-TG1,A,SIM-ABL-2-0150,6.7036285072264885
SIMULATED,Reuse,TD-TG1,A,SIM-ABL-2-0151,-9.255751182306563
SIMULATED,Reuse,TD-TG1,A,SIM-ABL-2-0152,13.954346513272847
SIMULATED,Reuse,TD-TG1,A,SIM-ABL-2-0153,-4.079907520887074
SIMULATED,Reuse,TD-TG1,A,SIM-ABL-2-0154,-0.7337610220888291
SIMULATED,Reuse,TD-TG1,A,SIM-ABL-2-0155,4.01180584652519
SIMULATED,Reuse,TD-TG1,A,SIM-ABL-2-0156,-0.8047045064787761
SIMULATED,Reuse,TD-TG1,A,SIM-ABL-2-0157,4.506900410852718
SIMULATED,Reuse,TD-TG1,A,SIM-ABL-2-0158,9.664409506763741
SIMULATED,Reuse,TD-TG1,A,SIM-ABL-2-0159,-6.339217595472721
SIMULATED,Reuse,TD-TG1,K,SIM-ABL-2-0000,5.214196872653502
SIMULATED,Reuse,TD-TG1,K,SIM-ABL-2-0001,-1.800331926169191
SIMULATED,Reuse,TD-TG1,K,SIM-ABL-2-0002,12.330427757267348
SIMULATED,Reuse,TD-TG1,K,SIM-ABL-2-0003,7.888719472578372
SIMULATED,Reuse,TD-TG1,K,SIM-ABL-2-0004,4.563932096140579
SIMULATED,Reuse,TD-TG1,K,SIM-ABL-2-0005,1.442792070568363
SIMULATED,Reuse,TD-TG1,K,SIM-ABL-2-0006,0.5052027502347753
SIMULATED,Reuse,TD-TG1,K,SIM-ABL-2-0007,-10.310632433978363
SIMULATED,Reuse,TD-TG1,K,SIM-ABL-2-0008,-7.779641590604455
SIMULATED,Reuse,TD-TG1,K,SIM-ABL-2-0009,-1.7032230368945562
SIMULATED,Reuse,TD-TG1,K,SIM-ABL-2-0010,2.845373440551665
SIMULATED,Reuse,TD-TG1,K,SIM-ABL-2-0011,5.498323803672792
SIMULATED,Reuse,TD-TG1,K,SIM-ABL-2-0012,1.3196944399966095
SIMULATED,Reuse,TD-TG1,K,SIM-ABL-2-0013,6.072062520175034
SIMULATED,Reuse,TD-TG1,K,SIM-ABL-2-0014,-0.5017892498553387
SIMULATED,Reuse,TD-TG1,K,SIM-ABL-2-0015,6.497015533452513
SIMULATED,Reuse,TD-TG1,K,SIM-ABL-2-0016,7.579117820657138
SIMULATED,Reuse,TD-TG1,K,SIM-ABL-2-0017,11.268767269964272
SIMULATED,Reuse,TD-TG1,K,SIM-ABL-2-0018,-8.84754296210254
SIMULATED,Reuse,TD-TG1,K,SIM-ABL-2-0019,10.42087829324699
SIMULATED,Reuse,TD-TG1,K,SIM-ABL-2-0020,6.509035935246452
SIMULATED,Reuse,TD-TG1,K,SIM-ABL-2-0021,1.168245646687379
SIMULATED,Reuse,TD-TG1,K,SIM-ABL-2-0022,4.135441596855871
SIMULATED,Reuse,TD-TG1,K,SIM-ABL-2-0023,2.3458811820819676
SIMULATED,Reuse,TD-TG1,K,SIM-ABL-2-0024,0.554332729471906
SIMULATED,Reuse,TD-TG1,K,SIM-ABL-2-0025,-7.6119131954998975
SIMULATED,Reuse,TD-TG1,K,SIM-ABL-2-0026,6.089652053649077
SIMULATED,Reuse,TD-TG1,K,SIM-ABL-2-0027,14.708787258401959
SIMULATED,Reuse,TD-TG1,K,SIM-ABL-2-0028,12.935432425766606
SIMULATED,Reuse,TD-TG1,K,SIM-ABL-2-0029,0.7631175556230065
SIMULATED,Reuse,TD-TG1,K,SIM-ABL-2-0030,-2.5560750783400428
SIMULATED,Reuse,TD-TG1,K,SIM-ABL-2-0031,18.746439211621613
SIMULATED,Reuse,TD-TG1,K,SIM-ABL-2-0032,3.249382583855903
SIMULATED,Reuse,TD-TG1,K,SIM-ABL-2-0033,-5.003701725862061
SIMULATED,Reuse,TD-TG1,K,SIM-ABL-2-0034,9.086220625009059
SIMULATED,Reuse,TD-TG1,K,SIM-ABL-2-0035,-13.505927838155333
SIMULATED,Reuse,TD-TG1,K,SIM-ABL-2-0036,2.761031161020707
SIMULATED,Reuse,TD-TG1,K,SIM-ABL-2-0037,2.7870785916353187
SIMULATED,Reuse,TD-TG1,K,SIM-ABL-2-0038,5.196270944411247
SIMULATED,Reuse,TD-TG1,K,SIM-ABL-2-0039,-1.4531618360225655
SIMULATED,Reuse,TD-TG1,K,SIM-ABL-2-0040,5.068494865987464
SIMULATED,Reuse,TD-TG1,K,SIM-ABL-2-0041,-3.3048336635576474
SIMULATED,Reuse,TD-TG1,K,SIM-ABL-2-0042,-3.309976601107226
SIMULATED,Reuse,TD-TG1,K,SIM-ABL-2-0043,-2.7845883808792626
SIMULATED,Reuse,TD-TG1,K,SIM-ABL-2-0044,10.658863272341726
SIMULATED,Reuse,TD-TG1,K,SIM-ABL-2-0045,6.443916335233544
SIMULATED,Reuse,TD-TG1,K,SIM-ABL-2-0046,1.4239752949639244
SIMULATED,Reuse,TD-TG1,K,SIM-ABL-2-0047,25.199639451207002
SIMULATED,Reuse,TD-TG1,K,SIM-ABL-2-0048,11.07969749307729
SIMULATED,Reuse,TD-TG1,K,SIM-ABL-2-0049,3.2194093977909812
SIMULATED,Reuse,TD-TG1,K,SIM-ABL-2-0050,3.507123905867883
SIMULATED,Reuse,TD-TG1,K,SIM-ABL-2-0051,15.197322560336382
SIMULATED,Reuse,TD-TG1,K,SIM-ABL-2-0052,-4.216816054062744
SIMULATED,Reuse,TD-TG1,K,SIM-ABL-2-0053,-2.6907199177448655
SIMULATED,Reuse,TD-TG1,K,SIM-ABL-2-0054,11.672637408381426
SIMULATED,Reuse,TD-TG1,K,SIM-ABL-2-0055,3.257554613731161
SIMULATED,Reuse,TD-TG1,K,SIM-ABL-2-0056,16.326597355702447
SIMULATED,Reuse,TD-TG1,K,SIM-ABL-2-0057,0.0020603271792793976
SIMULATED,Reuse,TD-TG1,K,SIM-ABL-2-0058,-6.327035611873138
SIMULATED,Reuse,TD-TG1,K,SIM-ABL-2-0059,-1.4989957999003964
SIMULATED,Reuse,TD-TG1,K,SIM-ABL-2-0060,-8.357549350861316
SIMULATED,Reuse,TD-TG1,K,SIM-ABL-2-0061,4.4582547356668
SIMULATED,Reuse,TD-TG1,K,SIM-ABL-2-0062,-2.894693892411132
SIMULATED,Reuse,TD-TG1,K,SIM-ABL-2-0063,3.570696493560125
SIMULATED,Reuse,TD-TG1,K,SIM-ABL-2-0064,-0.8649511104009546
SIMULATED,Reuse,TD-TG1,K,SIM-ABL-2-0065,-4.800325023615069
SIMULATED,Reuse,TD-TG1,K,SIM-ABL-2-0066,5.089470259180446
SIMULATED,Reuse,TD-TG1,K,SIM-ABL-2-0067,-1.5030345926972704
SIMULATED,Reuse,TD-TG1,K,SIM-ABL-2-0068,-1.4550163597247847
SIMULATED,Reuse,TD-TG1,K,SIM-ABL-2-0069,7.404849358198343
SIMULATED,Reuse,TD-TG1,K,SIM-ABL-2-0070,-2.1193342891005926
SIMULATED,Reuse,TD-TG1,K,SIM-ABL-2-0071,3.397499066131938
SIMULATED,Reuse,TD-TG1,K,SIM-ABL-2-0072,8.204148012911357
SIMULATED,Reuse,TD-TG1,K,SIM-ABL-2-0073,16.895185131956662
SIMULATED,Reuse,TD-TG1,K,SIM-ABL-2-0074,10.70297540023494
SIMULATED,Reuse,TD-TG1,K,SIM-ABL-2-0075,-0.8605951588908702
SIMULATED,Reuse,TD-TG1,K,SIM-ABL-2-0076,-0.5019767715103134
SIMULATED,Reuse,TD-TG1,K,SIM-ABL-2-0077,1.9717217947428864
SIMULATED,Reuse,TD-TG1,K,SIM-ABL-2-0078,-0.7133544463180215
SIMULATED,Reuse,TD-TG1,K,SIM-ABL-2-0079,4.6632079848626695
SIMULATED,Reuse,TD-TG1,K,SIM-ABL-2-0080,4.494482588793601
SIMULATED,Reuse,TD-TG1,K,SIM-ABL-2-0081,-2.1040779196620933
SIMULATED,Reuse,TD-TG1,K,SIM-ABL-2-0082,-5.932079553882793
SIMULATED,Reuse,TD-TG1,K,SIM-ABL-2-0083,7.747631673084667
SIMULATED,Reuse,TD-TG1,K,SIM-ABL-2-0084,2.9450558620361007
SIMULATED,Reuse,TD-TG1,K,SIM-ABL-2-0085,2.0170534268421028
SIMULATED,Reuse,TD-TG1,K,SIM-ABL-2-0086,11.887202823455656
SIMULATED,Reuse,TD-TG1,K,SIM-ABL-2-0087,2.662521408508968
SIMULATED,Reuse,TD-TG1,K,SIM-ABL-2-0088,-14.82159584036766
SIMULATED,Reuse,TD-TG1,K,SIM-ABL-2-0089,8.46255156268218
SIMULATED,Reuse,TD-TG1,K,SIM-ABL-2-0090,-1.7169373968018053
SIMULATED,Reuse,TD-TG1,K,SIM-ABL-2-0091,-1.3339888049991373
SIMULATED,Reuse,TD-TG1,K,SIM-ABL-2-0092,11.728355392183271
SIMULATED,Reuse,TD-TG1,K,SIM-ABL-2-0093,6.689284061196033
SIMULATED,Reuse,TD-TG1,K,SIM-ABL-2-0094,3.8721573293667073
SIMULATED,Reuse,TD-TG1,K,SIM-ABL-2-0095,5.096430349265362
SIMULATED,Reuse,TD-TG1,K,SIM-ABL-2-0096,6.587238072530296
SIMULATED,Reuse,TD-TG1,K,SIM-ABL-2-0097,-7.879428883597352
SIMULATED,Reuse,TD-TG1,K,SIM-ABL-2-0098,4.949133767978984
SIMULATED,Reuse,TD-TG1,K,SIM-ABL-2-0099,-1.0998825258807186
SIMULATED,Reuse,TD-TG1,K,SIM-ABL-2-0100,-6.518427081279731
SIMULATED,Reuse,TD-TG1,K,SIM-ABL-2-0101,-7.105031017319507
SIMULATED,Reuse,TD-TG1,K,SIM-ABL-2-0102,-2.038329467753446
SIMULATED,Reuse,TD-TG1,K,SIM-ABL-2-0103,5.982095927697923
SIMULATED,Reuse,TD-TG1,K,SIM-ABL-2-0104,6.199099950534295
SIMULATED,Reuse,TD-TG1,K,SIM-ABL-2-0105,1.890997032523154
SIMULATED,Reuse,TD-TG1,K,SIM-ABL-2-0106,10.800522600523106
SIMULATED,Reuse,TD-TG1,K,SIM-ABL-2-0107,8.796701567097264
SIMULATED,Reuse,TD-TG1,K,SIM-ABL-2-0108,1.3438632722124835
SIMULATED,Reuse,TD-TG1,K,SIM-ABL-2-0109,3.1401424022222537
SIMULATED,Reuse,TD-TG1,K,SIM-ABL-2-0110,2.0682752613838145
SIMULATED,Reuse,TD-TG1,K,SIM-ABL-2-0111,5.475975452498378
SIMULATED,Reuse,TD-TG1,K,SIM-ABL-2-0112,3.811493824111047
SIMULATED,Reuse,TD-TG1,K,SIM-ABL-2-0113,-1.9175586634462993
SIMULATED,Reuse,TD-TG1,K,SIM-ABL-2-0114,-9.144266037667943
SIMULATED,Reuse,TD-TG1,K,SIM-ABL-2-0115,6.5682757244412295
SIMULATED,Reuse,TD-TG1,K,SIM-ABL-2-0116,-3.381354962839504
SIMULATED,Reuse,TD-TG1,K,SIM-ABL-2-0117,4.24322819970201
SIMULATED,Reuse,TD-TG1,K,SIM-ABL-2-0118,10.3364245288891
SIMULATED,Reuse,TD-TG1,K,SIM-ABL-2-0119,4.850750235899765
SIMULATED,Reuse,TD-TG1,K,SIM-ABL-2-0120,4.717499124945485
SIMULATED,Reuse,TD-TG1,K,SIM-ABL-2-0121,2.7119906648700067
SIMULATED,Reuse,TD-TG1,K,SIM-ABL-2-0122,8.699275437206206
SIMULATED,Reuse,TD-TG1,K,SIM-ABL-2-0123,17.35032390222286
SIMULATED,Reuse,TD-TG1,K,SIM-ABL-2-0124,7.842188085996457
SIMULATED,Reuse,TD-TG1,K,SIM-ABL-2-0125,18.18887396566226
SIMULATED,Reuse,TD-TG1,K,SIM-ABL-2-0126,5.777930918776797
SIMULATED,Reuse,TD-TG1,K,SIM-ABL-2-0127,1.511323489459719
SIMULATED,Reuse,TD-TG1,K,SIM-ABL-2-0128,-6.033295802672279
SIMULATED,Reuse,TD-TG1,K,SIM-ABL-2-0129,7.84237463367753
SIMULATED,Reuse,TD-TG1,K,SIM-ABL-2-0130,2.9340844860897306
SIMULATED,Reuse,TD-TG1,K,SIM-ABL-2-0131,-1.7592897859649934
SIMULATED,Reuse,TD-TG1,K,SIM-ABL-2-0132,11.124717116752272
SIMULATED,Reuse,TD-TG1,K,SIM-ABL-2-0133,-2.9242351705825955
SIMULATED,Reuse,TD-TG1,K,SIM-ABL-2-0134,1.188021099625506
SIMULATED,Reuse,TD-TG1,K,SIM-ABL-2-0135,3.749988124390852
SIMULATED,Reuse,TD-TG1,K,SIM-ABL-2-0136,4.109156386929752
SIMULATED,Reuse,TD-TG1,K,SIM-ABL-2-0137,-8.387264483041122
SIMULATED,Reuse,TD-TG1,K,SIM-ABL-2-0138,-8.254925310610815
SIMULATED,Reuse,TD-TG1,K,SIM-ABL-2-0139,9.238435241426703
SIMULATED,Reuse,TD-TG1,K,SIM-ABL-2-0140,11.96733539706807
SIMULATED,Reuse,TD-TG1,K,SIM-ABL-2-0141,-2.9452472905001184
SIMULATED,Reuse,TD-TG1,K,SIM-ABL-2-0142,7.644982982317554
SIMULATED,Reuse,TD-TG1,K,SIM-ABL-2-0143,3.9030871241750407
SIMULATED,Reuse,TD-TG1,K,SIM-ABL-2-0144,11.57620636023867
SIMULATED,Reuse,TD-TG1,K,SIM-ABL-2-0145,-7.821324738721162
SIMULATED,Reuse,TD-TG1,K,SIM-ABL-2-0146,2.258792099248358
SIMULATED,Reuse,TD-TG1,K,SIM-ABL-2-0147,1.2373061463941761
SIMULATED,Reuse,TD-TG1,K,SIM-ABL-2-0148,6.690021235967641
SIMULATED,Reuse,TD-TG1,K,SIM-ABL-2-0149,11.299070125097892
SIMULATED,Reuse,TD-TG1,K,SIM-ABL-2-0150,5.595600245443672
SIMULATED,Reuse,TD-TG1,K,SIM-ABL-2-0151,10.856024132079703
SIMULATED,Reuse,TD-TG1,K,SIM-ABL-2-0152,-1.6477615830395909
SIMULATED,Reuse,TD-TG1,K,SIM-ABL-2-0153,3.711692659267877
SIMULATED,Reuse,TD-TG1,K,SIM-ABL-2-0154,7.2352841120217715
SIMULATED,Reuse,TD-TG1,K,SIM-ABL-2-0155,18.18416952054589
SIMULATED,Reuse,TD-TG1,K,SIM-ABL-2-0156,2.8140667360698646
SIMULATED,Reuse,TD-TG1,K,SIM-ABL-2-0157,14.986860400252905
SIMULATED,Reuse,TD-TG1,K,SIM-ABL-2-0158,4.28929793071405
SIMULATED,Reuse,TD-TG1,K,SIM-ABL-2-0159,-1.076637371041289
SIMULATED,Reuse,TD-TG1,V,SIM-ABL-2-0000,-1.3633216910544959
SIMULATED,Reuse,TD-TG1,V,SIM-ABL-2-0001,-2.937881391105735
SIMULATED,Reuse,TD-TG1,V,SIM-ABL-2-0002,4.485683415733936
SIMULATED,Reuse,TD-TG1,V,SIM-ABL-2-0003,-4.999557132895259
SIMULATED,Reuse,TD-TG1,V,SIM-ABL-2-0004,11.443092588027497
SIMULATED,Reuse,TD-TG1,V,SIM-ABL-2-0005,13.851182711560625
SIMULATED,Reuse,TD-TG1,V,SIM-ABL-2-0006,5.577193309490628
SIMULATED,Reuse,TD-TG1,V,SIM-ABL-2-0007,8.977093773791744
SIMULATED,Reuse,TD-TG1,V,SIM-ABL-2-0008,10.992059058004482
SIMULATED,Reuse,TD-TG1,V,SIM-ABL-2-0009,2.013444450535495
SIMULATED,Reuse,TD-TG1,V,SIM-ABL-2-0010,9.249446517035908
SIMULATED,Reuse,TD-TG1,V,SIM-ABL-2-0011,12.15305977222763
SIMULATED,Reuse,TD-TG1,V,SIM-ABL-2-0012,0.6288229797897431
SIMULATED,Reuse,TD-TG1,V,SIM-ABL-2-0013,-4.324229024766186
SIMULATED,Reuse,TD-TG1,V,SIM-ABL-2-0014,2.0902288179453397
SIMULATED,Reuse,TD-TG1,V,SIM-ABL-2-0015,3.843785373479989
SIMULATED,Reuse,TD-TG1,V,SIM-ABL-2-0016,-8.859134888096593
SIMULATED,Reuse,TD-TG1,V,SIM-ABL-2-0017,-8.995246403343815
SIMULATED,Reuse,TD-TG1,V,SIM-ABL-2-0018,6.19801818317082
SIMULATED,Reuse,TD-TG1,V,SIM-ABL-2-0019,3.883165083531057
SIMULATED,Reuse,TD-TG1,V,SIM-ABL-2-0020,1.1161137204406486
SIMULATED,Reuse,TD-TG1,V,SIM-ABL-2-0021,6.74516442615157
SIMULATED,Reuse,TD-TG1,V,SIM-ABL-2-0022,13.618814591015365
SIMULATED,Reuse,TD-TG1,V,SIM-ABL-2-0023,-1.2898340283257648
SIMULATED,Reuse,TD-TG1,V,SIM-ABL-2-0024,13.99013264524096
SIMULATED,Reuse,TD-TG1,V,SIM-ABL-2-0025,2.0284876687250306
SIMULATED,Reuse,TD-TG1,V,SIM-ABL-2-0026,2.3839673302717515
SIMULATED,Reuse,TD-TG1,V,SIM-ABL-2-0027,1.2196760985309731
SIMULATED,Reuse,TD-TG1,V,SIM-ABL-2-0028,-4.896425445604201
SIMULATED,Reuse,TD-TG1,V,SIM-ABL-2-0029,7.650656401148037
SIMULATED,Reuse,TD-TG1,V,SIM-ABL-2-0030,9.450054771295473
SIMULATED,Reuse,TD-TG1,V,SIM-ABL-2-0031,9.066849385272533
SIMULATED,Reuse,TD-TG1,V,SIM-ABL-2-0032,0.6477246707498092
SIMULATED,Reuse,TD-TG1,V,SIM-ABL-2-0033,4.834785753884653
SIMULATED,Reuse,TD-TG1,V,SIM-ABL-2-0034,0.4512980517459315
SIMULATED,Reuse,TD-TG1,V,SIM-ABL-2-0035,17.76592027619362
SIMULATED,Reuse,TD-TG1,V,SIM-ABL-2-0036,-2.757444360531839
SIMULATED,Reuse,TD-TG1,V,SIM-ABL-2-0037,-1.095954259373718
SIMULATED,Reuse,TD-TG1,V,SIM-ABL-2-0038,19.698271851771185
SIMULATED,Reuse,TD-TG1,V,SIM-ABL-2-0039,0.03868792503740437
SIMULATED,Reuse,TD-TG1,V,SIM-ABL-2-0040,5.529658451314493
SIMULATED,Reuse,TD-TG1,V,SIM-ABL-2-0041,3.9031274108680876
SIMULATED,Reuse,TD-TG1,V,SIM-ABL-2-0042,1.5882942577107435
SIMULATED,Reuse,TD-TG1,V,SIM-ABL-2-0043,-2.088316431434045
SIMULATED,Reuse,TD-TG1,V,SIM-ABL-2-0044,1.6599980071910645
SIMULATED,Reuse,TD-TG1,V,SIM-ABL-2-0045,-0.4220818413481071
SIMULATED,Reuse,TD-TG1,V,SIM-ABL-2-0046,0.3643623723511302
SIMULATED,Reuse,TD-TG1,V,SIM-ABL-2-0047,6.885537100574368
SIMULATED,Reuse,TD-TG1,V,SIM-ABL-2-0048,10.5493694923043
SIMULATED,Reuse,TD-TG1,V,SIM-ABL-2-0049,-3.9933517154407467
SIMULATED,Reuse,TD-TG1,V,SIM-ABL-2-0050,8.96329969907404
SIMULATED,Reuse,TD-TG1,V,SIM-ABL-2-0051,-5.783288933793033
SIMULATED,Reuse,TD-TG1,V,SIM-ABL-2-0052,5.866420781095886
SIMULATED,Reuse,TD-TG1,V,SIM-ABL-2-0053,1.7559548326750196
SIMULATED,Reuse,TD-TG1,V,SIM-ABL-2-0054,1.7967349513110975
SIMULATED,Reuse,TD-TG1,V,SIM-ABL-2-0055,4.164447566229273
SIMULATED,Reuse,TD-TG1,V,SIM-ABL-2-0056,2.0857408605384564
SIMULATED,Reuse,TD-TG1,V,SIM-ABL-2-0057,-3.82868500710473
SIMULATED,Reuse,TD-TG1,V,SIM-ABL-2-0058,-1.496477166894485
SIMULATED,Reuse,TD-TG1,V,SIM-ABL-2-0059,5.37923289486749
SIMULATED,Reuse,TD-TG1,V,SIM-ABL-2-0060,-2.469584656392708
SIMULATED,Reuse,TD-TG1,V,SIM-ABL-2-0061,7.094417723608167
SIMULATED,Reuse,TD-TG1,V,SIM-ABL-2-0062,-0.1435635838858209
SIMULATED,Reuse,TD-TG1,V,SIM-ABL-2-0063,12.489087247894242
SIMULATED,Reuse,TD-TG1,V,SIM-ABL-2-0064,-1.8273945379629075
SIMULATED,Reuse,TD-TG1,V,SIM-ABL-2-0065,-3.2708908968397785
SIMULATED,Reuse,TD-TG1,V,SIM-ABL-2-0066,-0.039159772557697536
SIMULATED,Reuse,TD-TG1,V,SIM-ABL-2-0067,0.5291838634011934
SIMULATED,Reuse,TD-TG1,V,SIM-ABL-2-0068,-6.394504449974727
SIMULATED,Reuse,TD-TG1,V,SIM-ABL-2-0069,11.485013077648297
SIMULATED,Reuse,TD-TG1,V,SIM-ABL-2-0070,-7.9677979154399665
SIMULATED,Reuse,TD-TG1,V,SIM-ABL-2-0071,-2.3152262672055355
SIMULATED,Reuse,TD-TG1,V,SIM-ABL-2-0072,0.5931000375353173
SIMULATED,Reuse,TD-TG1,V,SIM-ABL-2-0073,11.730162229398458
SIMULATED,Reuse,TD-TG1,V,SIM-ABL-2-0074,-3.908947974166034
SIMULATED,Reuse,TD-TG1,V,SIM-ABL-2-0075,-5.6135585277996025
SIMULATED,Reuse,TD-TG1,V,SIM-ABL-2-0076,4.204492776886015
SIMULATED,Reuse,TD-TG1,V,SIM-ABL-2-0077,-9.871392076392082
SIMULATED,Reuse,TD-TG1,V,SIM-ABL-2-0078,8.086460825593429
SIMULATED,Reuse,TD-TG1,V,SIM-ABL-2-0079,2.3972722340329082
SIMULATED,Reuse,TD-TG1,V,SIM-ABL-2-0080,11.76319218036974
SIMULATED,Reuse,TD-TG1,V,SIM-ABL-2-0081,2.9127760114339254
SIMULATED,Reuse,TD-TG1,V,SIM-ABL-2-0082,5.167454863175488
SIMULATED,Reuse,TD-TG1,V,SIM-ABL-2-0083,-3.7577559801880374
SIMULATED,Reuse,TD-TG1,V,SIM-ABL-2-0084,-2.213768985028039
SIMULATED,Reuse,TD-TG1,V,SIM-ABL-2-0085,14.010531582885474
SIMULATED,Reuse,TD-TG1,V,SIM-ABL-2-0086,8.541051622548013
SIMULATED,Reuse,TD-TG1,V,SIM-ABL-2-0087,4.439505520575985
SIMULATED,Reuse,TD-TG1,V,SIM-ABL-2-0088,1.917966299126919
SIMULATED,Reuse,TD-TG1,V,SIM-ABL-2-0089,1.9450005090614046
SIMULATED,Reuse,TD-TG1,V,SIM-ABL-2-0090,2.867924279381754
SIMULATED,Reuse,TD-TG1,V,SIM-ABL-2-0091,-0.871801473321526
SIMULATED,Reuse,TD-TG1,V,SIM-ABL-2-0092,15.665291857296463
SIMULATED,Reuse,TD-TG1,V,SIM-ABL-2-0093,-15.440394442501342
SIMULATED,Reuse,TD-TG1,V,SIM-ABL-2-0094,-10.819829360754452
SIMULATED,Reuse,TD-TG1,V,SIM-ABL-2-0095,-4.466532350125062
SIMULATED,Reuse,TD-TG1,V,SIM-ABL-2-0096,7.5906096146570405
SIMULATED,Reuse,TD-TG1,V,SIM-ABL-2-0097,7.312907402261301
SIMULATED,Reuse,TD-TG1,V,SIM-ABL-2-0098,-5.981504909143542
SIMULATED,Reuse,TD-TG1,V,SIM-ABL-2-0099,1.9895525448814402
SIMULATED,Reuse,TD-TG1,V,SIM-ABL-2-0100,0.9190586224132236
SIMULATED,Reuse,TD-TG1,V,SIM-ABL-2-0101,1.3187964772507186
SIMULATED,Reuse,TD-TG1,V,SIM-ABL-2-0102,13.666513172482727
SIMULATED,Reuse,TD-TG1,V,SIM-ABL-2-0103,1.4108748856250557
SIMULATED,Reuse,TD-TG1,V,SIM-ABL-2-0104,6.9215672204896865
SIMULATED,Reuse,TD-TG1,V,SIM-ABL-2-0105,13.766537712099607
SIMULATED,Reuse,TD-TG1,V,SIM-ABL-2-0106,7.583777487649945
SIMULATED,Reuse,TD-TG1,V,SIM-ABL-2-0107,3.7468273356185766
SIMULATED,Reuse,TD-TG1,V,SIM-ABL-2-0108,-0.5376668455082156
SIMULATED,Reuse,TD-TG1,V,SIM-ABL-2-0109,7.688968953835374
SIMULATED,Reuse,TD-TG1,V,SIM-ABL-2-0110,8.419042091363098
SIMULATED,Reuse,TD-TG1,V,SIM-ABL-2-0111,-8.08282941641195
SIMULATED,Reuse,TD-TG1,V,SIM-ABL-2-0112,5.488691722249165
SIMULATED,Reuse,TD-TG1,V,SIM-ABL-2-0113,7.969172273445407
SIMULATED,Reuse,TD-TG1,V,SIM-ABL-2-0114,1.7151959291011347
SIMULATED,Reuse,TD-TG1,V,SIM-ABL-2-0115,0.02397146040412723
SIMULATED,Reuse,TD-TG1,V,SIM-ABL-2-0116,-1.371201356325392
SIMULATED,Reuse,TD-TG1,V,SIM-ABL-2-0117,3.4680525889078924
SIMULATED,Reuse,TD-TG1,V,SIM-ABL-2-0118,-1.0714628331871703
SIMULATED,Reuse,TD-TG1,V,SIM-ABL-2-0119,-6.88665227587094
SIMULATED,Reuse,TD-TG1,V,SIM-ABL-2-0120,11.646387303732876
SIMULATED,Reuse,TD-TG1,V,SIM-ABL-2-0121,4.948009128610812
SIMULATED,Reuse,TD-TG1,V,SIM-ABL-2-0122,8.708471343066984
SIMULATED,Reuse,TD-TG1,V,SIM-ABL-2-0123,11.849019842637766
SIMULATED,Reuse,TD-TG1,V,SIM-ABL-2-0124,1.7583768073374486
SIMULATED,Reuse,TD-TG1,V,SIM-ABL-2-0125,-1.7616259191094854
SIMULATED,Reuse,TD-TG1,V,SIM-ABL-2-0126,-4.477078359299394
SIMULATED,Reuse,TD-TG1,V,SIM-ABL-2-0127,1.9258017417663944
SIMULATED,Reuse,TD-TG1,V,SIM-ABL-2-0128,0.08727681850760316
SIMULATED,Reuse,TD-TG1,V,SIM-ABL-2-0129,3.824347903083968
SIMULATED,Reuse,TD-TG1,V,SIM-ABL-2-0130,6.263035302127203
SIMULATED,Reuse,TD-TG1,V,SIM-ABL-2-0131,10.807676473030702
SIMULATED,Reuse,TD-TG1,V,SIM-ABL-2-0132,6.710475519687938
SIMULATED,Reuse,TD-TG1,V,SIM-ABL-2-0133,9.837483300579569
SIMULATED,Reuse,TD-TG1,V,SIM-ABL-2-0134,11.747147095296047
SIMULATED,Reuse,TD-TG1,V,SIM-ABL-2-0135,-7.6769382083478614
SIMULATED,Reuse,TD-TG1,V,SIM-ABL-2-0136,8.1696038079645
SIMULATED,Reuse,TD-TG1,V,SIM-ABL-2-0137,2.9872764185940954
SIMULATED,Reuse,TD-TG1,V,SIM-ABL-2-0138,8.282967759432028
SIMULATED,Reuse,TD-TG1,V,SIM-ABL-2-0139,2.330384368807163
SIMULATED,Reuse,TD-TG1,V,SIM-ABL-2-0140,0.6803484662548629
SIMULATED,Reuse,TD-TG1,V,SIM-ABL-2-0141,1.030940199829109
SIMULATED,Reuse,TD-TG1,V,SIM-ABL-2-0142,-4.680822504691307
SIMULATED,Reuse,TD-TG1,V,SIM-ABL-2-0143,0.342131488159064
SIMULATED,Reuse,TD-TG1,V,SIM-ABL-2-0144,0.21517174285747265
SIMULATED,Reuse,TD-TG1,V,SIM-ABL-2-0145,18.776830858133316
SIMULATED,Reuse,TD-TG1,V,SIM-ABL-2-0146,4.572110899200292
SIMULATED,Reuse,TD-TG1,V,SIM-ABL-2-0147,12.254602225935436
SIMULATED,Reuse,TD-TG1,V,SIM-ABL-2-0148,6.158138611052671
SIMULATED,Reuse,TD-TG1,V,SIM-ABL-2-0149,-15.75068354186642
SIMULATED,Reuse,TD-TG1,V,SIM-ABL-2-0150,-4.961241608459266
SIMULATED,Reuse,TD-TG1,V,SIM-ABL-2-0151,-1.141721861738894
SIMULATED,Reuse,TD-TG1,V,SIM-ABL-2-0152,0.9707077459626716
SIMULATED,Reuse,TD-TG1,V,SIM-ABL-2-0153,0.22876551091825714
SIMULATED,Reuse,TD-TG1,V,SIM-ABL-2-0154,-0.6660499165501688
SIMULATED,Reuse,TD-TG1,V,SIM-ABL-2-0155,-2.6354685398408297
SIMULATED,Reuse,TD-TG1,V,SIM-ABL-2-0156,7.770243961021874
SIMULATED,Reuse,TD-TG1,V,SIM-ABL-2-0157,8.668302535839064
SIMULATED,Reuse,TD-TG1,V,SIM-ABL-2-0158,2.3623084390742193
SIMULATED,Reuse,TD-TG1,V,SIM-ABL-2-0159,9.042063042986348
SIMULATED,Reuse,TD-TG1,T,SIM-ABL-2-0000,1.6136535734167747
SIMULATED,Reuse,TD-TG1,T,SIM-ABL-2-0001,10.636722978214566
SIMULATED,Reuse,TD-TG1,T,SIM-ABL-2-0002,-9.803423302748264
SIMULATED,Reuse,TD-TG1,T,SIM-ABL-2-0003,0.5219521835479285
SIMULATED,Reuse,TD-TG1,T,SIM-ABL-2-0004,-0.09842793351217571
SIMULATED,Reuse,TD-TG1,T,SIM-ABL-2-0005,5.716020294666493
SIMULATED,Reuse,TD-TG1,T,SIM-ABL-2-0006,0.7817530265631885
SIMULATED,Reuse,TD-TG1,T,SIM-ABL-2-0007,-13.723076376438534
SIMULATED,Reuse,TD-TG1,T,SIM-ABL-2-0008,0.8395915256830744
SIMULATED,Reuse,TD-TG1,T,SIM-ABL-2-0009,-7.37957112634786
SIMULATED,Reuse,TD-TG1,T,SIM-ABL-2-0010,11.073887498269201
SIMULATED,Reuse,TD-TG1,T,SIM-ABL-2-0011,15.097367755966156
SIMULATED,Reuse,TD-TG1,T,SIM-ABL-2-0012,1.257085574173226
SIMULATED,Reuse,TD-TG1,T,SIM-ABL-2-0013,-9.750630878989298
SIMULATED,Reuse,TD-TG1,T,SIM-ABL-2-0014,11.703530182063774
SIMULATED,Reuse,TD-TG1,T,SIM-ABL-2-0015,-4.304602036063555
SIMULATED,Reuse,TD-TG1,T,SIM-ABL-2-0016,9.176927466076362
SIMULATED,Reuse,TD-TG1,T,SIM-ABL-2-0017,-9.179556487858434
SIMULATED,Reuse,TD-TG1,T,SIM-ABL-2-0018,4.385870815488203
SIMULATED,Reuse,TD-TG1,T,SIM-ABL-2-0019,10.883884883205042
SIMULATED,Reuse,TD-TG1,T,SIM-ABL-2-0020,-4.972386028843806
SIMULATED,Reuse,TD-TG1,T,SIM-ABL-2-0021,5.318824925263327
SIMULATED,Reuse,TD-TG1,T,SIM-ABL-2-0022,1.4230625016399656
SIMULATED,Reuse,TD-TG1,T,SIM-ABL-2-0023,-4.146904944390853
SIMULATED,Reuse,TD-TG1,T,SIM-ABL-2-0024,-5.736788155079705
SIMULATED,Reuse,TD-TG1,T,SIM-ABL-2-0025,-3.614986016390751
SIMULATED,Reuse,TD-TG1,T,SIM-ABL-2-0026,-8.218466236912287
SIMULATED,Reuse,TD-TG1,T,SIM-ABL-2-0027,-3.0255953132650726
SIMULATED,Reuse,TD-TG1,T,SIM-ABL-2-0028,0.7937330171489101
SIMULATED,Reuse,TD-TG1,T,SIM-ABL-2-0029,-11.530273701071504
SIMULATED,Reuse,TD-TG1,T,SIM-ABL-2-0030,-10.490519445132096
SIMULATED,Reuse,TD-TG1,T,SIM-ABL-2-0031,9.041534217369058
SIMULATED,Reuse,TD-TG1,T,SIM-ABL-2-0032,3.3500253967907563
SIMULATED,Reuse,TD-TG1,T,SIM-ABL-2-0033,-4.212559085385075
SIMULATED,Reuse,TD-TG1,T,SIM-ABL-2-0034,18.158107949858227
SIMULATED,Reuse,TD-TG1,T,SIM-ABL-2-0035,4.512955912301218
SIMULATED,Reuse,TD-TG1,T,SIM-ABL-2-0036,-0.08648145021749232
SIMULATED,Reuse,TD-TG1,T,SIM-ABL-2-0037,5.128159291210785
SIMULATED,Reuse,TD-TG1,T,SIM-ABL-2-0038,5.9565468440322675
SIMULATED,Reuse,TD-TG1,T,SIM-ABL-2-0039,-5.1808334811278876
SIMULATED,Reuse,TD-TG1,T,SIM-ABL-2-0040,-3.2237420395281706
SIMULATED,Reuse,TD-TG1,T,SIM-ABL-2-0041,-3.642699440208653
SIMULATED,Reuse,TD-TG1,T,SIM-ABL-2-0042,4.6191131481072185
SIMULATED,Reuse,TD-TG1,T,SIM-ABL-2-0043,-0.5015667534547044
SIMULATED,Reuse,TD-TG1,T,SIM-ABL-2-0044,7.639339361358451
SIMULATED,Reuse,TD-TG1,T,SIM-ABL-2-0045,5.5108301169240175
SIMULATED,Reuse,TD-TG1,T,SIM-ABL-2-0046,2.5043526813417385
SIMULATED,Reuse,TD-TG1,T,SIM-ABL-2-0047,14.408828570856926
SIMULATED,Reuse,TD-TG1,T,SIM-ABL-2-0048,-8.296744339507413
SIMULATED,Reuse,TD-TG1,T,SIM-ABL-2-0049,3.1920956961357945
SIMULATED,Reuse,TD-TG1,T,SIM-ABL-2-0050,8.226539632584483
SIMULATED,Reuse,TD-TG1,T,SIM-ABL-2-0051,2.6528086808841613
SIMULATED,Reuse,TD-TG1,T,SIM-ABL-2-0052,-1.9551836601637695
SIMULATED,Reuse,TD-TG1,T,SIM-ABL-2-0053,-10.783695173719241
SIMULATED,Reuse,TD-TG1,T,SIM-ABL-2-0054,5.399762005342138
SIMULATED,Reuse,TD-TG1,T,SIM-ABL-2-0055,4.073659938822393
SIMULATED,Reuse,TD-TG1,T,SIM-ABL-2-0056,3.484377828108161
SIMULATED,Reuse,TD-TG1,T,SIM-ABL-2-0057,5.418587032407329
SIMULATED,Reuse,TD-TG1,T,SIM-ABL-2-0058,7.43408727494487
SIMULATED,Reuse,TD-TG1,T,SIM-ABL-2-0059,-0.818973168821953
SIMULATED,Reuse,TD-TG1,T,SIM-ABL-2-0060,-18.344310517823576
SIMULATED,Reuse,TD-TG1,T,SIM-ABL-2-0061,4.7183880786272665
SIMULATED,Reuse,TD-TG1,T,SIM-ABL-2-0062,-6.555039226618711
SIMULATED,Reuse,TD-TG1,T,SIM-ABL-2-0063,-7.846337027714429
SIMULATED,Reuse,TD-TG1,T,SIM-ABL-2-0064,-2.882525531057107
SIMULATED,Reuse,TD-TG1,T,SIM-ABL-2-0065,4.366712646494012
SIMULATED,Reuse,TD-TG1,T,SIM-ABL-2-0066,2.6112672680430364
SIMULATED,Reuse,TD-TG1,T,SIM-ABL-2-0067,-3.7693581806534295
SIMULATED,Reuse,TD-TG1,T,SIM-ABL-2-0068,-8.95956252543977
SIMULATED,Reuse,TD-TG1,T,SIM-ABL-2-0069,-0.7659928008471708
SIMULATED,Reuse,TD-TG1,T,SIM-ABL-2-0070,2.0010880032185767
SIMULATED,Reuse,TD-TG1,T,SIM-ABL-2-0071,3.4828810694285552
SIMULATED,Reuse,TD-TG1,T,SIM-ABL-2-0072,-4.731000739256998
SIMULATED,Reuse,TD-TG1,T,SIM-ABL-2-0073,-12.69561834148059
SIMULATED,Reuse,TD-TG1,T,SIM-ABL-2-0074,6.250858306864364
SIMULATED,Reuse,TD-TG1,T,SIM-ABL-2-0075,-6.290828596867186
SIMULATED,Reuse,TD-TG1,T,SIM-ABL-2-0076,-13.596420698117637
SIMULATED,Reuse,TD-TG1,T,SIM-ABL-2-0077,1.925181636202776
SIMULATED,Reuse,TD-TG1,T,SIM-ABL-2-0078,3.867839642598965
SIMULATED,Reuse,TD-TG1,T,SIM-ABL-2-0079,-3.221587927454074
SIMULATED,Reuse,TD-TG1,T,SIM-ABL-2-0080,5.337392240124813
SIMULATED,Reuse,TD-TG1,T,SIM-ABL-2-0081,-1.0874931711005615
SIMULATED,Reuse,TD-TG1,T,SIM-ABL-2-0082,-2.807654160414314
SIMULATED,Reuse,TD-TG1,T,SIM-ABL-2-0083,-2.7329893210208454
SIMULATED,Reuse,TD-TG1,T,SIM-ABL-2-0084,-10.628075654274522
SIMULATED,Reuse,TD-TG1,T,SIM-ABL-2-0085,6.537566308598456
SIMULATED,Reuse,TD-TG1,T,SIM-ABL-2-0086,-14.70658041103491
SIMULATED,Reuse,TD-TG1,T,SIM-ABL-2-0087,-1.2999783286452324
SIMULATED,Reuse,TD-TG1,T,SIM-ABL-2-0088,-7.345632556248405
SIMULATED,Reuse,TD-TG1,T,SIM-ABL-2-0089,1.01125192901959
SIMULATED,Reuse,TD-TG1,T,SIM-ABL-2-0090,2.2281022803941353
SIMULATED,Reuse,TD-TG1,T,SIM-ABL-2-0091,8.824342772283964
SIMULATED,Reuse,TD-TG1,T,SIM-ABL-2-0092,-4.690640612632692
SIMULATED,Reuse,TD-TG1,T,SIM-ABL-2-0093,3.455546973911175
SIMULATED,Reuse,TD-TG1,T,SIM-ABL-2-0094,2.3204742441844166
SIMULATED,Reuse,TD-TG1,T,SIM-ABL-2-0095,-0.6107601330269059
SIMULATED,Reuse,TD-TG1,T,SIM-ABL-2-0096,-2.0689298059480628
SIMULATED,Reuse,TD-TG1,T,SIM-ABL-2-0097,4.424394928731889
SIMULATED,Reuse,TD-TG1,T,SIM-ABL-2-0098,-2.3441999814642918
SIMULATED,Reuse,TD-TG1,T,SIM-ABL-2-0099,-0.5145936401250177
SIMULATED,Reuse,TD-TG1,T,SIM-ABL-2-0100,9.36841299720202
SIMULATED,Reuse,TD-TG1,T,SIM-ABL-2-0101,-2.779130692058935
SIMULATED,Reuse,TD-TG1,T,SIM-ABL-2-0102,2.8733018499428455
SIMULATED,Reuse,TD-TG1,T,SIM-ABL-2-0103,-5.71284433855489
SIMULATED,Reuse,TD-TG1,T,SIM-ABL-2-0104,-3.5028210821779417
SIMULATED,Reuse,TD-TG1,T,SIM-ABL-2-0105,3.0284295451298817
SIMULATED,Reuse,TD-TG1,T,SIM-ABL-2-0106,8.786721849101617
SIMULATED,Reuse,TD-TG1,T,SIM-ABL-2-0107,-3.2260130408886516
SIMULATED,Reuse,TD-TG1,T,SIM-ABL-2-0108,-12.679066583860244
SIMULATED,Reuse,TD-TG1,T,SIM-ABL-2-0109,-2.273194136892255
SIMULATED,Reuse,TD-TG1,T,SIM-ABL-2-0110,7.585371903231358
SIMULATED,Reuse,TD-TG1,T,SIM-ABL-2-0111,-7.486371326121296
SIMULATED,Reuse,TD-TG1,T,SIM-ABL-2-0112,-5.892040475095048
SIMULATED,Reuse,TD-TG1,T,SIM-ABL-2-0113,-0.07682888314113323
SIMULATED,Reuse,TD-TG1,T,SIM-ABL-2-0114,16.035622049276565
SIMULATED,Reuse,TD-TG1,T,SIM-ABL-2-0115,4.380671310425031
SIMULATED,Reuse,TD-TG1,T,SIM-ABL-2-0116,2.6596516612156917
SIMULATED,Reuse,TD-TG1,T,SIM-ABL-2-0117,-5.503590694364765
SIMULATED,Reuse,TD-TG1,T,SIM-ABL-2-0118,-3.7648482964057814
SIMULATED,Reuse,TD-TG1,T,SIM-ABL-2-0119,5.433610470640319
SIMULATED,Reuse,TD-TG1,T,SIM-ABL-2-0120,-11.819786164461469
SIMULATED,Reuse,TD-TG1,T,SIM-ABL-2-0121,6.842617376494119
SIMULATED,Reuse,TD-TG1,T,SIM-ABL-2-0122,-10.200303221066847
SIMULATED,Reuse,TD-TG1,T,SIM-ABL-2-0123,-10.176474515971059
SIMULATED,Reuse,TD-TG1,T,SIM-ABL-2-0124,-3.2989186773779124
SIMULATED,Reuse,TD-TG1,T,SIM-ABL-2-0125,4.75011793251888
SIMULATED,Reuse,TD-TG1,T,SIM-ABL-2-0126,-7.469647603434978
SIMULATED,Reuse,TD-TG1,T,SIM-ABL-2-0127,8.495677470401386
SIMULATED,Reuse,TD-TG1,T,SIM-ABL-2-0128,-15.330003529135734
SIMULATED,Reuse,TD-TG1,T,SIM-ABL-2-0129,9.944036830420442
SIMULATED,Reuse,TD-TG1,T,SIM-ABL-2-0130,-8.12483692463303
SIMULATED,Reuse,TD-TG1,T,SIM-ABL-2-0131,6.722362879179272
SIMULATED,Reuse,TD-TG1,T,SIM-ABL-2-0132,1.855843987641324
SIMULATED,Reuse,TD-TG1,T,SIM-ABL-2-0133,-13.682618314665202
SIMULATED,Reuse,TD-TG1,T,SIM-ABL-2-0134,8.815478256505392
SIMULATED,Reuse,TD-TG1,T,SIM-ABL-2-0135,-12.615760005987369
SIMULATED,Reuse,TD-TG1,T,SIM-ABL-2-0136,11.626572661663507
SIMULATED,Reuse,TD-TG1,T,SIM-ABL-2-0137,-15.20914386447929
SIMULATED,Reuse,TD-TG1,T,SIM-ABL-2-0138,8.89389962322014
SIMULATED,Reuse,TD-TG1,T,SIM-ABL-2-0139,20.808375403868165
SIMULATED,Reuse,TD-TG1,T,SIM-ABL-2-0140,5.669484053251256
SIMULATED,Reuse,TD-TG1,T,SIM-ABL-2-0141,9.473363971227911
SIMULATED,Reuse,TD-TG1,T,SIM-ABL-2-0142,-6.853286935110443
SIMULATED,Reuse,TD-TG1,T,SIM-ABL-2-0143,2.088763029886922
SIMULATED,Reuse,TD-TG1,T,SIM-ABL-2-0144,-9.354877833866944
SIMULATED,Reuse,TD-TG1,T,SIM-ABL-2-0145,-3.7358277513899614
SIMULATED,Reuse,TD-TG1,T,SIM-ABL-2-0146,-4.884569976615085
SIMULATED,Reuse,TD-TG1,T,SIM-ABL-2-0147,1.4668570141846617
SIMULATED,Reuse,TD-TG1,T,SIM-ABL-2-0148,6.7978999407311615
SIMULATED,Reuse,TD-TG1,T,SIM-ABL-2-0149,0.29113775090548655
SIMULATED,Reuse,TD-TG1,T,SIM-ABL-2-0150,-0.733557357807421
SIMULATED,Reuse,TD-TG1,T,SIM-ABL-2-0151,12.088774077032825
SIMULATED,Reuse,TD-TG1,T,SIM-ABL-2-0152,-4.74679902703887
SIMULATED,Reuse,TD-TG1,T,SIM-ABL-2-0153,-3.872198740914807
SIMULATED,Reuse,TD-TG1,T,SIM-ABL-2-0154,19.427641839990834
SIMULATED,Reuse,TD-TG1,T,SIM-ABL-2-0155,5.616362794591295
SIMULATED,Reuse,TD-TG1,T,SIM-ABL-2-0156,-5.970053878121572
SIMULATED,Reuse,TD-TG1,T,SIM-ABL-2-0157,-5.232378148839394
SIMULATED,Reuse,TD-TG1,T,SIM-ABL-2-0158,-0.3261866973470826
SIMULATED,Reuse,TD-TG1,T,SIM-ABL-2-0159,-0.7589399453241603
SIMULATED,Reuse,TD-TG1,Π,SIM-ABL-2-0000,7.323572392627698
SIMULATED,Reuse,TD-TG1,Π,SIM-ABL-2-0001,5.032950724094675
SIMULATED,Reuse,TD-TG1,Π,SIM-ABL-2-0002,-0.04311577964042557
SIMULATED,Reuse,TD-TG1,Π,SIM-ABL-2-0003,15.518838108935466
SIMULATED,Reuse,TD-TG1,Π,SIM-ABL-2-0004,-4.133482004356013
SIMULATED,Reuse,TD-TG1,Π,SIM-ABL-2-0005,17.712730137448087
SIMULATED,Reuse,TD-TG1,Π,SIM-ABL-2-0006,3.1311253866155857
SIMULATED,Reuse,TD-TG1,Π,SIM-ABL-2-0007,-8.571029153326986
SIMULATED,Reuse,TD-TG1,Π,SIM-ABL-2-0008,-12.063028476761712
SIMULATED,Reuse,TD-TG1,Π,SIM-ABL-2-0009,5.566144337488969
SIMULATED,Reuse,TD-TG1,Π,SIM-ABL-2-0010,13.602109074608569
SIMULATED,Reuse,TD-TG1,Π,SIM-ABL-2-0011,18.840634128587357
SIMULATED,Reuse,TD-TG1,Π,SIM-ABL-2-0012,10.694375340406545
SIMULATED,Reuse,TD-TG1,Π,SIM-ABL-2-0013,-6.777395030309976
SIMULATED,Reuse,TD-TG1,Π,SIM-ABL-2-0014,-11.450473820780129
SIMULATED,Reuse,TD-TG1,Π,SIM-ABL-2-0015,5.945967380350747
SIMULATED,Reuse,TD-TG1,Π,SIM-ABL-2-0016,15.052784880037658
SIMULATED,Reuse,TD-TG1,Π,SIM-ABL-2-0017,-15.835901251507071
SIMULATED,Reuse,TD-TG1,Π,SIM-ABL-2-0018,4.151055542085649
SIMULATED,Reuse,TD-TG1,Π,SIM-ABL-2-0019,7.202520473274576
SIMULATED,Reuse,TD-TG1,Π,SIM-ABL-2-0020,15.293244818906532
SIMULATED,Reuse,TD-TG1,Π,SIM-ABL-2-0021,-3.5524438331111634
SIMULATED,Reuse,TD-TG1,Π,SIM-ABL-2-0022,-6.72077662817705
SIMULATED,Reuse,TD-TG1,Π,SIM-ABL-2-0023,2.5514063004643823
SIMULATED,Reuse,TD-TG1,Π,SIM-ABL-2-0024,2.680477569244312
SIMULATED,Reuse,TD-TG1,Π,SIM-ABL-2-0025,-5.641697031066747
SIMULATED,Reuse,TD-TG1,Π,SIM-ABL-2-0026,-19.355351680608713
SIMULATED,Reuse,TD-TG1,Π,SIM-ABL-2-0027,-3.364588556534116
SIMULATED,Reuse,TD-TG1,Π,SIM-ABL-2-0028,-1.489702804634011
SIMULATED,Reuse,TD-TG1,Π,SIM-ABL-2-0029,4.860428043409852
SIMULATED,Reuse,TD-TG1,Π,SIM-ABL-2-0030,-9.952356911454325
SIMULATED,Reuse,TD-TG1,Π,SIM-ABL-2-0031,-1.7530151071045783
SIMULATED,Reuse,TD-TG1,Π,SIM-ABL-2-0032,11.809852241603043
SIMULATED,Reuse,TD-TG1,Π,SIM-ABL-2-0033,3.0128709459797065
SIMULATED,Reuse,TD-TG1,Π,SIM-ABL-2-0034,-3.5808098886635564
SIMULATED,Reuse,TD-TG1,Π,SIM-ABL-2-0035,2.2532433925163153
SIMULATED,Reuse,TD-TG1,Π,SIM-ABL-2-0036,0.6490444213382184
SIMULATED,Reuse,TD-TG1,Π,SIM-ABL-2-0037,5.166139096067494
SIMULATED,Reuse,TD-TG1,Π,SIM-ABL-2-0038,-1.7113130330407145
SIMULATED,Reuse,TD-TG1,Π,SIM-ABL-2-0039,0.3296201951999569
SIMULATED,Reuse,TD-TG1,Π,SIM-ABL-2-0040,-3.249262825063698
SIMULATED,Reuse,TD-TG1,Π,SIM-ABL-2-0041,1.0269417799284488
SIMULATED,Reuse,TD-TG1,Π,SIM-ABL-2-0042,3.9649225063964293
SIMULATED,Reuse,TD-TG1,Π,SIM-ABL-2-0043,13.44868890732039
SIMULATED,Reuse,TD-TG1,Π,SIM-ABL-2-0044,-7.938799119173683
SIMULATED,Reuse,TD-TG1,Π,SIM-ABL-2-0045,7.951833026949775
SIMULATED,Reuse,TD-TG1,Π,SIM-ABL-2-0046,-0.16385847952933608
SIMULATED,Reuse,TD-TG1,Π,SIM-ABL-2-0047,-11.520646881279893
SIMULATED,Reuse,TD-TG1,Π,SIM-ABL-2-0048,12.734410805109095
SIMULATED,Reuse,TD-TG1,Π,SIM-ABL-2-0049,-5.086343260434611
SIMULATED,Reuse,TD-TG1,Π,SIM-ABL-2-0050,14.020813254028312
SIMULATED,Reuse,TD-TG1,Π,SIM-ABL-2-0051,0.9306179657518459
SIMULATED,Reuse,TD-TG1,Π,SIM-ABL-2-0052,-1.888356340707176
SIMULATED,Reuse,TD-TG1,Π,SIM-ABL-2-0053,-8.599804944132194
SIMULATED,Reuse,TD-TG1,Π,SIM-ABL-2-0054,6.392957728677646
SIMULATED,Reuse,TD-TG1,Π,SIM-ABL-2-0055,12.857074608264389
SIMULATED,Reuse,TD-TG1,Π,SIM-ABL-2-0056,3.388121113782855
SIMULATED,Reuse,TD-TG1,Π,SIM-ABL-2-0057,-6.7898367356208835
SIMULATED,Reuse,TD-TG1,Π,SIM-ABL-2-0058,4.655214985072161
SIMULATED,Reuse,TD-TG1,Π,SIM-ABL-2-0059,1.1100006730720011
SIMULATED,Reuse,TD-TG1,Π,SIM-ABL-2-0060,3.5836029539091214
SIMULATED,Reuse,TD-TG1,Π,SIM-ABL-2-0061,-11.385052832134088
SIMULATED,Reuse,TD-TG1,Π,SIM-ABL-2-0062,13.019956649240061
SIMULATED,Reuse,TD-TG1,Π,SIM-ABL-2-0063,3.2190312009367643
SIMULATED,Reuse,TD-TG1,Π,SIM-ABL-2-0064,-5.077696975454516
SIMULATED,Reuse,TD-TG1,Π,SIM-ABL-2-0065,8.610451678456895
SIMULATED,Reuse,TD-TG1,Π,SIM-ABL-2-0066,4.379157064629634
SIMULATED,Reuse,TD-TG1,Π,SIM-ABL-2-0067,5.655069157931689
SIMULATED,Reuse,TD-TG1,Π,SIM-ABL-2-0068,11.471712560365928
SIMULATED,Reuse,TD-TG1,Π,SIM-ABL-2-0069,8.065570455942439
SIMULATED,Reuse,TD-TG1,Π,SIM-ABL-2-0070,2.4603046708908254
SIMULATED,Reuse,TD-TG1,Π,SIM-ABL-2-0071,3.9543690996378826
SIMULATED,Reuse,TD-TG1,Π,SIM-ABL-2-0072,0.9390098716005939
SIMULATED,Reuse,TD-TG1,Π,SIM-ABL-2-0073,2.7065775028229755
SIMULATED,Reuse,TD-TG1,Π,SIM-ABL-2-0074,-6.344122814194119
SIMULATED,Reuse,TD-TG1,Π,SIM-ABL-2-0075,4.335871352321871
SIMULATED,Reuse,TD-TG1,Π,SIM-ABL-2-0076,-4.455457875333787
SIMULATED,Reuse,TD-TG1,Π,SIM-ABL-2-0077,-2.5888135023575227
SIMULATED,Reuse,TD-TG1,Π,SIM-ABL-2-0078,1.9927648456531022
SIMULATED,Reuse,TD-TG1,Π,SIM-ABL-2-0079,-7.253022353453752
SIMULATED,Reuse,TD-TG1,Π,SIM-ABL-2-0080,14.896678360175917
SIMULATED,Reuse,TD-TG1,Π,SIM-ABL-2-0081,2.3550596422976486
SIMULATED,Reuse,TD-TG1,Π,SIM-ABL-2-0082,-1.617822567774054
SIMULATED,Reuse,TD-TG1,Π,SIM-ABL-2-0083,1.2697778644127085
SIMULATED,Reuse,TD-TG1,Π,SIM-ABL-2-0084,8.846196004892112
SIMULATED,Reuse,TD-TG1,Π,SIM-ABL-2-0085,7.636559521993775
SIMULATED,Reuse,TD-TG1,Π,SIM-ABL-2-0086,-10.808130209682677
SIMULATED,Reuse,TD-TG1,Π,SIM-ABL-2-0087,-5.550192735388994
SIMULATED,Reuse,TD-TG1,Π,SIM-ABL-2-0088,1.0302011580038057
SIMULATED,Reuse,TD-TG1,Π,SIM-ABL-2-0089,-3.308683288696348
SIMULATED,Reuse,TD-TG1,Π,SIM-ABL-2-0090,6.900294193764717
SIMULATED,Reuse,TD-TG1,Π,SIM-ABL-2-0091,-5.49095630487428
SIMULATED,Reuse,TD-TG1,Π,SIM-ABL-2-0092,6.92136160286655
SIMULATED,Reuse,TD-TG1,Π,SIM-ABL-2-0093,-6.247384423337805
SIMULATED,Reuse,TD-TG1,Π,SIM-ABL-2-0094,5.024457087644266
SIMULATED,Reuse,TD-TG1,Π,SIM-ABL-2-0095,-0.8502394956010308
SIMULATED,Reuse,TD-TG1,Π,SIM-ABL-2-0096,4.352489359672876
SIMULATED,Reuse,TD-TG1,Π,SIM-ABL-2-0097,-17.782605390231502
SIMULATED,Reuse,TD-TG1,Π,SIM-ABL-2-0098,2.317505965675015
SIMULATED,Reuse,TD-TG1,Π,SIM-ABL-2-0099,-12.290165542749042
SIMULATED,Reuse,TD-TG1,Π,SIM-ABL-2-0100,-4.065961900932111
SIMULATED,Reuse,TD-TG1,Π,SIM-ABL-2-0101,0.9133109237936556
SIMULATED,Reuse,TD-TG1,Π,SIM-ABL-2-0102,2.120416330363151
SIMULATED,Reuse,TD-TG1,Π,SIM-ABL-2-0103,0.10554354957406686
SIMULATED,Reuse,TD-TG1,Π,SIM-ABL-2-0104,-5.175898837752581
SIMULATED,Reuse,TD-TG1,Π,SIM-ABL-2-0105,6.323000612111177
SIMULATED,Reuse,TD-TG1,Π,SIM-ABL-2-0106,-2.345520962785825
SIMULATED,Reuse,TD-TG1,Π,SIM-ABL-2-0107,1.4016971894520238
SIMULATED,Reuse,TD-TG1,Π,SIM-ABL-2-0108,-6.530624975077987
SIMULATED,Reuse,TD-TG1,Π,SIM-ABL-2-0109,7.750991312947498
SIMULATED,Reuse,TD-TG1,Π,SIM-ABL-2-0110,-6.725438758558185
SIMULATED,Reuse,TD-TG1,Π,SIM-ABL-2-0111,-1.8836635025483284
SIMULATED,Reuse,TD-TG1,Π,SIM-ABL-2-0112,3.2743680419935752
SIMULATED,Reuse,TD-TG1,Π,SIM-ABL-2-0113,4.52079210738688
SIMULATED,Reuse,TD-TG1,Π,SIM-ABL-2-0114,4.529330440839661
SIMULATED,Reuse,TD-TG1,Π,SIM-ABL-2-0115,-9.972024045796335
SIMULATED,Reuse,TD-TG1,Π,SIM-ABL-2-0116,1.8241748171293035
SIMULATED,Reuse,TD-TG1,Π,SIM-ABL-2-0117,-0.2026583989400983
SIMULATED,Reuse,TD-TG1,Π,SIM-ABL-2-0118,13.405332262001245
SIMULATED,Reuse,TD-TG1,Π,SIM-ABL-2-0119,-9.450592134578361
SIMULATED,Reuse,TD-TG1,Π,SIM-ABL-2-0120,8.531822125560542
SIMULATED,Reuse,TD-TG1,Π,SIM-ABL-2-0121,-1.6681247779426764
SIMULATED,Reuse,TD-TG1,Π,SIM-ABL-2-0122,10.744019124507497
SIMULATED,Reuse,TD-TG1,Π,SIM-ABL-2-0123,1.1943275392313113
SIMULATED,Reuse,TD-TG1,Π,SIM-ABL-2-0124,9.318250886032668
SIMULATED,Reuse,TD-TG1,Π,SIM-ABL-2-0125,9.961290143075715
SIMULATED,Reuse,TD-TG1,Π,SIM-ABL-2-0126,-3.312773770849076
SIMULATED,Reuse,TD-TG1,Π,SIM-ABL-2-0127,9.221928839024574
SIMULATED,Reuse,TD-TG1,Π,SIM-ABL-2-0128,5.485594650181464
SIMULATED,Reuse,TD-TG1,Π,SIM-ABL-2-0129,10.746554176158966
SIMULATED,Reuse,TD-TG1,Π,SIM-ABL-2-0130,-3.459206988049016
SIMULATED,Reuse,TD-TG1,Π,SIM-ABL-2-0131,-5.27731494925099
SIMULATED,Reuse,TD-TG1,Π,SIM-ABL-2-0132,13.376974622385323
SIMULATED,Reuse,TD-TG1,Π,SIM-ABL-2-0133,2.9816017473357856
SIMULATED,Reuse,TD-TG1,Π,SIM-ABL-2-0134,-1.6277808319157818
SIMULATED,Reuse,TD-TG1,Π,SIM-ABL-2-0135,2.827095290448564
SIMULATED,Reuse,TD-TG1,Π,SIM-ABL-2-0136,-5.043681499515689
SIMULATED,Reuse,TD-TG1,Π,SIM-ABL-2-0137,4.398081124380279
SIMULATED,Reuse,TD-TG1,Π,SIM-ABL-2-0138,1.838698931748208
SIMULATED,Reuse,TD-TG1,Π,SIM-ABL-2-0139,6.272644907327885
SIMULATED,Reuse,TD-TG1,Π,SIM-ABL-2-0140,-9.931092605491305
SIMULATED,Reuse,TD-TG1,Π,SIM-ABL-2-0141,-1.716135774539336
SIMULATED,Reuse,TD-TG1,Π,SIM-ABL-2-0142,2.6447182901734188
SIMULATED,Reuse,TD-TG1,Π,SIM-ABL-2-0143,-0.8753153961089299
SIMULATED,Reuse,TD-TG1,Π,SIM-ABL-2-0144,7.404979859111329
SIMULATED,Reuse,TD-TG1,Π,SIM-ABL-2-0145,0.009519626420414706
SIMULATED,Reuse,TD-TG1,Π,SIM-ABL-2-0146,-6.906522476388287
SIMULATED,Reuse,TD-TG1,Π,SIM-ABL-2-0147,8.18260279023357
SIMULATED,Reuse,TD-TG1,Π,SIM-ABL-2-0148,0.009877766527136345
SIMULATED,Reuse,TD-TG1,Π,SIM-ABL-2-0149,-4.776179114230675
SIMULATED,Reuse,TD-TG1,Π,SIM-ABL-2-0150,-7.680751932396471
SIMULATED,Reuse,TD-TG1,Π,SIM-ABL-2-0151,-1.3407776008297765
SIMULATED,Reuse,TD-TG1,Π,SIM-ABL-2-0152,1.5736760484426933
SIMULATED,Reuse,TD-TG1,Π,SIM-ABL-2-0153,-8.7282891702007
SIMULATED,Reuse,TD-TG1,Π,SIM-ABL-2-0154,0.05182430001810445
SIMULATED,Reuse,TD-TG1,Π,SIM-ABL-2-0155,5.392438324144654
SIMULATED,Reuse,TD-TG1,Π,SIM-ABL-2-0156,3.689630937619121
SIMULATED,Reuse,TD-TG1,Π,SIM-ABL-2-0157,12.139430110461753
SIMULATED,Reuse,TD-TG1,Π,SIM-ABL-2-0158,8.352304670560207
SIMULATED,Reuse,TD-TG1,Π,SIM-ABL-2-0159,0.2805579841220738
SIMULATED,Reuse,TD-TG1,G,SIM-ABL-2-0000,-1.7718007919445184
SIMULATED,Reuse,TD-TG1,G,SIM-ABL-2-0001,6.451016006153239
SIMULATED,Reuse,TD-TG1,G,SIM-ABL-2-0002,14.522456195948395
SIMULATED,Reuse,TD-TG1,G,SIM-ABL-2-0003,5.5473403861530315
SIMULATED,Reuse,TD-TG1,G,SIM-ABL-2-0004,1.6603366525105394
SIMULATED,Reuse,TD-TG1,G,SIM-ABL-2-0005,-0.013404893942864149
SIMULATED,Reuse,TD-TG1,G,SIM-ABL-2-0006,12.142467421837061
SIMULATED,Reuse,TD-TG1,G,SIM-ABL-2-0007,3.660803490181088
SIMULATED,Reuse,TD-TG1,G,SIM-ABL-2-0008,-4.1950654407412875
SIMULATED,Reuse,TD-TG1,G,SIM-ABL-2-0009,4.7127583997906415
SIMULATED,Reuse,TD-TG1,G,SIM-ABL-2-0010,6.031644630212614
SIMULATED,Reuse,TD-TG1,G,SIM-ABL-2-0011,4.474080199042309
SIMULATED,Reuse,TD-TG1,G,SIM-ABL-2-0012,4.0543312762493775
SIMULATED,Reuse,TD-TG1,G,SIM-ABL-2-0013,-3.6296398208717306
SIMULATED,Reuse,TD-TG1,G,SIM-ABL-2-0014,2.8465992509740534
SIMULATED,Reuse,TD-TG1,G,SIM-ABL-2-0015,5.509637217085901
SIMULATED,Reuse,TD-TG1,G,SIM-ABL-2-0016,10.669512981435133
SIMULATED,Reuse,TD-TG1,G,SIM-ABL-2-0017,0.8847770596069363
SIMULATED,Reuse,TD-TG1,G,SIM-ABL-2-0018,-7.2548104921473575
SIMULATED,Reuse,TD-TG1,G,SIM-ABL-2-0019,-1.59151566058462
SIMULATED,Reuse,TD-TG1,G,SIM-ABL-2-0020,7.980367223935276
SIMULATED,Reuse,TD-TG1,G,SIM-ABL-2-0021,-1.8007562077242614
SIMULATED,Reuse,TD-TG1,G,SIM-ABL-2-0022,-7.073556451812807
SIMULATED,Reuse,TD-TG1,G,SIM-ABL-2-0023,-7.238705265055743
SIMULATED,Reuse,TD-TG1,G,SIM-ABL-2-0024,-4.779862840096947
SIMULATED,Reuse,TD-TG1,G,SIM-ABL-2-0025,1.8341934868006076
SIMULATED,Reuse,TD-TG1,G,SIM-ABL-2-0026,2.915770662066704
SIMULATED,Reuse,TD-TG1,G,SIM-ABL-2-0027,11.58119433052676
SIMULATED,Reuse,TD-TG1,G,SIM-ABL-2-0028,4.089097605309557
SIMULATED,Reuse,TD-TG1,G,SIM-ABL-2-0029,-13.090313578423503
SIMULATED,Reuse,TD-TG1,G,SIM-ABL-2-0030,-5.320839724075779
SIMULATED,Reuse,TD-TG1,G,SIM-ABL-2-0031,3.6829197120825308
SIMULATED,Reuse,TD-TG1,G,SIM-ABL-2-0032,7.467782413960777
SIMULATED,Reuse,TD-TG1,G,SIM-ABL-2-0033,-3.4685304898574243
SIMULATED,Reuse,TD-TG1,G,SIM-ABL-2-0034,-3.4714067548640832
SIMULATED,Reuse,TD-TG1,G,SIM-ABL-2-0035,-9.746571823217234
SIMULATED,Reuse,TD-TG1,G,SIM-ABL-2-0036,0.5561167246418468
SIMULATED,Reuse,TD-TG1,G,SIM-ABL-2-0037,9.290908697927565
SIMULATED,Reuse,TD-TG1,G,SIM-ABL-2-0038,0.7208584979266854
SIMULATED,Reuse,TD-TG1,G,SIM-ABL-2-0039,1.0130530197907177
SIMULATED,Reuse,TD-TG1,G,SIM-ABL-2-0040,0.7581927758713991
SIMULATED,Reuse,TD-TG1,G,SIM-ABL-2-0041,-7.619029651896407
SIMULATED,Reuse,TD-TG1,G,SIM-ABL-2-0042,-9.772737024536534
SIMULATED,Reuse,TD-TG1,G,SIM-ABL-2-0043,-8.262156296385584
SIMULATED,Reuse,TD-TG1,G,SIM-ABL-2-0044,4.643554395258559
SIMULATED,Reuse,TD-TG1,G,SIM-ABL-2-0045,0.8812748487836375
SIMULATED,Reuse,TD-TG1,G,SIM-ABL-2-0046,9.624277849908294
SIMULATED,Reuse,TD-TG1,G,SIM-ABL-2-0047,18.521056695586093
SIMULATED,Reuse,TD-TG1,G,SIM-ABL-2-0048,0.8265804638811247
SIMULATED,Reuse,TD-TG1,G,SIM-ABL-2-0049,3.9772773141426168
SIMULATED,Reuse,TD-TG1,G,SIM-ABL-2-0050,-10.051393014588248
SIMULATED,Reuse,TD-TG1,G,SIM-ABL-2-0051,-9.279101842151167
SIMULATED,Reuse,TD-TG1,G,SIM-ABL-2-0052,5.729467028618049
SIMULATED,Reuse,TD-TG1,G,SIM-ABL-2-0053,-2.6090650205745973
SIMULATED,Reuse,TD-TG1,G,SIM-ABL-2-0054,-0.4167267532688348
SIMULATED,Reuse,TD-TG1,G,SIM-ABL-2-0055,9.329326046949625
SIMULATED,Reuse,TD-TG1,G,SIM-ABL-2-0056,-18.90232372390107
SIMULATED,Reuse,TD-TG1,G,SIM-ABL-2-0057,6.06820176101038
SIMULATED,Reuse,TD-TG1,G,SIM-ABL-2-0058,-0.2314056473083943
SIMULATED,Reuse,TD-TG1,G,SIM-ABL-2-0059,-6.9023388872565254
SIMULATED,Reuse,TD-TG1,G,SIM-ABL-2-0060,10.187638276799197
SIMULATED,Reuse,TD-TG1,G,SIM-ABL-2-0061,1.904562982669936
SIMULATED,Reuse,TD-TG1,G,SIM-ABL-2-0062,17.47610340668383
SIMULATED,Reuse,TD-TG1,G,SIM-ABL-2-0063,10.89996556022581
SIMULATED,Reuse,TD-TG1,G,SIM-ABL-2-0064,6.696041300791045
SIMULATED,Reuse,TD-TG1,G,SIM-ABL-2-0065,2.5063719380661453
SIMULATED,Reuse,TD-TG1,G,SIM-ABL-2-0066,8.72536562677857
SIMULATED,Reuse,TD-TG1,G,SIM-ABL-2-0067,-3.1160910930555117
SIMULATED,Reuse,TD-TG1,G,SIM-ABL-2-0068,-4.605358832906406
SIMULATED,Reuse,TD-TG1,G,SIM-ABL-2-0069,5.159352101729785
SIMULATED,Reuse,TD-TG1,G,SIM-ABL-2-0070,6.924413190230037
SIMULATED,Reuse,TD-TG1,G,SIM-ABL-2-0071,2.2667854380720973
SIMULATED,Reuse,TD-TG1,G,SIM-ABL-2-0072,2.042257297765038
SIMULATED,Reuse,TD-TG1,G,SIM-ABL-2-0073,10.633395777102299
SIMULATED,Reuse,TD-TG1,G,SIM-ABL-2-0074,9.81941792792618
SIMULATED,Reuse,TD-TG1,G,SIM-ABL-2-0075,8.3297411085352
SIMULATED,Reuse,TD-TG1,G,SIM-ABL-2-0076,3.451032003321295
SIMULATED,Reuse,TD-TG1,G,SIM-ABL-2-0077,3.076839305082612
SIMULATED,Reuse,TD-TG1,G,SIM-ABL-2-0078,6.392652924892011
SIMULATED,Reuse,TD-TG1,G,SIM-ABL-2-0079,-2.942129455441373
SIMULATED,Reuse,TD-TG1,G,SIM-ABL-2-0080,5.8795763084877
SIMULATED,Reuse,TD-TG1,G,SIM-ABL-2-0081,-0.9593003968349778
SIMULATED,Reuse,TD-TG1,G,SIM-ABL-2-0082,0.3855129998947753
SIMULATED,Reuse,TD-TG1,G,SIM-ABL-2-0083,2.1938155438545106
SIMULATED,Reuse,TD-TG1,G,SIM-ABL-2-0084,-6.588719317599753
SIMULATED,Reuse,TD-TG1,G,SIM-ABL-2-0085,4.312336574686243
SIMULATED,Reuse,TD-TG1,G,SIM-ABL-2-0086,1.9662756453688501
SIMULATED,Reuse,TD-TG1,G,SIM-ABL-2-0087,3.3432196029826797
SIMULATED,Reuse,TD-TG1,G,SIM-ABL-2-0088,-9.536538962647619
SIMULATED,Reuse,TD-TG1,G,SIM-ABL-2-0089,-2.536934598703203
SIMULATED,Reuse,TD-TG1,G,SIM-ABL-2-0090,-2.2863902950042476
SIMULATED,Reuse,TD-TG1,G,SIM-ABL-2-0091,0.2356881699929867
SIMULATED,Reuse,TD-TG1,G,SIM-ABL-2-0092,-0.5619504093601202
SIMULATED,Reuse,TD-TG1,G,SIM-ABL-2-0093,1.081968374134929
SIMULATED,Reuse,TD-TG1,G,SIM-ABL-2-0094,2.806288060000993
SIMULATED,Reuse,TD-TG1,G,SIM-ABL-2-0095,2.284457099573514
SIMULATED,Reuse,TD-TG1,G,SIM-ABL-2-0096,-0.2624420467206361
SIMULATED,Reuse,TD-TG1,G,SIM-ABL-2-0097,0.4577718567734026
SIMULATED,Reuse,TD-TG1,G,SIM-ABL-2-0098,0.7252626796398165
SIMULATED,Reuse,TD-TG1,G,SIM-ABL-2-0099,-0.8282266187774703
SIMULATED,Reuse,TD-TG1,G,SIM-ABL-2-0100,9.972771272850288
SIMULATED,Reuse,TD-TG1,G,SIM-ABL-2-0101,3.009049303293991
SIMULATED,Reuse,TD-TG1,G,SIM-ABL-2-0102,3.013126356757316
SIMULATED,Reuse,TD-TG1,G,SIM-ABL-2-0103,13.055179384575467
SIMULATED,Reuse,TD-TG1,G,SIM-ABL-2-0104,0.6649621121493097
SIMULATED,Reuse,TD-TG1,G,SIM-ABL-2-0105,-2.329981256497746
SIMULATED,Reuse,TD-TG1,G,SIM-ABL-2-0106,1.1370668377953685
SIMULATED,Reuse,TD-TG1,G,SIM-ABL-2-0107,4.25598137716835
SIMULATED,Reuse,TD-TG1,G,SIM-ABL-2-0108,-1.983970555675773
SIMULATED,Reuse,TD-TG1,G,SIM-ABL-2-0109,4.244392826322014
SIMULATED,Reuse,TD-TG1,G,SIM-ABL-2-0110,-12.252469173028105
SIMULATED,Reuse,TD-TG1,G,SIM-ABL-2-0111,9.868300389388207
SIMULATED,Reuse,TD-TG1,G,SIM-ABL-2-0112,-8.315078088140329
SIMULATED,Reuse,TD-TG1,G,SIM-ABL-2-0113,1.4996085220806405
SIMULATED,Reuse,TD-TG1,G,SIM-ABL-2-0114,-15.829614024317717
SIMULATED,Reuse,TD-TG1,G,SIM-ABL-2-0115,7.637200366558125
SIMULATED,Reuse,TD-TG1,G,SIM-ABL-2-0116,-5.869533411567428
SIMULATED,Reuse,TD-TG1,G,SIM-ABL-2-0117,5.248337564797915
SIMULATED,Reuse,TD-TG1,G,SIM-ABL-2-0118,-2.4474735741983196
SIMULATED,Reuse,TD-TG1,G,SIM-ABL-2-0119,6.935271839965378
SIMULATED,Reuse,TD-TG1,G,SIM-ABL-2-0120,1.7509062669859097
SIMULATED,Reuse,TD-TG1,G,SIM-ABL-2-0121,10.879958170037117
SIMULATED,Reuse,TD-TG1,G,SIM-ABL-2-0122,6.626879867906317
SIMULATED,Reuse,TD-TG1,G,SIM-ABL-2-0123,3.373793455426643
SIMULATED,Reuse,TD-TG1,G,SIM-ABL-2-0124,13.644608020329242
SIMULATED,Reuse,TD-TG1,G,SIM-ABL-2-0125,3.712674914887721
SIMULATED,Reuse,TD-TG1,G,SIM-ABL-2-0126,1.7664026676746152
SIMULATED,Reuse,TD-TG1,G,SIM-ABL-2-0127,8.623877483517406
SIMULATED,Reuse,TD-TG1,G,SIM-ABL-2-0128,11.786087476417709
SIMULATED,Reuse,TD-TG1,G,SIM-ABL-2-0129,-4.223251441651912
SIMULATED,Reuse,TD-TG1,G,SIM-ABL-2-0130,6.021459222065204
SIMULATED,Reuse,TD-TG1,G,SIM-ABL-2-0131,9.1127440171689
SIMULATED,Reuse,TD-TG1,G,SIM-ABL-2-0132,20.10259719422869
SIMULATED,Reuse,TD-TG1,G,SIM-ABL-2-0133,-4.44267722348624
SIMULATED,Reuse,TD-TG1,G,SIM-ABL-2-0134,-8.025325572991651
SIMULATED,Reuse,TD-TG1,G,SIM-ABL-2-0135,10.495166408427746
SIMULATED,Reuse,TD-TG1,G,SIM-ABL-2-0136,5.798836295071963
SIMULATED,Reuse,TD-TG1,G,SIM-ABL-2-0137,-0.5226237574225314
SIMULATED,Reuse,TD-TG1,G,SIM-ABL-2-0138,-4.530362865621334
SIMULATED,Reuse,TD-TG1,G,SIM-ABL-2-0139,1.68399171825404
SIMULATED,Reuse,TD-TG1,G,SIM-ABL-2-0140,11.153083571635998
SIMULATED,Reuse,TD-TG1,G,SIM-ABL-2-0141,-13.565110705496298
SIMULATED,Reuse,TD-TG1,G,SIM-ABL-2-0142,-2.3071416882639797
SIMULATED,Reuse,TD-TG1,G,SIM-ABL-2-0143,14.0711156940382
SIMULATED,Reuse,TD-TG1,G,SIM-ABL-2-0144,-6.840640594370108
SIMULATED,Reuse,TD-TG1,G,SIM-ABL-2-0145,-8.562034981698451
SIMULATED,Reuse,TD-TG1,G,SIM-ABL-2-0146,-4.035979533397434
SIMULATED,Reuse,TD-TG1,G,SIM-ABL-2-0147,-2.6011498788402028
SIMULATED,Reuse,TD-TG1,G,SIM-ABL-2-0148,-7.543054726633627
SIMULATED,Reuse,TD-TG1,G,SIM-ABL-2-0149,-9.734074935944546
SIMULATED,Reuse,TD-TG1,G,SIM-ABL-2-0150,5.383502037071345
SIMULATED,Reuse,TD-TG1,G,SIM-ABL-2-0151,0.9111784564490366
SIMULATED,Reuse,TD-TG1,G,SIM-ABL-2-0152,-1.30543676989509
SIMULATED,Reuse,TD-TG1,G,SIM-ABL-2-0153,0.9970618856928103
SIMULATED,Reuse,TD-TG1,G,SIM-ABL-2-0154,10.804084750907416
SIMULATED,Reuse,TD-TG1,G,SIM-ABL-2-0155,-3.2686256248366936
SIMULATED,Reuse,TD-TG1,G,SIM-ABL-2-0156,-3.7564171446353667
SIMULATED,Reuse,TD-TG1,G,SIM-ABL-2-0157,15.354872784554303
SIMULATED,Reuse,TD-TG1,G,SIM-ABL-2-0158,-0.6698723133978521
SIMULATED,Reuse,TD-TG1,G,SIM-ABL-2-0159,-4.288652493699787
SIMULATED,Reuse,TD-AR1,A,SIM-ABL-3-0000,-1.676831126495553
SIMULATED,Reuse,TD-AR1,A,SIM-ABL-3-0001,12.134877564804745
SIMULATED,Reuse,TD-AR1,A,SIM-ABL-3-0002,5.5298944116913
SIMULATED,Reuse,TD-AR1,A,SIM-ABL-3-0003,2.413371274826762
SIMULATED,Reuse,TD-AR1,A,SIM-ABL-3-0004,9.491222199480594
SIMULATED,Reuse,TD-AR1,A,SIM-ABL-3-0005,-1.417544382846108
SIMULATED,Reuse,TD-AR1,A,SIM-ABL-3-0006,-8.075063689422866
SIMULATED,Reuse,TD-AR1,A,SIM-ABL-3-0007,9.043434190706355
SIMULATED,Reuse,TD-AR1,A,SIM-ABL-3-0008,-1.0141987081438801
SIMULATED,Reuse,TD-AR1,A,SIM-ABL-3-0009,3.8134786360513924
SIMULATED,Reuse,TD-AR1,A,SIM-ABL-3-0010,-5.851946300195231
SIMULATED,Reuse,TD-AR1,A,SIM-ABL-3-0011,-5.599762442630927
SIMULATED,Reuse,TD-AR1,A,SIM-ABL-3-0012,-12.906416360505604
SIMULATED,Reuse,TD-AR1,A,SIM-ABL-3-0013,6.453583024679248
SIMULATED,Reuse,TD-AR1,A,SIM-ABL-3-0014,4.19425565507672
SIMULATED,Reuse,TD-AR1,A,SIM-ABL-3-0015,-0.7659502299577466
SIMULATED,Reuse,TD-AR1,A,SIM-ABL-3-0016,1.0295512306353225
SIMULATED,Reuse,TD-AR1,A,SIM-ABL-3-0017,-2.0036798213134275
SIMULATED,Reuse,TD-AR1,A,SIM-ABL-3-0018,-9.261404238244612
SIMULATED,Reuse,TD-AR1,A,SIM-ABL-3-0019,4.598670186514175
SIMULATED,Reuse,TD-AR1,A,SIM-ABL-3-0020,4.7686240396488255
SIMULATED,Reuse,TD-AR1,A,SIM-ABL-3-0021,9.553984461095018
SIMULATED,Reuse,TD-AR1,A,SIM-ABL-3-0022,-0.035017387324333016
SIMULATED,Reuse,TD-AR1,A,SIM-ABL-3-0023,-3.372103382351863
SIMULATED,Reuse,TD-AR1,A,SIM-ABL-3-0024,-13.833765237483899
SIMULATED,Reuse,TD-AR1,A,SIM-ABL-3-0025,-5.671346588501369
SIMULATED,Reuse,TD-AR1,A,SIM-ABL-3-0026,-13.740339198373238
SIMULATED,Reuse,TD-AR1,A,SIM-ABL-3-0027,-3.9940006750089125
SIMULATED,Reuse,TD-AR1,A,SIM-ABL-3-0028,-2.104360117727558
SIMULATED,Reuse,TD-AR1,A,SIM-ABL-3-0029,-2.1232359403643484
SIMULATED,Reuse,TD-AR1,A,SIM-ABL-3-0030,21.389490238805728
SIMULATED,Reuse,TD-AR1,A,SIM-ABL-3-0031,-2.897826206911305
SIMULATED,Reuse,TD-AR1,A,SIM-ABL-3-0032,-4.147437381364578
SIMULATED,Reuse,TD-AR1,A,SIM-ABL-3-0033,-14.326952041668804
SIMULATED,Reuse,TD-AR1,A,SIM-ABL-3-0034,-9.077346428641572
SIMULATED,Reuse,TD-AR1,A,SIM-ABL-3-0035,-1.157241788444338
SIMULATED,Reuse,TD-AR1,A,SIM-ABL-3-0036,-7.728758905507174
SIMULATED,Reuse,TD-AR1,A,SIM-ABL-3-0037,-12.434411744987806
SIMULATED,Reuse,TD-AR1,A,SIM-ABL-3-0038,-3.5916714242255217
SIMULATED,Reuse,TD-AR1,A,SIM-ABL-3-0039,5.972923543369337
SIMULATED,Reuse,TD-AR1,A,SIM-ABL-3-0040,-4.1924550950651325
SIMULATED,Reuse,TD-AR1,A,SIM-ABL-3-0041,-2.1420319380050983
SIMULATED,Reuse,TD-AR1,A,SIM-ABL-3-0042,-2.5068433612786065
SIMULATED,Reuse,TD-AR1,A,SIM-ABL-3-0043,10.840326513577159
SIMULATED,Reuse,TD-AR1,A,SIM-ABL-3-0044,-8.731025012310242
SIMULATED,Reuse,TD-AR1,A,SIM-ABL-3-0045,-6.363228337118731
SIMULATED,Reuse,TD-AR1,A,SIM-ABL-3-0046,4.619805357020423
SIMULATED,Reuse,TD-AR1,A,SIM-ABL-3-0047,1.5954051225843222
SIMULATED,Reuse,TD-AR1,A,SIM-ABL-3-0048,3.8024321342539067
SIMULATED,Reuse,TD-AR1,A,SIM-ABL-3-0049,8.45097740751181
SIMULATED,Reuse,TD-AR1,A,SIM-ABL-3-0050,-0.19819166774316138
SIMULATED,Reuse,TD-AR1,A,SIM-ABL-3-0051,-16.31859132134802
SIMULATED,Reuse,TD-AR1,A,SIM-ABL-3-0052,-7.326890915102907
SIMULATED,Reuse,TD-AR1,A,SIM-ABL-3-0053,-5.63850108256144
SIMULATED,Reuse,TD-AR1,A,SIM-ABL-3-0054,-11.32923861142657
SIMULATED,Reuse,TD-AR1,A,SIM-ABL-3-0055,9.638898415338712
SIMULATED,Reuse,TD-AR1,A,SIM-ABL-3-0056,5.477807043280189
SIMULATED,Reuse,TD-AR1,A,SIM-ABL-3-0057,2.5866463394734174
SIMULATED,Reuse,TD-AR1,A,SIM-ABL-3-0058,-10.172817649919864
SIMULATED,Reuse,TD-AR1,A,SIM-ABL-3-0059,-8.473318465701793
SIMULATED,Reuse,TD-AR1,A,SIM-ABL-3-0060,3.1870155240777076
SIMULATED,Reuse,TD-AR1,A,SIM-ABL-3-0061,-7.975727894830247
SIMULATED,Reuse,TD-AR1,A,SIM-ABL-3-0062,-7.704042292409446
SIMULATED,Reuse,TD-AR1,A,SIM-ABL-3-0063,-15.931976241079118
SIMULATED,Reuse,TD-AR1,A,SIM-ABL-3-0064,-2.1339519827720554
SIMULATED,Reuse,TD-AR1,A,SIM-ABL-3-0065,-2.7293031886670724
SIMULATED,Reuse,TD-AR1,A,SIM-ABL-3-0066,-5.234555719265384
SIMULATED,Reuse,TD-AR1,A,SIM-ABL-3-0067,0.6118929786266124
SIMULATED,Reuse,TD-AR1,A,SIM-ABL-3-0068,2.333163520327965
SIMULATED,Reuse,TD-AR1,A,SIM-ABL-3-0069,6.043215542066573
SIMULATED,Reuse,TD-AR1,A,SIM-ABL-3-0070,7.325186726412006
SIMULATED,Reuse,TD-AR1,A,SIM-ABL-3-0071,9.122364940382857
SIMULATED,Reuse,TD-AR1,A,SIM-ABL-3-0072,7.845326907940324
SIMULATED,Reuse,TD-AR1,A,SIM-ABL-3-0073,-12.419206875577451
SIMULATED,Reuse,TD-AR1,A,SIM-ABL-3-0074,-0.29499305949147553
SIMULATED,Reuse,TD-AR1,A,SIM-ABL-3-0075,7.723639963140496
SIMULATED,Reuse,TD-AR1,A,SIM-ABL-3-0076,4.9925712637242095
SIMULATED,Reuse,TD-AR1,A,SIM-ABL-3-0077,-1.2723756204953651
SIMULATED,Reuse,TD-AR1,A,SIM-ABL-3-0078,-0.11986775543557826
SIMULATED,Reuse,TD-AR1,A,SIM-ABL-3-0079,0.47879171688636124
SIMULATED,Reuse,TD-AR1,A,SIM-ABL-3-0080,3.2878180732777236
SIMULATED,Reuse,TD-AR1,A,SIM-ABL-3-0081,6.745368680221242
SIMULATED,Reuse,TD-AR1,A,SIM-ABL-3-0082,3.2534445261233356
SIMULATED,Reuse,TD-AR1,A,SIM-ABL-3-0083,-3.9480694549624924
SIMULATED,Reuse,TD-AR1,A,SIM-ABL-3-0084,-12.055322767959472
SIMULATED,Reuse,TD-AR1,A,SIM-ABL-3-0085,-0.7356784266764105
SIMULATED,Reuse,TD-AR1,A,SIM-ABL-3-0086,5.747003540146578
SIMULATED,Reuse,TD-AR1,A,SIM-ABL-3-0087,-0.5424332023506112
SIMULATED,Reuse,TD-AR1,A,SIM-ABL-3-0088,-4.742144983594116
SIMULATED,Reuse,TD-AR1,A,SIM-ABL-3-0089,-0.3065021175405964
SIMULATED,Reuse,TD-AR1,A,SIM-ABL-3-0090,10.359111789502954
SIMULATED,Reuse,TD-AR1,A,SIM-ABL-3-0091,6.140199933129232
SIMULATED,Reuse,TD-AR1,A,SIM-ABL-3-0092,11.341472084603646
SIMULATED,Reuse,TD-AR1,A,SIM-ABL-3-0093,-1.8567739634929143
SIMULATED,Reuse,TD-AR1,A,SIM-ABL-3-0094,0.2248177506679555
SIMULATED,Reuse,TD-AR1,A,SIM-ABL-3-0095,-4.702893763432858
SIMULATED,Reuse,TD-AR1,A,SIM-ABL-3-0096,-6.943905088191717
SIMULATED,Reuse,TD-AR1,A,SIM-ABL-3-0097,-0.28492243160184927
SIMULATED,Reuse,TD-AR1,A,SIM-ABL-3-0098,1.1891584297972897
SIMULATED,Reuse,TD-AR1,A,SIM-ABL-3-0099,3.0265152924033307
SIMULATED,Reuse,TD-AR1,A,SIM-ABL-3-0100,1.6302093161608302
SIMULATED,Reuse,TD-AR1,A,SIM-ABL-3-0101,-6.256382040392481
SIMULATED,Reuse,TD-AR1,A,SIM-ABL-3-0102,4.823652617404156
SIMULATED,Reuse,TD-AR1,A,SIM-ABL-3-0103,16.122515101737008
SIMULATED,Reuse,TD-AR1,A,SIM-ABL-3-0104,0.11143646665422857
SIMULATED,Reuse,TD-AR1,A,SIM-ABL-3-0105,-6.33149617968693
SIMULATED,Reuse,TD-AR1,A,SIM-ABL-3-0106,-8.458032384064074
SIMULATED,Reuse,TD-AR1,A,SIM-ABL-3-0107,7.795540129346186
SIMULATED,Reuse,TD-AR1,A,SIM-ABL-3-0108,6.816682464301939
SIMULATED,Reuse,TD-AR1,A,SIM-ABL-3-0109,-3.8648260582563068
SIMULATED,Reuse,TD-AR1,A,SIM-ABL-3-0110,2.042587555746008
SIMULATED,Reuse,TD-AR1,A,SIM-ABL-3-0111,3.38004107998606
SIMULATED,Reuse,TD-AR1,A,SIM-ABL-3-0112,-6.59684942195991
SIMULATED,Reuse,TD-AR1,A,SIM-ABL-3-0113,2.81482905691889
SIMULATED,Reuse,TD-AR1,A,SIM-ABL-3-0114,7.876986521783193
SIMULATED,Reuse,TD-AR1,A,SIM-ABL-3-0115,14.62808829778586
SIMULATED,Reuse,TD-AR1,A,SIM-ABL-3-0116,7.248710559473718
SIMULATED,Reuse,TD-AR1,A,SIM-ABL-3-0117,-10.525292309299086
SIMULATED,Reuse,TD-AR1,A,SIM-ABL-3-0118,-12.690206115677732
SIMULATED,Reuse,TD-AR1,A,SIM-ABL-3-0119,-0.03829104668118488
SIMULATED,Reuse,TD-AR1,A,SIM-ABL-3-0120,0.04738902971711345
SIMULATED,Reuse,TD-AR1,A,SIM-ABL-3-0121,-6.287132421408426
SIMULATED,Reuse,TD-AR1,A,SIM-ABL-3-0122,-1.8775677170263725
SIMULATED,Reuse,TD-AR1,A,SIM-ABL-3-0123,-4.179254829872527
SIMULATED,Reuse,TD-AR1,A,SIM-ABL-3-0124,-5.83676805053275
SIMULATED,Reuse,TD-AR1,A,SIM-ABL-3-0125,-10.054243820858298
SIMULATED,Reuse,TD-AR1,A,SIM-ABL-3-0126,-4.9060956273429674
SIMULATED,Reuse,TD-AR1,A,SIM-ABL-3-0127,-13.980696352765
SIMULATED,Reuse,TD-AR1,A,SIM-ABL-3-0128,8.26213921547914
SIMULATED,Reuse,TD-AR1,A,SIM-ABL-3-0129,4.656260369821758
SIMULATED,Reuse,TD-AR1,A,SIM-ABL-3-0130,1.8986427482324544
SIMULATED,Reuse,TD-AR1,A,SIM-ABL-3-0131,6.09355554586681
SIMULATED,Reuse,TD-AR1,A,SIM-ABL-3-0132,-7.115389476957657
SIMULATED,Reuse,TD-AR1,A,SIM-ABL-3-0133,7.968115358001093
SIMULATED,Reuse,TD-AR1,A,SIM-ABL-3-0134,2.9339210870462487
SIMULATED,Reuse,TD-AR1,A,SIM-ABL-3-0135,-7.835004923243889
SIMULATED,Reuse,TD-AR1,A,SIM-ABL-3-0136,-4.749422834525975
SIMULATED,Reuse,TD-AR1,A,SIM-ABL-3-0137,1.2825050365004125
SIMULATED,Reuse,TD-AR1,A,SIM-ABL-3-0138,-3.5127692745745924
SIMULATED,Reuse,TD-AR1,A,SIM-ABL-3-0139,13.45704818289394
SIMULATED,Reuse,TD-AR1,A,SIM-ABL-3-0140,4.2723377354061345
SIMULATED,Reuse,TD-AR1,A,SIM-ABL-3-0141,8.562649668179006
SIMULATED,Reuse,TD-AR1,A,SIM-ABL-3-0142,2.9427524830356653
SIMULATED,Reuse,TD-AR1,A,SIM-ABL-3-0143,-4.4071603876539545
SIMULATED,Reuse,TD-AR1,A,SIM-ABL-3-0144,5.053296667558234
SIMULATED,Reuse,TD-AR1,A,SIM-ABL-3-0145,3.3411619129582224
SIMULATED,Reuse,TD-AR1,A,SIM-ABL-3-0146,6.332870672070625
SIMULATED,Reuse,TD-AR1,A,SIM-ABL-3-0147,-6.867884142750276
SIMULATED,Reuse,TD-AR1,A,SIM-ABL-3-0148,-6.150399660177815
SIMULATED,Reuse,TD-AR1,A,SIM-ABL-3-0149,6.537938419597197
SIMULATED,Reuse,TD-AR1,A,SIM-ABL-3-0150,-4.642205538586409
SIMULATED,Reuse,TD-AR1,A,SIM-ABL-3-0151,15.256316890843436
SIMULATED,Reuse,TD-AR1,A,SIM-ABL-3-0152,7.284919189225636
SIMULATED,Reuse,TD-AR1,A,SIM-ABL-3-0153,-2.2374751410220766
SIMULATED,Reuse,TD-AR1,A,SIM-ABL-3-0154,-2.243497644409637
SIMULATED,Reuse,TD-AR1,A,SIM-ABL-3-0155,1.9522087731005389
SIMULATED,Reuse,TD-AR1,A,SIM-ABL-3-0156,7.61940061435862
SIMULATED,Reuse,TD-AR1,A,SIM-ABL-3-0157,-6.565145273430152
SIMULATED,Reuse,TD-AR1,A,SIM-ABL-3-0158,0.5442343337169558
SIMULATED,Reuse,TD-AR1,A,SIM-ABL-3-0159,3.451954314505532
SIMULATED,Reuse,TD-AR1,K,SIM-ABL-3-0000,-3.7182390736141127
SIMULATED,Reuse,TD-AR1,K,SIM-ABL-3-0001,-2.014640332274899
SIMULATED,Reuse,TD-AR1,K,SIM-ABL-3-0002,3.6926125340022216
SIMULATED,Reuse,TD-AR1,K,SIM-ABL-3-0003,-3.512372860371137
SIMULATED,Reuse,TD-AR1,K,SIM-ABL-3-0004,9.527945699221105
SIMULATED,Reuse,TD-AR1,K,SIM-ABL-3-0005,-4.902018500364822
SIMULATED,Reuse,TD-AR1,K,SIM-ABL-3-0006,3.4490639546900703
SIMULATED,Reuse,TD-AR1,K,SIM-ABL-3-0007,6.79805558134259
SIMULATED,Reuse,TD-AR1,K,SIM-ABL-3-0008,6.789249841165103
SIMULATED,Reuse,TD-AR1,K,SIM-ABL-3-0009,4.278964450279988
SIMULATED,Reuse,TD-AR1,K,SIM-ABL-3-0010,1.3156680925901343
SIMULATED,Reuse,TD-AR1,K,SIM-ABL-3-0011,-6.507210551098694
SIMULATED,Reuse,TD-AR1,K,SIM-ABL-3-0012,-8.838064013683436
SIMULATED,Reuse,TD-AR1,K,SIM-ABL-3-0013,4.768280662505369
SIMULATED,Reuse,TD-AR1,K,SIM-ABL-3-0014,1.7780455493875502
SIMULATED,Reuse,TD-AR1,K,SIM-ABL-3-0015,5.866755065251231
SIMULATED,Reuse,TD-AR1,K,SIM-ABL-3-0016,1.0478133609364297
SIMULATED,Reuse,TD-AR1,K,SIM-ABL-3-0017,-3.2748477741042787
SIMULATED,Reuse,TD-AR1,K,SIM-ABL-3-0018,7.438501253137125
SIMULATED,Reuse,TD-AR1,K,SIM-ABL-3-0019,-1.8983350141236413
SIMULATED,Reuse,TD-AR1,K,SIM-ABL-3-0020,-8.212945657382097
SIMULATED,Reuse,TD-AR1,K,SIM-ABL-3-0021,2.989944422401547
SIMULATED,Reuse,TD-AR1,K,SIM-ABL-3-0022,2.4585799993439537
SIMULATED,Reuse,TD-AR1,K,SIM-ABL-3-0023,4.327713936189491
SIMULATED,Reuse,TD-AR1,K,SIM-ABL-3-0024,11.192139652881988
SIMULATED,Reuse,TD-AR1,K,SIM-ABL-3-0025,-6.439438130923359
SIMULATED,Reuse,TD-AR1,K,SIM-ABL-3-0026,8.768377424939725
SIMULATED,Reuse,TD-AR1,K,SIM-ABL-3-0027,-5.836327197349973
SIMULATED,Reuse,TD-AR1,K,SIM-ABL-3-0028,-4.043225345941911
SIMULATED,Reuse,TD-AR1,K,SIM-ABL-3-0029,-5.02680027945335
SIMULATED,Reuse,TD-AR1,K,SIM-ABL-3-0030,9.818787047957168
SIMULATED,Reuse,TD-AR1,K,SIM-ABL-3-0031,-11.79041723102103
SIMULATED,Reuse,TD-AR1,K,SIM-ABL-3-0032,6.957699151887052
SIMULATED,Reuse,TD-AR1,K,SIM-ABL-3-0033,-0.6970952194678142
SIMULATED,Reuse,TD-AR1,K,SIM-ABL-3-0034,11.363234024450787
SIMULATED,Reuse,TD-AR1,K,SIM-ABL-3-0035,5.7557308394878675
SIMULATED,Reuse,TD-AR1,K,SIM-ABL-3-0036,5.399906847060352
SIMULATED,Reuse,TD-AR1,K,SIM-ABL-3-0037,-5.509834562442764
SIMULATED,Reuse,TD-AR1,K,SIM-ABL-3-0038,2.094322667629267
SIMULATED,Reuse,TD-AR1,K,SIM-ABL-3-0039,-6.79002376295254
SIMULATED,Reuse,TD-AR1,K,SIM-ABL-3-0040,-9.137542637747933
SIMULATED,Reuse,TD-AR1,K,SIM-ABL-3-0041,4.240297763645877
SIMULATED,Reuse,TD-AR1,K,SIM-ABL-3-0042,1.6130386409538318
SIMULATED,Reuse,TD-AR1,K,SIM-ABL-3-0043,-7.342363443380911
SIMULATED,Reuse,TD-AR1,K,SIM-ABL-3-0044,-12.451075242676144
SIMULATED,Reuse,TD-AR1,K,SIM-ABL-3-0045,-0.16380450552928094
SIMULATED,Reuse,TD-AR1,K,SIM-ABL-3-0046,5.133126739510458
SIMULATED,Reuse,TD-AR1,K,SIM-ABL-3-0047,1.9023449204056373
SIMULATED,Reuse,TD-AR1,K,SIM-ABL-3-0048,6.728590863073105
SIMULATED,Reuse,TD-AR1,K,SIM-ABL-3-0049,11.505174626621773
SIMULATED,Reuse,TD-AR1,K,SIM-ABL-3-0050,6.10708440429911
SIMULATED,Reuse,TD-AR1,K,SIM-ABL-3-0051,7.9409317275788505
SIMULATED,Reuse,TD-AR1,K,SIM-ABL-3-0052,-2.777521974771304
SIMULATED,Reuse,TD-AR1,K,SIM-ABL-3-0053,-11.999731521262849
SIMULATED,Reuse,TD-AR1,K,SIM-ABL-3-0054,0.04505750643239126
SIMULATED,Reuse,TD-AR1,K,SIM-ABL-3-0055,-4.956523467004765
SIMULATED,Reuse,TD-AR1,K,SIM-ABL-3-0056,4.944719229170382
SIMULATED,Reuse,TD-AR1,K,SIM-ABL-3-0057,-6.665654418736873
SIMULATED,Reuse,TD-AR1,K,SIM-ABL-3-0058,6.059849548170725
SIMULATED,Reuse,TD-AR1,K,SIM-ABL-3-0059,-0.2887831625417556
SIMULATED,Reuse,TD-AR1,K,SIM-ABL-3-0060,-7.001341724809654
SIMULATED,Reuse,TD-AR1,K,SIM-ABL-3-0061,9.990430030242301
SIMULATED,Reuse,TD-AR1,K,SIM-ABL-3-0062,-0.4095227005051758
SIMULATED,Reuse,TD-AR1,K,SIM-ABL-3-0063,-0.09080216645932038
SIMULATED,Reuse,TD-AR1,K,SIM-ABL-3-0064,-3.4553702251444367
SIMULATED,Reuse,TD-AR1,K,SIM-ABL-3-0065,10.0753087466788
SIMULATED,Reuse,TD-AR1,K,SIM-ABL-3-0066,6.3995463214339585
SIMULATED,Reuse,TD-AR1,K,SIM-ABL-3-0067,-0.7134676824705175
SIMULATED,Reuse,TD-AR1,K,SIM-ABL-3-0068,2.888529243403059
SIMULATED,Reuse,TD-AR1,K,SIM-ABL-3-0069,6.658515067743101
SIMULATED,Reuse,TD-AR1,K,SIM-ABL-3-0070,-2.4317475641950055
SIMULATED,Reuse,TD-AR1,K,SIM-ABL-3-0071,4.3392319635006835
SIMULATED,Reuse,TD-AR1,K,SIM-ABL-3-0072,7.355475397169661
SIMULATED,Reuse,TD-AR1,K,SIM-ABL-3-0073,-1.4615121372992563
SIMULATED,Reuse,TD-AR1,K,SIM-ABL-3-0074,6.8699811807502895
SIMULATED,Reuse,TD-AR1,K,SIM-ABL-3-0075,22.8512853777982
SIMULATED,Reuse,TD-AR1,K,SIM-ABL-3-0076,2.0629167008533944
SIMULATED,Reuse,TD-AR1,K,SIM-ABL-3-0077,-0.45234671836694296
SIMULATED,Reuse,TD-AR1,K,SIM-ABL-3-0078,1.3939677103668702
SIMULATED,Reuse,TD-AR1,K,SIM-ABL-3-0079,6.645805450923965
SIMULATED,Reuse,TD-AR1,K,SIM-ABL-3-0080,-1.5632277525555787
SIMULATED,Reuse,TD-AR1,K,SIM-ABL-3-0081,2.649503356266876
SIMULATED,Reuse,TD-AR1,K,SIM-ABL-3-0082,0.21146072805287042
SIMULATED,Reuse,TD-AR1,K,SIM-ABL-3-0083,-1.826192643807873
SIMULATED,Reuse,TD-AR1,K,SIM-ABL-3-0084,-12.410565632102404
SIMULATED,Reuse,TD-AR1,K,SIM-ABL-3-0085,0.5663010786032833
SIMULATED,Reuse,TD-AR1,K,SIM-ABL-3-0086,-6.504055874104409
SIMULATED,Reuse,TD-AR1,K,SIM-ABL-3-0087,-2.00384018001556
SIMULATED,Reuse,TD-AR1,K,SIM-ABL-3-0088,-3.375267428656316
SIMULATED,Reuse,TD-AR1,K,SIM-ABL-3-0089,2.802758551065046
SIMULATED,Reuse,TD-AR1,K,SIM-ABL-3-0090,-5.029068557621262
SIMULATED,Reuse,TD-AR1,K,SIM-ABL-3-0091,1.816709420943558
SIMULATED,Reuse,TD-AR1,K,SIM-ABL-3-0092,0.45202274782957175
SIMULATED,Reuse,TD-AR1,K,SIM-ABL-3-0093,4.739058126256374
SIMULATED,Reuse,TD-AR1,K,SIM-ABL-3-0094,5.448248813457154
SIMULATED,Reuse,TD-AR1,K,SIM-ABL-3-0095,-1.8825637965043565
SIMULATED,Reuse,TD-AR1,K,SIM-ABL-3-0096,2.366638344214551
SIMULATED,Reuse,TD-AR1,K,SIM-ABL-3-0097,-3.375107341353746
SIMULATED,Reuse,TD-AR1,K,SIM-ABL-3-0098,6.221871349127513
SIMULATED,Reuse,TD-AR1,K,SIM-ABL-3-0099,7.709297065400812
SIMULATED,Reuse,TD-AR1,K,SIM-ABL-3-0100,5.625926908049093
SIMULATED,Reuse,TD-AR1,K,SIM-ABL-3-0101,-2.240219991181813
SIMULATED,Reuse,TD-AR1,K,SIM-ABL-3-0102,7.671658837754851
SIMULATED,Reuse,TD-AR1,K,SIM-ABL-3-0103,-7.362457496404856
SIMULATED,Reuse,TD-AR1,K,SIM-ABL-3-0104,9.282327125488598
SIMULATED,Reuse,TD-AR1,K,SIM-ABL-3-0105,1.697784842590482
SIMULATED,Reuse,TD-AR1,K,SIM-ABL-3-0106,3.3919585234066307
SIMULATED,Reuse,TD-AR1,K,SIM-ABL-3-0107,8.120501240618617
SIMULATED,Reuse,TD-AR1,K,SIM-ABL-3-0108,-1.388626303975355
SIMULATED,Reuse,TD-AR1,K,SIM-ABL-3-0109,9.750935863420201
SIMULATED,Reuse,TD-AR1,K,SIM-ABL-3-0110,-4.517694409868826
SIMULATED,Reuse,TD-AR1,K,SIM-ABL-3-0111,0.0702744784309135
SIMULATED,Reuse,TD-AR1,K,SIM-ABL-3-0112,-3.462193810950077
SIMULATED,Reuse,TD-AR1,K,SIM-ABL-3-0113,1.670702230879772
SIMULATED,Reuse,TD-AR1,K,SIM-ABL-3-0114,-5.669834734686356
SIMULATED,Reuse,TD-AR1,K,SIM-ABL-3-0115,-8.942957664228924
SIMULATED,Reuse,TD-AR1,K,SIM-ABL-3-0116,-7.004233940160409
SIMULATED,Reuse,TD-AR1,K,SIM-ABL-3-0117,-8.482600995003217
SIMULATED,Reuse,TD-AR1,K,SIM-ABL-3-0118,-1.1209585504731336
SIMULATED,Reuse,TD-AR1,K,SIM-ABL-3-0119,-7.4410323685428725
SIMULATED,Reuse,TD-AR1,K,SIM-ABL-3-0120,2.665421172999201
SIMULATED,Reuse,TD-AR1,K,SIM-ABL-3-0121,-8.105443754981312
SIMULATED,Reuse,TD-AR1,K,SIM-ABL-3-0122,-1.7887109157239651
SIMULATED,Reuse,TD-AR1,K,SIM-ABL-3-0123,10.77901503883509
SIMULATED,Reuse,TD-AR1,K,SIM-ABL-3-0124,8.394877534348078
SIMULATED,Reuse,TD-AR1,K,SIM-ABL-3-0125,6.175057239365459
SIMULATED,Reuse,TD-AR1,K,SIM-ABL-3-0126,4.688447923205871
SIMULATED,Reuse,TD-AR1,K,SIM-ABL-3-0127,-2.273145262184658
SIMULATED,Reuse,TD-AR1,K,SIM-ABL-3-0128,15.167145893972469
SIMULATED,Reuse,TD-AR1,K,SIM-ABL-3-0129,-15.9958662967408
SIMULATED,Reuse,TD-AR1,K,SIM-ABL-3-0130,-3.089499826198047
SIMULATED,Reuse,TD-AR1,K,SIM-ABL-3-0131,-12.10602412304102
SIMULATED,Reuse,TD-AR1,K,SIM-ABL-3-0132,-9.093127441879785
SIMULATED,Reuse,TD-AR1,K,SIM-ABL-3-0133,-0.1525114872457627
SIMULATED,Reuse,TD-AR1,K,SIM-ABL-3-0134,-0.044497967940583916
SIMULATED,Reuse,TD-AR1,K,SIM-ABL-3-0135,8.899260172943368
SIMULATED,Reuse,TD-AR1,K,SIM-ABL-3-0136,0.15271681037415097
SIMULATED,Reuse,TD-AR1,K,SIM-ABL-3-0137,-0.6538740890196184
SIMULATED,Reuse,TD-AR1,K,SIM-ABL-3-0138,9.424234610528734
SIMULATED,Reuse,TD-AR1,K,SIM-ABL-3-0139,9.483607386765044
SIMULATED,Reuse,TD-AR1,K,SIM-ABL-3-0140,5.958458762796767
SIMULATED,Reuse,TD-AR1,K,SIM-ABL-3-0141,18.42206649119236
SIMULATED,Reuse,TD-AR1,K,SIM-ABL-3-0142,2.216084141641691
SIMULATED,Reuse,TD-AR1,K,SIM-ABL-3-0143,5.077417331793043
SIMULATED,Reuse,TD-AR1,K,SIM-ABL-3-0144,7.525930334532291
SIMULATED,Reuse,TD-AR1,K,SIM-ABL-3-0145,-8.779774114391378
SIMULATED,Reuse,TD-AR1,K,SIM-ABL-3-0146,1.7837662546376918
SIMULATED,Reuse,TD-AR1,K,SIM-ABL-3-0147,-4.417488287807357
SIMULATED,Reuse,TD-AR1,K,SIM-ABL-3-0148,-10.62894761023274
SIMULATED,Reuse,TD-AR1,K,SIM-ABL-3-0149,-5.144560567008776
SIMULATED,Reuse,TD-AR1,K,SIM-ABL-3-0150,-15.207458711857242
SIMULATED,Reuse,TD-AR1,K,SIM-ABL-3-0151,-17.665079986106885
SIMULATED,Reuse,TD-AR1,K,SIM-ABL-3-0152,-12.088033400809959
SIMULATED,Reuse,TD-AR1,K,SIM-ABL-3-0153,1.9817692285928084
SIMULATED,Reuse,TD-AR1,K,SIM-ABL-3-0154,7.943041584835579
SIMULATED,Reuse,TD-AR1,K,SIM-ABL-3-0155,-8.492582184851944
SIMULATED,Reuse,TD-AR1,K,SIM-ABL-3-0156,-13.768581119595655
SIMULATED,Reuse,TD-AR1,K,SIM-ABL-3-0157,12.012994491666284
SIMULATED,Reuse,TD-AR1,K,SIM-ABL-3-0158,1.9939962650748053
SIMULATED,Reuse,TD-AR1,K,SIM-ABL-3-0159,-9.093830115302099
SIMULATED,Reuse,TD-AR1,V,SIM-ABL-3-0000,5.59790767257819
SIMULATED,Reuse,TD-AR1,V,SIM-ABL-3-0001,8.460685248056594
SIMULATED,Reuse,TD-AR1,V,SIM-ABL-3-0002,6.175712763992172
SIMULATED,Reuse,TD-AR1,V,SIM-ABL-3-0003,15.659865237580114
SIMULATED,Reuse,TD-AR1,V,SIM-ABL-3-0004,7.8837291916799845
SIMULATED,Reuse,TD-AR1,V,SIM-ABL-3-0005,5.92227442416104
SIMULATED,Reuse,TD-AR1,V,SIM-ABL-3-0006,-3.7567586866371148
SIMULATED,Reuse,TD-AR1,V,SIM-ABL-3-0007,6.889898320934812
SIMULATED,Reuse,TD-AR1,V,SIM-ABL-3-0008,-7.058999543707908
SIMULATED,Reuse,TD-AR1,V,SIM-ABL-3-0009,-3.089340773385506
SIMULATED,Reuse,TD-AR1,V,SIM-ABL-3-0010,-11.419902666283544
SIMULATED,Reuse,TD-AR1,V,SIM-ABL-3-0011,1.0442319591474756
SIMULATED,Reuse,TD-AR1,V,SIM-ABL-3-0012,1.372085032063742
SIMULATED,Reuse,TD-AR1,V,SIM-ABL-3-0013,11.758602155017872
SIMULATED,Reuse,TD-AR1,V,SIM-ABL-3-0014,2.0552175050131343
SIMULATED,Reuse,TD-AR1,V,SIM-ABL-3-0015,-2.049407721539085
SIMULATED,Reuse,TD-AR1,V,SIM-ABL-3-0016,13.81895798928511
SIMULATED,Reuse,TD-AR1,V,SIM-ABL-3-0017,13.764994447333642
SIMULATED,Reuse,TD-AR1,V,SIM-ABL-3-0018,-3.7638861491655913
SIMULATED,Reuse,TD-AR1,V,SIM-ABL-3-0019,10.362246468160567
SIMULATED,Reuse,TD-AR1,V,SIM-ABL-3-0020,2.2038935815827463
SIMULATED,Reuse,TD-AR1,V,SIM-ABL-3-0021,5.545932675909618
SIMULATED,Reuse,TD-AR1,V,SIM-ABL-3-0022,-8.765842251608607
SIMULATED,Reuse,TD-AR1,V,SIM-ABL-3-0023,-3.593033648244444
SIMULATED,Reuse,TD-AR1,V,SIM-ABL-3-0024,9.490970657979542
SIMULATED,Reuse,TD-AR1,V,SIM-ABL-3-0025,-2.442599734954385
SIMULATED,Reuse,TD-AR1,V,SIM-ABL-3-0026,2.3790434983678685
SIMULATED,Reuse,TD-AR1,V,SIM-ABL-3-0027,15.294900666589317
SIMULATED,Reuse,TD-AR1,V,SIM-ABL-3-0028,9.67242279435546
SIMULATED,Reuse,TD-AR1,V,SIM-ABL-3-0029,14.383068592757176
SIMULATED,Reuse,TD-AR1,V,SIM-ABL-3-0030,22.356181554851954
SIMULATED,Reuse,TD-AR1,V,SIM-ABL-3-0031,-3.290625444076448
SIMULATED,Reuse,TD-AR1,V,SIM-ABL-3-0032,7.280674395303263
SIMULATED,Reuse,TD-AR1,V,SIM-ABL-3-0033,4.898635765621367
SIMULATED,Reuse,TD-AR1,V,SIM-ABL-3-0034,5.941789717072355
SIMULATED,Reuse,TD-AR1,V,SIM-ABL-3-0035,15.82219737851024
SIMULATED,Reuse,TD-AR1,V,SIM-ABL-3-0036,0.19418141077221795
SIMULATED,Reuse,TD-AR1,V,SIM-ABL-3-0037,-3.476065843679968
SIMULATED,Reuse,TD-AR1,V,SIM-ABL-3-0038,13.911681143385156
SIMULATED,Reuse,TD-AR1,V,SIM-ABL-3-0039,5.043738006526082
SIMULATED,Reuse,TD-AR1,V,SIM-ABL-3-0040,2.5130623517235016
SIMULATED,Reuse,TD-AR1,V,SIM-ABL-3-0041,7.11281433703604
SIMULATED,Reuse,TD-AR1,V,SIM-ABL-3-0042,2.401813683975135
SIMULATED,Reuse,TD-AR1,V,SIM-ABL-3-0043,-2.2299291150183764
SIMULATED,Reuse,TD-AR1,V,SIM-ABL-3-0044,2.4769630491165957
SIMULATED,Reuse,TD-AR1,V,SIM-ABL-3-0045,-0.31113566209101506
SIMULATED,Reuse,TD-AR1,V,SIM-ABL-3-0046,2.980270833350521
SIMULATED,Reuse,TD-AR1,V,SIM-ABL-3-0047,-2.0769502514208584
SIMULATED,Reuse,TD-AR1,V,SIM-ABL-3-0048,5.254033463694468
SIMULATED,Reuse,TD-AR1,V,SIM-ABL-3-0049,7.789607011553964
SIMULATED,Reuse,TD-AR1,V,SIM-ABL-3-0050,-4.9050404329271435
SIMULATED,Reuse,TD-AR1,V,SIM-ABL-3-0051,-4.207960134062328
SIMULATED,Reuse,TD-AR1,V,SIM-ABL-3-0052,5.2468150205670385
SIMULATED,Reuse,TD-AR1,V,SIM-ABL-3-0053,10.667585181065808
SIMULATED,Reuse,TD-AR1,V,SIM-ABL-3-0054,5.107167368098106
SIMULATED,Reuse,TD-AR1,V,SIM-ABL-3-0055,2.538761694352652
SIMULATED,Reuse,TD-AR1,V,SIM-ABL-3-0056,11.307614037210708
SIMULATED,Reuse,TD-AR1,V,SIM-ABL-3-0057,9.240019659991749
SIMULATED,Reuse,TD-AR1,V,SIM-ABL-3-0058,-1.8110748054763146
SIMULATED,Reuse,TD-AR1,V,SIM-ABL-3-0059,3.7847767908633907
SIMULATED,Reuse,TD-AR1,V,SIM-ABL-3-0060,12.124661379604692
SIMULATED,Reuse,TD-AR1,V,SIM-ABL-3-0061,1.3971688880871285
SIMULATED,Reuse,TD-AR1,V,SIM-ABL-3-0062,6.654405219927921
SIMULATED,Reuse,TD-AR1,V,SIM-ABL-3-0063,-13.625892609796171
SIMULATED,Reuse,TD-AR1,V,SIM-ABL-3-0064,8.779465924498941
SIMULATED,Reuse,TD-AR1,V,SIM-ABL-3-0065,-1.616770116148147
SIMULATED,Reuse,TD-AR1,V,SIM-ABL-3-0066,0.22248437121213893
SIMULATED,Reuse,TD-AR1,V,SIM-ABL-3-0067,-1.6253191334508204
SIMULATED,Reuse,TD-AR1,V,SIM-ABL-3-0068,-0.0803906387519655
SIMULATED,Reuse,TD-AR1,V,SIM-ABL-3-0069,10.099572040367267
SIMULATED,Reuse,TD-AR1,V,SIM-ABL-3-0070,7.386505199256048
SIMULATED,Reuse,TD-AR1,V,SIM-ABL-3-0071,5.206470502651307
SIMULATED,Reuse,TD-AR1,V,SIM-ABL-3-0072,12.852794464041505
SIMULATED,Reuse,TD-AR1,V,SIM-ABL-3-0073,13.575069185669356
SIMULATED,Reuse,TD-AR1,V,SIM-ABL-3-0074,10.241716274181167
SIMULATED,Reuse,TD-AR1,V,SIM-ABL-3-0075,-8.357588415608333
SIMULATED,Reuse,TD-AR1,V,SIM-ABL-3-0076,1.421587577358181
SIMULATED,Reuse,TD-AR1,V,SIM-ABL-3-0077,3.2931755369489335
SIMULATED,Reuse,TD-AR1,V,SIM-ABL-3-0078,-2.4070680516001843
SIMULATED,Reuse,TD-AR1,V,SIM-ABL-3-0079,0.31903468395879164
SIMULATED,Reuse,TD-AR1,V,SIM-ABL-3-0080,5.3863200744947575
SIMULATED,Reuse,TD-AR1,V,SIM-ABL-3-0081,6.89951151377802
SIMULATED,Reuse,TD-AR1,V,SIM-ABL-3-0082,-7.887050764042777
SIMULATED,Reuse,TD-AR1,V,SIM-ABL-3-0083,4.532750657141994
SIMULATED,Reuse,TD-AR1,V,SIM-ABL-3-0084,0.28163031324876275
SIMULATED,Reuse,TD-AR1,V,SIM-ABL-3-0085,0.9333265713579673
SIMULATED,Reuse,TD-AR1,V,SIM-ABL-3-0086,-2.0857332465837466
SIMULATED,Reuse,TD-AR1,V,SIM-ABL-3-0087,-5.477388196745086
SIMULATED,Reuse,TD-AR1,V,SIM-ABL-3-0088,-3.897581340783254
SIMULATED,Reuse,TD-AR1,V,SIM-ABL-3-0089,2.6665545507302792
SIMULATED,Reuse,TD-AR1,V,SIM-ABL-3-0090,3.393463781940411
SIMULATED,Reuse,TD-AR1,V,SIM-ABL-3-0091,3.0586710219557576
SIMULATED,Reuse,TD-AR1,V,SIM-ABL-3-0092,3.492154236599258
SIMULATED,Reuse,TD-AR1,V,SIM-ABL-3-0093,10.686838660001415
SIMULATED,Reuse,TD-AR1,V,SIM-ABL-3-0094,2.1914567223097645
SIMULATED,Reuse,TD-AR1,V,SIM-ABL-3-0095,5.8420819976726905
SIMULATED,Reuse,TD-AR1,V,SIM-ABL-3-0096,9.607790785612316
SIMULATED,Reuse,TD-AR1,V,SIM-ABL-3-0097,4.021493719865468
SIMULATED,Reuse,TD-AR1,V,SIM-ABL-3-0098,5.072891943324967
SIMULATED,Reuse,TD-AR1,V,SIM-ABL-3-0099,-6.158063997588427
SIMULATED,Reuse,TD-AR1,V,SIM-ABL-3-0100,2.653818475937162
SIMULATED,Reuse,TD-AR1,V,SIM-ABL-3-0101,12.070848605706448
SIMULATED,Reuse,TD-AR1,V,SIM-ABL-3-0102,6.68974914485192
SIMULATED,Reuse,TD-AR1,V,SIM-ABL-3-0103,5.687245237232954
SIMULATED,Reuse,TD-AR1,V,SIM-ABL-3-0104,-2.4253921999146097
SIMULATED,Reuse,TD-AR1,V,SIM-ABL-3-0105,-4.686511742452579
SIMULATED,Reuse,TD-AR1,V,SIM-ABL-3-0106,-1.2942751191160076
SIMULATED,Reuse,TD-AR1,V,SIM-ABL-3-0107,12.776057801896005
SIMULATED,Reuse,TD-AR1,V,SIM-ABL-3-0108,7.326685008355253
SIMULATED,Reuse,TD-AR1,V,SIM-ABL-3-0109,-3.9084017863534095
SIMULATED,Reuse,TD-AR1,V,SIM-ABL-3-0110,16.783566494432304
SIMULATED,Reuse,TD-AR1,V,SIM-ABL-3-0111,4.197291884294883
SIMULATED,Reuse,TD-AR1,V,SIM-ABL-3-0112,1.87466399057864
SIMULATED,Reuse,TD-AR1,V,SIM-ABL-3-0113,4.60731954105157
SIMULATED,Reuse,TD-AR1,V,SIM-ABL-3-0114,-9.830896259557562
SIMULATED,Reuse,TD-AR1,V,SIM-ABL-3-0115,4.8770379005010955
SIMULATED,Reuse,TD-AR1,V,SIM-ABL-3-0116,6.199218593787117
SIMULATED,Reuse,TD-AR1,V,SIM-ABL-3-0117,13.328821758259313
SIMULATED,Reuse,TD-AR1,V,SIM-ABL-3-0118,4.358528302412816
SIMULATED,Reuse,TD-AR1,V,SIM-ABL-3-0119,5.536976488002237
SIMULATED,Reuse,TD-AR1,V,SIM-ABL-3-0120,10.351724695380035
SIMULATED,Reuse,TD-AR1,V,SIM-ABL-3-0121,3.9960711607427015
SIMULATED,Reuse,TD-AR1,V,SIM-ABL-3-0122,-0.41023279659829015
SIMULATED,Reuse,TD-AR1,V,SIM-ABL-3-0123,-2.235513823777393
SIMULATED,Reuse,TD-AR1,V,SIM-ABL-3-0124,4.608969910138354
SIMULATED,Reuse,TD-AR1,V,SIM-ABL-3-0125,25.005863519901403
SIMULATED,Reuse,TD-AR1,V,SIM-ABL-3-0126,5.968718021711641
SIMULATED,Reuse,TD-AR1,V,SIM-ABL-3-0127,-0.9836602121228628
SIMULATED,Reuse,TD-AR1,V,SIM-ABL-3-0128,-3.029083995834446
SIMULATED,Reuse,TD-AR1,V,SIM-ABL-3-0129,12.313230514723429
SIMULATED,Reuse,TD-AR1,V,SIM-ABL-3-0130,1.6968401579183214
SIMULATED,Reuse,TD-AR1,V,SIM-ABL-3-0131,11.951927892103583
SIMULATED,Reuse,TD-AR1,V,SIM-ABL-3-0132,3.5310937688199227
SIMULATED,Reuse,TD-AR1,V,SIM-ABL-3-0133,-4.394409240881759
SIMULATED,Reuse,TD-AR1,V,SIM-ABL-3-0134,4.361289874816162
SIMULATED,Reuse,TD-AR1,V,SIM-ABL-3-0135,-8.256546494875963
SIMULATED,Reuse,TD-AR1,V,SIM-ABL-3-0136,0.39401974452419797
SIMULATED,Reuse,TD-AR1,V,SIM-ABL-3-0137,5.463022322451209
SIMULATED,Reuse,TD-AR1,V,SIM-ABL-3-0138,6.487717291826344
SIMULATED,Reuse,TD-AR1,V,SIM-ABL-3-0139,-3.675475653075244
SIMULATED,Reuse,TD-AR1,V,SIM-ABL-3-0140,10.636257256733929
SIMULATED,Reuse,TD-AR1,V,SIM-ABL-3-0141,6.046666900026748
SIMULATED,Reuse,TD-AR1,V,SIM-ABL-3-0142,6.456543497563365
SIMULATED,Reuse,TD-AR1,V,SIM-ABL-3-0143,-13.5960433736192
SIMULATED,Reuse,TD-AR1,V,SIM-ABL-3-0144,10.642904795678106
SIMULATED,Reuse,TD-AR1,V,SIM-ABL-3-0145,11.915002669796912
SIMULATED,Reuse,TD-AR1,V,SIM-ABL-3-0146,1.8536657721384338
SIMULATED,Reuse,TD-AR1,V,SIM-ABL-3-0147,7.945092496263151
SIMULATED,Reuse,TD-AR1,V,SIM-ABL-3-0148,-10.957498151343977
SIMULATED,Reuse,TD-AR1,V,SIM-ABL-3-0149,8.91145699376592
SIMULATED,Reuse,TD-AR1,V,SIM-ABL-3-0150,1.2403884285616624
SIMULATED,Reuse,TD-AR1,V,SIM-ABL-3-0151,6.0780936442239515
SIMULATED,Reuse,TD-AR1,V,SIM-ABL-3-0152,-2.378461674725717
SIMULATED,Reuse,TD-AR1,V,SIM-ABL-3-0153,-2.7212482262358586
SIMULATED,Reuse,TD-AR1,V,SIM-ABL-3-0154,-6.083096767375735
SIMULATED,Reuse,TD-AR1,V,SIM-ABL-3-0155,-9.208094156652894
SIMULATED,Reuse,TD-AR1,V,SIM-ABL-3-0156,3.9972619913151672
SIMULATED,Reuse,TD-AR1,V,SIM-ABL-3-0157,2.0377529383492234
SIMULATED,Reuse,TD-AR1,V,SIM-ABL-3-0158,-0.6473046950314969
SIMULATED,Reuse,TD-AR1,V,SIM-ABL-3-0159,-4.054575631735047
SIMULATED,Reuse,TD-AR1,T,SIM-ABL-3-0000,-5.206017567140765
SIMULATED,Reuse,TD-AR1,T,SIM-ABL-3-0001,-0.11203699642892012
SIMULATED,Reuse,TD-AR1,T,SIM-ABL-3-0002,9.174955065503541
SIMULATED,Reuse,TD-AR1,T,SIM-ABL-3-0003,5.008476487541827
SIMULATED,Reuse,TD-AR1,T,SIM-ABL-3-0004,-6.387820262945023
SIMULATED,Reuse,TD-AR1,T,SIM-ABL-3-0005,8.726154441344763
SIMULATED,Reuse,TD-AR1,T,SIM-ABL-3-0006,5.001932457430443
SIMULATED,Reuse,TD-AR1,T,SIM-ABL-3-0007,2.235129794308861
SIMULATED,Reuse,TD-AR1,T,SIM-ABL-3-0008,-12.008181233946994
SIMULATED,Reuse,TD-AR1,T,SIM-ABL-3-0009,3.766652971945662
SIMULATED,Reuse,TD-AR1,T,SIM-ABL-3-0010,-2.168402487145882
SIMULATED,Reuse,TD-AR1,T,SIM-ABL-3-0011,-2.8394131997198166
SIMULATED,Reuse,TD-AR1,T,SIM-ABL-3-0012,-3.5851521450917367
SIMULATED,Reuse,TD-AR1,T,SIM-ABL-3-0013,8.443077481955552
SIMULATED,Reuse,TD-AR1,T,SIM-ABL-3-0014,-5.553423792475127
SIMULATED,Reuse,TD-AR1,T,SIM-ABL-3-0015,5.230742445447465
SIMULATED,Reuse,TD-AR1,T,SIM-ABL-3-0016,-2.204985181550871
SIMULATED,Reuse,TD-AR1,T,SIM-ABL-3-0017,1.322398741426704
SIMULATED,Reuse,TD-AR1,T,SIM-ABL-3-0018,6.4604179403431745
SIMULATED,Reuse,TD-AR1,T,SIM-ABL-3-0019,-3.459341317897805
SIMULATED,Reuse,TD-AR1,T,SIM-ABL-3-0020,-9.957587519175322
SIMULATED,Reuse,TD-AR1,T,SIM-ABL-3-0021,-7.29051750796506
SIMULATED,Reuse,TD-AR1,T,SIM-ABL-3-0022,6.122465091776656
SIMULATED,Reuse,TD-AR1,T,SIM-ABL-3-0023,-7.792445262324338
SIMULATED,Reuse,TD-AR1,T,SIM-ABL-3-0024,4.7383381561817375
SIMULATED,Reuse,TD-AR1,T,SIM-ABL-3-0025,0.5520541719520904
SIMULATED,Reuse,TD-AR1,T,SIM-ABL-3-0026,10.124778566878254
SIMULATED,Reuse,TD-AR1,T,SIM-ABL-3-0027,-2.2148773695940043
SIMULATED,Reuse,TD-AR1,T,SIM-ABL-3-0028,-2.807585559473885
SIMULATED,Reuse,TD-AR1,T,SIM-ABL-3-0029,0.6253576899390029
SIMULATED,Reuse,TD-AR1,T,SIM-ABL-3-0030,3.207910137146128
SIMULATED,Reuse,TD-AR1,T,SIM-ABL-3-0031,-5.812937025612834
SIMULATED,Reuse,TD-AR1,T,SIM-ABL-3-0032,-1.9287598116940952
SIMULATED,Reuse,TD-AR1,T,SIM-ABL-3-0033,8.60814234282233
SIMULATED,Reuse,TD-AR1,T,SIM-ABL-3-0034,21.064736548230588
SIMULATED,Reuse,TD-AR1,T,SIM-ABL-3-0035,-9.53657987227634
SIMULATED,Reuse,TD-AR1,T,SIM-ABL-3-0036,-10.67757884761336
SIMULATED,Reuse,TD-AR1,T,SIM-ABL-3-0037,-1.9879409551985392
SIMULATED,Reuse,TD-AR1,T,SIM-ABL-3-0038,-4.021931429421334
SIMULATED,Reuse,TD-AR1,T,SIM-ABL-3-0039,1.957798799203227
SIMULATED,Reuse,TD-AR1,T,SIM-ABL-3-0040,0.3352878629835619
SIMULATED,Reuse,TD-AR1,T,SIM-ABL-3-0041,3.7330825414228017
SIMULATED,Reuse,TD-AR1,T,SIM-ABL-3-0042,-6.854439399615436
SIMULATED,Reuse,TD-AR1,T,SIM-ABL-3-0043,-12.834890737113072
SIMULATED,Reuse,TD-AR1,T,SIM-ABL-3-0044,3.480313955469026
SIMULATED,Reuse,TD-AR1,T,SIM-ABL-3-0045,-4.860266235625628
SIMULATED,Reuse,TD-AR1,T,SIM-ABL-3-0046,-9.351464300639751
SIMULATED,Reuse,TD-AR1,T,SIM-ABL-3-0047,13.840948079791083
SIMULATED,Reuse,TD-AR1,T,SIM-ABL-3-0048,-2.560863811640563
SIMULATED,Reuse,TD-AR1,T,SIM-ABL-3-0049,-2.5693759834172716
SIMULATED,Reuse,TD-AR1,T,SIM-ABL-3-0050,4.236549757579793
SIMULATED,Reuse,TD-AR1,T,SIM-ABL-3-0051,-2.154553446786499
SIMULATED,Reuse,TD-AR1,T,SIM-ABL-3-0052,4.3239285063466975
SIMULATED,Reuse,TD-AR1,T,SIM-ABL-3-0053,9.350497369840056
SIMULATED,Reuse,TD-AR1,T,SIM-ABL-3-0054,-6.653628252596001
SIMULATED,Reuse,TD-AR1,T,SIM-ABL-3-0055,5.6927605653512625
SIMULATED,Reuse,TD-AR1,T,SIM-ABL-3-0056,0.6870169444682348
SIMULATED,Reuse,TD-AR1,T,SIM-ABL-3-0057,7.088735414676409
SIMULATED,Reuse,TD-AR1,T,SIM-ABL-3-0058,-0.7734936106592887
SIMULATED,Reuse,TD-AR1,T,SIM-ABL-3-0059,8.182421645121382
SIMULATED,Reuse,TD-AR1,T,SIM-ABL-3-0060,-6.812587509137001
SIMULATED,Reuse,TD-AR1,T,SIM-ABL-3-0061,1.9089766217251778
SIMULATED,Reuse,TD-AR1,T,SIM-ABL-3-0062,-1.083060470318457
SIMULATED,Reuse,TD-AR1,T,SIM-ABL-3-0063,0.5427653449391626
SIMULATED,Reuse,TD-AR1,T,SIM-ABL-3-0064,-3.935751733669173
SIMULATED,Reuse,TD-AR1,T,SIM-ABL-3-0065,-9.785452249097471
SIMULATED,Reuse,TD-AR1,T,SIM-ABL-3-0066,-3.973366642614417
SIMULATED,Reuse,TD-AR1,T,SIM-ABL-3-0067,12.150700584432407
SIMULATED,Reuse,TD-AR1,T,SIM-ABL-3-0068,-2.497619884145973
SIMULATED,Reuse,TD-AR1,T,SIM-ABL-3-0069,-9.449316249810664
SIMULATED,Reuse,TD-AR1,T,SIM-ABL-3-0070,-1.976777387310549
SIMULATED,Reuse,TD-AR1,T,SIM-ABL-3-0071,6.416889751026677
SIMULATED,Reuse,TD-AR1,T,SIM-ABL-3-0072,-22.504316606347704
SIMULATED,Reuse,TD-AR1,T,SIM-ABL-3-0073,-2.939449274613518
SIMULATED,Reuse,TD-AR1,T,SIM-ABL-3-0074,-6.7037430042519865
SIMULATED,Reuse,TD-AR1,T,SIM-ABL-3-0075,-2.041472896483552
SIMULATED,Reuse,TD-AR1,T,SIM-ABL-3-0076,-3.0704271491474073
SIMULATED,Reuse,TD-AR1,T,SIM-ABL-3-0077,-10.717828593880654
SIMULATED,Reuse,TD-AR1,T,SIM-ABL-3-0078,-6.4167928300782435
SIMULATED,Reuse,TD-AR1,T,SIM-ABL-3-0079,4.407554044891478
SIMULATED,Reuse,TD-AR1,T,SIM-ABL-3-0080,2.4547555748169048
SIMULATED,Reuse,TD-AR1,T,SIM-ABL-3-0081,2.140929101078199
SIMULATED,Reuse,TD-AR1,T,SIM-ABL-3-0082,5.5111637348906415
SIMULATED,Reuse,TD-AR1,T,SIM-ABL-3-0083,1.724071451816317
SIMULATED,Reuse,TD-AR1,T,SIM-ABL-3-0084,-5.132786117677504
SIMULATED,Reuse,TD-AR1,T,SIM-ABL-3-0085,-7.574098154290492
SIMULATED,Reuse,TD-AR1,T,SIM-ABL-3-0086,9.640224546476535
SIMULATED,Reuse,TD-AR1,T,SIM-ABL-3-0087,-2.691119337691525
SIMULATED,Reuse,TD-AR1,T,SIM-ABL-3-0088,8.024829930582495
SIMULATED,Reuse,TD-AR1,T,SIM-ABL-3-0089,-5.603689075355091
SIMULATED,Reuse,TD-AR1,T,SIM-ABL-3-0090,-10.080317802325517
SIMULATED,Reuse,TD-AR1,T,SIM-ABL-3-0091,-15.955203283302584
SIMULATED,Reuse,TD-AR1,T,SIM-ABL-3-0092,-9.226148208205748
SIMULATED,Reuse,TD-AR1,T,SIM-ABL-3-0093,8.269367464071209
SIMULATED,Reuse,TD-AR1,T,SIM-ABL-3-0094,-3.113924030712948
SIMULATED,Reuse,TD-AR1,T,SIM-ABL-3-0095,5.551563383847127
SIMULATED,Reuse,TD-AR1,T,SIM-ABL-3-0096,-12.299990920966252
SIMULATED,Reuse,TD-AR1,T,SIM-ABL-3-0097,6.571340220791186
SIMULATED,Reuse,TD-AR1,T,SIM-ABL-3-0098,2.8903220611712186
SIMULATED,Reuse,TD-AR1,T,SIM-ABL-3-0099,0.47289214663025403
SIMULATED,Reuse,TD-AR1,T,SIM-ABL-3-0100,-7.0960371194731495
SIMULATED,Reuse,TD-AR1,T,SIM-ABL-3-0101,-3.475706914232762
SIMULATED,Reuse,TD-AR1,T,SIM-ABL-3-0102,-14.9505941030153
SIMULATED,Reuse,TD-AR1,T,SIM-ABL-3-0103,7.913268747566953
SIMULATED,Reuse,TD-AR1,T,SIM-ABL-3-0104,4.216103710906045
SIMULATED,Reuse,TD-AR1,T,SIM-ABL-3-0105,-8.90135785820143
SIMULATED,Reuse,TD-AR1,T,SIM-ABL-3-0106,0.27010500152623074
SIMULATED,Reuse,TD-AR1,T,SIM-ABL-3-0107,7.154439355074382
SIMULATED,Reuse,TD-AR1,T,SIM-ABL-3-0108,0.6548315268502107
SIMULATED,Reuse,TD-AR1,T,SIM-ABL-3-0109,0.5505565820789877
SIMULATED,Reuse,TD-AR1,T,SIM-ABL-3-0110,-4.406300474476408
SIMULATED,Reuse,TD-AR1,T,SIM-ABL-3-0111,5.76047495020735
SIMULATED,Reuse,TD-AR1,T,SIM-ABL-3-0112,4.3260333724543205
SIMULATED,Reuse,TD-AR1,T,SIM-ABL-3-0113,1.3438598037545628
SIMULATED,Reuse,TD-AR1,T,SIM-ABL-3-0114,1.10721633960387
SIMULATED,Reuse,TD-AR1,T,SIM-ABL-3-0115,-5.6848797856427185
SIMULATED,Reuse,TD-AR1,T,SIM-ABL-3-0116,-6.011048068078965
SIMULATED,Reuse,TD-AR1,T,SIM-ABL-3-0117,-10.383286610418885
SIMULATED,Reuse,TD-AR1,T,SIM-ABL-3-0118,3.483100794848131
SIMULATED,Reuse,TD-AR1,T,SIM-ABL-3-0119,1.1400607149925124
SIMULATED,Reuse,TD-AR1,T,SIM-ABL-3-0120,-1.1456210068264863
SIMULATED,Reuse,TD-AR1,T,SIM-ABL-3-0121,-1.3505309236044705
SIMULATED,Reuse,TD-AR1,T,SIM-ABL-3-0122,-8.742984801758604
SIMULATED,Reuse,TD-AR1,T,SIM-ABL-3-0123,-1.6636043737063855
SIMULATED,Reuse,TD-AR1,T,SIM-ABL-3-0124,11.697343025626934
SIMULATED,Reuse,TD-AR1,T,SIM-ABL-3-0125,-6.348870040304641
SIMULATED,Reuse,TD-AR1,T,SIM-ABL-3-0126,0.0008681607022272275
SIMULATED,Reuse,TD-AR1,T,SIM-ABL-3-0127,0.5950988011355873
SIMULATED,Reuse,TD-AR1,T,SIM-ABL-3-0128,-13.48649865330826
SIMULATED,Reuse,TD-AR1,T,SIM-ABL-3-0129,1.4004800991135562
SIMULATED,Reuse,TD-AR1,T,SIM-ABL-3-0130,-12.433988434561815
SIMULATED,Reuse,TD-AR1,T,SIM-ABL-3-0131,0.6503211337732078
SIMULATED,Reuse,TD-AR1,T,SIM-ABL-3-0132,-0.6194182783714883
SIMULATED,Reuse,TD-AR1,T,SIM-ABL-3-0133,-3.4697184391075924
SIMULATED,Reuse,TD-AR1,T,SIM-ABL-3-0134,-0.6127311483886517
SIMULATED,Reuse,TD-AR1,T,SIM-ABL-3-0135,-0.5380611778409292
SIMULATED,Reuse,TD-AR1,T,SIM-ABL-3-0136,-2.0216094634035486
SIMULATED,Reuse,TD-AR1,T,SIM-ABL-3-0137,-4.370344728893537
SIMULATED,Reuse,TD-AR1,T,SIM-ABL-3-0138,10.594116643743334
SIMULATED,Reuse,TD-AR1,T,SIM-ABL-3-0139,2.1934061018806736
SIMULATED,Reuse,TD-AR1,T,SIM-ABL-3-0140,2.783721666050261
SIMULATED,Reuse,TD-AR1,T,SIM-ABL-3-0141,-0.04790344981863448
SIMULATED,Reuse,TD-AR1,T,SIM-ABL-3-0142,4.180726955720073
SIMULATED,Reuse,TD-AR1,T,SIM-ABL-3-0143,-2.3970363946794886
SIMULATED,Reuse,TD-AR1,T,SIM-ABL-3-0144,5.0046376530479
SIMULATED,Reuse,TD-AR1,T,SIM-ABL-3-0145,4.522993563103236
SIMULATED,Reuse,TD-AR1,T,SIM-ABL-3-0146,-2.1284860191079775
SIMULATED,Reuse,TD-AR1,T,SIM-ABL-3-0147,2.623155685845756
SIMULATED,Reuse,TD-AR1,T,SIM-ABL-3-0148,1.7064105857644445
SIMULATED,Reuse,TD-AR1,T,SIM-ABL-3-0149,6.627569582529963
SIMULATED,Reuse,TD-AR1,T,SIM-ABL-3-0150,-9.77320435580256
SIMULATED,Reuse,TD-AR1,T,SIM-ABL-3-0151,-8.11198883566474
SIMULATED,Reuse,TD-AR1,T,SIM-ABL-3-0152,1.727528410427466
SIMULATED,Reuse,TD-AR1,T,SIM-ABL-3-0153,-4.397523821889244
SIMULATED,Reuse,TD-AR1,T,SIM-ABL-3-0154,-1.3376776417751997
SIMULATED,Reuse,TD-AR1,T,SIM-ABL-3-0155,4.126375807230339
SIMULATED,Reuse,TD-AR1,T,SIM-ABL-3-0156,4.089897927510506
SIMULATED,Reuse,TD-AR1,T,SIM-ABL-3-0157,-19.709980065332207
SIMULATED,Reuse,TD-AR1,T,SIM-ABL-3-0158,2.8555815068957755
SIMULATED,Reuse,TD-AR1,T,SIM-ABL-3-0159,-5.137105677930515
SIMULATED,Reuse,TD-AR1,Π,SIM-ABL-3-0000,9.798261344251399
SIMULATED,Reuse,TD-AR1,Π,SIM-ABL-3-0001,-8.401958246022291
SIMULATED,Reuse,TD-AR1,Π,SIM-ABL-3-0002,-9.167419115209807
SIMULATED,Reuse,TD-AR1,Π,SIM-ABL-3-0003,-4.364310415964709
SIMULATED,Reuse,TD-AR1,Π,SIM-ABL-3-0004,3.719713602354831
SIMULATED,Reuse,TD-AR1,Π,SIM-ABL-3-0005,0.8247022487151758
SIMULATED,Reuse,TD-AR1,Π,SIM-ABL-3-0006,-5.066441387062172
SIMULATED,Reuse,TD-AR1,Π,SIM-ABL-3-0007,-1.2004028765715091
SIMULATED,Reuse,TD-AR1,Π,SIM-ABL-3-0008,-0.7748998452234406
SIMULATED,Reuse,TD-AR1,Π,SIM-ABL-3-0009,-6.897190429647914
SIMULATED,Reuse,TD-AR1,Π,SIM-ABL-3-0010,-6.698293973644766
SIMULATED,Reuse,TD-AR1,Π,SIM-ABL-3-0011,-4.472426103447941
SIMULATED,Reuse,TD-AR1,Π,SIM-ABL-3-0012,6.662212361956352
SIMULATED,Reuse,TD-AR1,Π,SIM-ABL-3-0013,-0.9287095541309269
SIMULATED,Reuse,TD-AR1,Π,SIM-ABL-3-0014,0.08261761190669326
SIMULATED,Reuse,TD-AR1,Π,SIM-ABL-3-0015,-13.233204279182003
SIMULATED,Reuse,TD-AR1,Π,SIM-ABL-3-0016,5.2200630448637915
SIMULATED,Reuse,TD-AR1,Π,SIM-ABL-3-0017,5.403817299926639
SIMULATED,Reuse,TD-AR1,Π,SIM-ABL-3-0018,5.658347968803771
SIMULATED,Reuse,TD-AR1,Π,SIM-ABL-3-0019,7.737227584629692
SIMULATED,Reuse,TD-AR1,Π,SIM-ABL-3-0020,5.569813810572878
SIMULATED,Reuse,TD-AR1,Π,SIM-ABL-3-0021,3.157451590611067
SIMULATED,Reuse,TD-AR1,Π,SIM-ABL-3-0022,-10.68103564408527
SIMULATED,Reuse,TD-AR1,Π,SIM-ABL-3-0023,1.9842790695753372
SIMULATED,Reuse,TD-AR1,Π,SIM-ABL-3-0024,7.213524354129328
SIMULATED,Reuse,TD-AR1,Π,SIM-ABL-3-0025,-2.9527962000156047
SIMULATED,Reuse,TD-AR1,Π,SIM-ABL-3-0026,-9.079877382118863
SIMULATED,Reuse,TD-AR1,Π,SIM-ABL-3-0027,-5.860942226528298
SIMULATED,Reuse,TD-AR1,Π,SIM-ABL-3-0028,2.8205742959662468
SIMULATED,Reuse,TD-AR1,Π,SIM-ABL-3-0029,5.718644104834224
SIMULATED,Reuse,TD-AR1,Π,SIM-ABL-3-0030,-0.9736184974893263
SIMULATED,Reuse,TD-AR1,Π,SIM-ABL-3-0031,-5.978083249636426
SIMULATED,Reuse,TD-AR1,Π,SIM-ABL-3-0032,-2.7355075564382494
SIMULATED,Reuse,TD-AR1,Π,SIM-ABL-3-0033,-8.461400779268004
SIMULATED,Reuse,TD-AR1,Π,SIM-ABL-3-0034,5.436684232360499
SIMULATED,Reuse,TD-AR1,Π,SIM-ABL-3-0035,9.272536978257786
SIMULATED,Reuse,TD-AR1,Π,SIM-ABL-3-0036,2.8703255868900746
SIMULATED,Reuse,TD-AR1,Π,SIM-ABL-3-0037,-4.550171277111927
SIMULATED,Reuse,TD-AR1,Π,SIM-ABL-3-0038,16.691469111141707
SIMULATED,Reuse,TD-AR1,Π,SIM-ABL-3-0039,-6.134555747265608
SIMULATED,Reuse,TD-AR1,Π,SIM-ABL-3-0040,-0.7828944336088135
SIMULATED,Reuse,TD-AR1,Π,SIM-ABL-3-0041,-3.287745947547444
SIMULATED,Reuse,TD-AR1,Π,SIM-ABL-3-0042,6.750032150428102
SIMULATED,Reuse,TD-AR1,Π,SIM-ABL-3-0043,12.225743932037116
SIMULATED,Reuse,TD-AR1,Π,SIM-ABL-3-0044,-11.638536474972204
SIMULATED,Reuse,TD-AR1,Π,SIM-ABL-3-0045,-14.672756878138216
SIMULATED,Reuse,TD-AR1,Π,SIM-ABL-3-0046,-4.229541787655318
SIMULATED,Reuse,TD-AR1,Π,SIM-ABL-3-0047,2.1666797908755084
SIMULATED,Reuse,TD-AR1,Π,SIM-ABL-3-0048,3.318793427811572
SIMULATED,Reuse,TD-AR1,Π,SIM-ABL-3-0049,4.313593024318458
SIMULATED,Reuse,TD-AR1,Π,SIM-ABL-3-0050,7.759478621545962
SIMULATED,Reuse,TD-AR1,Π,SIM-ABL-3-0051,4.483246550458613
SIMULATED,Reuse,TD-AR1,Π,SIM-ABL-3-0052,5.074207627382108
SIMULATED,Reuse,TD-AR1,Π,SIM-ABL-3-0053,10.819933662084537
SIMULATED,Reuse,TD-AR1,Π,SIM-ABL-3-0054,-1.1473769969467944
SIMULATED,Reuse,TD-AR1,Π,SIM-ABL-3-0055,-4.3739213345206
SIMULATED,Reuse,TD-AR1,Π,SIM-ABL-3-0056,-3.347661836124555
SIMULATED,Reuse,TD-AR1,Π,SIM-ABL-3-0057,5.642516776858092
SIMULATED,Reuse,TD-AR1,Π,SIM-ABL-3-0058,11.481863792463924
SIMULATED,Reuse,TD-AR1,Π,SIM-ABL-3-0059,5.677789523287564
SIMULATED,Reuse,TD-AR1,Π,SIM-ABL-3-0060,-13.179677440489462
SIMULATED,Reuse,TD-AR1,Π,SIM-ABL-3-0061,8.361575144848848
SIMULATED,Reuse,TD-AR1,Π,SIM-ABL-3-0062,10.063499162161648
SIMULATED,Reuse,TD-AR1,Π,SIM-ABL-3-0063,-0.9918661246211027
SIMULATED,Reuse,TD-AR1,Π,SIM-ABL-3-0064,4.987554451793596
SIMULATED,Reuse,TD-AR1,Π,SIM-ABL-3-0065,4.861982390195337
SIMULATED,Reuse,TD-AR1,Π,SIM-ABL-3-0066,-5.384896777858014
SIMULATED,Reuse,TD-AR1,Π,SIM-ABL-3-0067,9.554494568459882
SIMULATED,Reuse,TD-AR1,Π,SIM-ABL-3-0068,6.148508479495796
SIMULATED,Reuse,TD-AR1,Π,SIM-ABL-3-0069,-2.9195621572163475
SIMULATED,Reuse,TD-AR1,Π,SIM-ABL-3-0070,19.577567641149987
SIMULATED,Reuse,TD-AR1,Π,SIM-ABL-3-0071,-5.4393912044221295
SIMULATED,Reuse,TD-AR1,Π,SIM-ABL-3-0072,-1.9845291163056191
SIMULATED,Reuse,TD-AR1,Π,SIM-ABL-3-0073,0.8617617344904567
SIMULATED,Reuse,TD-AR1,Π,SIM-ABL-3-0074,-1.4487528641706855
SIMULATED,Reuse,TD-AR1,Π,SIM-ABL-3-0075,-4.142163679360168
SIMULATED,Reuse,TD-AR1,Π,SIM-ABL-3-0076,4.312372736252531
SIMULATED,Reuse,TD-AR1,Π,SIM-ABL-3-0077,10.578914237563476
SIMULATED,Reuse,TD-AR1,Π,SIM-ABL-3-0078,-3.949981174456968
SIMULATED,Reuse,TD-AR1,Π,SIM-ABL-3-0079,-3.8124969393511474
SIMULATED,Reuse,TD-AR1,Π,SIM-ABL-3-0080,7.216214136560036
SIMULATED,Reuse,TD-AR1,Π,SIM-ABL-3-0081,-3.2008625641780375
SIMULATED,Reuse,TD-AR1,Π,SIM-ABL-3-0082,7.053630903427658
SIMULATED,Reuse,TD-AR1,Π,SIM-ABL-3-0083,2.5485766316164473
SIMULATED,Reuse,TD-AR1,Π,SIM-ABL-3-0084,20.334120596264686
SIMULATED,Reuse,TD-AR1,Π,SIM-ABL-3-0085,-1.3035077614631003
SIMULATED,Reuse,TD-AR1,Π,SIM-ABL-3-0086,6.211756820357687
SIMULATED,Reuse,TD-AR1,Π,SIM-ABL-3-0087,-2.5293373570649473
SIMULATED,Reuse,TD-AR1,Π,SIM-ABL-3-0088,2.7157152408551735
SIMULATED,Reuse,TD-AR1,Π,SIM-ABL-3-0089,15.9187127164879
SIMULATED,Reuse,TD-AR1,Π,SIM-ABL-3-0090,4.279618648630593
SIMULATED,Reuse,TD-AR1,Π,SIM-ABL-3-0091,7.01583732819794
SIMULATED,Reuse,TD-AR1,Π,SIM-ABL-3-0092,11.085002560664867
SIMULATED,Reuse,TD-AR1,Π,SIM-ABL-3-0093,-1.4516957816828215
SIMULATED,Reuse,TD-AR1,Π,SIM-ABL-3-0094,8.167772550081525
SIMULATED,Reuse,TD-AR1,Π,SIM-ABL-3-0095,-13.79277106346649
SIMULATED,Reuse,TD-AR1,Π,SIM-ABL-3-0096,-1.779851686184871
SIMULATED,Reuse,TD-AR1,Π,SIM-ABL-3-0097,10.08517748665134
SIMULATED,Reuse,TD-AR1,Π,SIM-ABL-3-0098,-3.765368212093521
SIMULATED,Reuse,TD-AR1,Π,SIM-ABL-3-0099,3.822516264828042
SIMULATED,Reuse,TD-AR1,Π,SIM-ABL-3-0100,-11.366115292343782
SIMULATED,Reuse,TD-AR1,Π,SIM-ABL-3-0101,3.6825289574314684
SIMULATED,Reuse,TD-AR1,Π,SIM-ABL-3-0102,-3.209094258465327
SIMULATED,Reuse,TD-AR1,Π,SIM-ABL-3-0103,16.20185446294387
SIMULATED,Reuse,TD-AR1,Π,SIM-ABL-3-0104,-14.072873922275127
SIMULATED,Reuse,TD-AR1,Π,SIM-ABL-3-0105,1.8662116989964754
SIMULATED,Reuse,TD-AR1,Π,SIM-ABL-3-0106,-0.7426975391787436
SIMULATED,Reuse,TD-AR1,Π,SIM-ABL-3-0107,-4.418892397185081
SIMULATED,Reuse,TD-AR1,Π,SIM-ABL-3-0108,9.838213268538173
SIMULATED,Reuse,TD-AR1,Π,SIM-ABL-3-0109,-6.394681407302155
SIMULATED,Reuse,TD-AR1,Π,SIM-ABL-3-0110,1.2970182367855432
SIMULATED,Reuse,TD-AR1,Π,SIM-ABL-3-0111,8.354052309083041
SIMULATED,Reuse,TD-AR1,Π,SIM-ABL-3-0112,-0.7363412315485578
SIMULATED,Reuse,TD-AR1,Π,SIM-ABL-3-0113,8.682754540917417
SIMULATED,Reuse,TD-AR1,Π,SIM-ABL-3-0114,-8.857368349622803
SIMULATED,Reuse,TD-AR1,Π,SIM-ABL-3-0115,-0.9729134697860276
SIMULATED,Reuse,TD-AR1,Π,SIM-ABL-3-0116,4.103046892962112
SIMULATED,Reuse,TD-AR1,Π,SIM-ABL-3-0117,2.288861420612162
SIMULATED,Reuse,TD-AR1,Π,SIM-ABL-3-0118,3.057663047748882
SIMULATED,Reuse,TD-AR1,Π,SIM-ABL-3-0119,-4.454455732807797
SIMULATED,Reuse,TD-AR1,Π,SIM-ABL-3-0120,1.3847960165270266
SIMULATED,Reuse,TD-AR1,Π,SIM-ABL-3-0121,-9.466044727204274
SIMULATED,Reuse,TD-AR1,Π,SIM-ABL-3-0122,0.1367702973855921
SIMULATED,Reuse,TD-AR1,Π,SIM-ABL-3-0123,-0.01223592295807463
SIMULATED,Reuse,TD-AR1,Π,SIM-ABL-3-0124,12.298065447926197
SIMULATED,Reuse,TD-AR1,Π,SIM-ABL-3-0125,-15.797906208745918
SIMULATED,Reuse,TD-AR1,Π,SIM-ABL-3-0126,1.1470148788768229
SIMULATED,Reuse,TD-AR1,Π,SIM-ABL-3-0127,-2.6322251527302747
SIMULATED,Reuse,TD-AR1,Π,SIM-ABL-3-0128,-0.3000753312261244
SIMULATED,Reuse,TD-AR1,Π,SIM-ABL-3-0129,2.769022841390473
SIMULATED,Reuse,TD-AR1,Π,SIM-ABL-3-0130,3.3203964124612755
SIMULATED,Reuse,TD-AR1,Π,SIM-ABL-3-0131,0.5964902993516743
SIMULATED,Reuse,TD-AR1,Π,SIM-ABL-3-0132,2.8337058524705654
SIMULATED,Reuse,TD-AR1,Π,SIM-ABL-3-0133,1.3794171560146804
SIMULATED,Reuse,TD-AR1,Π,SIM-ABL-3-0134,-9.17159242581356
SIMULATED,Reuse,TD-AR1,Π,SIM-ABL-3-0135,14.406925207860079
SIMULATED,Reuse,TD-AR1,Π,SIM-ABL-3-0136,6.500297974755066
SIMULATED,Reuse,TD-AR1,Π,SIM-ABL-3-0137,2.9642630735402307
SIMULATED,Reuse,TD-AR1,Π,SIM-ABL-3-0138,6.454984272828375
SIMULATED,Reuse,TD-AR1,Π,SIM-ABL-3-0139,9.09772150439042
SIMULATED,Reuse,TD-AR1,Π,SIM-ABL-3-0140,-8.888208409787353
SIMULATED,Reuse,TD-AR1,Π,SIM-ABL-3-0141,-3.012403765502124
SIMULATED,Reuse,TD-AR1,Π,SIM-ABL-3-0142,6.3739562955464875
SIMULATED,Reuse,TD-AR1,Π,SIM-ABL-3-0143,-0.3058771461461476
SIMULATED,Reuse,TD-AR1,Π,SIM-ABL-3-0144,-0.541904416759063
SIMULATED,Reuse,TD-AR1,Π,SIM-ABL-3-0145,15.673816381981542
SIMULATED,Reuse,TD-AR1,Π,SIM-ABL-3-0146,3.946777568325048
SIMULATED,Reuse,TD-AR1,Π,SIM-ABL-3-0147,-9.444777701179524
SIMULATED,Reuse,TD-AR1,Π,SIM-ABL-3-0148,2.4873816351652684
SIMULATED,Reuse,TD-AR1,Π,SIM-ABL-3-0149,-4.516721071128499
SIMULATED,Reuse,TD-AR1,Π,SIM-ABL-3-0150,-4.963450866728084
SIMULATED,Reuse,TD-AR1,Π,SIM-ABL-3-0151,0.06154189645453678
SIMULATED,Reuse,TD-AR1,Π,SIM-ABL-3-0152,-0.39813411197403226
SIMULATED,Reuse,TD-AR1,Π,SIM-ABL-3-0153,-5.590368889276867
SIMULATED,Reuse,TD-AR1,Π,SIM-ABL-3-0154,-1.5752769943092275
SIMULATED,Reuse,TD-AR1,Π,SIM-ABL-3-0155,-1.8398534082851996
SIMULATED,Reuse,TD-AR1,Π,SIM-ABL-3-0156,17.81635466332989
SIMULATED,Reuse,TD-AR1,Π,SIM-ABL-3-0157,6.318779177391153
SIMULATED,Reuse,TD-AR1,Π,SIM-ABL-3-0158,6.01630451351101
SIMULATED,Reuse,TD-AR1,Π,SIM-ABL-3-0159,2.916590490363703
SIMULATED,Reuse,TD-AR1,G,SIM-ABL-3-0000,9.67390821207847
SIMULATED,Reuse,TD-AR1,G,SIM-ABL-3-0001,-12.81774786774334
SIMULATED,Reuse,TD-AR1,G,SIM-ABL-3-0002,-7.928780367828685
SIMULATED,Reuse,TD-AR1,G,SIM-ABL-3-0003,15.941678049715332
SIMULATED,Reuse,TD-AR1,G,SIM-ABL-3-0004,0.6503584801842854
SIMULATED,Reuse,TD-AR1,G,SIM-ABL-3-0005,-1.3869913713757023
SIMULATED,Reuse,TD-AR1,G,SIM-ABL-3-0006,-3.4240063806737657
SIMULATED,Reuse,TD-AR1,G,SIM-ABL-3-0007,-7.1348061428961955
SIMULATED,Reuse,TD-AR1,G,SIM-ABL-3-0008,-1.6210538510343175
SIMULATED,Reuse,TD-AR1,G,SIM-ABL-3-0009,-7.501633186090045
SIMULATED,Reuse,TD-AR1,G,SIM-ABL-3-0010,-0.03952517028966218
SIMULATED,Reuse,TD-AR1,G,SIM-ABL-3-0011,6.371430004826384
SIMULATED,Reuse,TD-AR1,G,SIM-ABL-3-0012,6.238423637574763
SIMULATED,Reuse,TD-AR1,G,SIM-ABL-3-0013,-1.079170037604642
SIMULATED,Reuse,TD-AR1,G,SIM-ABL-3-0014,7.082344488172135
SIMULATED,Reuse,TD-AR1,G,SIM-ABL-3-0015,-10.52104104674163
SIMULATED,Reuse,TD-AR1,G,SIM-ABL-3-0016,8.918284170658184
SIMULATED,Reuse,TD-AR1,G,SIM-ABL-3-0017,-0.9955676882267124
SIMULATED,Reuse,TD-AR1,G,SIM-ABL-3-0018,7.828444516412873
SIMULATED,Reuse,TD-AR1,G,SIM-ABL-3-0019,8.568475538535903
SIMULATED,Reuse,TD-AR1,G,SIM-ABL-3-0020,11.009048487181001
SIMULATED,Reuse,TD-AR1,G,SIM-ABL-3-0021,-5.9802527315795
SIMULATED,Reuse,TD-AR1,G,SIM-ABL-3-0022,-5.250270279625369
SIMULATED,Reuse,TD-AR1,G,SIM-ABL-3-0023,3.12772908430595
SIMULATED,Reuse,TD-AR1,G,SIM-ABL-3-0024,-5.03719203657797
SIMULATED,Reuse,TD-AR1,G,SIM-ABL-3-0025,2.6555747204348066
SIMULATED,Reuse,TD-AR1,G,SIM-ABL-3-0026,9.591225577181085
SIMULATED,Reuse,TD-AR1,G,SIM-ABL-3-0027,9.215387423159545
SIMULATED,Reuse,TD-AR1,G,SIM-ABL-3-0028,9.453143238337265
SIMULATED,Reuse,TD-AR1,G,SIM-ABL-3-0029,2.651672711050043
SIMULATED,Reuse,TD-AR1,G,SIM-ABL-3-0030,3.8677741153723657
SIMULATED,Reuse,TD-AR1,G,SIM-ABL-3-0031,9.031350699018313
SIMULATED,Reuse,TD-AR1,G,SIM-ABL-3-0032,2.2203607242002548
SIMULATED,Reuse,TD-AR1,G,SIM-ABL-3-0033,-14.743839469555319
SIMULATED,Reuse,TD-AR1,G,SIM-ABL-3-0034,-5.065318301590071
SIMULATED,Reuse,TD-AR1,G,SIM-ABL-3-0035,-0.28386605876126625
SIMULATED,Reuse,TD-AR1,G,SIM-ABL-3-0036,-3.377078038491546
SIMULATED,Reuse,TD-AR1,G,SIM-ABL-3-0037,-0.23438659925924465
SIMULATED,Reuse,TD-AR1,G,SIM-ABL-3-0038,-2.306146742241956
SIMULATED,Reuse,TD-AR1,G,SIM-ABL-3-0039,10.98683988313482
SIMULATED,Reuse,TD-AR1,G,SIM-ABL-3-0040,1.0600931379778151
SIMULATED,Reuse,TD-AR1,G,SIM-ABL-3-0041,-4.3403047346303065
SIMULATED,Reuse,TD-AR1,G,SIM-ABL-3-0042,7.327255637087562
SIMULATED,Reuse,TD-AR1,G,SIM-ABL-3-0043,15.580416040852992
SIMULATED,Reuse,TD-AR1,G,SIM-ABL-3-0044,4.706798245716696
SIMULATED,Reuse,TD-AR1,G,SIM-ABL-3-0045,6.990660932771985
SIMULATED,Reuse,TD-AR1,G,SIM-ABL-3-0046,10.216443876485519
SIMULATED,Reuse,TD-AR1,G,SIM-ABL-3-0047,4.939780913770761
SIMULATED,Reuse,TD-AR1,G,SIM-ABL-3-0048,-14.247239678195946
SIMULATED,Reuse,TD-AR1,G,SIM-ABL-3-0049,0.6627076195867887
SIMULATED,Reuse,TD-AR1,G,SIM-ABL-3-0050,5.875779415661459
SIMULATED,Reuse,TD-AR1,G,SIM-ABL-3-0051,0.7579188551947729
SIMULATED,Reuse,TD-AR1,G,SIM-ABL-3-0052,4.989629793491599
SIMULATED,Reuse,TD-AR1,G,SIM-ABL-3-0053,7.925613130048421
SIMULATED,Reuse,TD-AR1,G,SIM-ABL-3-0054,-6.946854892060614
SIMULATED,Reuse,TD-AR1,G,SIM-ABL-3-0055,10.061059860149653
SIMULATED,Reuse,TD-AR1,G,SIM-ABL-3-0056,8.409924170355552
SIMULATED,Reuse,TD-AR1,G,SIM-ABL-3-0057,6.993101553595647
SIMULATED,Reuse,TD-AR1,G,SIM-ABL-3-0058,7.695134561770696
SIMULATED,Reuse,TD-AR1,G,SIM-ABL-3-0059,-9.69677160724067
SIMULATED,Reuse,TD-AR1,G,SIM-ABL-3-0060,21.294677532498405
SIMULATED,Reuse,TD-AR1,G,SIM-ABL-3-0061,-1.4407349572224302
SIMULATED,Reuse,TD-AR1,G,SIM-ABL-3-0062,-2.896540759713795
SIMULATED,Reuse,TD-AR1,G,SIM-ABL-3-0063,-0.601838353658513
SIMULATED,Reuse,TD-AR1,G,SIM-ABL-3-0064,2.332353607938032
SIMULATED,Reuse,TD-AR1,G,SIM-ABL-3-0065,-1.3593797993122645
SIMULATED,Reuse,TD-AR1,G,SIM-ABL-3-0066,19.0758976887594
SIMULATED,Reuse,TD-AR1,G,SIM-ABL-3-0067,2.804728063901959
SIMULATED,Reuse,TD-AR1,G,SIM-ABL-3-0068,-8.900742954131006
SIMULATED,Reuse,TD-AR1,G,SIM-ABL-3-0069,-8.626640011238697
SIMULATED,Reuse,TD-AR1,G,SIM-ABL-3-0070,-2.0691139613433123
SIMULATED,Reuse,TD-AR1,G,SIM-ABL-3-0071,11.548437317422449
SIMULATED,Reuse,TD-AR1,G,SIM-ABL-3-0072,0.11378075485446226
SIMULATED,Reuse,TD-AR1,G,SIM-ABL-3-0073,-4.572382270921063
SIMULATED,Reuse,TD-AR1,G,SIM-ABL-3-0074,2.501666219050314
SIMULATED,Reuse,TD-AR1,G,SIM-ABL-3-0075,-2.0174056575709773
SIMULATED,Reuse,TD-AR1,G,SIM-ABL-3-0076,12.484707710196142
SIMULATED,Reuse,TD-AR1,G,SIM-ABL-3-0077,3.6885394156801468
SIMULATED,Reuse,TD-AR1,G,SIM-ABL-3-0078,4.504832344413082
SIMULATED,Reuse,TD-AR1,G,SIM-ABL-3-0079,3.2206488940198605
SIMULATED,Reuse,TD-AR1,G,SIM-ABL-3-0080,0.7647880798729938
SIMULATED,Reuse,TD-AR1,G,SIM-ABL-3-0081,2.0839347072359002
SIMULATED,Reuse,TD-AR1,G,SIM-ABL-3-0082,9.312735905786695
SIMULATED,Reuse,TD-AR1,G,SIM-ABL-3-0083,-3.668121103407696
SIMULATED,Reuse,TD-AR1,G,SIM-ABL-3-0084,0.3004835399633232
SIMULATED,Reuse,TD-AR1,G,SIM-ABL-3-0085,4.739913850559345
SIMULATED,Reuse,TD-AR1,G,SIM-ABL-3-0086,-1.2003242268105763
SIMULATED,Reuse,TD-AR1,G,SIM-ABL-3-0087,8.453143129447518
SIMULATED,Reuse,TD-AR1,G,SIM-ABL-3-0088,7.0757583700940545
SIMULATED,Reuse,TD-AR1,G,SIM-ABL-3-0089,-3.4722663813087733
SIMULATED,Reuse,TD-AR1,G,SIM-ABL-3-0090,1.512075383261513
SIMULATED,Reuse,TD-AR1,G,SIM-ABL-3-0091,6.890931967743146
SIMULATED,Reuse,TD-AR1,G,SIM-ABL-3-0092,0.22892190594006645
SIMULATED,Reuse,TD-AR1,G,SIM-ABL-3-0093,-3.4605346702269637
SIMULATED,Reuse,TD-AR1,G,SIM-ABL-3-0094,-5.542566098756454
SIMULATED,Reuse,TD-AR1,G,SIM-ABL-3-0095,15.663820417252278
SIMULATED,Reuse,TD-AR1,G,SIM-ABL-3-0096,-4.932736778220425
SIMULATED,Reuse,TD-AR1,G,SIM-ABL-3-0097,8.096796872287749
SIMULATED,Reuse,TD-AR1,G,SIM-ABL-3-0098,-0.24165306936458908
SIMULATED,Reuse,TD-AR1,G,SIM-ABL-3-0099,-2.6804628008495746
SIMULATED,Reuse,TD-AR1,G,SIM-ABL-3-0100,-2.0213982762122775
SIMULATED,Reuse,TD-AR1,G,SIM-ABL-3-0101,-6.949305558406937
SIMULATED,Reuse,TD-AR1,G,SIM-ABL-3-0102,11.296276752926172
SIMULATED,Reuse,TD-AR1,G,SIM-ABL-3-0103,1.005564511828072
SIMULATED,Reuse,TD-AR1,G,SIM-ABL-3-0104,-0.32608722256143885
SIMULATED,Reuse,TD-AR1,G,SIM-ABL-3-0105,5.381003328794118
SIMULATED,Reuse,TD-AR1,G,SIM-ABL-3-0106,7.041899712581613
SIMULATED,Reuse,TD-AR1,G,SIM-ABL-3-0107,-7.6713820834906326
SIMULATED,Reuse,TD-AR1,G,SIM-ABL-3-0108,0.3728751976317719
SIMULATED,Reuse,TD-AR1,G,SIM-ABL-3-0109,-12.314161802865208
SIMULATED,Reuse,TD-AR1,G,SIM-ABL-3-0110,-3.4595867499119253
SIMULATED,Reuse,TD-AR1,G,SIM-ABL-3-0111,8.602109319561894
SIMULATED,Reuse,TD-AR1,G,SIM-ABL-3-0112,10.750730436580676
SIMULATED,Reuse,TD-AR1,G,SIM-ABL-3-0113,-1.9769843212584495
SIMULATED,Reuse,TD-AR1,G,SIM-ABL-3-0114,5.760857628991892
SIMULATED,Reuse,TD-AR1,G,SIM-ABL-3-0115,7.1327685621411625
SIMULATED,Reuse,TD-AR1,G,SIM-ABL-3-0116,5.2937842614938235
SIMULATED,Reuse,TD-AR1,G,SIM-ABL-3-0117,10.706786117603135
SIMULATED,Reuse,TD-AR1,G,SIM-ABL-3-0118,1.4558570805824798
SIMULATED,Reuse,TD-AR1,G,SIM-ABL-3-0119,5.067937450578935
SIMULATED,Reuse,TD-AR1,G,SIM-ABL-3-0120,0.5760769910112618
SIMULATED,Reuse,TD-AR1,G,SIM-ABL-3-0121,4.001148233827496
SIMULATED,Reuse,TD-AR1,G,SIM-ABL-3-0122,-5.803925620960813
SIMULATED,Reuse,TD-AR1,G,SIM-ABL-3-0123,-11.137910413766546
SIMULATED,Reuse,TD-AR1,G,SIM-ABL-3-0124,3.1740965865390574
SIMULATED,Reuse,TD-AR1,G,SIM-ABL-3-0125,1.0081890790947323
SIMULATED,Reuse,TD-AR1,G,SIM-ABL-3-0126,-0.1843562742934104
SIMULATED,Reuse,TD-AR1,G,SIM-ABL-3-0127,-5.653088756251655
SIMULATED,Reuse,TD-AR1,G,SIM-ABL-3-0128,-4.534813568421638
SIMULATED,Reuse,TD-AR1,G,SIM-ABL-3-0129,8.512414161726454
SIMULATED,Reuse,TD-AR1,G,SIM-ABL-3-0130,4.023596155210595
SIMULATED,Reuse,TD-AR1,G,SIM-ABL-3-0131,9.414757707940979
SIMULATED,Reuse,TD-AR1,G,SIM-ABL-3-0132,-2.847784616549016
SIMULATED,Reuse,TD-AR1,G,SIM-ABL-3-0133,-9.809348555880131
SIMULATED,Reuse,TD-AR1,G,SIM-ABL-3-0134,-9.489726715341146
SIMULATED,Reuse,TD-AR1,G,SIM-ABL-3-0135,13.3358588205869
SIMULATED,Reuse,TD-AR1,G,SIM-ABL-3-0136,-4.3578447434842165
SIMULATED,Reuse,TD-AR1,G,SIM-ABL-3-0137,2.8268301761624786
SIMULATED,Reuse,TD-AR1,G,SIM-ABL-3-0138,-5.203823296645851
SIMULATED,Reuse,TD-AR1,G,SIM-ABL-3-0139,1.4478525341348067
SIMULATED,Reuse,TD-AR1,G,SIM-ABL-3-0140,-1.78334232279549
SIMULATED,Reuse,TD-AR1,G,SIM-ABL-3-0141,4.2637386149180845
SIMULATED,Reuse,TD-AR1,G,SIM-ABL-3-0142,0.7735119016887642
SIMULATED,Reuse,TD-AR1,G,SIM-ABL-3-0143,-2.9998750978368562
SIMULATED,Reuse,TD-AR1,G,SIM-ABL-3-0144,0.9843840244836091
SIMULATED,Reuse,TD-AR1,G,SIM-ABL-3-0145,2.252108224471316
SIMULATED,Reuse,TD-AR1,G,SIM-ABL-3-0146,-4.262172208729084
SIMULATED,Reuse,TD-AR1,G,SIM-ABL-3-0147,5.018318932217133
SIMULATED,Reuse,TD-AR1,G,SIM-ABL-3-0148,6.298306735354187
SIMULATED,Reuse,TD-AR1,G,SIM-ABL-3-0149,1.7504209898269032
SIMULATED,Reuse,TD-AR1,G,SIM-ABL-3-0150,-8.039045777486955
SIMULATED,Reuse,TD-AR1,G,SIM-ABL-3-0151,-11.358062208558662
SIMULATED,Reuse,TD-AR1,G,SIM-ABL-3-0152,-10.53758906906338
SIMULATED,Reuse,TD-AR1,G,SIM-ABL-3-0153,11.58365012794171
SIMULATED,Reuse,TD-AR1,G,SIM-ABL-3-0154,9.379175034603364
SIMULATED,Reuse,TD-AR1,G,SIM-ABL-3-0155,15.470554498208582
SIMULATED,Reuse,TD-AR1,G,SIM-ABL-3-0156,2.507289670689694
SIMULATED,Reuse,TD-AR1,G,SIM-ABL-3-0157,-8.632190061727622
SIMULATED,Reuse,TD-AR1,G,SIM-ABL-3-0158,0.5782942442746883
SIMULATED,Reuse,TD-AR1,G,SIM-ABL-3-0159,14.931663946533659
SIMULATED,Collect,TD-SV2,A,SIM-ABL-4-0000,4.48500951344371
SIMULATED,Collect,TD-SV2,A,SIM-ABL-4-0001,1.317827463209272
SIMULATED,Collect,TD-SV2,A,SIM-ABL-4-0002,4.208177727306097
SIMULATED,Collect,TD-SV2,A,SIM-ABL-4-0003,8.110657114990524
SIMULATED,Collect,TD-SV2,A,SIM-ABL-4-0004,-9.512394647508792
SIMULATED,Collect,TD-SV2,A,SIM-ABL-4-0005,0.7458092883293923
SIMULATED,Collect,TD-SV2,A,SIM-ABL-4-0006,-3.6002441232236455
SIMULATED,Collect,TD-SV2,A,SIM-ABL-4-0007,-1.9270807148279632
SIMULATED,Collect,TD-SV2,A,SIM-ABL-4-0008,12.618114120183398
SIMULATED,Collect,TD-SV2,A,SIM-ABL-4-0009,4.535360283084555
SIMULATED,Collect,TD-SV2,A,SIM-ABL-4-0010,-4.45931603740088
SIMULATED,Collect,TD-SV2,A,SIM-ABL-4-0011,0.3032272546887129
SIMULATED,Collect,TD-SV2,A,SIM-ABL-4-0012,0.3069725000713672
SIMULATED,Collect,TD-SV2,A,SIM-ABL-4-0013,0.6311617460734575
SIMULATED,Collect,TD-SV2,A,SIM-ABL-4-0014,-6.653624525394271
SIMULATED,Collect,TD-SV2,A,SIM-ABL-4-0015,8.816983894751978
SIMULATED,Collect,TD-SV2,A,SIM-ABL-4-0016,-5.349248322802232
SIMULATED,Collect,TD-SV2,A,SIM-ABL-4-0017,-3.842394941383067
SIMULATED,Collect,TD-SV2,A,SIM-ABL-4-0018,10.887264517815956
SIMULATED,Collect,TD-SV2,A,SIM-ABL-4-0019,0.9017092565817753
SIMULATED,Collect,TD-SV2,A,SIM-ABL-4-0020,-9.213997763829852
SIMULATED,Collect,TD-SV2,A,SIM-ABL-4-0021,5.5623673017968525
SIMULATED,Collect,TD-SV2,A,SIM-ABL-4-0022,-4.758002711954991
SIMULATED,Collect,TD-SV2,A,SIM-ABL-4-0023,0.8307159023037074
SIMULATED,Collect,TD-SV2,A,SIM-ABL-4-0024,9.204023682330162
SIMULATED,Collect,TD-SV2,A,SIM-ABL-4-0025,2.7675993241929344
SIMULATED,Collect,TD-SV2,A,SIM-ABL-4-0026,15.563267295932533
SIMULATED,Collect,TD-SV2,A,SIM-ABL-4-0027,-2.8499703041906344
SIMULATED,Collect,TD-SV2,A,SIM-ABL-4-0028,9.882693168628064
SIMULATED,Collect,TD-SV2,A,SIM-ABL-4-0029,3.9006095228414264
SIMULATED,Collect,TD-SV2,A,SIM-ABL-4-0030,6.357210873992232
SIMULATED,Collect,TD-SV2,A,SIM-ABL-4-0031,0.9805366232670312
SIMULATED,Collect,TD-SV2,A,SIM-ABL-4-0032,-2.806495911411284
SIMULATED,Collect,TD-SV2,A,SIM-ABL-4-0033,2.637251056773038
SIMULATED,Collect,TD-SV2,A,SIM-ABL-4-0034,0.15752894493346892
SIMULATED,Collect,TD-SV2,A,SIM-ABL-4-0035,-0.5485238942820128
SIMULATED,Collect,TD-SV2,A,SIM-ABL-4-0036,-8.964889387283948
SIMULATED,Collect,TD-SV2,A,SIM-ABL-4-0037,3.580126449523529
SIMULATED,Collect,TD-SV2,A,SIM-ABL-4-0038,-12.71650891702997
SIMULATED,Collect,TD-SV2,A,SIM-ABL-4-0039,18.075596238615137
SIMULATED,Collect,TD-SV2,A,SIM-ABL-4-0040,2.004046747451529
SIMULATED,Collect,TD-SV2,A,SIM-ABL-4-0041,-8.155964269562235
SIMULATED,Collect,TD-SV2,A,SIM-ABL-4-0042,3.3320139921634815
SIMULATED,Collect,TD-SV2,A,SIM-ABL-4-0043,1.677349475874306
SIMULATED,Collect,TD-SV2,A,SIM-ABL-4-0044,6.174433602919696
SIMULATED,Collect,TD-SV2,A,SIM-ABL-4-0045,-5.661370574298263
SIMULATED,Collect,TD-SV2,A,SIM-ABL-4-0046,-3.1520975933276736
SIMULATED,Collect,TD-SV2,A,SIM-ABL-4-0047,17.740637149255374
SIMULATED,Collect,TD-SV2,A,SIM-ABL-4-0048,0.610156342570658
SIMULATED,Collect,TD-SV2,A,SIM-ABL-4-0049,6.1330435037745055
SIMULATED,Collect,TD-SV2,A,SIM-ABL-4-0050,-5.737895968696829
SIMULATED,Collect,TD-SV2,A,SIM-ABL-4-0051,14.095684140124892
SIMULATED,Collect,TD-SV2,A,SIM-ABL-4-0052,-6.520193104033577
SIMULATED,Collect,TD-SV2,A,SIM-ABL-4-0053,-17.51316030620103
SIMULATED,Collect,TD-SV2,A,SIM-ABL-4-0054,-2.271653054761037
SIMULATED,Collect,TD-SV2,A,SIM-ABL-4-0055,-2.896279672019973
SIMULATED,Collect,TD-SV2,A,SIM-ABL-4-0056,-4.987970570720545
SIMULATED,Collect,TD-SV2,A,SIM-ABL-4-0057,4.133495935384365
SIMULATED,Collect,TD-SV2,A,SIM-ABL-4-0058,-10.659790006772525
SIMULATED,Collect,TD-SV2,A,SIM-ABL-4-0059,5.2277395661001975
SIMULATED,Collect,TD-SV2,A,SIM-ABL-4-0060,5.016496991643198
SIMULATED,Collect,TD-SV2,A,SIM-ABL-4-0061,4.424015433630664
SIMULATED,Collect,TD-SV2,A,SIM-ABL-4-0062,-0.16115058882993605
SIMULATED,Collect,TD-SV2,A,SIM-ABL-4-0063,19.875185029474828
SIMULATED,Collect,TD-SV2,A,SIM-ABL-4-0064,-1.4692670824045182
SIMULATED,Collect,TD-SV2,A,SIM-ABL-4-0065,0.5835350172666731
SIMULATED,Collect,TD-SV2,A,SIM-ABL-4-0066,-0.6000457549919802
SIMULATED,Collect,TD-SV2,A,SIM-ABL-4-0067,-3.0934653712791604
SIMULATED,Collect,TD-SV2,A,SIM-ABL-4-0068,-9.038481415928715
SIMULATED,Collect,TD-SV2,A,SIM-ABL-4-0069,4.371407348934193
SIMULATED,Collect,TD-SV2,A,SIM-ABL-4-0070,0.6130159290305142
SIMULATED,Collect,TD-SV2,A,SIM-ABL-4-0071,13.56076087123915
SIMULATED,Collect,TD-SV2,A,SIM-ABL-4-0072,6.5406317166636825
SIMULATED,Collect,TD-SV2,A,SIM-ABL-4-0073,-3.0463907579464635
SIMULATED,Collect,TD-SV2,A,SIM-ABL-4-0074,6.2962788337658875
SIMULATED,Collect,TD-SV2,A,SIM-ABL-4-0075,-0.2568888701914478
SIMULATED,Collect,TD-SV2,A,SIM-ABL-4-0076,5.333256460996516
SIMULATED,Collect,TD-SV2,A,SIM-ABL-4-0077,-1.8972762653102726
SIMULATED,Collect,TD-SV2,A,SIM-ABL-4-0078,10.763550979793116
SIMULATED,Collect,TD-SV2,A,SIM-ABL-4-0079,2.670564646706528
SIMULATED,Collect,TD-SV2,A,SIM-ABL-4-0080,1.7444183603396843
SIMULATED,Collect,TD-SV2,A,SIM-ABL-4-0081,-1.7015430394871554
SIMULATED,Collect,TD-SV2,A,SIM-ABL-4-0082,0.017732288658227846
SIMULATED,Collect,TD-SV2,A,SIM-ABL-4-0083,-1.6192681117823184
SIMULATED,Collect,TD-SV2,A,SIM-ABL-4-0084,9.144959782847277
SIMULATED,Collect,TD-SV2,A,SIM-ABL-4-0085,8.06322344129628
SIMULATED,Collect,TD-SV2,A,SIM-ABL-4-0086,-2.8702856303562223
SIMULATED,Collect,TD-SV2,A,SIM-ABL-4-0087,14.093294581903383
SIMULATED,Collect,TD-SV2,A,SIM-ABL-4-0088,7.95404097620018
SIMULATED,Collect,TD-SV2,A,SIM-ABL-4-0089,-2.912182861398853
SIMULATED,Collect,TD-SV2,A,SIM-ABL-4-0090,-2.6071291451655974
SIMULATED,Collect,TD-SV2,A,SIM-ABL-4-0091,3.401302992877148
SIMULATED,Collect,TD-SV2,A,SIM-ABL-4-0092,-2.777967140542139
SIMULATED,Collect,TD-SV2,A,SIM-ABL-4-0093,6.504369742312612
SIMULATED,Collect,TD-SV2,A,SIM-ABL-4-0094,-4.218981013842104
SIMULATED,Collect,TD-SV2,A,SIM-ABL-4-0095,-2.0503540405794354
SIMULATED,Collect,TD-SV2,A,SIM-ABL-4-0096,-2.818960504232545
SIMULATED,Collect,TD-SV2,A,SIM-ABL-4-0097,-6.334155795614972
SIMULATED,Collect,TD-SV2,A,SIM-ABL-4-0098,11.283214698114357
SIMULATED,Collect,TD-SV2,A,SIM-ABL-4-0099,0.5648511057467187
SIMULATED,Collect,TD-SV2,A,SIM-ABL-4-0100,9.62099134322883
SIMULATED,Collect,TD-SV2,A,SIM-ABL-4-0101,2.674265294620529
SIMULATED,Collect,TD-SV2,A,SIM-ABL-4-0102,4.593203976097962
SIMULATED,Collect,TD-SV2,A,SIM-ABL-4-0103,-1.1714252561650875
SIMULATED,Collect,TD-SV2,A,SIM-ABL-4-0104,-20.685309436400335
SIMULATED,Collect,TD-SV2,A,SIM-ABL-4-0105,6.394103425262969
SIMULATED,Collect,TD-SV2,A,SIM-ABL-4-0106,4.804174185474429
SIMULATED,Collect,TD-SV2,A,SIM-ABL-4-0107,3.4416649863887927
SIMULATED,Collect,TD-SV2,A,SIM-ABL-4-0108,3.6033472057814686
SIMULATED,Collect,TD-SV2,A,SIM-ABL-4-0109,4.3222370964868455
SIMULATED,Collect,TD-SV2,A,SIM-ABL-4-0110,-1.517437788540584
SIMULATED,Collect,TD-SV2,A,SIM-ABL-4-0111,8.020282387096218
SIMULATED,Collect,TD-SV2,A,SIM-ABL-4-0112,1.4203589518231219
SIMULATED,Collect,TD-SV2,A,SIM-ABL-4-0113,6.276977789865743
SIMULATED,Collect,TD-SV2,A,SIM-ABL-4-0114,0.39293805264535164
SIMULATED,Collect,TD-SV2,A,SIM-ABL-4-0115,-3.027963398430268
SIMULATED,Collect,TD-SV2,A,SIM-ABL-4-0116,12.02867528886602
SIMULATED,Collect,TD-SV2,A,SIM-ABL-4-0117,1.1009658436929677
SIMULATED,Collect,TD-SV2,A,SIM-ABL-4-0118,0.9331895497626981
SIMULATED,Collect,TD-SV2,A,SIM-ABL-4-0119,12.496230733008641
SIMULATED,Collect,TD-SV2,A,SIM-ABL-4-0120,14.415406871640142
SIMULATED,Collect,TD-SV2,A,SIM-ABL-4-0121,0.16256398406339145
SIMULATED,Collect,TD-SV2,A,SIM-ABL-4-0122,17.84501232691597
SIMULATED,Collect,TD-SV2,A,SIM-ABL-4-0123,-10.950335286669247
SIMULATED,Collect,TD-SV2,A,SIM-ABL-4-0124,2.4237440794711302
SIMULATED,Collect,TD-SV2,A,SIM-ABL-4-0125,-1.2025708694376154
SIMULATED,Collect,TD-SV2,A,SIM-ABL-4-0126,7.977313482430857
SIMULATED,Collect,TD-SV2,A,SIM-ABL-4-0127,-3.9066875467983087
SIMULATED,Collect,TD-SV2,A,SIM-ABL-4-0128,7.011868184531327
SIMULATED,Collect,TD-SV2,A,SIM-ABL-4-0129,1.93471508577809
SIMULATED,Collect,TD-SV2,A,SIM-ABL-4-0130,0.28825743485679967
SIMULATED,Collect,TD-SV2,A,SIM-ABL-4-0131,0.07398058987821177
SIMULATED,Collect,TD-SV2,A,SIM-ABL-4-0132,4.803936998826522
SIMULATED,Collect,TD-SV2,A,SIM-ABL-4-0133,-5.590278937203256
SIMULATED,Collect,TD-SV2,A,SIM-ABL-4-0134,0.34343153454897424
SIMULATED,Collect,TD-SV2,A,SIM-ABL-4-0135,-0.8724175418632059
SIMULATED,Collect,TD-SV2,A,SIM-ABL-4-0136,6.349046174733756
SIMULATED,Collect,TD-SV2,A,SIM-ABL-4-0137,8.83035992122776
SIMULATED,Collect,TD-SV2,A,SIM-ABL-4-0138,1.5403599507373071
SIMULATED,Collect,TD-SV2,A,SIM-ABL-4-0139,9.559896493429282
SIMULATED,Collect,TD-SV2,A,SIM-ABL-4-0140,8.652376666485036
SIMULATED,Collect,TD-SV2,A,SIM-ABL-4-0141,-3.1015819919690077
SIMULATED,Collect,TD-SV2,A,SIM-ABL-4-0142,-5.3449794167110625
SIMULATED,Collect,TD-SV2,A,SIM-ABL-4-0143,12.549179604501287
SIMULATED,Collect,TD-SV2,A,SIM-ABL-4-0144,12.744354795501728
SIMULATED,Collect,TD-SV2,A,SIM-ABL-4-0145,-3.1505577428479015
SIMULATED,Collect,TD-SV2,A,SIM-ABL-4-0146,2.6750753321326233
SIMULATED,Collect,TD-SV2,A,SIM-ABL-4-0147,1.4686855739901343
SIMULATED,Collect,TD-SV2,A,SIM-ABL-4-0148,-18.301413422083883
SIMULATED,Collect,TD-SV2,A,SIM-ABL-4-0149,-10.128570400237264
SIMULATED,Collect,TD-SV2,A,SIM-ABL-4-0150,-0.6501988330284756
SIMULATED,Collect,TD-SV2,A,SIM-ABL-4-0151,3.321769015644954
SIMULATED,Collect,TD-SV2,A,SIM-ABL-4-0152,-2.5966741032693808
SIMULATED,Collect,TD-SV2,A,SIM-ABL-4-0153,1.9458439674955224
SIMULATED,Collect,TD-SV2,A,SIM-ABL-4-0154,-6.201764320057848
SIMULATED,Collect,TD-SV2,A,SIM-ABL-4-0155,-13.673050522509753
SIMULATED,Collect,TD-SV2,A,SIM-ABL-4-0156,6.82695443506619
SIMULATED,Collect,TD-SV2,A,SIM-ABL-4-0157,-5.887504853770626
SIMULATED,Collect,TD-SV2,A,SIM-ABL-4-0158,-4.188033638129272
SIMULATED,Collect,TD-SV2,A,SIM-ABL-4-0159,0.7334458250368454
SIMULATED,Collect,TD-SV2,K,SIM-ABL-4-0000,-3.783418307705733
SIMULATED,Collect,TD-SV2,K,SIM-ABL-4-0001,-0.8753069557954052
SIMULATED,Collect,TD-SV2,K,SIM-ABL-4-0002,0.30087151942593127
SIMULATED,Collect,TD-SV2,K,SIM-ABL-4-0003,4.807478377933994
SIMULATED,Collect,TD-SV2,K,SIM-ABL-4-0004,-3.0851134777501414
SIMULATED,Collect,TD-SV2,K,SIM-ABL-4-0005,5.815301105837376
SIMULATED,Collect,TD-SV2,K,SIM-ABL-4-0006,5.357072171167643
SIMULATED,Collect,TD-SV2,K,SIM-ABL-4-0007,11.603506884813285
SIMULATED,Collect,TD-SV2,K,SIM-ABL-4-0008,-8.421012580811981
SIMULATED,Collect,TD-SV2,K,SIM-ABL-4-0009,-4.276120766346502
SIMULATED,Collect,TD-SV2,K,SIM-ABL-4-0010,-7.205023606144606
SIMULATED,Collect,TD-SV2,K,SIM-ABL-4-0011,9.966459472909484
SIMULATED,Collect,TD-SV2,K,SIM-ABL-4-0012,-4.095071036618533
SIMULATED,Collect,TD-SV2,K,SIM-ABL-4-0013,3.620018161512923
SIMULATED,Collect,TD-SV2,K,SIM-ABL-4-0014,-4.853334377437711
SIMULATED,Collect,TD-SV2,K,SIM-ABL-4-0015,-3.652526477258915
SIMULATED,Collect,TD-SV2,K,SIM-ABL-4-0016,-13.490668386470551
SIMULATED,Collect,TD-SV2,K,SIM-ABL-4-0017,-3.4535038166718586
SIMULATED,Collect,TD-SV2,K,SIM-ABL-4-0018,12.902165264839384
SIMULATED,Collect,TD-SV2,K,SIM-ABL-4-0019,1.365110964333295
SIMULATED,Collect,TD-SV2,K,SIM-ABL-4-0020,-14.62404451168733
SIMULATED,Collect,TD-SV2,K,SIM-ABL-4-0021,-3.4041357738159705
SIMULATED,Collect,TD-SV2,K,SIM-ABL-4-0022,6.421429523368633
SIMULATED,Collect,TD-SV2,K,SIM-ABL-4-0023,6.978487184001488
SIMULATED,Collect,TD-SV2,K,SIM-ABL-4-0024,3.957016436036568
SIMULATED,Collect,TD-SV2,K,SIM-ABL-4-0025,-8.291347891760688
SIMULATED,Collect,TD-SV2,K,SIM-ABL-4-0026,12.319199205510461
SIMULATED,Collect,TD-SV2,K,SIM-ABL-4-0027,-3.243968664972548
SIMULATED,Collect,TD-SV2,K,SIM-ABL-4-0028,0.9864385151129085
SIMULATED,Collect,TD-SV2,K,SIM-ABL-4-0029,7.53803264646564
SIMULATED,Collect,TD-SV2,K,SIM-ABL-4-0030,-1.9179094090332918
SIMULATED,Collect,TD-SV2,K,SIM-ABL-4-0031,-5.843869733871053
SIMULATED,Collect,TD-SV2,K,SIM-ABL-4-0032,12.487756567331738
SIMULATED,Collect,TD-SV2,K,SIM-ABL-4-0033,9.420438533313337
SIMULATED,Collect,TD-SV2,K,SIM-ABL-4-0034,0.5803366195678188
SIMULATED,Collect,TD-SV2,K,SIM-ABL-4-0035,0.5151488166288584
SIMULATED,Collect,TD-SV2,K,SIM-ABL-4-0036,4.222300697871849
SIMULATED,Collect,TD-SV2,K,SIM-ABL-4-0037,0.1191488639164191
SIMULATED,Collect,TD-SV2,K,SIM-ABL-4-0038,-2.8598214259137036
SIMULATED,Collect,TD-SV2,K,SIM-ABL-4-0039,-1.2868073968641056
SIMULATED,Collect,TD-SV2,K,SIM-ABL-4-0040,1.3148093003130472
SIMULATED,Collect,TD-SV2,K,SIM-ABL-4-0041,-4.721093659961366
SIMULATED,Collect,TD-SV2,K,SIM-ABL-4-0042,13.312389601932122
SIMULATED,Collect,TD-SV2,K,SIM-ABL-4-0043,-0.323601286543292
SIMULATED,Collect,TD-SV2,K,SIM-ABL-4-0044,-1.018050694390565
SIMULATED,Collect,TD-SV2,K,SIM-ABL-4-0045,-7.692386586377407
SIMULATED,Collect,TD-SV2,K,SIM-ABL-4-0046,-1.241212787276917
SIMULATED,Collect,TD-SV2,K,SIM-ABL-4-0047,7.716140759723195
SIMULATED,Collect,TD-SV2,K,SIM-ABL-4-0048,1.8189828096652323
SIMULATED,Collect,TD-SV2,K,SIM-ABL-4-0049,3.2501746331233186
SIMULATED,Collect,TD-SV2,K,SIM-ABL-4-0050,-8.485628474420054
SIMULATED,Collect,TD-SV2,K,SIM-ABL-4-0051,-1.0150195800553024
SIMULATED,Collect,TD-SV2,K,SIM-ABL-4-0052,5.3679578805382615
SIMULATED,Collect,TD-SV2,K,SIM-ABL-4-0053,8.752681541728869
SIMULATED,Collect,TD-SV2,K,SIM-ABL-4-0054,15.389808526146838
SIMULATED,Collect,TD-SV2,K,SIM-ABL-4-0055,7.8987037524535335
SIMULATED,Collect,TD-SV2,K,SIM-ABL-4-0056,8.12717482646194
SIMULATED,Collect,TD-SV2,K,SIM-ABL-4-0057,5.86929814452803
SIMULATED,Collect,TD-SV2,K,SIM-ABL-4-0058,2.1318700676292623
SIMULATED,Collect,TD-SV2,K,SIM-ABL-4-0059,3.4351521826563483
SIMULATED,Collect,TD-SV2,K,SIM-ABL-4-0060,3.1783620472755523
SIMULATED,Collect,TD-SV2,K,SIM-ABL-4-0061,-1.6421073272654578
SIMULATED,Collect,TD-SV2,K,SIM-ABL-4-0062,-6.681212972501663
SIMULATED,Collect,TD-SV2,K,SIM-ABL-4-0063,-14.13619198653233
SIMULATED,Collect,TD-SV2,K,SIM-ABL-4-0064,0.6128392742572158
SIMULATED,Collect,TD-SV2,K,SIM-ABL-4-0065,6.965009214808908
SIMULATED,Collect,TD-SV2,K,SIM-ABL-4-0066,-4.315070119839056
SIMULATED,Collect,TD-SV2,K,SIM-ABL-4-0067,-15.751172240699375
SIMULATED,Collect,TD-SV2,K,SIM-ABL-4-0068,-5.518634882229164
SIMULATED,Collect,TD-SV2,K,SIM-ABL-4-0069,-1.161775050102087
SIMULATED,Collect,TD-SV2,K,SIM-ABL-4-0070,-7.6022842625916445
SIMULATED,Collect,TD-SV2,K,SIM-ABL-4-0071,18.42420533369177
SIMULATED,Collect,TD-SV2,K,SIM-ABL-4-0072,2.4572385041377807
SIMULATED,Collect,TD-SV2,K,SIM-ABL-4-0073,15.601709968204082
SIMULATED,Collect,TD-SV2,K,SIM-ABL-4-0074,10.549784611017047
SIMULATED,Collect,TD-SV2,K,SIM-ABL-4-0075,-10.270616577631845
SIMULATED,Collect,TD-SV2,K,SIM-ABL-4-0076,-3.400233665136687
SIMULATED,Collect,TD-SV2,K,SIM-ABL-4-0077,0.24167118415273814
SIMULATED,Collect,TD-SV2,K,SIM-ABL-4-0078,11.064136922847458
SIMULATED,Collect,TD-SV2,K,SIM-ABL-4-0079,-9.858261438589997
SIMULATED,Collect,TD-SV2,K,SIM-ABL-4-0080,0.6026056897640485
SIMULATED,Collect,TD-SV2,K,SIM-ABL-4-0081,-4.3877042685625565
SIMULATED,Collect,TD-SV2,K,SIM-ABL-4-0082,-10.376128851136794
SIMULATED,Collect,TD-SV2,K,SIM-ABL-4-0083,4.489934513411569
SIMULATED,Collect,TD-SV2,K,SIM-ABL-4-0084,1.7250474871702144
SIMULATED,Collect,TD-SV2,K,SIM-ABL-4-0085,-1.7834452964214222
SIMULATED,Collect,TD-SV2,K,SIM-ABL-4-0086,3.617980465281363
SIMULATED,Collect,TD-SV2,K,SIM-ABL-4-0087,-4.116101726757862
SIMULATED,Collect,TD-SV2,K,SIM-ABL-4-0088,-7.684800464169515
SIMULATED,Collect,TD-SV2,K,SIM-ABL-4-0089,7.661720804284808
SIMULATED,Collect,TD-SV2,K,SIM-ABL-4-0090,0.20852489883361014
SIMULATED,Collect,TD-SV2,K,SIM-ABL-4-0091,-4.9431006174369285
SIMULATED,Collect,TD-SV2,K,SIM-ABL-4-0092,11.621833066435133
SIMULATED,Collect,TD-SV2,K,SIM-ABL-4-0093,-7.219422649461708
SIMULATED,Collect,TD-SV2,K,SIM-ABL-4-0094,8.921264392887197
SIMULATED,Collect,TD-SV2,K,SIM-ABL-4-0095,2.312118622721754
SIMULATED,Collect,TD-SV2,K,SIM-ABL-4-0096,1.389026818794973
SIMULATED,Collect,TD-SV2,K,SIM-ABL-4-0097,3.746498228366968
SIMULATED,Collect,TD-SV2,K,SIM-ABL-4-0098,0.6538092819593332
SIMULATED,Collect,TD-SV2,K,SIM-ABL-4-0099,-4.264320782405298
SIMULATED,Collect,TD-SV2,K,SIM-ABL-4-0100,7.066808430827579
SIMULATED,Collect,TD-SV2,K,SIM-ABL-4-0101,-0.700206546571466
SIMULATED,Collect,TD-SV2,K,SIM-ABL-4-0102,7.834462892462894
SIMULATED,Collect,TD-SV2,K,SIM-ABL-4-0103,-6.0355916608144025
SIMULATED,Collect,TD-SV2,K,SIM-ABL-4-0104,19.33781408901014
SIMULATED,Collect,TD-SV2,K,SIM-ABL-4-0105,-3.0479493281307635
SIMULATED,Collect,TD-SV2,K,SIM-ABL-4-0106,0.908496831232747
SIMULATED,Collect,TD-SV2,K,SIM-ABL-4-0107,1.531646768326717
SIMULATED,Collect,TD-SV2,K,SIM-ABL-4-0108,2.2954065177486083
SIMULATED,Collect,TD-SV2,K,SIM-ABL-4-0109,-9.277958422056608
SIMULATED,Collect,TD-SV2,K,SIM-ABL-4-0110,-4.110846697000205
SIMULATED,Collect,TD-SV2,K,SIM-ABL-4-0111,0.5593550038828821
SIMULATED,Collect,TD-SV2,K,SIM-ABL-4-0112,-5.961662543919675
SIMULATED,Collect,TD-SV2,K,SIM-ABL-4-0113,-4.0041898847300414
SIMULATED,Collect,TD-SV2,K,SIM-ABL-4-0114,0.12741482651799074
SIMULATED,Collect,TD-SV2,K,SIM-ABL-4-0115,5.770709422152588
SIMULATED,Collect,TD-SV2,K,SIM-ABL-4-0116,-8.031689980967538
SIMULATED,Collect,TD-SV2,K,SIM-ABL-4-0117,-0.13618002249389538
SIMULATED,Collect,TD-SV2,K,SIM-ABL-4-0118,-6.160101595214187
SIMULATED,Collect,TD-SV2,K,SIM-ABL-4-0119,-0.7269560956574954
SIMULATED,Collect,TD-SV2,K,SIM-ABL-4-0120,-0.7384010674987265
SIMULATED,Collect,TD-SV2,K,SIM-ABL-4-0121,-6.656844261412751
SIMULATED,Collect,TD-SV2,K,SIM-ABL-4-0122,2.1123120646579343
SIMULATED,Collect,TD-SV2,K,SIM-ABL-4-0123,-7.9728752615794685
SIMULATED,Collect,TD-SV2,K,SIM-ABL-4-0124,-3.1501294008466996
SIMULATED,Collect,TD-SV2,K,SIM-ABL-4-0125,-7.76094940616117
SIMULATED,Collect,TD-SV2,K,SIM-ABL-4-0126,-7.406144871818792
SIMULATED,Collect,TD-SV2,K,SIM-ABL-4-0127,3.748094451303528
SIMULATED,Collect,TD-SV2,K,SIM-ABL-4-0128,-4.50394849453898
SIMULATED,Collect,TD-SV2,K,SIM-ABL-4-0129,19.846759935324545
SIMULATED,Collect,TD-SV2,K,SIM-ABL-4-0130,-4.012053249775103
SIMULATED,Collect,TD-SV2,K,SIM-ABL-4-0131,0.3460935127194276
SIMULATED,Collect,TD-SV2,K,SIM-ABL-4-0132,0.567497018504908
SIMULATED,Collect,TD-SV2,K,SIM-ABL-4-0133,0.9692200461915108
SIMULATED,Collect,TD-SV2,K,SIM-ABL-4-0134,-3.8814525309427186
SIMULATED,Collect,TD-SV2,K,SIM-ABL-4-0135,-3.4166398792500274
SIMULATED,Collect,TD-SV2,K,SIM-ABL-4-0136,9.376903195519741
SIMULATED,Collect,TD-SV2,K,SIM-ABL-4-0137,2.9399759419386147
SIMULATED,Collect,TD-SV2,K,SIM-ABL-4-0138,2.617683109423391
SIMULATED,Collect,TD-SV2,K,SIM-ABL-4-0139,7.491737813300606
SIMULATED,Collect,TD-SV2,K,SIM-ABL-4-0140,4.421533478889172
SIMULATED,Collect,TD-SV2,K,SIM-ABL-4-0141,0.7609964167820263
SIMULATED,Collect,TD-SV2,K,SIM-ABL-4-0142,9.547717903235196
SIMULATED,Collect,TD-SV2,K,SIM-ABL-4-0143,6.8220490536135
SIMULATED,Collect,TD-SV2,K,SIM-ABL-4-0144,3.3187321724888657
SIMULATED,Collect,TD-SV2,K,SIM-ABL-4-0145,-11.621059800615608
SIMULATED,Collect,TD-SV2,K,SIM-ABL-4-0146,-1.5761268463151732
SIMULATED,Collect,TD-SV2,K,SIM-ABL-4-0147,4.607784843801284
SIMULATED,Collect,TD-SV2,K,SIM-ABL-4-0148,9.907323345780512
SIMULATED,Collect,TD-SV2,K,SIM-ABL-4-0149,5.127863357801373
SIMULATED,Collect,TD-SV2,K,SIM-ABL-4-0150,-0.511579554146482
SIMULATED,Collect,TD-SV2,K,SIM-ABL-4-0151,-0.7895148932644118
SIMULATED,Collect,TD-SV2,K,SIM-ABL-4-0152,6.468697165071982
SIMULATED,Collect,TD-SV2,K,SIM-ABL-4-0153,-9.160864666708102
SIMULATED,Collect,TD-SV2,K,SIM-ABL-4-0154,-10.031033105723498
SIMULATED,Collect,TD-SV2,K,SIM-ABL-4-0155,3.4359901052122384
SIMULATED,Collect,TD-SV2,K,SIM-ABL-4-0156,0.08653254490891782
SIMULATED,Collect,TD-SV2,K,SIM-ABL-4-0157,-5.529431772242815
SIMULATED,Collect,TD-SV2,K,SIM-ABL-4-0158,-2.1384168317998355
SIMULATED,Collect,TD-SV2,K,SIM-ABL-4-0159,9.173507134095123
SIMULATED,Collect,TD-SV2,V,SIM-ABL-4-0000,-2.3556994182492517
SIMULATED,Collect,TD-SV2,V,SIM-ABL-4-0001,-1.4843010346480596
SIMULATED,Collect,TD-SV2,V,SIM-ABL-4-0002,-0.31737786544702207
SIMULATED,Collect,TD-SV2,V,SIM-ABL-4-0003,-8.666095549025007
SIMULATED,Collect,TD-SV2,V,SIM-ABL-4-0004,-6.7236453197053185
SIMULATED,Collect,TD-SV2,V,SIM-ABL-4-0005,-5.630708626851438
SIMULATED,Collect,TD-SV2,V,SIM-ABL-4-0006,-2.6868902411113353
SIMULATED,Collect,TD-SV2,V,SIM-ABL-4-0007,-2.161850418167938
SIMULATED,Collect,TD-SV2,V,SIM-ABL-4-0008,3.3443669762350474
SIMULATED,Collect,TD-SV2,V,SIM-ABL-4-0009,-4.077280310012746
SIMULATED,Collect,TD-SV2,V,SIM-ABL-4-0010,9.39175187747569
SIMULATED,Collect,TD-SV2,V,SIM-ABL-4-0011,3.27185501326666
SIMULATED,Collect,TD-SV2,V,SIM-ABL-4-0012,3.185350858892459
SIMULATED,Collect,TD-SV2,V,SIM-ABL-4-0013,11.505799409752825
SIMULATED,Collect,TD-SV2,V,SIM-ABL-4-0014,-3.8500578209801803
SIMULATED,Collect,TD-SV2,V,SIM-ABL-4-0015,10.818147289892078
SIMULATED,Collect,TD-SV2,V,SIM-ABL-4-0016,6.682064734960798
SIMULATED,Collect,TD-SV2,V,SIM-ABL-4-0017,-0.2934322616206555
SIMULATED,Collect,TD-SV2,V,SIM-ABL-4-0018,-0.7533358915210575
SIMULATED,Collect,TD-SV2,V,SIM-ABL-4-0019,0.6542408774099092
SIMULATED,Collect,TD-SV2,V,SIM-ABL-4-0020,-3.438779147442193
SIMULATED,Collect,TD-SV2,V,SIM-ABL-4-0021,16.70314565384681
SIMULATED,Collect,TD-SV2,V,SIM-ABL-4-0022,3.2564727784652936
SIMULATED,Collect,TD-SV2,V,SIM-ABL-4-0023,-5.593988735195544
SIMULATED,Collect,TD-SV2,V,SIM-ABL-4-0024,20.515683999986045
SIMULATED,Collect,TD-SV2,V,SIM-ABL-4-0025,-2.6616395151437713
SIMULATED,Collect,TD-SV2,V,SIM-ABL-4-0026,13.715567704672251
SIMULATED,Collect,TD-SV2,V,SIM-ABL-4-0027,-0.6192601166677008
SIMULATED,Collect,TD-SV2,V,SIM-ABL-4-0028,-4.249517655667913
SIMULATED,Collect,TD-SV2,V,SIM-ABL-4-0029,1.511712262946256
SIMULATED,Collect,TD-SV2,V,SIM-ABL-4-0030,-2.7075822847232596
SIMULATED,Collect,TD-SV2,V,SIM-ABL-4-0031,-2.8297283225924277
SIMULATED,Collect,TD-SV2,V,SIM-ABL-4-0032,-11.996870494244764
SIMULATED,Collect,TD-SV2,V,SIM-ABL-4-0033,-8.917576126877513
SIMULATED,Collect,TD-SV2,V,SIM-ABL-4-0034,-4.657391319378227
SIMULATED,Collect,TD-SV2,V,SIM-ABL-4-0035,3.2830198386038827
SIMULATED,Collect,TD-SV2,V,SIM-ABL-4-0036,-1.666843893725179
SIMULATED,Collect,TD-SV2,V,SIM-ABL-4-0037,0.5140388030218219
SIMULATED,Collect,TD-SV2,V,SIM-ABL-4-0038,-2.102006182094902
SIMULATED,Collect,TD-SV2,V,SIM-ABL-4-0039,15.815423576728543
SIMULATED,Collect,TD-SV2,V,SIM-ABL-4-0040,-1.4584886719584824
SIMULATED,Collect,TD-SV2,V,SIM-ABL-4-0041,6.980282179753301
SIMULATED,Collect,TD-SV2,V,SIM-ABL-4-0042,-4.81820461634961
SIMULATED,Collect,TD-SV2,V,SIM-ABL-4-0043,3.4656129083892857
SIMULATED,Collect,TD-SV2,V,SIM-ABL-4-0044,0.42957515608318886
SIMULATED,Collect,TD-SV2,V,SIM-ABL-4-0045,4.957234144117169
SIMULATED,Collect,TD-SV2,V,SIM-ABL-4-0046,1.9067843378973621
SIMULATED,Collect,TD-SV2,V,SIM-ABL-4-0047,8.88828926773542
SIMULATED,Collect,TD-SV2,V,SIM-ABL-4-0048,5.772511316029024
SIMULATED,Collect,TD-SV2,V,SIM-ABL-4-0049,-1.0800391142352248
SIMULATED,Collect,TD-SV2,V,SIM-ABL-4-0050,2.665461432564596
SIMULATED,Collect,TD-SV2,V,SIM-ABL-4-0051,6.56530434886304
SIMULATED,Collect,TD-SV2,V,SIM-ABL-4-0052,-2.9269341319121125
SIMULATED,Collect,TD-SV2,V,SIM-ABL-4-0053,-4.7686308143475955
SIMULATED,Collect,TD-SV2,V,SIM-ABL-4-0054,-4.0797033504967395
SIMULATED,Collect,TD-SV2,V,SIM-ABL-4-0055,12.09716399974405
SIMULATED,Collect,TD-SV2,V,SIM-ABL-4-0056,-15.825650846436268
SIMULATED,Collect,TD-SV2,V,SIM-ABL-4-0057,-2.3130674275478817
SIMULATED,Collect,TD-SV2,V,SIM-ABL-4-0058,-5.777477043425821
SIMULATED,Collect,TD-SV2,V,SIM-ABL-4-0059,0.4896112386821825
SIMULATED,Collect,TD-SV2,V,SIM-ABL-4-0060,-3.2660946360147607
SIMULATED,Collect,TD-SV2,V,SIM-ABL-4-0061,5.001723744632331
SIMULATED,Collect,TD-SV2,V,SIM-ABL-4-0062,-12.009734154733227
SIMULATED,Collect,TD-SV2,V,SIM-ABL-4-0063,1.297407620645966
SIMULATED,Collect,TD-SV2,V,SIM-ABL-4-0064,7.930125927530696
SIMULATED,Collect,TD-SV2,V,SIM-ABL-4-0065,-3.3563093997472295
SIMULATED,Collect,TD-SV2,V,SIM-ABL-4-0066,17.224472699418538
SIMULATED,Collect,TD-SV2,V,SIM-ABL-4-0067,9.724731262181743
SIMULATED,Collect,TD-SV2,V,SIM-ABL-4-0068,15.882509819718328
SIMULATED,Collect,TD-SV2,V,SIM-ABL-4-0069,-12.270102014091444
SIMULATED,Collect,TD-SV2,V,SIM-ABL-4-0070,1.3200046080079428
SIMULATED,Collect,TD-SV2,V,SIM-ABL-4-0071,1.9587220258637004
SIMULATED,Collect,TD-SV2,V,SIM-ABL-4-0072,-1.4841252808161827
SIMULATED,Collect,TD-SV2,V,SIM-ABL-4-0073,13.827002267056496
SIMULATED,Collect,TD-SV2,V,SIM-ABL-4-0074,-2.843848116748786
SIMULATED,Collect,TD-SV2,V,SIM-ABL-4-0075,9.211934263943384
SIMULATED,Collect,TD-SV2,V,SIM-ABL-4-0076,6.494981819064459
SIMULATED,Collect,TD-SV2,V,SIM-ABL-4-0077,-2.287708343572019
SIMULATED,Collect,TD-SV2,V,SIM-ABL-4-0078,-5.384547150199861
SIMULATED,Collect,TD-SV2,V,SIM-ABL-4-0079,0.2855589993356389
SIMULATED,Collect,TD-SV2,V,SIM-ABL-4-0080,6.729082977717156
SIMULATED,Collect,TD-SV2,V,SIM-ABL-4-0081,-12.737983571473228
SIMULATED,Collect,TD-SV2,V,SIM-ABL-4-0082,2.119886242441085
SIMULATED,Collect,TD-SV2,V,SIM-ABL-4-0083,-9.996868440140574
SIMULATED,Collect,TD-SV2,V,SIM-ABL-4-0084,-6.00927620753174
SIMULATED,Collect,TD-SV2,V,SIM-ABL-4-0085,10.042337058834535
SIMULATED,Collect,TD-SV2,V,SIM-ABL-4-0086,3.7601309771180977
SIMULATED,Collect,TD-SV2,V,SIM-ABL-4-0087,9.617447168985215
SIMULATED,Collect,TD-SV2,V,SIM-ABL-4-0088,-8.804846969769605
SIMULATED,Collect,TD-SV2,V,SIM-ABL-4-0089,2.9362220807189043
SIMULATED,Collect,TD-SV2,V,SIM-ABL-4-0090,0.9343289946558989
SIMULATED,Collect,TD-SV2,V,SIM-ABL-4-0091,1.716303156617546
SIMULATED,Collect,TD-SV2,V,SIM-ABL-4-0092,7.14682217677789
SIMULATED,Collect,TD-SV2,V,SIM-ABL-4-0093,2.686242548779986
SIMULATED,Collect,TD-SV2,V,SIM-ABL-4-0094,-1.1221637747759379
SIMULATED,Collect,TD-SV2,V,SIM-ABL-4-0095,0.11311409931254612
SIMULATED,Collect,TD-SV2,V,SIM-ABL-4-0096,-4.478463541394577
SIMULATED,Collect,TD-SV2,V,SIM-ABL-4-0097,16.776696236299234
SIMULATED,Collect,TD-SV2,V,SIM-ABL-4-0098,9.182881222276631
SIMULATED,Collect,TD-SV2,V,SIM-ABL-4-0099,4.039441033274566
SIMULATED,Collect,TD-SV2,V,SIM-ABL-4-0100,4.983798284199182
SIMULATED,Collect,TD-SV2,V,SIM-ABL-4-0101,-5.190999717222385
SIMULATED,Collect,TD-SV2,V,SIM-ABL-4-0102,3.3168969139647144
SIMULATED,Collect,TD-SV2,V,SIM-ABL-4-0103,1.4667385754056443
SIMULATED,Collect,TD-SV2,V,SIM-ABL-4-0104,2.1741121714233023
SIMULATED,Collect,TD-SV2,V,SIM-ABL-4-0105,-0.44938604634953516
SIMULATED,Collect,TD-SV2,V,SIM-ABL-4-0106,19.55614484560581
SIMULATED,Collect,TD-SV2,V,SIM-ABL-4-0107,12.452447822356675
SIMULATED,Collect,TD-SV2,V,SIM-ABL-4-0108,9.629452987992261
SIMULATED,Collect,TD-SV2,V,SIM-ABL-4-0109,-10.266582541481974
SIMULATED,Collect,TD-SV2,V,SIM-ABL-4-0110,-6.9993143598151795
SIMULATED,Collect,TD-SV2,V,SIM-ABL-4-0111,1.65280498650997
SIMULATED,Collect,TD-SV2,V,SIM-ABL-4-0112,-0.7251403558994949
SIMULATED,Collect,TD-SV2,V,SIM-ABL-4-0113,0.42654412113558005
SIMULATED,Collect,TD-SV2,V,SIM-ABL-4-0114,-0.5876829880763681
SIMULATED,Collect,TD-SV2,V,SIM-ABL-4-0115,16.862116253243776
SIMULATED,Collect,TD-SV2,V,SIM-ABL-4-0116,4.590796286558065
SIMULATED,Collect,TD-SV2,V,SIM-ABL-4-0117,-7.458348492446086
SIMULATED,Collect,TD-SV2,V,SIM-ABL-4-0118,14.771168758618984
SIMULATED,Collect,TD-SV2,V,SIM-ABL-4-0119,5.827194732521336
SIMULATED,Collect,TD-SV2,V,SIM-ABL-4-0120,-7.4846935998511634
SIMULATED,Collect,TD-SV2,V,SIM-ABL-4-0121,2.248682708084077
SIMULATED,Collect,TD-SV2,V,SIM-ABL-4-0122,8.84506344106591
SIMULATED,Collect,TD-SV2,V,SIM-ABL-4-0123,20.494457421354422
SIMULATED,Collect,TD-SV2,V,SIM-ABL-4-0124,2.8279855219570793
SIMULATED,Collect,TD-SV2,V,SIM-ABL-4-0125,0.7897754908360994
SIMULATED,Collect,TD-SV2,V,SIM-ABL-4-0126,10.181312592914948
SIMULATED,Collect,TD-SV2,V,SIM-ABL-4-0127,-0.7110692622019681
SIMULATED,Collect,TD-SV2,V,SIM-ABL-4-0128,5.761331342114116
SIMULATED,Collect,TD-SV2,V,SIM-ABL-4-0129,3.5673138309844674
SIMULATED,Collect,TD-SV2,V,SIM-ABL-4-0130,-0.9101502562682231
SIMULATED,Collect,TD-SV2,V,SIM-ABL-4-0131,5.94783836656607
SIMULATED,Collect,TD-SV2,V,SIM-ABL-4-0132,6.248896486634986
SIMULATED,Collect,TD-SV2,V,SIM-ABL-4-0133,0.5840989154920496
SIMULATED,Collect,TD-SV2,V,SIM-ABL-4-0134,-3.2464374498313946
SIMULATED,Collect,TD-SV2,V,SIM-ABL-4-0135,6.322314357523907
SIMULATED,Collect,TD-SV2,V,SIM-ABL-4-0136,-7.670208247073924
SIMULATED,Collect,TD-SV2,V,SIM-ABL-4-0137,13.833605127481727
SIMULATED,Collect,TD-SV2,V,SIM-ABL-4-0138,6.46565686320054
SIMULATED,Collect,TD-SV2,V,SIM-ABL-4-0139,5.488645296075857
SIMULATED,Collect,TD-SV2,V,SIM-ABL-4-0140,6.080860238776608
SIMULATED,Collect,TD-SV2,V,SIM-ABL-4-0141,5.148588960979599
SIMULATED,Collect,TD-SV2,V,SIM-ABL-4-0142,-8.376464895658113
SIMULATED,Collect,TD-SV2,V,SIM-ABL-4-0143,-7.465876438061524
SIMULATED,Collect,TD-SV2,V,SIM-ABL-4-0144,5.123890111323962
SIMULATED,Collect,TD-SV2,V,SIM-ABL-4-0145,7.006162801234034
SIMULATED,Collect,TD-SV2,V,SIM-ABL-4-0146,-1.8869399958198974
SIMULATED,Collect,TD-SV2,V,SIM-ABL-4-0147,6.014165603035603
SIMULATED,Collect,TD-SV2,V,SIM-ABL-4-0148,-2.789379178661193
SIMULATED,Collect,TD-SV2,V,SIM-ABL-4-0149,-6.996217522199591
SIMULATED,Collect,TD-SV2,V,SIM-ABL-4-0150,2.7520509977604064
SIMULATED,Collect,TD-SV2,V,SIM-ABL-4-0151,5.229059733111925
SIMULATED,Collect,TD-SV2,V,SIM-ABL-4-0152,0.36397939603874374
SIMULATED,Collect,TD-SV2,V,SIM-ABL-4-0153,-5.131105516357176
SIMULATED,Collect,TD-SV2,V,SIM-ABL-4-0154,-11.813598422810884
SIMULATED,Collect,TD-SV2,V,SIM-ABL-4-0155,-16.162290358964214
SIMULATED,Collect,TD-SV2,V,SIM-ABL-4-0156,9.070040492334329
SIMULATED,Collect,TD-SV2,V,SIM-ABL-4-0157,4.0698754152499825
SIMULATED,Collect,TD-SV2,V,SIM-ABL-4-0158,-2.0258037507742452
SIMULATED,Collect,TD-SV2,V,SIM-ABL-4-0159,4.548926626340009
SIMULATED,Collect,TD-SV2,T,SIM-ABL-4-0000,21.183461892899103
SIMULATED,Collect,TD-SV2,T,SIM-ABL-4-0001,5.777295099508024
SIMULATED,Collect,TD-SV2,T,SIM-ABL-4-0002,2.238548271875837
SIMULATED,Collect,TD-SV2,T,SIM-ABL-4-0003,9.878421185542706
SIMULATED,Collect,TD-SV2,T,SIM-ABL-4-0004,11.597556147967353
SIMULATED,Collect,TD-SV2,T,SIM-ABL-4-0005,2.7381556349096097
SIMULATED,Collect,TD-SV2,T,SIM-ABL-4-0006,4.990693338717545
SIMULATED,Collect,TD-SV2,T,SIM-ABL-4-0007,5.639748543999764
SIMULATED,Collect,TD-SV2,T,SIM-ABL-4-0008,-9.512969280500414
SIMULATED,Collect,TD-SV2,T,SIM-ABL-4-0009,-1.374070707043069
SIMULATED,Collect,TD-SV2,T,SIM-ABL-4-0010,3.024464098604854
SIMULATED,Collect,TD-SV2,T,SIM-ABL-4-0011,4.264167626152183
SIMULATED,Collect,TD-SV2,T,SIM-ABL-4-0012,9.541509922761765
SIMULATED,Collect,TD-SV2,T,SIM-ABL-4-0013,-6.506604971854822
SIMULATED,Collect,TD-SV2,T,SIM-ABL-4-0014,-1.1801446881145816
SIMULATED,Collect,TD-SV2,T,SIM-ABL-4-0015,15.101356358904473
SIMULATED,Collect,TD-SV2,T,SIM-ABL-4-0016,2.389950619783591
SIMULATED,Collect,TD-SV2,T,SIM-ABL-4-0017,15.029103836742445
SIMULATED,Collect,TD-SV2,T,SIM-ABL-4-0018,8.137898784186516
SIMULATED,Collect,TD-SV2,T,SIM-ABL-4-0019,1.447699056958268
SIMULATED,Collect,TD-SV2,T,SIM-ABL-4-0020,12.234896696477332
SIMULATED,Collect,TD-SV2,T,SIM-ABL-4-0021,14.913552286345631
SIMULATED,Collect,TD-SV2,T,SIM-ABL-4-0022,-0.03409592807789341
SIMULATED,Collect,TD-SV2,T,SIM-ABL-4-0023,7.263573010815621
SIMULATED,Collect,TD-SV2,T,SIM-ABL-4-0024,12.359679958485923
SIMULATED,Collect,TD-SV2,T,SIM-ABL-4-0025,-2.927356265445562
SIMULATED,Collect,TD-SV2,T,SIM-ABL-4-0026,6.089903596047515
SIMULATED,Collect,TD-SV2,T,SIM-ABL-4-0027,1.5009833038883622
SIMULATED,Collect,TD-SV2,T,SIM-ABL-4-0028,-6.154326264667716
SIMULATED,Collect,TD-SV2,T,SIM-ABL-4-0029,11.272483969771017
SIMULATED,Collect,TD-SV2,T,SIM-ABL-4-0030,4.358086415316895
SIMULATED,Collect,TD-SV2,T,SIM-ABL-4-0031,1.4713670665045187
SIMULATED,Collect,TD-SV2,T,SIM-ABL-4-0032,8.949399934376792
SIMULATED,Collect,TD-SV2,T,SIM-ABL-4-0033,13.362147871729222
SIMULATED,Collect,TD-SV2,T,SIM-ABL-4-0034,-4.1656027268196585
SIMULATED,Collect,TD-SV2,T,SIM-ABL-4-0035,2.555708061935933
SIMULATED,Collect,TD-SV2,T,SIM-ABL-4-0036,-4.559472071110051
SIMULATED,Collect,TD-SV2,T,SIM-ABL-4-0037,6.897477896183426
SIMULATED,Collect,TD-SV2,T,SIM-ABL-4-0038,1.8761830693551085
SIMULATED,Collect,TD-SV2,T,SIM-ABL-4-0039,14.387691764221977
SIMULATED,Collect,TD-SV2,T,SIM-ABL-4-0040,15.612427777627785
SIMULATED,Collect,TD-SV2,T,SIM-ABL-4-0041,7.945896656856455
SIMULATED,Collect,TD-SV2,T,SIM-ABL-4-0042,15.466124331370734
SIMULATED,Collect,TD-SV2,T,SIM-ABL-4-0043,12.62072590332271
SIMULATED,Collect,TD-SV2,T,SIM-ABL-4-0044,3.4383993045640246
SIMULATED,Collect,TD-SV2,T,SIM-ABL-4-0045,0.4432804809563655
SIMULATED,Collect,TD-SV2,T,SIM-ABL-4-0046,2.299316045441679
SIMULATED,Collect,TD-SV2,T,SIM-ABL-4-0047,0.7574524974128627
SIMULATED,Collect,TD-SV2,T,SIM-ABL-4-0048,4.575770439739414
SIMULATED,Collect,TD-SV2,T,SIM-ABL-4-0049,-6.730091371358078
SIMULATED,Collect,TD-SV2,T,SIM-ABL-4-0050,7.138759069078885
SIMULATED,Collect,TD-SV2,T,SIM-ABL-4-0051,6.341835839838181
SIMULATED,Collect,TD-SV2,T,SIM-ABL-4-0052,12.086858431340765
SIMULATED,Collect,TD-SV2,T,SIM-ABL-4-0053,2.4824798960796244
SIMULATED,Collect,TD-SV2,T,SIM-ABL-4-0054,19.34748173830811
SIMULATED,Collect,TD-SV2,T,SIM-ABL-4-0055,-3.936087938218032
SIMULATED,Collect,TD-SV2,T,SIM-ABL-4-0056,-6.716163758078109
SIMULATED,Collect,TD-SV2,T,SIM-ABL-4-0057,4.190702458848744
SIMULATED,Collect,TD-SV2,T,SIM-ABL-4-0058,1.1279546944882712
SIMULATED,Collect,TD-SV2,T,SIM-ABL-4-0059,9.755404853974259
SIMULATED,Collect,TD-SV2,T,SIM-ABL-4-0060,6.96123385822475
SIMULATED,Collect,TD-SV2,T,SIM-ABL-4-0061,3.682928200120767
SIMULATED,Collect,TD-SV2,T,SIM-ABL-4-0062,13.724483547850848
SIMULATED,Collect,TD-SV2,T,SIM-ABL-4-0063,-2.7378047930992064
SIMULATED,Collect,TD-SV2,T,SIM-ABL-4-0064,12.51908086855134
SIMULATED,Collect,TD-SV2,T,SIM-ABL-4-0065,9.630559793875824
SIMULATED,Collect,TD-SV2,T,SIM-ABL-4-0066,2.4416706598770865
SIMULATED,Collect,TD-SV2,T,SIM-ABL-4-0067,7.2041374194781245
SIMULATED,Collect,TD-SV2,T,SIM-ABL-4-0068,-13.198912434765
SIMULATED,Collect,TD-SV2,T,SIM-ABL-4-0069,11.063343659140827
SIMULATED,Collect,TD-SV2,T,SIM-ABL-4-0070,-1.6301727776372426
SIMULATED,Collect,TD-SV2,T,SIM-ABL-4-0071,17.557438509825886
SIMULATED,Collect,TD-SV2,T,SIM-ABL-4-0072,5.350720163133968
SIMULATED,Collect,TD-SV2,T,SIM-ABL-4-0073,-6.161254437272882
SIMULATED,Collect,TD-SV2,T,SIM-ABL-4-0074,8.162200764276497
SIMULATED,Collect,TD-SV2,T,SIM-ABL-4-0075,6.373534432312026
SIMULATED,Collect,TD-SV2,T,SIM-ABL-4-0076,-1.0254657789666002
SIMULATED,Collect,TD-SV2,T,SIM-ABL-4-0077,3.60798271774021
SIMULATED,Collect,TD-SV2,T,SIM-ABL-4-0078,12.860953504596019
SIMULATED,Collect,TD-SV2,T,SIM-ABL-4-0079,-5.6547674209805106
SIMULATED,Collect,TD-SV2,T,SIM-ABL-4-0080,-0.23874678268543015
SIMULATED,Collect,TD-SV2,T,SIM-ABL-4-0081,4.831457489994296
SIMULATED,Collect,TD-SV2,T,SIM-ABL-4-0082,2.733218911816915
SIMULATED,Collect,TD-SV2,T,SIM-ABL-4-0083,-9.130071010261975
SIMULATED,Collect,TD-SV2,T,SIM-ABL-4-0084,-6.044062281347335
SIMULATED,Collect,TD-SV2,T,SIM-ABL-4-0085,-2.3904948595244164
SIMULATED,Collect,TD-SV2,T,SIM-ABL-4-0086,13.208303947700388
SIMULATED,Collect,TD-SV2,T,SIM-ABL-4-0087,6.207074260687768
SIMULATED,Collect,TD-SV2,T,SIM-ABL-4-0088,4.651125905213873
SIMULATED,Collect,TD-SV2,T,SIM-ABL-4-0089,21.20092400342731
SIMULATED,Collect,TD-SV2,T,SIM-ABL-4-0090,-0.3834977014559975
SIMULATED,Collect,TD-SV2,T,SIM-ABL-4-0091,5.705807869644621
SIMULATED,Collect,TD-SV2,T,SIM-ABL-4-0092,7.244435311317568
SIMULATED,Collect,TD-SV2,T,SIM-ABL-4-0093,3.160117749886044
SIMULATED,Collect,TD-SV2,T,SIM-ABL-4-0094,10.096702566472215
SIMULATED,Collect,TD-SV2,T,SIM-ABL-4-0095,-2.4161886221076623
SIMULATED,Collect,TD-SV2,T,SIM-ABL-4-0096,-10.430736954683036
SIMULATED,Collect,TD-SV2,T,SIM-ABL-4-0097,4.326196172535813
SIMULATED,Collect,TD-SV2,T,SIM-ABL-4-0098,5.87781524009597
SIMULATED,Collect,TD-SV2,T,SIM-ABL-4-0099,6.0083777756859575
SIMULATED,Collect,TD-SV2,T,SIM-ABL-4-0100,8.899425279839765
SIMULATED,Collect,TD-SV2,T,SIM-ABL-4-0101,5.601819479046425
SIMULATED,Collect,TD-SV2,T,SIM-ABL-4-0102,11.325292239163268
SIMULATED,Collect,TD-SV2,T,SIM-ABL-4-0103,0.037837617469651974
SIMULATED,Collect,TD-SV2,T,SIM-ABL-4-0104,0.28706482554715507
SIMULATED,Collect,TD-SV2,T,SIM-ABL-4-0105,16.229011189872118
SIMULATED,Collect,TD-SV2,T,SIM-ABL-4-0106,6.741869291101444
SIMULATED,Collect,TD-SV2,T,SIM-ABL-4-0107,6.474524571446819
SIMULATED,Collect,TD-SV2,T,SIM-ABL-4-0108,6.821141762364401
SIMULATED,Collect,TD-SV2,T,SIM-ABL-4-0109,3.4860428857221315
SIMULATED,Collect,TD-SV2,T,SIM-ABL-4-0110,-8.455257871646173
SIMULATED,Collect,TD-SV2,T,SIM-ABL-4-0111,8.208521194096447
SIMULATED,Collect,TD-SV2,T,SIM-ABL-4-0112,7.106166520563647
SIMULATED,Collect,TD-SV2,T,SIM-ABL-4-0113,5.081154868585379
SIMULATED,Collect,TD-SV2,T,SIM-ABL-4-0114,-1.7335017442422966
SIMULATED,Collect,TD-SV2,T,SIM-ABL-4-0115,17.25183398602416
SIMULATED,Collect,TD-SV2,T,SIM-ABL-4-0116,12.306929232801645
SIMULATED,Collect,TD-SV2,T,SIM-ABL-4-0117,22.486972900120136
SIMULATED,Collect,TD-SV2,T,SIM-ABL-4-0118,0.3142761818493076
SIMULATED,Collect,TD-SV2,T,SIM-ABL-4-0119,4.872446673567469
SIMULATED,Collect,TD-SV2,T,SIM-ABL-4-0120,-0.2697687704119911
SIMULATED,Collect,TD-SV2,T,SIM-ABL-4-0121,10.705563709347517
SIMULATED,Collect,TD-SV2,T,SIM-ABL-4-0122,-3.3626682416878326
SIMULATED,Collect,TD-SV2,T,SIM-ABL-4-0123,5.375757216663783
SIMULATED,Collect,TD-SV2,T,SIM-ABL-4-0124,9.742512332631453
SIMULATED,Collect,TD-SV2,T,SIM-ABL-4-0125,7.29607458142576
SIMULATED,Collect,TD-SV2,T,SIM-ABL-4-0126,-6.382086741827683
SIMULATED,Collect,TD-SV2,T,SIM-ABL-4-0127,1.2907007948065994
SIMULATED,Collect,TD-SV2,T,SIM-ABL-4-0128,1.9637615452679493
SIMULATED,Collect,TD-SV2,T,SIM-ABL-4-0129,7.383423799088793
SIMULATED,Collect,TD-SV2,T,SIM-ABL-4-0130,0.7647107787974496
SIMULATED,Collect,TD-SV2,T,SIM-ABL-4-0131,11.830958392546457
SIMULATED,Collect,TD-SV2,T,SIM-ABL-4-0132,14.58103516600033
SIMULATED,Collect,TD-SV2,T,SIM-ABL-4-0133,9.722460236368818
SIMULATED,Collect,TD-SV2,T,SIM-ABL-4-0134,15.8330930760924
SIMULATED,Collect,TD-SV2,T,SIM-ABL-4-0135,10.213893173471291
SIMULATED,Collect,TD-SV2,T,SIM-ABL-4-0136,-4.054193715537311
SIMULATED,Collect,TD-SV2,T,SIM-ABL-4-0137,6.502565935893475
SIMULATED,Collect,TD-SV2,T,SIM-ABL-4-0138,8.472951261716867
SIMULATED,Collect,TD-SV2,T,SIM-ABL-4-0139,2.5142040804399093
SIMULATED,Collect,TD-SV2,T,SIM-ABL-4-0140,9.383753983088507
SIMULATED,Collect,TD-SV2,T,SIM-ABL-4-0141,-0.3637194259493395
SIMULATED,Collect,TD-SV2,T,SIM-ABL-4-0142,-1.0496273829384855
SIMULATED,Collect,TD-SV2,T,SIM-ABL-4-0143,16.473707207281805
SIMULATED,Collect,TD-SV2,T,SIM-ABL-4-0144,14.656127992817746
SIMULATED,Collect,TD-SV2,T,SIM-ABL-4-0145,4.380520316166492
SIMULATED,Collect,TD-SV2,T,SIM-ABL-4-0146,-2.808252448313209
SIMULATED,Collect,TD-SV2,T,SIM-ABL-4-0147,-6.468560060952234
SIMULATED,Collect,TD-SV2,T,SIM-ABL-4-0148,6.832232593459022
SIMULATED,Collect,TD-SV2,T,SIM-ABL-4-0149,4.3441276416634516
SIMULATED,Collect,TD-SV2,T,SIM-ABL-4-0150,-4.682337112070821
SIMULATED,Collect,TD-SV2,T,SIM-ABL-4-0151,3.02811406406982
SIMULATED,Collect,TD-SV2,T,SIM-ABL-4-0152,4.8795633949223856
SIMULATED,Collect,TD-SV2,T,SIM-ABL-4-0153,6.949140656667889
SIMULATED,Collect,TD-SV2,T,SIM-ABL-4-0154,-1.1938176553201778
SIMULATED,Collect,TD-SV2,T,SIM-ABL-4-0155,12.65306654012865
SIMULATED,Collect,TD-SV2,T,SIM-ABL-4-0156,7.22865625836698
SIMULATED,Collect,TD-SV2,T,SIM-ABL-4-0157,4.036471998872756
SIMULATED,Collect,TD-SV2,T,SIM-ABL-4-0158,12.180774752668945
SIMULATED,Collect,TD-SV2,T,SIM-ABL-4-0159,4.647433320507282
SIMULATED,Collect,TD-SV2,Π,SIM-ABL-4-0000,1.0138355836251276
SIMULATED,Collect,TD-SV2,Π,SIM-ABL-4-0001,-3.1039057670191097
SIMULATED,Collect,TD-SV2,Π,SIM-ABL-4-0002,-8.842578324743744
SIMULATED,Collect,TD-SV2,Π,SIM-ABL-4-0003,12.19857573106166
SIMULATED,Collect,TD-SV2,Π,SIM-ABL-4-0004,8.603558000593758
SIMULATED,Collect,TD-SV2,Π,SIM-ABL-4-0005,-6.4089304304191925
SIMULATED,Collect,TD-SV2,Π,SIM-ABL-4-0006,12.279782925129638
SIMULATED,Collect,TD-SV2,Π,SIM-ABL-4-0007,4.79030333375405
SIMULATED,Collect,TD-SV2,Π,SIM-ABL-4-0008,-4.244127207128103
SIMULATED,Collect,TD-SV2,Π,SIM-ABL-4-0009,3.7602336509195218
SIMULATED,Collect,TD-SV2,Π,SIM-ABL-4-0010,-6.292888518338368
SIMULATED,Collect,TD-SV2,Π,SIM-ABL-4-0011,11.140132808989726
SIMULATED,Collect,TD-SV2,Π,SIM-ABL-4-0012,2.694555106720639
SIMULATED,Collect,TD-SV2,Π,SIM-ABL-4-0013,-6.643268302254152
SIMULATED,Collect,TD-SV2,Π,SIM-ABL-4-0014,-2.0143678764116935
SIMULATED,Collect,TD-SV2,Π,SIM-ABL-4-0015,-2.069436582701874
SIMULATED,Collect,TD-SV2,Π,SIM-ABL-4-0016,15.964128494054059
SIMULATED,Collect,TD-SV2,Π,SIM-ABL-4-0017,-15.543460341505053
SIMULATED,Collect,TD-SV2,Π,SIM-ABL-4-0018,3.1287277918280663
SIMULATED,Collect,TD-SV2,Π,SIM-ABL-4-0019,-9.605107121486263
SIMULATED,Collect,TD-SV2,Π,SIM-ABL-4-0020,-13.25949770608393
SIMULATED,Collect,TD-SV2,Π,SIM-ABL-4-0021,9.820168540097555
SIMULATED,Collect,TD-SV2,Π,SIM-ABL-4-0022,1.990854094876452
SIMULATED,Collect,TD-SV2,Π,SIM-ABL-4-0023,-3.2457079323939615
SIMULATED,Collect,TD-SV2,Π,SIM-ABL-4-0024,9.776238109138628
SIMULATED,Collect,TD-SV2,Π,SIM-ABL-4-0025,12.295231990746935
SIMULATED,Collect,TD-SV2,Π,SIM-ABL-4-0026,4.135004374763762
SIMULATED,Collect,TD-SV2,Π,SIM-ABL-4-0027,13.610334808851821
SIMULATED,Collect,TD-SV2,Π,SIM-ABL-4-0028,-11.21889001444649
SIMULATED,Collect,TD-SV2,Π,SIM-ABL-4-0029,6.5348410972292275
SIMULATED,Collect,TD-SV2,Π,SIM-ABL-4-0030,-5.197292377706682
SIMULATED,Collect,TD-SV2,Π,SIM-ABL-4-0031,13.201387012777726
SIMULATED,Collect,TD-SV2,Π,SIM-ABL-4-0032,5.151414935994911
SIMULATED,Collect,TD-SV2,Π,SIM-ABL-4-0033,-1.3762032096200079
SIMULATED,Collect,TD-SV2,Π,SIM-ABL-4-0034,5.941429691112552
SIMULATED,Collect,TD-SV2,Π,SIM-ABL-4-0035,14.481340984503241
SIMULATED,Collect,TD-SV2,Π,SIM-ABL-4-0036,1.302393318656951
SIMULATED,Collect,TD-SV2,Π,SIM-ABL-4-0037,-0.695381292870286
SIMULATED,Collect,TD-SV2,Π,SIM-ABL-4-0038,2.5439966845265847
SIMULATED,Collect,TD-SV2,Π,SIM-ABL-4-0039,3.0683000689026727
SIMULATED,Collect,TD-SV2,Π,SIM-ABL-4-0040,1.7363990872156836
SIMULATED,Collect,TD-SV2,Π,SIM-ABL-4-0041,8.750287130353158
SIMULATED,Collect,TD-SV2,Π,SIM-ABL-4-0042,5.189037346598368
SIMULATED,Collect,TD-SV2,Π,SIM-ABL-4-0043,-12.080916025674398
SIMULATED,Collect,TD-SV2,Π,SIM-ABL-4-0044,3.9201641466595394
SIMULATED,Collect,TD-SV2,Π,SIM-ABL-4-0045,15.678892668067785
SIMULATED,Collect,TD-SV2,Π,SIM-ABL-4-0046,4.286165587094265
SIMULATED,Collect,TD-SV2,Π,SIM-ABL-4-0047,-2.8364031618977643
SIMULATED,Collect,TD-SV2,Π,SIM-ABL-4-0048,3.5557126412207647
SIMULATED,Collect,TD-SV2,Π,SIM-ABL-4-0049,6.647669082868433
SIMULATED,Collect,TD-SV2,Π,SIM-ABL-4-0050,9.40581422802006
SIMULATED,Collect,TD-SV2,Π,SIM-ABL-4-0051,14.253821199179232
SIMULATED,Collect,TD-SV2,Π,SIM-ABL-4-0052,-8.03488275276544
SIMULATED,Collect,TD-SV2,Π,SIM-ABL-4-0053,11.413728745170427
SIMULATED,Collect,TD-SV2,Π,SIM-ABL-4-0054,0.3120543256284076
SIMULATED,Collect,TD-SV2,Π,SIM-ABL-4-0055,-4.701031529096331
SIMULATED,Collect,TD-SV2,Π,SIM-ABL-4-0056,-2.2092867620395067
SIMULATED,Collect,TD-SV2,Π,SIM-ABL-4-0057,4.7479567030905665
SIMULATED,Collect,TD-SV2,Π,SIM-ABL-4-0058,-4.813493639657419
SIMULATED,Collect,TD-SV2,Π,SIM-ABL-4-0059,6.716102862557721
SIMULATED,Collect,TD-SV2,Π,SIM-ABL-4-0060,-2.499562150567609
SIMULATED,Collect,TD-SV2,Π,SIM-ABL-4-0061,8.277665498841937
SIMULATED,Collect,TD-SV2,Π,SIM-ABL-4-0062,15.035820442354296
SIMULATED,Collect,TD-SV2,Π,SIM-ABL-4-0063,-1.8726701058423645
SIMULATED,Collect,TD-SV2,Π,SIM-ABL-4-0064,10.067622268980113
SIMULATED,Collect,TD-SV2,Π,SIM-ABL-4-0065,-4.029023625031761
SIMULATED,Collect,TD-SV2,Π,SIM-ABL-4-0066,9.818909740582125
SIMULATED,Collect,TD-SV2,Π,SIM-ABL-4-0067,5.304793735080398
SIMULATED,Collect,TD-SV2,Π,SIM-ABL-4-0068,13.173575424942314
SIMULATED,Collect,TD-SV2,Π,SIM-ABL-4-0069,8.826114513488818
SIMULATED,Collect,TD-SV2,Π,SIM-ABL-4-0070,5.098462256514873
SIMULATED,Collect,TD-SV2,Π,SIM-ABL-4-0071,7.189511029822359
SIMULATED,Collect,TD-SV2,Π,SIM-ABL-4-0072,0.7186076849101619
SIMULATED,Collect,TD-SV2,Π,SIM-ABL-4-0073,2.2097074976430684
SIMULATED,Collect,TD-SV2,Π,SIM-ABL-4-0074,4.183295179281177
SIMULATED,Collect,TD-SV2,Π,SIM-ABL-4-0075,-6.605504911728086
SIMULATED,Collect,TD-SV2,Π,SIM-ABL-4-0076,-0.6597194837593614
SIMULATED,Collect,TD-SV2,Π,SIM-ABL-4-0077,-9.23743604862208
SIMULATED,Collect,TD-SV2,Π,SIM-ABL-4-0078,2.1392200513787345
SIMULATED,Collect,TD-SV2,Π,SIM-ABL-4-0079,1.5130930154598938
SIMULATED,Collect,TD-SV2,Π,SIM-ABL-4-0080,0.9988913406653843
SIMULATED,Collect,TD-SV2,Π,SIM-ABL-4-0081,-6.677707421324388
SIMULATED,Collect,TD-SV2,Π,SIM-ABL-4-0082,6.627322880165084
SIMULATED,Collect,TD-SV2,Π,SIM-ABL-4-0083,5.120805163915059
SIMULATED,Collect,TD-SV2,Π,SIM-ABL-4-0084,2.4749527506323874
SIMULATED,Collect,TD-SV2,Π,SIM-ABL-4-0085,-0.7125355282925083
SIMULATED,Collect,TD-SV2,Π,SIM-ABL-4-0086,-6.915205260084529
SIMULATED,Collect,TD-SV2,Π,SIM-ABL-4-0087,4.415880819570327
SIMULATED,Collect,TD-SV2,Π,SIM-ABL-4-0088,14.255580379425641
SIMULATED,Collect,TD-SV2,Π,SIM-ABL-4-0089,1.7325471603757558
SIMULATED,Collect,TD-SV2,Π,SIM-ABL-4-0090,-8.36841352334974
SIMULATED,Collect,TD-SV2,Π,SIM-ABL-4-0091,-0.7680668763881071
SIMULATED,Collect,TD-SV2,Π,SIM-ABL-4-0092,0.2366049442790641
SIMULATED,Collect,TD-SV2,Π,SIM-ABL-4-0093,2.406667651614082
SIMULATED,Collect,TD-SV2,Π,SIM-ABL-4-0094,6.221044163932145
SIMULATED,Collect,TD-SV2,Π,SIM-ABL-4-0095,8.688561635092842
SIMULATED,Collect,TD-SV2,Π,SIM-ABL-4-0096,5.242274862599027
SIMULATED,Collect,TD-SV2,Π,SIM-ABL-4-0097,10.35171306119728
SIMULATED,Collect,TD-SV2,Π,SIM-ABL-4-0098,20.53044237065228
SIMULATED,Collect,TD-SV2,Π,SIM-ABL-4-0099,-0.7677682360555087
SIMULATED,Collect,TD-SV2,Π,SIM-ABL-4-0100,5.442372596867021
SIMULATED,Collect,TD-SV2,Π,SIM-ABL-4-0101,6.979209371721008
SIMULATED,Collect,TD-SV2,Π,SIM-ABL-4-0102,-1.5510239574421725
SIMULATED,Collect,TD-SV2,Π,SIM-ABL-4-0103,-3.5186133959760566
SIMULATED,Collect,TD-SV2,Π,SIM-ABL-4-0104,-0.9497094518358624
SIMULATED,Collect,TD-SV2,Π,SIM-ABL-4-0105,15.52960890006699
SIMULATED,Collect,TD-SV2,Π,SIM-ABL-4-0106,12.786965897077184
SIMULATED,Collect,TD-SV2,Π,SIM-ABL-4-0107,7.95789264651284
SIMULATED,Collect,TD-SV2,Π,SIM-ABL-4-0108,-4.399028421735385
SIMULATED,Collect,TD-SV2,Π,SIM-ABL-4-0109,-3.0740577732174064
SIMULATED,Collect,TD-SV2,Π,SIM-ABL-4-0110,14.675299233127479
SIMULATED,Collect,TD-SV2,Π,SIM-ABL-4-0111,-6.186265967671766
SIMULATED,Collect,TD-SV2,Π,SIM-ABL-4-0112,3.0464117665884314
SIMULATED,Collect,TD-SV2,Π,SIM-ABL-4-0113,0.37991485946529835
SIMULATED,Collect,TD-SV2,Π,SIM-ABL-4-0114,-6.349282646332864
SIMULATED,Collect,TD-SV2,Π,SIM-ABL-4-0115,13.228294477181691
SIMULATED,Collect,TD-SV2,Π,SIM-ABL-4-0116,3.543119840800872
SIMULATED,Collect,TD-SV2,Π,SIM-ABL-4-0117,9.362629672739807
SIMULATED,Collect,TD-SV2,Π,SIM-ABL-4-0118,7.197277457627643
SIMULATED,Collect,TD-SV2,Π,SIM-ABL-4-0119,8.06858275857837
SIMULATED,Collect,TD-SV2,Π,SIM-ABL-4-0120,4.833465459881882
SIMULATED,Collect,TD-SV2,Π,SIM-ABL-4-0121,6.088993948674542
SIMULATED,Collect,TD-SV2,Π,SIM-ABL-4-0122,3.3043321645646095
SIMULATED,Collect,TD-SV2,Π,SIM-ABL-4-0123,4.529857763165236
SIMULATED,Collect,TD-SV2,Π,SIM-ABL-4-0124,-3.1836711608932102
SIMULATED,Collect,TD-SV2,Π,SIM-ABL-4-0125,12.482894382753951
SIMULATED,Collect,TD-SV2,Π,SIM-ABL-4-0126,-1.1364467105253873
SIMULATED,Collect,TD-SV2,Π,SIM-ABL-4-0127,5.248083661345684
SIMULATED,Collect,TD-SV2,Π,SIM-ABL-4-0128,2.8265042470250745
SIMULATED,Collect,TD-SV2,Π,SIM-ABL-4-0129,6.833980851176912
SIMULATED,Collect,TD-SV2,Π,SIM-ABL-4-0130,10.268716137895689
SIMULATED,Collect,TD-SV2,Π,SIM-ABL-4-0131,3.460833964064078
SIMULATED,Collect,TD-SV2,Π,SIM-ABL-4-0132,16.539158685731785
SIMULATED,Collect,TD-SV2,Π,SIM-ABL-4-0133,12.465555673666628
SIMULATED,Collect,TD-SV2,Π,SIM-ABL-4-0134,0.1957223627228606
SIMULATED,Collect,TD-SV2,Π,SIM-ABL-4-0135,3.536709571687238
SIMULATED,Collect,TD-SV2,Π,SIM-ABL-4-0136,1.6225010178004002
SIMULATED,Collect,TD-SV2,Π,SIM-ABL-4-0137,15.372802901660474
SIMULATED,Collect,TD-SV2,Π,SIM-ABL-4-0138,12.290252495299722
SIMULATED,Collect,TD-SV2,Π,SIM-ABL-4-0139,6.148617995796646
SIMULATED,Collect,TD-SV2,Π,SIM-ABL-4-0140,-4.251874384806861
SIMULATED,Collect,TD-SV2,Π,SIM-ABL-4-0141,-7.236655534073605
SIMULATED,Collect,TD-SV2,Π,SIM-ABL-4-0142,9.76087920366803
SIMULATED,Collect,TD-SV2,Π,SIM-ABL-4-0143,5.476735032016593
SIMULATED,Collect,TD-SV2,Π,SIM-ABL-4-0144,11.541932765911916
SIMULATED,Collect,TD-SV2,Π,SIM-ABL-4-0145,5.147650895486879
SIMULATED,Collect,TD-SV2,Π,SIM-ABL-4-0146,-1.91409604968021
SIMULATED,Collect,TD-SV2,Π,SIM-ABL-4-0147,5.520024602525696
SIMULATED,Collect,TD-SV2,Π,SIM-ABL-4-0148,-4.526132994194582
SIMULATED,Collect,TD-SV2,Π,SIM-ABL-4-0149,5.988970795801607
SIMULATED,Collect,TD-SV2,Π,SIM-ABL-4-0150,12.801514186312716
SIMULATED,Collect,TD-SV2,Π,SIM-ABL-4-0151,0.007699467413261107
SIMULATED,Collect,TD-SV2,Π,SIM-ABL-4-0152,-1.1368434698835141
SIMULATED,Collect,TD-SV2,Π,SIM-ABL-4-0153,11.4174686559952
SIMULATED,Collect,TD-SV2,Π,SIM-ABL-4-0154,7.780346814373268
SIMULATED,Collect,TD-SV2,Π,SIM-ABL-4-0155,9.017294021209054
SIMULATED,Collect,TD-SV2,Π,SIM-ABL-4-0156,2.187565442337246
SIMULATED,Collect,TD-SV2,Π,SIM-ABL-4-0157,11.7090309979938
SIMULATED,Collect,TD-SV2,Π,SIM-ABL-4-0158,-2.058348467888635
SIMULATED,Collect,TD-SV2,Π,SIM-ABL-4-0159,5.384004336693122
SIMULATED,Collect,TD-SV2,G,SIM-ABL-4-0000,1.2376183008557675
SIMULATED,Collect,TD-SV2,G,SIM-ABL-4-0001,3.01774011439337
SIMULATED,Collect,TD-SV2,G,SIM-ABL-4-0002,-4.294646661173852
SIMULATED,Collect,TD-SV2,G,SIM-ABL-4-0003,5.44394775186971
SIMULATED,Collect,TD-SV2,G,SIM-ABL-4-0004,2.2453866308976806
SIMULATED,Collect,TD-SV2,G,SIM-ABL-4-0005,3.9340862069668607
SIMULATED,Collect,TD-SV2,G,SIM-ABL-4-0006,11.902513909194884
SIMULATED,Collect,TD-SV2,G,SIM-ABL-4-0007,0.042171383563821885
SIMULATED,Collect,TD-SV2,G,SIM-ABL-4-0008,-1.2711007813967758
SIMULATED,Collect,TD-SV2,G,SIM-ABL-4-0009,-4.930632568657169
SIMULATED,Collect,TD-SV2,G,SIM-ABL-4-0010,-7.495179097037711
SIMULATED,Collect,TD-SV2,G,SIM-ABL-4-0011,-0.6709184646345385
SIMULATED,Collect,TD-SV2,G,SIM-ABL-4-0012,-0.6283628722874723
SIMULATED,Collect,TD-SV2,G,SIM-ABL-4-0013,5.1622457197315015
SIMULATED,Collect,TD-SV2,G,SIM-ABL-4-0014,3.8540726850984015
SIMULATED,Collect,TD-SV2,G,SIM-ABL-4-0015,-4.243049896231938
SIMULATED,Collect,TD-SV2,G,SIM-ABL-4-0016,-5.846804454584449
SIMULATED,Collect,TD-SV2,G,SIM-ABL-4-0017,3.4797242616633217
SIMULATED,Collect,TD-SV2,G,SIM-ABL-4-0018,-1.825572471869445
SIMULATED,Collect,TD-SV2,G,SIM-ABL-4-0019,9.448630242744619
SIMULATED,Collect,TD-SV2,G,SIM-ABL-4-0020,3.072703807737651
SIMULATED,Collect,TD-SV2,G,SIM-ABL-4-0021,-4.276641129364028
SIMULATED,Collect,TD-SV2,G,SIM-ABL-4-0022,7.740429194297006
SIMULATED,Collect,TD-SV2,G,SIM-ABL-4-0023,10.250505684091262
SIMULATED,Collect,TD-SV2,G,SIM-ABL-4-0024,5.1899011603529495
SIMULATED,Collect,TD-SV2,G,SIM-ABL-4-0025,12.121155837491905
SIMULATED,Collect,TD-SV2,G,SIM-ABL-4-0026,-12.623299769383978
SIMULATED,Collect,TD-SV2,G,SIM-ABL-4-0027,-1.0781472657292834
SIMULATED,Collect,TD-SV2,G,SIM-ABL-4-0028,2.8389509323738435
SIMULATED,Collect,TD-SV2,G,SIM-ABL-4-0029,2.9781260146423003
SIMULATED,Collect,TD-SV2,G,SIM-ABL-4-0030,-4.431913590442309
SIMULATED,Collect,TD-SV2,G,SIM-ABL-4-0031,10.408601068866004
SIMULATED,Collect,TD-SV2,G,SIM-ABL-4-0032,-5.271964806295605
SIMULATED,Collect,TD-SV2,G,SIM-ABL-4-0033,10.12224914847923
SIMULATED,Collect,TD-SV2,G,SIM-ABL-4-0034,0.6553281775204494
SIMULATED,Collect,TD-SV2,G,SIM-ABL-4-0035,11.225530386039692
SIMULATED,Collect,TD-SV2,G,SIM-ABL-4-0036,5.590906007648669
SIMULATED,Collect,TD-SV2,G,SIM-ABL-4-0037,2.6926819826918753
SIMULATED,Collect,TD-SV2,G,SIM-ABL-4-0038,2.270119559726676
SIMULATED,Collect,TD-SV2,G,SIM-ABL-4-0039,5.917194627895284
SIMULATED,Collect,TD-SV2,G,SIM-ABL-4-0040,8.847733592286914
SIMULATED,Collect,TD-SV2,G,SIM-ABL-4-0041,0.745565876388487
SIMULATED,Collect,TD-SV2,G,SIM-ABL-4-0042,5.053377008263186
SIMULATED,Collect,TD-SV2,G,SIM-ABL-4-0043,12.879197070233483
SIMULATED,Collect,TD-SV2,G,SIM-ABL-4-0044,1.3112457240569275
SIMULATED,Collect,TD-SV2,G,SIM-ABL-4-0045,-9.648721905465084
SIMULATED,Collect,TD-SV2,G,SIM-ABL-4-0046,-5.905761662506894
SIMULATED,Collect,TD-SV2,G,SIM-ABL-4-0047,-15.922365856080031
SIMULATED,Collect,TD-SV2,G,SIM-ABL-4-0048,6.744051468843144
SIMULATED,Collect,TD-SV2,G,SIM-ABL-4-0049,6.989737475849823
SIMULATED,Collect,TD-SV2,G,SIM-ABL-4-0050,-7.5218262250439345
SIMULATED,Collect,TD-SV2,G,SIM-ABL-4-0051,4.112465239875942
SIMULATED,Collect,TD-SV2,G,SIM-ABL-4-0052,8.06121339109584
SIMULATED,Collect,TD-SV2,G,SIM-ABL-4-0053,4.960573505831714
SIMULATED,Collect,TD-SV2,G,SIM-ABL-4-0054,-5.223547578569614
SIMULATED,Collect,TD-SV2,G,SIM-ABL-4-0055,-5.209921005835764
SIMULATED,Collect,TD-SV2,G,SIM-ABL-4-0056,6.288699029657886
SIMULATED,Collect,TD-SV2,G,SIM-ABL-4-0057,2.0702183577789035
SIMULATED,Collect,TD-SV2,G,SIM-ABL-4-0058,-1.1941014186709387
SIMULATED,Collect,TD-SV2,G,SIM-ABL-4-0059,-0.41329551793032215
SIMULATED,Collect,TD-SV2,G,SIM-ABL-4-0060,-0.3017716085461094
SIMULATED,Collect,TD-SV2,G,SIM-ABL-4-0061,-2.710427866197087
SIMULATED,Collect,TD-SV2,G,SIM-ABL-4-0062,7.665020781095384
SIMULATED,Collect,TD-SV2,G,SIM-ABL-4-0063,17.03429567479884
SIMULATED,Collect,TD-SV2,G,SIM-ABL-4-0064,-2.093627755113062
SIMULATED,Collect,TD-SV2,G,SIM-ABL-4-0065,6.877565202545877
SIMULATED,Collect,TD-SV2,G,SIM-ABL-4-0066,1.2824539316955186
SIMULATED,Collect,TD-SV2,G,SIM-ABL-4-0067,-6.7418925680586055
SIMULATED,Collect,TD-SV2,G,SIM-ABL-4-0068,-15.35745332172051
SIMULATED,Collect,TD-SV2,G,SIM-ABL-4-0069,-1.091786271753206
SIMULATED,Collect,TD-SV2,G,SIM-ABL-4-0070,8.596321249189337
SIMULATED,Collect,TD-SV2,G,SIM-ABL-4-0071,-5.151768608294952
SIMULATED,Collect,TD-SV2,G,SIM-ABL-4-0072,7.850921269776945
SIMULATED,Collect,TD-SV2,G,SIM-ABL-4-0073,10.397660315502597
SIMULATED,Collect,TD-SV2,G,SIM-ABL-4-0074,11.34863441756176
SIMULATED,Collect,TD-SV2,G,SIM-ABL-4-0075,1.8202063614817237
SIMULATED,Collect,TD-SV2,G,SIM-ABL-4-0076,-1.6744855427309089
SIMULATED,Collect,TD-SV2,G,SIM-ABL-4-0077,-10.65266719388787
SIMULATED,Collect,TD-SV2,G,SIM-ABL-4-0078,9.789388120364567
SIMULATED,Collect,TD-SV2,G,SIM-ABL-4-0079,2.3966763112189495
SIMULATED,Collect,TD-SV2,G,SIM-ABL-4-0080,-8.954842037333735
SIMULATED,Collect,TD-SV2,G,SIM-ABL-4-0081,5.510385279208222
SIMULATED,Collect,TD-SV2,G,SIM-ABL-4-0082,7.904828121186488
SIMULATED,Collect,TD-SV2,G,SIM-ABL-4-0083,-6.175560249863567
SIMULATED,Collect,TD-SV2,G,SIM-ABL-4-0084,7.329250550626915
SIMULATED,Collect,TD-SV2,G,SIM-ABL-4-0085,2.29610802933379
SIMULATED,Collect,TD-SV2,G,SIM-ABL-4-0086,9.999910554258294
SIMULATED,Collect,TD-SV2,G,SIM-ABL-4-0087,-1.1198698179938351
SIMULATED,Collect,TD-SV2,G,SIM-ABL-4-0088,-0.28999245004006724
SIMULATED,Collect,TD-SV2,G,SIM-ABL-4-0089,-4.049188130730315
SIMULATED,Collect,TD-SV2,G,SIM-ABL-4-0090,-2.9362424018913207
SIMULATED,Collect,TD-SV2,G,SIM-ABL-4-0091,-6.411999135020343
SIMULATED,Collect,TD-SV2,G,SIM-ABL-4-0092,-5.9994728751275
SIMULATED,Collect,TD-SV2,G,SIM-ABL-4-0093,1.7231492385217195
SIMULATED,Collect,TD-SV2,G,SIM-ABL-4-0094,-5.234484621513053
SIMULATED,Collect,TD-SV2,G,SIM-ABL-4-0095,-0.9475494743268844
SIMULATED,Collect,TD-SV2,G,SIM-ABL-4-0096,-13.795887164357898
SIMULATED,Collect,TD-SV2,G,SIM-ABL-4-0097,9.175773568085848
SIMULATED,Collect,TD-SV2,G,SIM-ABL-4-0098,-1.6986295360722456
SIMULATED,Collect,TD-SV2,G,SIM-ABL-4-0099,-7.509527541920228
SIMULATED,Collect,TD-SV2,G,SIM-ABL-4-0100,-1.2171395035284591
SIMULATED,Collect,TD-SV2,G,SIM-ABL-4-0101,1.1080999573213093
SIMULATED,Collect,TD-SV2,G,SIM-ABL-4-0102,-8.188541523985467
SIMULATED,Collect,TD-SV2,G,SIM-ABL-4-0103,6.145050510236899
SIMULATED,Collect,TD-SV2,G,SIM-ABL-4-0104,-0.010937211834701976
SIMULATED,Collect,TD-SV2,G,SIM-ABL-4-0105,6.5304890470291
SIMULATED,Collect,TD-SV2,G,SIM-ABL-4-0106,-6.673052750445734
SIMULATED,Collect,TD-SV2,G,SIM-ABL-4-0107,5.432829197117048
SIMULATED,Collect,TD-SV2,G,SIM-ABL-4-0108,2.2515900793887704
SIMULATED,Collect,TD-SV2,G,SIM-ABL-4-0109,5.122622825694945
SIMULATED,Collect,TD-SV2,G,SIM-ABL-4-0110,10.986617190744905
SIMULATED,Collect,TD-SV2,G,SIM-ABL-4-0111,-6.645340978043755
SIMULATED,Collect,TD-SV2,G,SIM-ABL-4-0112,-6.088583840321088
SIMULATED,Collect,TD-SV2,G,SIM-ABL-4-0113,-9.940345598137975
SIMULATED,Collect,TD-SV2,G,SIM-ABL-4-0114,-2.9495964849590166
SIMULATED,Collect,TD-SV2,G,SIM-ABL-4-0115,1.147277333624603
SIMULATED,Collect,TD-SV2,G,SIM-ABL-4-0116,-4.291969324916315
SIMULATED,Collect,TD-SV2,G,SIM-ABL-4-0117,0.9895277817968344
SIMULATED,Collect,TD-SV2,G,SIM-ABL-4-0118,-3.7348014819511297
SIMULATED,Collect,TD-SV2,G,SIM-ABL-4-0119,-3.5128379375552052
SIMULATED,Collect,TD-SV2,G,SIM-ABL-4-0120,-5.746868472831736
SIMULATED,Collect,TD-SV2,G,SIM-ABL-4-0121,2.126071589444143
SIMULATED,Collect,TD-SV2,G,SIM-ABL-4-0122,4.9322529731468485
SIMULATED,Collect,TD-SV2,G,SIM-ABL-4-0123,-3.2097322032543736
SIMULATED,Collect,TD-SV2,G,SIM-ABL-4-0124,-1.5584892566076691
SIMULATED,Collect,TD-SV2,G,SIM-ABL-4-0125,-0.019253121670052664
SIMULATED,Collect,TD-SV2,G,SIM-ABL-4-0126,2.7322666425015822
SIMULATED,Collect,TD-SV2,G,SIM-ABL-4-0127,14.638810661401944
SIMULATED,Collect,TD-SV2,G,SIM-ABL-4-0128,3.847051721810639
SIMULATED,Collect,TD-SV2,G,SIM-ABL-4-0129,-1.8688535676325673
SIMULATED,Collect,TD-SV2,G,SIM-ABL-4-0130,4.347109114832831
SIMULATED,Collect,TD-SV2,G,SIM-ABL-4-0131,-3.9502975263391065
SIMULATED,Collect,TD-SV2,G,SIM-ABL-4-0132,-10.473972701501198
SIMULATED,Collect,TD-SV2,G,SIM-ABL-4-0133,11.543565493119239
SIMULATED,Collect,TD-SV2,G,SIM-ABL-4-0134,-6.113972999514315
SIMULATED,Collect,TD-SV2,G,SIM-ABL-4-0135,5.522823864224717
SIMULATED,Collect,TD-SV2,G,SIM-ABL-4-0136,1.1689123707480915
SIMULATED,Collect,TD-SV2,G,SIM-ABL-4-0137,3.9043043112941236
SIMULATED,Collect,TD-SV2,G,SIM-ABL-4-0138,-0.99279481727737
SIMULATED,Collect,TD-SV2,G,SIM-ABL-4-0139,2.3675329098793982
SIMULATED,Collect,TD-SV2,G,SIM-ABL-4-0140,4.016904684246632
SIMULATED,Collect,TD-SV2,G,SIM-ABL-4-0141,14.10285159864883
SIMULATED,Collect,TD-SV2,G,SIM-ABL-4-0142,-7.689114543024274
SIMULATED,Collect,TD-SV2,G,SIM-ABL-4-0143,-3.897366807447093
SIMULATED,Collect,TD-SV2,G,SIM-ABL-4-0144,13.480887849663016
SIMULATED,Collect,TD-SV2,G,SIM-ABL-4-0145,-2.2645861842077517
SIMULATED,Collect,TD-SV2,G,SIM-ABL-4-0146,10.91467455046206
SIMULATED,Collect,TD-SV2,G,SIM-ABL-4-0147,-8.558849549293221
SIMULATED,Collect,TD-SV2,G,SIM-ABL-4-0148,5.991090405372802
SIMULATED,Collect,TD-SV2,G,SIM-ABL-4-0149,4.1531400480642215
SIMULATED,Collect,TD-SV2,G,SIM-ABL-4-0150,9.214479584172153
SIMULATED,Collect,TD-SV2,G,SIM-ABL-4-0151,5.356894979603818
SIMULATED,Collect,TD-SV2,G,SIM-ABL-4-0152,-3.759138489129888
SIMULATED,Collect,TD-SV2,G,SIM-ABL-4-0153,2.9973180144420972
SIMULATED,Collect,TD-SV2,G,SIM-ABL-4-0154,6.777120705971572
SIMULATED,Collect,TD-SV2,G,SIM-ABL-4-0155,10.405603783534703
SIMULATED,Collect,TD-SV2,G,SIM-ABL-4-0156,-1.6142853399238901
SIMULATED,Collect,TD-SV2,G,SIM-ABL-4-0157,-3.9985166960567398
SIMULATED,Collect,TD-SV2,G,SIM-ABL-4-0158,-3.4195967429390604
SIMULATED,Collect,TD-SV2,G,SIM-ABL-4-0159,-5.88027974546339
SIMULATED,Collect,TD-IG3,A,SIM-ABL-5-0000,-7.936210040680265
SIMULATED,Collect,TD-IG3,A,SIM-ABL-5-0001,-10.56141577964191
SIMULATED,Collect,TD-IG3,A,SIM-ABL-5-0002,-6.594225806377436
SIMULATED,Collect,TD-IG3,A,SIM-ABL-5-0003,8.211748886736578
SIMULATED,Collect,TD-IG3,A,SIM-ABL-5-0004,8.623524734427953
SIMULATED,Collect,TD-IG3,A,SIM-ABL-5-0005,0.3206912860295852
SIMULATED,Collect,TD-IG3,A,SIM-ABL-5-0006,7.646272536837666
SIMULATED,Collect,TD-IG3,A,SIM-ABL-5-0007,0.45703101426940795
SIMULATED,Collect,TD-IG3,A,SIM-ABL-5-0008,11.561866988751774
SIMULATED,Collect,TD-IG3,A,SIM-ABL-5-0009,-9.492276977098575
SIMULATED,Collect,TD-IG3,A,SIM-ABL-5-0010,0.501981910058664
SIMULATED,Collect,TD-IG3,A,SIM-ABL-5-0011,-4.0854730708557305
SIMULATED,Collect,TD-IG3,A,SIM-ABL-5-0012,6.21134216177953
SIMULATED,Collect,TD-IG3,A,SIM-ABL-5-0013,3.314003910188113
SIMULATED,Collect,TD-IG3,A,SIM-ABL-5-0014,2.9366722333434128
SIMULATED,Collect,TD-IG3,A,SIM-ABL-5-0015,0.43613748565431876
SIMULATED,Collect,TD-IG3,A,SIM-ABL-5-0016,8.090039734941033
SIMULATED,Collect,TD-IG3,A,SIM-ABL-5-0017,1.8365059751098913
SIMULATED,Collect,TD-IG3,A,SIM-ABL-5-0018,-4.8042363563660775
SIMULATED,Collect,TD-IG3,A,SIM-ABL-5-0019,-2.121661194211847
SIMULATED,Collect,TD-IG3,A,SIM-ABL-5-0020,14.565734737372162
SIMULATED,Collect,TD-IG3,A,SIM-ABL-5-0021,-2.5211941393165165
SIMULATED,Collect,TD-IG3,A,SIM-ABL-5-0022,-1.3751716902026097
SIMULATED,Collect,TD-IG3,A,SIM-ABL-5-0023,-2.146651271736791
SIMULATED,Collect,TD-IG3,A,SIM-ABL-5-0024,15.100331864047476
SIMULATED,Collect,TD-IG3,A,SIM-ABL-5-0025,-1.6480806154674363
SIMULATED,Collect,TD-IG3,A,SIM-ABL-5-0026,-4.729847630395122
SIMULATED,Collect,TD-IG3,A,SIM-ABL-5-0027,-6.112501927747024
SIMULATED,Collect,TD-IG3,A,SIM-ABL-5-0028,-4.98435088088514
SIMULATED,Collect,TD-IG3,A,SIM-ABL-5-0029,4.088164454913887
SIMULATED,Collect,TD-IG3,A,SIM-ABL-5-0030,-11.794579865128481
SIMULATED,Collect,TD-IG3,A,SIM-ABL-5-0031,3.409209212559461
SIMULATED,Collect,TD-IG3,A,SIM-ABL-5-0032,9.594746025165788
SIMULATED,Collect,TD-IG3,A,SIM-ABL-5-0033,2.5464460818779093
SIMULATED,Collect,TD-IG3,A,SIM-ABL-5-0034,-9.54736450664845
SIMULATED,Collect,TD-IG3,A,SIM-ABL-5-0035,5.65980069840645
SIMULATED,Collect,TD-IG3,A,SIM-ABL-5-0036,-0.37942914468648237
SIMULATED,Collect,TD-IG3,A,SIM-ABL-5-0037,0.2738871663838709
SIMULATED,Collect,TD-IG3,A,SIM-ABL-5-0038,4.138934343168476
SIMULATED,Collect,TD-IG3,A,SIM-ABL-5-0039,-0.6805106286629736
SIMULATED,Collect,TD-IG3,A,SIM-ABL-5-0040,9.363925196375957
SIMULATED,Collect,TD-IG3,A,SIM-ABL-5-0041,4.864437647018285
SIMULATED,Collect,TD-IG3,A,SIM-ABL-5-0042,-2.0703415118060606
SIMULATED,Collect,TD-IG3,A,SIM-ABL-5-0043,-15.595927312879605
SIMULATED,Collect,TD-IG3,A,SIM-ABL-5-0044,2.2542605826782607
SIMULATED,Collect,TD-IG3,A,SIM-ABL-5-0045,-2.8288194273799987
SIMULATED,Collect,TD-IG3,A,SIM-ABL-5-0046,-4.139119354687475
SIMULATED,Collect,TD-IG3,A,SIM-ABL-5-0047,-10.380755991654206
SIMULATED,Collect,TD-IG3,A,SIM-ABL-5-0048,10.88592057561305
SIMULATED,Collect,TD-IG3,A,SIM-ABL-5-0049,-8.862741810867785
SIMULATED,Collect,TD-IG3,A,SIM-ABL-5-0050,1.3778026944440713
SIMULATED,Collect,TD-IG3,A,SIM-ABL-5-0051,2.956886856161684
SIMULATED,Collect,TD-IG3,A,SIM-ABL-5-0052,7.119719273609995
SIMULATED,Collect,TD-IG3,A,SIM-ABL-5-0053,-0.7239836793577603
SIMULATED,Collect,TD-IG3,A,SIM-ABL-5-0054,6.940594676126668
SIMULATED,Collect,TD-IG3,A,SIM-ABL-5-0055,-9.150550934049065
SIMULATED,Collect,TD-IG3,A,SIM-ABL-5-0056,2.802040825581085
SIMULATED,Collect,TD-IG3,A,SIM-ABL-5-0057,11.577467522807083
SIMULATED,Collect,TD-IG3,A,SIM-ABL-5-0058,4.883417489900111
SIMULATED,Collect,TD-IG3,A,SIM-ABL-5-0059,1.5005831948300603
SIMULATED,Collect,TD-IG3,A,SIM-ABL-5-0060,6.583210350614829
SIMULATED,Collect,TD-IG3,A,SIM-ABL-5-0061,15.9697381432208
SIMULATED,Collect,TD-IG3,A,SIM-ABL-5-0062,4.746293264471305
SIMULATED,Collect,TD-IG3,A,SIM-ABL-5-0063,5.9065777021386765
SIMULATED,Collect,TD-IG3,A,SIM-ABL-5-0064,-6.549978179537787
SIMULATED,Collect,TD-IG3,A,SIM-ABL-5-0065,10.231556343084037
SIMULATED,Collect,TD-IG3,A,SIM-ABL-5-0066,-5.578676762525264
SIMULATED,Collect,TD-IG3,A,SIM-ABL-5-0067,1.483021260020886
SIMULATED,Collect,TD-IG3,A,SIM-ABL-5-0068,6.043448717510259
SIMULATED,Collect,TD-IG3,A,SIM-ABL-5-0069,-3.096566313639092
SIMULATED,Collect,TD-IG3,A,SIM-ABL-5-0070,-1.755242568082242
SIMULATED,Collect,TD-IG3,A,SIM-ABL-5-0071,7.806125712878115
SIMULATED,Collect,TD-IG3,A,SIM-ABL-5-0072,1.2504539826596148
SIMULATED,Collect,TD-IG3,A,SIM-ABL-5-0073,6.12447826961113
SIMULATED,Collect,TD-IG3,A,SIM-ABL-5-0074,6.455274808906635
SIMULATED,Collect,TD-IG3,A,SIM-ABL-5-0075,18.91510004395633
SIMULATED,Collect,TD-IG3,A,SIM-ABL-5-0076,-13.000842758035015
SIMULATED,Collect,TD-IG3,A,SIM-ABL-5-0077,9.773195840991022
SIMULATED,Collect,TD-IG3,A,SIM-ABL-5-0078,8.175020510425853
SIMULATED,Collect,TD-IG3,A,SIM-ABL-5-0079,-2.85249767443054
SIMULATED,Collect,TD-IG3,A,SIM-ABL-5-0080,5.13086801334267
SIMULATED,Collect,TD-IG3,A,SIM-ABL-5-0081,2.1706549048211468
SIMULATED,Collect,TD-IG3,A,SIM-ABL-5-0082,1.0604657042429078
SIMULATED,Collect,TD-IG3,A,SIM-ABL-5-0083,8.31759113473008
SIMULATED,Collect,TD-IG3,A,SIM-ABL-5-0084,6.132874691205716
SIMULATED,Collect,TD-IG3,A,SIM-ABL-5-0085,4.957679381464152
SIMULATED,Collect,TD-IG3,A,SIM-ABL-5-0086,-4.7751367199145704
SIMULATED,Collect,TD-IG3,A,SIM-ABL-5-0087,-1.2895689979580984
SIMULATED,Collect,TD-IG3,A,SIM-ABL-5-0088,-8.752077160686847
SIMULATED,Collect,TD-IG3,A,SIM-ABL-5-0089,13.33312132952626
SIMULATED,Collect,TD-IG3,A,SIM-ABL-5-0090,-0.10593221540801401
SIMULATED,Collect,TD-IG3,A,SIM-ABL-5-0091,19.736725971073714
SIMULATED,Collect,TD-IG3,A,SIM-ABL-5-0092,-2.2418055625598634
SIMULATED,Collect,TD-IG3,A,SIM-ABL-5-0093,-4.327721971360305
SIMULATED,Collect,TD-IG3,A,SIM-ABL-5-0094,-9.669398741784166
SIMULATED,Collect,TD-IG3,A,SIM-ABL-5-0095,-9.774202001991053
SIMULATED,Collect,TD-IG3,A,SIM-ABL-5-0096,3.7143346257092205
SIMULATED,Collect,TD-IG3,A,SIM-ABL-5-0097,-5.708505277472145
SIMULATED,Collect,TD-IG3,A,SIM-ABL-5-0098,-9.836292418126485
SIMULATED,Collect,TD-IG3,A,SIM-ABL-5-0099,1.2516473719933465
SIMULATED,Collect,TD-IG3,A,SIM-ABL-5-0100,16.666668427798182
SIMULATED,Collect,TD-IG3,A,SIM-ABL-5-0101,-6.1170438303325625
SIMULATED,Collect,TD-IG3,A,SIM-ABL-5-0102,-2.5990004851998685
SIMULATED,Collect,TD-IG3,A,SIM-ABL-5-0103,-0.08965914800035613
SIMULATED,Collect,TD-IG3,A,SIM-ABL-5-0104,-0.4785021111473635
SIMULATED,Collect,TD-IG3,A,SIM-ABL-5-0105,-4.604667629860421
SIMULATED,Collect,TD-IG3,A,SIM-ABL-5-0106,-2.628897417075087
SIMULATED,Collect,TD-IG3,A,SIM-ABL-5-0107,-7.6370901214044835
SIMULATED,Collect,TD-IG3,A,SIM-ABL-5-0108,3.299497424166986
SIMULATED,Collect,TD-IG3,A,SIM-ABL-5-0109,11.088085582099582
SIMULATED,Collect,TD-IG3,A,SIM-ABL-5-0110,-0.8069706284532088
SIMULATED,Collect,TD-IG3,A,SIM-ABL-5-0111,-3.560406729483234
SIMULATED,Collect,TD-IG3,A,SIM-ABL-5-0112,12.716935003764656
SIMULATED,Collect,TD-IG3,A,SIM-ABL-5-0113,-2.092031691672787
SIMULATED,Collect,TD-IG3,A,SIM-ABL-5-0114,1.9814879123170428
SIMULATED,Collect,TD-IG3,A,SIM-ABL-5-0115,-0.30321913535315526
SIMULATED,Collect,TD-IG3,A,SIM-ABL-5-0116,7.142092004073243
SIMULATED,Collect,TD-IG3,A,SIM-ABL-5-0117,-6.92158644348164
SIMULATED,Collect,TD-IG3,A,SIM-ABL-5-0118,0.3540028207685175
SIMULATED,Collect,TD-IG3,A,SIM-ABL-5-0119,5.138910974088495
SIMULATED,Collect,TD-IG3,A,SIM-ABL-5-0120,4.806883468653538
SIMULATED,Collect,TD-IG3,A,SIM-ABL-5-0121,-14.28500175774458
SIMULATED,Collect,TD-IG3,A,SIM-ABL-5-0122,2.3738356608128273
SIMULATED,Collect,TD-IG3,A,SIM-ABL-5-0123,7.697966184790166
SIMULATED,Collect,TD-IG3,A,SIM-ABL-5-0124,-19.882120763765688
SIMULATED,Collect,TD-IG3,A,SIM-ABL-5-0125,-4.936851857566966
SIMULATED,Collect,TD-IG3,A,SIM-ABL-5-0126,0.3824990064264471
SIMULATED,Collect,TD-IG3,A,SIM-ABL-5-0127,0.5753140928124191
SIMULATED,Collect,TD-IG3,A,SIM-ABL-5-0128,0.09082810403852637
SIMULATED,Collect,TD-IG3,A,SIM-ABL-5-0129,0.4139821035653142
SIMULATED,Collect,TD-IG3,A,SIM-ABL-5-0130,4.112516303241565
SIMULATED,Collect,TD-IG3,A,SIM-ABL-5-0131,-4.6488735930357645
SIMULATED,Collect,TD-IG3,A,SIM-ABL-5-0132,-0.8815097699185062
SIMULATED,Collect,TD-IG3,A,SIM-ABL-5-0133,-3.9424543694468057
SIMULATED,Collect,TD-IG3,A,SIM-ABL-5-0134,9.998690107177698
SIMULATED,Collect,TD-IG3,A,SIM-ABL-5-0135,-6.407741325914104
SIMULATED,Collect,TD-IG3,A,SIM-ABL-5-0136,-2.503106814643449
SIMULATED,Collect,TD-IG3,A,SIM-ABL-5-0137,12.056391368790278
SIMULATED,Collect,TD-IG3,A,SIM-ABL-5-0138,-1.7441072510919118
SIMULATED,Collect,TD-IG3,A,SIM-ABL-5-0139,2.0181685700256944
SIMULATED,Collect,TD-IG3,A,SIM-ABL-5-0140,-4.02156661507016
SIMULATED,Collect,TD-IG3,A,SIM-ABL-5-0141,10.41971663077681
SIMULATED,Collect,TD-IG3,A,SIM-ABL-5-0142,-1.0504762541777763
SIMULATED,Collect,TD-IG3,A,SIM-ABL-5-0143,2.4889185577098325
SIMULATED,Collect,TD-IG3,A,SIM-ABL-5-0144,11.167349575711064
SIMULATED,Collect,TD-IG3,A,SIM-ABL-5-0145,9.614224876502478
SIMULATED,Collect,TD-IG3,A,SIM-ABL-5-0146,7.088522448334222
SIMULATED,Collect,TD-IG3,A,SIM-ABL-5-0147,1.9086286902108198
SIMULATED,Collect,TD-IG3,A,SIM-ABL-5-0148,0.47886758905549953
SIMULATED,Collect,TD-IG3,A,SIM-ABL-5-0149,3.169005193897247
SIMULATED,Collect,TD-IG3,A,SIM-ABL-5-0150,2.7729175385109386
SIMULATED,Collect,TD-IG3,A,SIM-ABL-5-0151,-0.8349273778660482
SIMULATED,Collect,TD-IG3,A,SIM-ABL-5-0152,14.076903937295402
SIMULATED,Collect,TD-IG3,A,SIM-ABL-5-0153,5.434381840929742
SIMULATED,Collect,TD-IG3,A,SIM-ABL-5-0154,12.11191684863447
SIMULATED,Collect,TD-IG3,A,SIM-ABL-5-0155,-9.207199085528964
SIMULATED,Collect,TD-IG3,A,SIM-ABL-5-0156,1.7227016670865898
SIMULATED,Collect,TD-IG3,A,SIM-ABL-5-0157,1.4174108502009641
SIMULATED,Collect,TD-IG3,A,SIM-ABL-5-0158,9.272058093548653
SIMULATED,Collect,TD-IG3,A,SIM-ABL-5-0159,2.5324137002725484
SIMULATED,Collect,TD-IG3,K,SIM-ABL-5-0000,3.963478084324815
SIMULATED,Collect,TD-IG3,K,SIM-ABL-5-0001,-0.6722619223740933
SIMULATED,Collect,TD-IG3,K,SIM-ABL-5-0002,-4.24125776398667
SIMULATED,Collect,TD-IG3,K,SIM-ABL-5-0003,12.534587752379302
SIMULATED,Collect,TD-IG3,K,SIM-ABL-5-0004,-7.074951616281042
SIMULATED,Collect,TD-IG3,K,SIM-ABL-5-0005,2.1541873981511794
SIMULATED,Collect,TD-IG3,K,SIM-ABL-5-0006,-13.10697517773533
SIMULATED,Collect,TD-IG3,K,SIM-ABL-5-0007,-7.2897309603148175
SIMULATED,Collect,TD-IG3,K,SIM-ABL-5-0008,-8.650753666605693
SIMULATED,Collect,TD-IG3,K,SIM-ABL-5-0009,-1.3817336889947613
SIMULATED,Collect,TD-IG3,K,SIM-ABL-5-0010,5.520300093566247
SIMULATED,Collect,TD-IG3,K,SIM-ABL-5-0011,1.1345152046198026
SIMULATED,Collect,TD-IG3,K,SIM-ABL-5-0012,0.9583080754620379
SIMULATED,Collect,TD-IG3,K,SIM-ABL-5-0013,-9.436973262775995
SIMULATED,Collect,TD-IG3,K,SIM-ABL-5-0014,-10.237397216701439
SIMULATED,Collect,TD-IG3,K,SIM-ABL-5-0015,1.8580549150666374
SIMULATED,Collect,TD-IG3,K,SIM-ABL-5-0016,-8.028142968145648
SIMULATED,Collect,TD-IG3,K,SIM-ABL-5-0017,-5.722546235470897
SIMULATED,Collect,TD-IG3,K,SIM-ABL-5-0018,-15.313400123241644
SIMULATED,Collect,TD-IG3,K,SIM-ABL-5-0019,11.173020611422881
SIMULATED,Collect,TD-IG3,K,SIM-ABL-5-0020,-8.256643015668404
SIMULATED,Collect,TD-IG3,K,SIM-ABL-5-0021,13.417963324447879
SIMULATED,Collect,TD-IG3,K,SIM-ABL-5-0022,6.7570795393783225
SIMULATED,Collect,TD-IG3,K,SIM-ABL-5-0023,-3.7023339845207346
SIMULATED,Collect,TD-IG3,K,SIM-ABL-5-0024,-10.47503731222043
SIMULATED,Collect,TD-IG3,K,SIM-ABL-5-0025,15.322086818116894
SIMULATED,Collect,TD-IG3,K,SIM-ABL-5-0026,-0.6166438418981928
SIMULATED,Collect,TD-IG3,K,SIM-ABL-5-0027,-5.377483628046622
SIMULATED,Collect,TD-IG3,K,SIM-ABL-5-0028,-4.248138025956676
SIMULATED,Collect,TD-IG3,K,SIM-ABL-5-0029,4.40999493646964
SIMULATED,Collect,TD-IG3,K,SIM-ABL-5-0030,-11.379008376293108
SIMULATED,Collect,TD-IG3,K,SIM-ABL-5-0031,1.9575285083857672
SIMULATED,Collect,TD-IG3,K,SIM-ABL-5-0032,-5.913817468953379
SIMULATED,Collect,TD-IG3,K,SIM-ABL-5-0033,7.123814726402622
SIMULATED,Collect,TD-IG3,K,SIM-ABL-5-0034,-5.15724371986503
SIMULATED,Collect,TD-IG3,K,SIM-ABL-5-0035,1.0615895560372772
SIMULATED,Collect,TD-IG3,K,SIM-ABL-5-0036,-13.819309719290299
SIMULATED,Collect,TD-IG3,K,SIM-ABL-5-0037,-5.43792250258039
SIMULATED,Collect,TD-IG3,K,SIM-ABL-5-0038,2.5096227400556046
SIMULATED,Collect,TD-IG3,K,SIM-ABL-5-0039,-9.523588163059495
SIMULATED,Collect,TD-IG3,K,SIM-ABL-5-0040,-2.49069502135911
SIMULATED,Collect,TD-IG3,K,SIM-ABL-5-0041,-3.8485062949325624
SIMULATED,Collect,TD-IG3,K,SIM-ABL-5-0042,-3.244516354200595
SIMULATED,Collect,TD-IG3,K,SIM-ABL-5-0043,1.5558971404513802
SIMULATED,Collect,TD-IG3,K,SIM-ABL-5-0044,6.702514826941562
SIMULATED,Collect,TD-IG3,K,SIM-ABL-5-0045,-8.919195509356395
SIMULATED,Collect,TD-IG3,K,SIM-ABL-5-0046,-7.34933000754447
SIMULATED,Collect,TD-IG3,K,SIM-ABL-5-0047,-2.7969748575383155
SIMULATED,Collect,TD-IG3,K,SIM-ABL-5-0048,8.541908134496891
SIMULATED,Collect,TD-IG3,K,SIM-ABL-5-0049,3.629435138628188
SIMULATED,Collect,TD-IG3,K,SIM-ABL-5-0050,3.5214622928408184
SIMULATED,Collect,TD-IG3,K,SIM-ABL-5-0051,-3.1175510236212634
SIMULATED,Collect,TD-IG3,K,SIM-ABL-5-0052,-8.377038768409536
SIMULATED,Collect,TD-IG3,K,SIM-ABL-5-0053,-4.545096540140192
SIMULATED,Collect,TD-IG3,K,SIM-ABL-5-0054,0.8564488717637266
SIMULATED,Collect,TD-IG3,K,SIM-ABL-5-0055,-5.290041600627763
SIMULATED,Collect,TD-IG3,K,SIM-ABL-5-0056,20.101407599927168
SIMULATED,Collect,TD-IG3,K,SIM-ABL-5-0057,2.143913941030382
SIMULATED,Collect,TD-IG3,K,SIM-ABL-5-0058,12.548068935090358
SIMULATED,Collect,TD-IG3,K,SIM-ABL-5-0059,-1.1273798500811063
SIMULATED,Collect,TD-IG3,K,SIM-ABL-5-0060,-8.608204520591471
SIMULATED,Collect,TD-IG3,K,SIM-ABL-5-0061,-4.985636547714649
SIMULATED,Collect,TD-IG3,K,SIM-ABL-5-0062,-1.2128215541613658
SIMULATED,Collect,TD-IG3,K,SIM-ABL-5-0063,-2.9217058879560684
SIMULATED,Collect,TD-IG3,K,SIM-ABL-5-0064,0.3867636425216545
SIMULATED,Collect,TD-IG3,K,SIM-ABL-5-0065,4.200567471038411
SIMULATED,Collect,TD-IG3,K,SIM-ABL-5-0066,5.757218577725837
SIMULATED,Collect,TD-IG3,K,SIM-ABL-5-0067,-0.4849454592281244
SIMULATED,Collect,TD-IG3,K,SIM-ABL-5-0068,7.52098050724016
SIMULATED,Collect,TD-IG3,K,SIM-ABL-5-0069,-6.019294693051231
SIMULATED,Collect,TD-IG3,K,SIM-ABL-5-0070,-3.1333337361652203
SIMULATED,Collect,TD-IG3,K,SIM-ABL-5-0071,22.20778951010406
SIMULATED,Collect,TD-IG3,K,SIM-ABL-5-0072,-9.412764810954728
SIMULATED,Collect,TD-IG3,K,SIM-ABL-5-0073,3.4058140490988036
SIMULATED,Collect,TD-IG3,K,SIM-ABL-5-0074,-3.855914778230784
SIMULATED,Collect,TD-IG3,K,SIM-ABL-5-0075,3.3230375044097573
SIMULATED,Collect,TD-IG3,K,SIM-ABL-5-0076,10.952177845376248
SIMULATED,Collect,TD-IG3,K,SIM-ABL-5-0077,0.5314034536258062
SIMULATED,Collect,TD-IG3,K,SIM-ABL-5-0078,-4.637727718333445
SIMULATED,Collect,TD-IG3,K,SIM-ABL-5-0079,-5.169275411339739
SIMULATED,Collect,TD-IG3,K,SIM-ABL-5-0080,-10.798423718411653
SIMULATED,Collect,TD-IG3,K,SIM-ABL-5-0081,-1.4810254228968538
SIMULATED,Collect,TD-IG3,K,SIM-ABL-5-0082,10.627193478856409
SIMULATED,Collect,TD-IG3,K,SIM-ABL-5-0083,1.1756430240783402
SIMULATED,Collect,TD-IG3,K,SIM-ABL-5-0084,-2.4118965586659504
SIMULATED,Collect,TD-IG3,K,SIM-ABL-5-0085,-2.449939851284862
SIMULATED,Collect,TD-IG3,K,SIM-ABL-5-0086,-4.428618652344925
SIMULATED,Collect,TD-IG3,K,SIM-ABL-5-0087,-3.9129764157513645
SIMULATED,Collect,TD-IG3,K,SIM-ABL-5-0088,-12.889032252600067
SIMULATED,Collect,TD-IG3,K,SIM-ABL-5-0089,9.7903893552454
SIMULATED,Collect,TD-IG3,K,SIM-ABL-5-0090,-6.61686418966702
SIMULATED,Collect,TD-IG3,K,SIM-ABL-5-0091,-5.968987487713605
SIMULATED,Collect,TD-IG3,K,SIM-ABL-5-0092,9.941507293967375
SIMULATED,Collect,TD-IG3,K,SIM-ABL-5-0093,8.376603491391695
SIMULATED,Collect,TD-IG3,K,SIM-ABL-5-0094,-6.556534296190736
SIMULATED,Collect,TD-IG3,K,SIM-ABL-5-0095,6.127115381917345
SIMULATED,Collect,TD-IG3,K,SIM-ABL-5-0096,7.59273723368034
SIMULATED,Collect,TD-IG3,K,SIM-ABL-5-0097,-1.8461662764232525
SIMULATED,Collect,TD-IG3,K,SIM-ABL-5-0098,-2.663162056053983
SIMULATED,Collect,TD-IG3,K,SIM-ABL-5-0099,-4.086552245344308
SIMULATED,Collect,TD-IG3,K,SIM-ABL-5-0100,0.4608609337402498
SIMULATED,Collect,TD-IG3,K,SIM-ABL-5-0101,6.687845713041681
SIMULATED,Collect,TD-IG3,K,SIM-ABL-5-0102,5.6091424554150295
SIMULATED,Collect,TD-IG3,K,SIM-ABL-5-0103,11.859321918330593
SIMULATED,Collect,TD-IG3,K,SIM-ABL-5-0104,5.2251637093167655
SIMULATED,Collect,TD-IG3,K,SIM-ABL-5-0105,-0.5478445823830469
SIMULATED,Collect,TD-IG3,K,SIM-ABL-5-0106,-3.7718689554775446
SIMULATED,Collect,TD-IG3,K,SIM-ABL-5-0107,-0.25576476097712564
SIMULATED,Collect,TD-IG3,K,SIM-ABL-5-0108,-1.206980837080762
SIMULATED,Collect,TD-IG3,K,SIM-ABL-5-0109,-2.7803098461835587
SIMULATED,Collect,TD-IG3,K,SIM-ABL-5-0110,2.2947916755873994
SIMULATED,Collect,TD-IG3,K,SIM-ABL-5-0111,0.7890691394240865
SIMULATED,Collect,TD-IG3,K,SIM-ABL-5-0112,4.03396564894389
SIMULATED,Collect,TD-IG3,K,SIM-ABL-5-0113,0.16671488985008348
SIMULATED,Collect,TD-IG3,K,SIM-ABL-5-0114,12.499029809510342
SIMULATED,Collect,TD-IG3,K,SIM-ABL-5-0115,-9.53615370254972
SIMULATED,Collect,TD-IG3,K,SIM-ABL-5-0116,-0.6433249913527301
SIMULATED,Collect,TD-IG3,K,SIM-ABL-5-0117,8.842540357366133
SIMULATED,Collect,TD-IG3,K,SIM-ABL-5-0118,-0.9330732975426634
SIMULATED,Collect,TD-IG3,K,SIM-ABL-5-0119,11.156881827316829
SIMULATED,Collect,TD-IG3,K,SIM-ABL-5-0120,3.472174011054919
SIMULATED,Collect,TD-IG3,K,SIM-ABL-5-0121,1.2231364714433512
SIMULATED,Collect,TD-IG3,K,SIM-ABL-5-0122,4.237440915319435
SIMULATED,Collect,TD-IG3,K,SIM-ABL-5-0123,-5.863099608306242
SIMULATED,Collect,TD-IG3,K,SIM-ABL-5-0124,-4.819222713040142
SIMULATED,Collect,TD-IG3,K,SIM-ABL-5-0125,-15.011663851550882
SIMULATED,Collect,TD-IG3,K,SIM-ABL-5-0126,-7.261097229962592
SIMULATED,Collect,TD-IG3,K,SIM-ABL-5-0127,-5.820138324840838
SIMULATED,Collect,TD-IG3,K,SIM-ABL-5-0128,4.222237736286765
SIMULATED,Collect,TD-IG3,K,SIM-ABL-5-0129,0.43360420437228253
SIMULATED,Collect,TD-IG3,K,SIM-ABL-5-0130,1.5516759351337848
SIMULATED,Collect,TD-IG3,K,SIM-ABL-5-0131,8.668543598510585
SIMULATED,Collect,TD-IG3,K,SIM-ABL-5-0132,10.901441489410274
SIMULATED,Collect,TD-IG3,K,SIM-ABL-5-0133,-16.728712077415437
SIMULATED,Collect,TD-IG3,K,SIM-ABL-5-0134,4.451101233372841
SIMULATED,Collect,TD-IG3,K,SIM-ABL-5-0135,8.445075567865304
SIMULATED,Collect,TD-IG3,K,SIM-ABL-5-0136,-6.6714361765213965
SIMULATED,Collect,TD-IG3,K,SIM-ABL-5-0137,1.5518813251438357
SIMULATED,Collect,TD-IG3,K,SIM-ABL-5-0138,7.297297882518009
SIMULATED,Collect,TD-IG3,K,SIM-ABL-5-0139,-18.405415964961225
SIMULATED,Collect,TD-IG3,K,SIM-ABL-5-0140,1.615321017641659
SIMULATED,Collect,TD-IG3,K,SIM-ABL-5-0141,11.564496923690854
SIMULATED,Collect,TD-IG3,K,SIM-ABL-5-0142,-8.391321464904642
SIMULATED,Collect,TD-IG3,K,SIM-ABL-5-0143,9.736209493923702
SIMULATED,Collect,TD-IG3,K,SIM-ABL-5-0144,0.09594473863124281
SIMULATED,Collect,TD-IG3,K,SIM-ABL-5-0145,-9.922420743643412
SIMULATED,Collect,TD-IG3,K,SIM-ABL-5-0146,0.014253431690486651
SIMULATED,Collect,TD-IG3,K,SIM-ABL-5-0147,6.9762785098944375
SIMULATED,Collect,TD-IG3,K,SIM-ABL-5-0148,-2.8748390341924206
SIMULATED,Collect,TD-IG3,K,SIM-ABL-5-0149,-12.001406326408986
SIMULATED,Collect,TD-IG3,K,SIM-ABL-5-0150,-9.2287475492492
SIMULATED,Collect,TD-IG3,K,SIM-ABL-5-0151,-0.13895793269676804
SIMULATED,Collect,TD-IG3,K,SIM-ABL-5-0152,8.79639443960868
SIMULATED,Collect,TD-IG3,K,SIM-ABL-5-0153,-7.334550953268839
SIMULATED,Collect,TD-IG3,K,SIM-ABL-5-0154,0.8054634452610989
SIMULATED,Collect,TD-IG3,K,SIM-ABL-5-0155,-2.1213223959802106
SIMULATED,Collect,TD-IG3,K,SIM-ABL-5-0156,-0.5177380137261833
SIMULATED,Collect,TD-IG3,K,SIM-ABL-5-0157,1.1863763827017408
SIMULATED,Collect,TD-IG3,K,SIM-ABL-5-0158,8.827625802057375
SIMULATED,Collect,TD-IG3,K,SIM-ABL-5-0159,1.9354774042714258
SIMULATED,Collect,TD-IG3,V,SIM-ABL-5-0000,-0.44253707749330995
SIMULATED,Collect,TD-IG3,V,SIM-ABL-5-0001,12.796293056436944
SIMULATED,Collect,TD-IG3,V,SIM-ABL-5-0002,-7.275647931788637
SIMULATED,Collect,TD-IG3,V,SIM-ABL-5-0003,1.154526602945044
SIMULATED,Collect,TD-IG3,V,SIM-ABL-5-0004,-1.0982325782589966
SIMULATED,Collect,TD-IG3,V,SIM-ABL-5-0005,2.7570142722252715
SIMULATED,Collect,TD-IG3,V,SIM-ABL-5-0006,-1.1950763559797193
SIMULATED,Collect,TD-IG3,V,SIM-ABL-5-0007,-8.488930290401804
SIMULATED,Collect,TD-IG3,V,SIM-ABL-5-0008,15.104391010188861
SIMULATED,Collect,TD-IG3,V,SIM-ABL-5-0009,-2.2744987923307813
SIMULATED,Collect,TD-IG3,V,SIM-ABL-5-0010,-2.054195855579833
SIMULATED,Collect,TD-IG3,V,SIM-ABL-5-0011,-7.525003000421279
SIMULATED,Collect,TD-IG3,V,SIM-ABL-5-0012,5.728528916924015
SIMULATED,Collect,TD-IG3,V,SIM-ABL-5-0013,13.61250927417284
SIMULATED,Collect,TD-IG3,V,SIM-ABL-5-0014,5.562958121928359
SIMULATED,Collect,TD-IG3,V,SIM-ABL-5-0015,6.633268223998055
SIMULATED,Collect,TD-IG3,V,SIM-ABL-5-0016,-5.316768809137207
SIMULATED,Collect,TD-IG3,V,SIM-ABL-5-0017,26.870497958636953
SIMULATED,Collect,TD-IG3,V,SIM-ABL-5-0018,2.590191199752261
SIMULATED,Collect,TD-IG3,V,SIM-ABL-5-0019,13.638424135930341
SIMULATED,Collect,TD-IG3,V,SIM-ABL-5-0020,16.845378030985184
SIMULATED,Collect,TD-IG3,V,SIM-ABL-5-0021,-3.5533113787495476
SIMULATED,Collect,TD-IG3,V,SIM-ABL-5-0022,5.9334797316774175
SIMULATED,Collect,TD-IG3,V,SIM-ABL-5-0023,11.869230658663332
SIMULATED,Collect,TD-IG3,V,SIM-ABL-5-0024,-6.612811113462959
SIMULATED,Collect,TD-IG3,V,SIM-ABL-5-0025,12.26392655601575
SIMULATED,Collect,TD-IG3,V,SIM-ABL-5-0026,-3.3832284762147347
SIMULATED,Collect,TD-IG3,V,SIM-ABL-5-0027,8.609082178557752
SIMULATED,Collect,TD-IG3,V,SIM-ABL-5-0028,-17.243964506422788
SIMULATED,Collect,TD-IG3,V,SIM-ABL-5-0029,12.772469599515519
SIMULATED,Collect,TD-IG3,V,SIM-ABL-5-0030,-8.306105739464426
SIMULATED,Collect,TD-IG3,V,SIM-ABL-5-0031,3.614931172497288
SIMULATED,Collect,TD-IG3,V,SIM-ABL-5-0032,-9.829296626958929
SIMULATED,Collect,TD-IG3,V,SIM-ABL-5-0033,-10.131068026666934
SIMULATED,Collect,TD-IG3,V,SIM-ABL-5-0034,-0.4332291929036356
SIMULATED,Collect,TD-IG3,V,SIM-ABL-5-0035,8.435812289415088
SIMULATED,Collect,TD-IG3,V,SIM-ABL-5-0036,9.241279389488223
SIMULATED,Collect,TD-IG3,V,SIM-ABL-5-0037,-1.5342392826364977
SIMULATED,Collect,TD-IG3,V,SIM-ABL-5-0038,-4.671064104773517
SIMULATED,Collect,TD-IG3,V,SIM-ABL-5-0039,-5.575361993677406
SIMULATED,Collect,TD-IG3,V,SIM-ABL-5-0040,-10.456852509602705
SIMULATED,Collect,TD-IG3,V,SIM-ABL-5-0041,5.425096480639342
SIMULATED,Collect,TD-IG3,V,SIM-ABL-5-0042,-7.562555504847792
SIMULATED,Collect,TD-IG3,V,SIM-ABL-5-0043,1.5918886493973796
SIMULATED,Collect,TD-IG3,V,SIM-ABL-5-0044,-3.5116520692868467
SIMULATED,Collect,TD-IG3,V,SIM-ABL-5-0045,0.5947811327910005
SIMULATED,Collect,TD-IG3,V,SIM-ABL-5-0046,-1.5352435813994965
SIMULATED,Collect,TD-IG3,V,SIM-ABL-5-0047,4.0244974449806215
SIMULATED,Collect,TD-IG3,V,SIM-ABL-5-0048,-9.015556202728325
SIMULATED,Collect,TD-IG3,V,SIM-ABL-5-0049,3.4075438195968846
SIMULATED,Collect,TD-IG3,V,SIM-ABL-5-0050,1.6171313061507355
SIMULATED,Collect,TD-IG3,V,SIM-ABL-5-0051,12.034503718181947
SIMULATED,Collect,TD-IG3,V,SIM-ABL-5-0052,-3.945983437418928
SIMULATED,Collect,TD-IG3,V,SIM-ABL-5-0053,-7.001920229591711
SIMULATED,Collect,TD-IG3,V,SIM-ABL-5-0054,3.482022896587415
SIMULATED,Collect,TD-IG3,V,SIM-ABL-5-0055,12.846413111145282
SIMULATED,Collect,TD-IG3,V,SIM-ABL-5-0056,-6.864401824462508
SIMULATED,Collect,TD-IG3,V,SIM-ABL-5-0057,2.285287954438774
SIMULATED,Collect,TD-IG3,V,SIM-ABL-5-0058,-4.414773941037758
SIMULATED,Collect,TD-IG3,V,SIM-ABL-5-0059,-0.6738174353235833
SIMULATED,Collect,TD-IG3,V,SIM-ABL-5-0060,0.5605839292070742
SIMULATED,Collect,TD-IG3,V,SIM-ABL-5-0061,-4.700613352793548
SIMULATED,Collect,TD-IG3,V,SIM-ABL-5-0062,1.7190790235100697
SIMULATED,Collect,TD-IG3,V,SIM-ABL-5-0063,-3.0809924079072553
SIMULATED,Collect,TD-IG3,V,SIM-ABL-5-0064,-5.347875308672782
SIMULATED,Collect,TD-IG3,V,SIM-ABL-5-0065,-0.015382441610645614
SIMULATED,Collect,TD-IG3,V,SIM-ABL-5-0066,0.401209522951284
SIMULATED,Collect,TD-IG3,V,SIM-ABL-5-0067,3.9646770861844014
SIMULATED,Collect,TD-IG3,V,SIM-ABL-5-0068,-3.01143840869296
SIMULATED,Collect,TD-IG3,V,SIM-ABL-5-0069,-4.134444166259874
SIMULATED,Collect,TD-IG3,V,SIM-ABL-5-0070,2.6631223298928823
SIMULATED,Collect,TD-IG3,V,SIM-ABL-5-0071,0.39923629284790296
SIMULATED,Collect,TD-IG3,V,SIM-ABL-5-0072,3.733673300342759
SIMULATED,Collect,TD-IG3,V,SIM-ABL-5-0073,3.490370868309102
SIMULATED,Collect,TD-IG3,V,SIM-ABL-5-0074,-17.948634148845787
SIMULATED,Collect,TD-IG3,V,SIM-ABL-5-0075,0.5197016399542644
SIMULATED,Collect,TD-IG3,V,SIM-ABL-5-0076,-12.625806269890603
SIMULATED,Collect,TD-IG3,V,SIM-ABL-5-0077,-11.30675397199953
SIMULATED,Collect,TD-IG3,V,SIM-ABL-5-0078,-2.11000688439951
SIMULATED,Collect,TD-IG3,V,SIM-ABL-5-0079,9.061532974659666
SIMULATED,Collect,TD-IG3,V,SIM-ABL-5-0080,-1.36064505375287
SIMULATED,Collect,TD-IG3,V,SIM-ABL-5-0081,-1.8484305675224828
SIMULATED,Collect,TD-IG3,V,SIM-ABL-5-0082,20.145628655487158
SIMULATED,Collect,TD-IG3,V,SIM-ABL-5-0083,-9.288049657472392
SIMULATED,Collect,TD-IG3,V,SIM-ABL-5-0084,-8.600116804582475
SIMULATED,Collect,TD-IG3,V,SIM-ABL-5-0085,0.3361678993122702
SIMULATED,Collect,TD-IG3,V,SIM-ABL-5-0086,7.554334474513178
SIMULATED,Collect,TD-IG3,V,SIM-ABL-5-0087,-0.6999325936027416
SIMULATED,Collect,TD-IG3,V,SIM-ABL-5-0088,1.7591223621228806
SIMULATED,Collect,TD-IG3,V,SIM-ABL-5-0089,8.216215687431006
SIMULATED,Collect,TD-IG3,V,SIM-ABL-5-0090,0.38545066383110194
SIMULATED,Collect,TD-IG3,V,SIM-ABL-5-0091,10.456066152676884
SIMULATED,Collect,TD-IG3,V,SIM-ABL-5-0092,0.12403109569222504
SIMULATED,Collect,TD-IG3,V,SIM-ABL-5-0093,5.917483320113483
SIMULATED,Collect,TD-IG3,V,SIM-ABL-5-0094,-10.666748489314367
SIMULATED,Collect,TD-IG3,V,SIM-ABL-5-0095,-2.4696910440343744
SIMULATED,Collect,TD-IG3,V,SIM-ABL-5-0096,7.56527966656612
SIMULATED,Collect,TD-IG3,V,SIM-ABL-5-0097,-1.9885609620638776
SIMULATED,Collect,TD-IG3,V,SIM-ABL-5-0098,-6.033063972167543
SIMULATED,Collect,TD-IG3,V,SIM-ABL-5-0099,8.61608299510539
SIMULATED,Collect,TD-IG3,V,SIM-ABL-5-0100,5.37743775914095
SIMULATED,Collect,TD-IG3,V,SIM-ABL-5-0101,-15.176626137319657
SIMULATED,Collect,TD-IG3,V,SIM-ABL-5-0102,14.340943039112965
SIMULATED,Collect,TD-IG3,V,SIM-ABL-5-0103,-0.6239104779013604
SIMULATED,Collect,TD-IG3,V,SIM-ABL-5-0104,1.043512446387176
SIMULATED,Collect,TD-IG3,V,SIM-ABL-5-0105,-1.782860012845073
SIMULATED,Collect,TD-IG3,V,SIM-ABL-5-0106,4.17644012471456
SIMULATED,Collect,TD-IG3,V,SIM-ABL-5-0107,2.55565218256047
SIMULATED,Collect,TD-IG3,V,SIM-ABL-5-0108,-0.42009258986215725
SIMULATED,Collect,TD-IG3,V,SIM-ABL-5-0109,1.739401736027367
SIMULATED,Collect,TD-IG3,V,SIM-ABL-5-0110,4.110512421489831
SIMULATED,Collect,TD-IG3,V,SIM-ABL-5-0111,6.698034005505274
SIMULATED,Collect,TD-IG3,V,SIM-ABL-5-0112,-12.44445582181594
SIMULATED,Collect,TD-IG3,V,SIM-ABL-5-0113,-2.0760867944253643
SIMULATED,Collect,TD-IG3,V,SIM-ABL-5-0114,8.341269507057014
SIMULATED,Collect,TD-IG3,V,SIM-ABL-5-0115,2.81930540846406
SIMULATED,Collect,TD-IG3,V,SIM-ABL-5-0116,1.0730917502862118
SIMULATED,Collect,TD-IG3,V,SIM-ABL-5-0117,-1.610508542887239
SIMULATED,Collect,TD-IG3,V,SIM-ABL-5-0118,-7.157097288866334
SIMULATED,Collect,TD-IG3,V,SIM-ABL-5-0119,9.613575265467878
SIMULATED,Collect,TD-IG3,V,SIM-ABL-5-0120,-2.058054803708975
SIMULATED,Collect,TD-IG3,V,SIM-ABL-5-0121,1.7933516451233902
SIMULATED,Collect,TD-IG3,V,SIM-ABL-5-0122,-6.458717895520875
SIMULATED,Collect,TD-IG3,V,SIM-ABL-5-0123,-5.737327437100957
SIMULATED,Collect,TD-IG3,V,SIM-ABL-5-0124,-0.5590756877288734
SIMULATED,Collect,TD-IG3,V,SIM-ABL-5-0125,8.935313940410234
SIMULATED,Collect,TD-IG3,V,SIM-ABL-5-0126,-8.402102459399323
SIMULATED,Collect,TD-IG3,V,SIM-ABL-5-0127,-9.881900802394087
SIMULATED,Collect,TD-IG3,V,SIM-ABL-5-0128,-3.0066364858380843
SIMULATED,Collect,TD-IG3,V,SIM-ABL-5-0129,1.2769353574159656
SIMULATED,Collect,TD-IG3,V,SIM-ABL-5-0130,9.009261711388811
SIMULATED,Collect,TD-IG3,V,SIM-ABL-5-0131,6.950245849757742
SIMULATED,Collect,TD-IG3,V,SIM-ABL-5-0132,7.5798523935647495
SIMULATED,Collect,TD-IG3,V,SIM-ABL-5-0133,-6.053127002316856
SIMULATED,Collect,TD-IG3,V,SIM-ABL-5-0134,-1.2429978851865138
SIMULATED,Collect,TD-IG3,V,SIM-ABL-5-0135,8.707443066225768
SIMULATED,Collect,TD-IG3,V,SIM-ABL-5-0136,0.5657392650218637
SIMULATED,Collect,TD-IG3,V,SIM-ABL-5-0137,-2.4523350374142523
SIMULATED,Collect,TD-IG3,V,SIM-ABL-5-0138,-6.209147112484537
SIMULATED,Collect,TD-IG3,V,SIM-ABL-5-0139,-10.454845441768287
SIMULATED,Collect,TD-IG3,V,SIM-ABL-5-0140,6.175947261890645
SIMULATED,Collect,TD-IG3,V,SIM-ABL-5-0141,-8.783360329665795
SIMULATED,Collect,TD-IG3,V,SIM-ABL-5-0142,2.0344383024574855
SIMULATED,Collect,TD-IG3,V,SIM-ABL-5-0143,14.419127273441742
SIMULATED,Collect,TD-IG3,V,SIM-ABL-5-0144,-5.834878189811601
SIMULATED,Collect,TD-IG3,V,SIM-ABL-5-0145,-7.689456671072616
SIMULATED,Collect,TD-IG3,V,SIM-ABL-5-0146,8.822972029986843
SIMULATED,Collect,TD-IG3,V,SIM-ABL-5-0147,-14.634892127409362
SIMULATED,Collect,TD-IG3,V,SIM-ABL-5-0148,-0.31653033520442264
SIMULATED,Collect,TD-IG3,V,SIM-ABL-5-0149,-3.447679749506596
SIMULATED,Collect,TD-IG3,V,SIM-ABL-5-0150,1.6604784703248276
SIMULATED,Collect,TD-IG3,V,SIM-ABL-5-0151,3.7619046060458348
SIMULATED,Collect,TD-IG3,V,SIM-ABL-5-0152,5.284885793466511
SIMULATED,Collect,TD-IG3,V,SIM-ABL-5-0153,-9.02869272408244
SIMULATED,Collect,TD-IG3,V,SIM-ABL-5-0154,5.232046136936752
SIMULATED,Collect,TD-IG3,V,SIM-ABL-5-0155,2.8912238704789273
SIMULATED,Collect,TD-IG3,V,SIM-ABL-5-0156,-6.2322608850375545
SIMULATED,Collect,TD-IG3,V,SIM-ABL-5-0157,12.201051044352646
SIMULATED,Collect,TD-IG3,V,SIM-ABL-5-0158,-7.4124971551176255
SIMULATED,Collect,TD-IG3,V,SIM-ABL-5-0159,-6.947995284560383
SIMULATED,Collect,TD-IG3,T,SIM-ABL-5-0000,1.8592350656914869
SIMULATED,Collect,TD-IG3,T,SIM-ABL-5-0001,10.973692194951532
SIMULATED,Collect,TD-IG3,T,SIM-ABL-5-0002,7.701403020923983
SIMULATED,Collect,TD-IG3,T,SIM-ABL-5-0003,6.885288016109757
SIMULATED,Collect,TD-IG3,T,SIM-ABL-5-0004,-6.170052897043613
SIMULATED,Collect,TD-IG3,T,SIM-ABL-5-0005,4.3183247303360215
SIMULATED,Collect,TD-IG3,T,SIM-ABL-5-0006,14.618147227337444
SIMULATED,Collect,TD-IG3,T,SIM-ABL-5-0007,17.105331794877927
SIMULATED,Collect,TD-IG3,T,SIM-ABL-5-0008,10.625886923295855
SIMULATED,Collect,TD-IG3,T,SIM-ABL-5-0009,13.05750040683355
SIMULATED,Collect,TD-IG3,T,SIM-ABL-5-0010,1.69200009838735
SIMULATED,Collect,TD-IG3,T,SIM-ABL-5-0011,3.928093015640626
SIMULATED,Collect,TD-IG3,T,SIM-ABL-5-0012,-3.257575482527559
SIMULATED,Collect,TD-IG3,T,SIM-ABL-5-0013,5.534128788854117
SIMULATED,Collect,TD-IG3,T,SIM-ABL-5-0014,-6.460100287479181
SIMULATED,Collect,TD-IG3,T,SIM-ABL-5-0015,15.282949297567603
SIMULATED,Collect,TD-IG3,T,SIM-ABL-5-0016,24.259953348466425
SIMULATED,Collect,TD-IG3,T,SIM-ABL-5-0017,2.0645791510611824
SIMULATED,Collect,TD-IG3,T,SIM-ABL-5-0018,15.997620309938227
SIMULATED,Collect,TD-IG3,T,SIM-ABL-5-0019,7.489713414722113
SIMULATED,Collect,TD-IG3,T,SIM-ABL-5-0020,6.778568877601931
SIMULATED,Collect,TD-IG3,T,SIM-ABL-5-0021,-3.3809266574337724
SIMULATED,Collect,TD-IG3,T,SIM-ABL-5-0022,-2.848176346030979
SIMULATED,Collect,TD-IG3,T,SIM-ABL-5-0023,11.45362133633289
SIMULATED,Collect,TD-IG3,T,SIM-ABL-5-0024,-4.63354287042829
SIMULATED,Collect,TD-IG3,T,SIM-ABL-5-0025,10.837220502615187
SIMULATED,Collect,TD-IG3,T,SIM-ABL-5-0026,-17.20471251633937
SIMULATED,Collect,TD-IG3,T,SIM-ABL-5-0027,5.3630339111246395
SIMULATED,Collect,TD-IG3,T,SIM-ABL-5-0028,12.789684776020975
SIMULATED,Collect,TD-IG3,T,SIM-ABL-5-0029,10.101241552711173
SIMULATED,Collect,TD-IG3,T,SIM-ABL-5-0030,4.377210694214103
SIMULATED,Collect,TD-IG3,T,SIM-ABL-5-0031,9.02021543380367
SIMULATED,Collect,TD-IG3,T,SIM-ABL-5-0032,3.313276216365173
SIMULATED,Collect,TD-IG3,T,SIM-ABL-5-0033,4.6092406205617085
SIMULATED,Collect,TD-IG3,T,SIM-ABL-5-0034,6.738834582346362
SIMULATED,Collect,TD-IG3,T,SIM-ABL-5-0035,21.332666405014837
SIMULATED,Collect,TD-IG3,T,SIM-ABL-5-0036,11.024315314219646
SIMULATED,Collect,TD-IG3,T,SIM-ABL-5-0037,19.486516043910978
SIMULATED,Collect,TD-IG3,T,SIM-ABL-5-0038,17.398269561665614
SIMULATED,Collect,TD-IG3,T,SIM-ABL-5-0039,-5.4101701455287845
SIMULATED,Collect,TD-IG3,T,SIM-ABL-5-0040,0.07471580991984039
SIMULATED,Collect,TD-IG3,T,SIM-ABL-5-0041,12.555759477479771
SIMULATED,Collect,TD-IG3,T,SIM-ABL-5-0042,8.518859063247666
SIMULATED,Collect,TD-IG3,T,SIM-ABL-5-0043,8.17030500784177
SIMULATED,Collect,TD-IG3,T,SIM-ABL-5-0044,14.328541001282693
SIMULATED,Collect,TD-IG3,T,SIM-ABL-5-0045,6.727867173333825
SIMULATED,Collect,TD-IG3,T,SIM-ABL-5-0046,1.784330886444466
SIMULATED,Collect,TD-IG3,T,SIM-ABL-5-0047,8.135981380401194
SIMULATED,Collect,TD-IG3,T,SIM-ABL-5-0048,-1.201715392784711
SIMULATED,Collect,TD-IG3,T,SIM-ABL-5-0049,-6.02787634309326
SIMULATED,Collect,TD-IG3,T,SIM-ABL-5-0050,0.7244004802094386
SIMULATED,Collect,TD-IG3,T,SIM-ABL-5-0051,11.083598662400988
SIMULATED,Collect,TD-IG3,T,SIM-ABL-5-0052,2.667602410506854
SIMULATED,Collect,TD-IG3,T,SIM-ABL-5-0053,10.855845847786698
SIMULATED,Collect,TD-IG3,T,SIM-ABL-5-0054,12.554892662153991
SIMULATED,Collect,TD-IG3,T,SIM-ABL-5-0055,7.139417539798194
SIMULATED,Collect,TD-IG3,T,SIM-ABL-5-0056,5.868962504244097
SIMULATED,Collect,TD-IG3,T,SIM-ABL-5-0057,3.422871227392606
SIMULATED,Collect,TD-IG3,T,SIM-ABL-5-0058,4.057021719412067
SIMULATED,Collect,TD-IG3,T,SIM-ABL-5-0059,11.18561744327434
SIMULATED,Collect,TD-IG3,T,SIM-ABL-5-0060,-8.285920277284168
SIMULATED,Collect,TD-IG3,T,SIM-ABL-5-0061,5.320637132166902
SIMULATED,Collect,TD-IG3,T,SIM-ABL-5-0062,12.211242997720998
SIMULATED,Collect,TD-IG3,T,SIM-ABL-5-0063,7.091704339480211
SIMULATED,Collect,TD-IG3,T,SIM-ABL-5-0064,-0.17256573737545056
SIMULATED,Collect,TD-IG3,T,SIM-ABL-5-0065,1.3750282978476966
SIMULATED,Collect,TD-IG3,T,SIM-ABL-5-0066,7.934294460625392
SIMULATED,Collect,TD-IG3,T,SIM-ABL-5-0067,7.887401582460487
SIMULATED,Collect,TD-IG3,T,SIM-ABL-5-0068,10.403633546797073
SIMULATED,Collect,TD-IG3,T,SIM-ABL-5-0069,2.0228631291159758
SIMULATED,Collect,TD-IG3,T,SIM-ABL-5-0070,-3.7047204279216888
SIMULATED,Collect,TD-IG3,T,SIM-ABL-5-0071,-3.5334513068798192
SIMULATED,Collect,TD-IG3,T,SIM-ABL-5-0072,2.6573262082380014
SIMULATED,Collect,TD-IG3,T,SIM-ABL-5-0073,-4.93497312950767
SIMULATED,Collect,TD-IG3,T,SIM-ABL-5-0074,11.585484261630006
SIMULATED,Collect,TD-IG3,T,SIM-ABL-5-0075,2.322330031631291
SIMULATED,Collect,TD-IG3,T,SIM-ABL-5-0076,2.096841889028692
SIMULATED,Collect,TD-IG3,T,SIM-ABL-5-0077,11.858414056824376
SIMULATED,Collect,TD-IG3,T,SIM-ABL-5-0078,-2.222815499020274
SIMULATED,Collect,TD-IG3,T,SIM-ABL-5-0079,8.973996804131918
SIMULATED,Collect,TD-IG3,T,SIM-ABL-5-0080,17.501729931255877
SIMULATED,Collect,TD-IG3,T,SIM-ABL-5-0081,-0.7511862306606134
SIMULATED,Collect,TD-IG3,T,SIM-ABL-5-0082,4.251421437458663
SIMULATED,Collect,TD-IG3,T,SIM-ABL-5-0083,0.7612206864050783
SIMULATED,Collect,TD-IG3,T,SIM-ABL-5-0084,6.047020752901555
SIMULATED,Collect,TD-IG3,T,SIM-ABL-5-0085,9.73980973548975
SIMULATED,Collect,TD-IG3,T,SIM-ABL-5-0086,8.852539104313772
SIMULATED,Collect,TD-IG3,T,SIM-ABL-5-0087,14.57587786540032
SIMULATED,Collect,TD-IG3,T,SIM-ABL-5-0088,1.8976737178259677
SIMULATED,Collect,TD-IG3,T,SIM-ABL-5-0089,8.600396943255081
SIMULATED,Collect,TD-IG3,T,SIM-ABL-5-0090,5.098586200824342
SIMULATED,Collect,TD-IG3,T,SIM-ABL-5-0091,7.206788003849768
SIMULATED,Collect,TD-IG3,T,SIM-ABL-5-0092,-1.9920982660169462
SIMULATED,Collect,TD-IG3,T,SIM-ABL-5-0093,8.73700965324563
SIMULATED,Collect,TD-IG3,T,SIM-ABL-5-0094,5.720647701397704
SIMULATED,Collect,TD-IG3,T,SIM-ABL-5-0095,1.0869393138225774
SIMULATED,Collect,TD-IG3,T,SIM-ABL-5-0096,-6.712378104553316
SIMULATED,Collect,TD-IG3,T,SIM-ABL-5-0097,-3.9367282289950727
SIMULATED,Collect,TD-IG3,T,SIM-ABL-5-0098,12.58896301769275
SIMULATED,Collect,TD-IG3,T,SIM-ABL-5-0099,4.892023380374161
SIMULATED,Collect,TD-IG3,T,SIM-ABL-5-0100,9.243119258704542
SIMULATED,Collect,TD-IG3,T,SIM-ABL-5-0101,3.567359057235146
SIMULATED,Collect,TD-IG3,T,SIM-ABL-5-0102,-1.741769160681772
SIMULATED,Collect,TD-IG3,T,SIM-ABL-5-0103,2.653994566139027
SIMULATED,Collect,TD-IG3,T,SIM-ABL-5-0104,9.337581005833565
SIMULATED,Collect,TD-IG3,T,SIM-ABL-5-0105,-2.0648276577908233
SIMULATED,Collect,TD-IG3,T,SIM-ABL-5-0106,9.094230515724396
SIMULATED,Collect,TD-IG3,T,SIM-ABL-5-0107,-4.168601735442618
SIMULATED,Collect,TD-IG3,T,SIM-ABL-5-0108,4.992276250874456
SIMULATED,Collect,TD-IG3,T,SIM-ABL-5-0109,-0.012180169253331208
SIMULATED,Collect,TD-IG3,T,SIM-ABL-5-0110,-1.5758231272517222
SIMULATED,Collect,TD-IG3,T,SIM-ABL-5-0111,-4.589590453097838
SIMULATED,Collect,TD-IG3,T,SIM-ABL-5-0112,7.578300789794518
SIMULATED,Collect,TD-IG3,T,SIM-ABL-5-0113,-7.915226233555535
SIMULATED,Collect,TD-IG3,T,SIM-ABL-5-0114,12.199664369961008
SIMULATED,Collect,TD-IG3,T,SIM-ABL-5-0115,-3.57851369946581
SIMULATED,Collect,TD-IG3,T,SIM-ABL-5-0116,-7.385042854737108
SIMULATED,Collect,TD-IG3,T,SIM-ABL-5-0117,7.745660068531235
SIMULATED,Collect,TD-IG3,T,SIM-ABL-5-0118,-1.1525170300442071
SIMULATED,Collect,TD-IG3,T,SIM-ABL-5-0119,-6.931486257645918
SIMULATED,Collect,TD-IG3,T,SIM-ABL-5-0120,-12.582498232108415
SIMULATED,Collect,TD-IG3,T,SIM-ABL-5-0121,1.5258140381734822
SIMULATED,Collect,TD-IG3,T,SIM-ABL-5-0122,-4.052086105436384
SIMULATED,Collect,TD-IG3,T,SIM-ABL-5-0123,-10.28077671399962
SIMULATED,Collect,TD-IG3,T,SIM-ABL-5-0124,14.36714667909604
SIMULATED,Collect,TD-IG3,T,SIM-ABL-5-0125,-10.583036356352649
SIMULATED,Collect,TD-IG3,T,SIM-ABL-5-0126,2.6591382560105705
SIMULATED,Collect,TD-IG3,T,SIM-ABL-5-0127,4.269538592534664
SIMULATED,Collect,TD-IG3,T,SIM-ABL-5-0128,10.034715184544122
SIMULATED,Collect,TD-IG3,T,SIM-ABL-5-0129,16.731926556419083
SIMULATED,Collect,TD-IG3,T,SIM-ABL-5-0130,3.8521272530416546
SIMULATED,Collect,TD-IG3,T,SIM-ABL-5-0131,-1.5828871218627758
SIMULATED,Collect,TD-IG3,T,SIM-ABL-5-0132,-2.7236665265163595
SIMULATED,Collect,TD-IG3,T,SIM-ABL-5-0133,10.654922728668192
SIMULATED,Collect,TD-IG3,T,SIM-ABL-5-0134,2.5211523071307553
SIMULATED,Collect,TD-IG3,T,SIM-ABL-5-0135,7.415856861747885
SIMULATED,Collect,TD-IG3,T,SIM-ABL-5-0136,13.133091421400264
SIMULATED,Collect,TD-IG3,T,SIM-ABL-5-0137,8.436165743512392
SIMULATED,Collect,TD-IG3,T,SIM-ABL-5-0138,4.059837016984789
SIMULATED,Collect,TD-IG3,T,SIM-ABL-5-0139,-16.028359366745168
SIMULATED,Collect,TD-IG3,T,SIM-ABL-5-0140,10.65220018499841
SIMULATED,Collect,TD-IG3,T,SIM-ABL-5-0141,6.686853914677892
SIMULATED,Collect,TD-IG3,T,SIM-ABL-5-0142,3.0329310832441716
SIMULATED,Collect,TD-IG3,T,SIM-ABL-5-0143,11.414011147224882
SIMULATED,Collect,TD-IG3,T,SIM-ABL-5-0144,4.510641117315391
SIMULATED,Collect,TD-IG3,T,SIM-ABL-5-0145,9.56938843453845
SIMULATED,Collect,TD-IG3,T,SIM-ABL-5-0146,3.8368476291025337
SIMULATED,Collect,TD-IG3,T,SIM-ABL-5-0147,10.17546186074445
SIMULATED,Collect,TD-IG3,T,SIM-ABL-5-0148,2.6712371681635014
SIMULATED,Collect,TD-IG3,T,SIM-ABL-5-0149,-4.623502076025126
SIMULATED,Collect,TD-IG3,T,SIM-ABL-5-0150,11.038416464525085
SIMULATED,Collect,TD-IG3,T,SIM-ABL-5-0151,-1.5987243372251787
SIMULATED,Collect,TD-IG3,T,SIM-ABL-5-0152,-3.3126963293966463
SIMULATED,Collect,TD-IG3,T,SIM-ABL-5-0153,-1.6229146379448376
SIMULATED,Collect,TD-IG3,T,SIM-ABL-5-0154,7.944681623035148
SIMULATED,Collect,TD-IG3,T,SIM-ABL-5-0155,-1.3027682394198412
SIMULATED,Collect,TD-IG3,T,SIM-ABL-5-0156,-4.766827117980684
SIMULATED,Collect,TD-IG3,T,SIM-ABL-5-0157,-5.655645672558499
SIMULATED,Collect,TD-IG3,T,SIM-ABL-5-0158,11.73356526541231
SIMULATED,Collect,TD-IG3,T,SIM-ABL-5-0159,0.5015884503206496
SIMULATED,Collect,TD-IG3,Π,SIM-ABL-5-0000,-0.32317980641524535
SIMULATED,Collect,TD-IG3,Π,SIM-ABL-5-0001,-0.11187415033720916
SIMULATED,Collect,TD-IG3,Π,SIM-ABL-5-0002,8.356704806951617
SIMULATED,Collect,TD-IG3,Π,SIM-ABL-5-0003,-2.400158702143558
SIMULATED,Collect,TD-IG3,Π,SIM-ABL-5-0004,5.900964174243278
SIMULATED,Collect,TD-IG3,Π,SIM-ABL-5-0005,12.203948886255562
SIMULATED,Collect,TD-IG3,Π,SIM-ABL-5-0006,7.644789741542688
SIMULATED,Collect,TD-IG3,Π,SIM-ABL-5-0007,2.9093557644985557
SIMULATED,Collect,TD-IG3,Π,SIM-ABL-5-0008,7.418162547323957
SIMULATED,Collect,TD-IG3,Π,SIM-ABL-5-0009,-2.4628406996897563
SIMULATED,Collect,TD-IG3,Π,SIM-ABL-5-0010,-2.2515094349348304
SIMULATED,Collect,TD-IG3,Π,SIM-ABL-5-0011,15.059057465512758
SIMULATED,Collect,TD-IG3,Π,SIM-ABL-5-0012,-0.6866920661381779
SIMULATED,Collect,TD-IG3,Π,SIM-ABL-5-0013,6.056368459515493
SIMULATED,Collect,TD-IG3,Π,SIM-ABL-5-0014,3.7272935326727765
SIMULATED,Collect,TD-IG3,Π,SIM-ABL-5-0015,7.78525019321491
SIMULATED,Collect,TD-IG3,Π,SIM-ABL-5-0016,12.210709226203996
SIMULATED,Collect,TD-IG3,Π,SIM-ABL-5-0017,2.143643265762268
SIMULATED,Collect,TD-IG3,Π,SIM-ABL-5-0018,3.226750612782391
SIMULATED,Collect,TD-IG3,Π,SIM-ABL-5-0019,1.418515151346885
SIMULATED,Collect,TD-IG3,Π,SIM-ABL-5-0020,4.442827184279235
SIMULATED,Collect,TD-IG3,Π,SIM-ABL-5-0021,1.2829635885349933
SIMULATED,Collect,TD-IG3,Π,SIM-ABL-5-0022,14.74184129580377
SIMULATED,Collect,TD-IG3,Π,SIM-ABL-5-0023,-3.328682635380796
SIMULATED,Collect,TD-IG3,Π,SIM-ABL-5-0024,4.1909461824577825
SIMULATED,Collect,TD-IG3,Π,SIM-ABL-5-0025,-2.3846124981507324
SIMULATED,Collect,TD-IG3,Π,SIM-ABL-5-0026,2.181104237748452
SIMULATED,Collect,TD-IG3,Π,SIM-ABL-5-0027,-3.043805653189367
SIMULATED,Collect,TD-IG3,Π,SIM-ABL-5-0028,2.75712153293488
SIMULATED,Collect,TD-IG3,Π,SIM-ABL-5-0029,-8.481709488155307
SIMULATED,Collect,TD-IG3,Π,SIM-ABL-5-0030,-0.9592856796562472
SIMULATED,Collect,TD-IG3,Π,SIM-ABL-5-0031,-3.445949164120638
SIMULATED,Collect,TD-IG3,Π,SIM-ABL-5-0032,-2.5041074725721413
SIMULATED,Collect,TD-IG3,Π,SIM-ABL-5-0033,5.832554444276618
SIMULATED,Collect,TD-IG3,Π,SIM-ABL-5-0034,6.232089599117847
SIMULATED,Collect,TD-IG3,Π,SIM-ABL-5-0035,2.025044518440331
SIMULATED,Collect,TD-IG3,Π,SIM-ABL-5-0036,4.523703749001667
SIMULATED,Collect,TD-IG3,Π,SIM-ABL-5-0037,1.4814193551901826
SIMULATED,Collect,TD-IG3,Π,SIM-ABL-5-0038,-0.9293419023307465
SIMULATED,Collect,TD-IG3,Π,SIM-ABL-5-0039,14.312257422583112
SIMULATED,Collect,TD-IG3,Π,SIM-ABL-5-0040,-0.0543618020527874
SIMULATED,Collect,TD-IG3,Π,SIM-ABL-5-0041,-4.852741931707042
SIMULATED,Collect,TD-IG3,Π,SIM-ABL-5-0042,-2.8074123869213152
SIMULATED,Collect,TD-IG3,Π,SIM-ABL-5-0043,6.178870562791573
SIMULATED,Collect,TD-IG3,Π,SIM-ABL-5-0044,-4.765422115656447
SIMULATED,Collect,TD-IG3,Π,SIM-ABL-5-0045,1.6523527295962053
SIMULATED,Collect,TD-IG3,Π,SIM-ABL-5-0046,-3.953655586368686
SIMULATED,Collect,TD-IG3,Π,SIM-ABL-5-0047,-4.317616987968268
SIMULATED,Collect,TD-IG3,Π,SIM-ABL-5-0048,-6.198833069301784
SIMULATED,Collect,TD-IG3,Π,SIM-ABL-5-0049,2.6713881379401148
SIMULATED,Collect,TD-IG3,Π,SIM-ABL-5-0050,5.711753776081188
SIMULATED,Collect,TD-IG3,Π,SIM-ABL-5-0051,-3.0932460454663366
SIMULATED,Collect,TD-IG3,Π,SIM-ABL-5-0052,-1.3531446912356335
SIMULATED,Collect,TD-IG3,Π,SIM-ABL-5-0053,-1.3774635823191117
SIMULATED,Collect,TD-IG3,Π,SIM-ABL-5-0054,13.95656885688339
SIMULATED,Collect,TD-IG3,Π,SIM-ABL-5-0055,9.699874240522202
SIMULATED,Collect,TD-IG3,Π,SIM-ABL-5-0056,-3.0713629351503298
SIMULATED,Collect,TD-IG3,Π,SIM-ABL-5-0057,-4.847667839170425
SIMULATED,Collect,TD-IG3,Π,SIM-ABL-5-0058,-2.1582271318035864
SIMULATED,Collect,TD-IG3,Π,SIM-ABL-5-0059,5.324132889535946
SIMULATED,Collect,TD-IG3,Π,SIM-ABL-5-0060,7.143949644720479
SIMULATED,Collect,TD-IG3,Π,SIM-ABL-5-0061,14.319389191034817
SIMULATED,Collect,TD-IG3,Π,SIM-ABL-5-0062,-3.692152996328948
SIMULATED,Collect,TD-IG3,Π,SIM-ABL-5-0063,-6.986992684824548
SIMULATED,Collect,TD-IG3,Π,SIM-ABL-5-0064,-2.6484816098278308
SIMULATED,Collect,TD-IG3,Π,SIM-ABL-5-0065,4.587259954706434
SIMULATED,Collect,TD-IG3,Π,SIM-ABL-5-0066,-0.6821670352121858
SIMULATED,Collect,TD-IG3,Π,SIM-ABL-5-0067,-6.752447211172187
SIMULATED,Collect,TD-IG3,Π,SIM-ABL-5-0068,-2.8644304799285263
SIMULATED,Collect,TD-IG3,Π,SIM-ABL-5-0069,-0.4214109250542992
SIMULATED,Collect,TD-IG3,Π,SIM-ABL-5-0070,0.1858437141270608
SIMULATED,Collect,TD-IG3,Π,SIM-ABL-5-0071,8.304748539537147
SIMULATED,Collect,TD-IG3,Π,SIM-ABL-5-0072,4.909189568106853
SIMULATED,Collect,TD-IG3,Π,SIM-ABL-5-0073,-5.800423670039539
SIMULATED,Collect,TD-IG3,Π,SIM-ABL-5-0074,-8.86183610562703
SIMULATED,Collect,TD-IG3,Π,SIM-ABL-5-0075,9.348915749961671
SIMULATED,Collect,TD-IG3,Π,SIM-ABL-5-0076,17.4799985325521
SIMULATED,Collect,TD-IG3,Π,SIM-ABL-5-0077,-10.300769482360757
SIMULATED,Collect,TD-IG3,Π,SIM-ABL-5-0078,13.320057430119366
SIMULATED,Collect,TD-IG3,Π,SIM-ABL-5-0079,-5.370944578963881
SIMULATED,Collect,TD-IG3,Π,SIM-ABL-5-0080,-17.721766346538402
SIMULATED,Collect,TD-IG3,Π,SIM-ABL-5-0081,-1.6398346003256097
SIMULATED,Collect,TD-IG3,Π,SIM-ABL-5-0082,4.1249482730378855
SIMULATED,Collect,TD-IG3,Π,SIM-ABL-5-0083,3.2509060389170563
SIMULATED,Collect,TD-IG3,Π,SIM-ABL-5-0084,-1.3274402387191997
SIMULATED,Collect,TD-IG3,Π,SIM-ABL-5-0085,0.07546194087467795
SIMULATED,Collect,TD-IG3,Π,SIM-ABL-5-0086,-1.951607871053635
SIMULATED,Collect,TD-IG3,Π,SIM-ABL-5-0087,5.821276363179858
SIMULATED,Collect,TD-IG3,Π,SIM-ABL-5-0088,2.9868127158300983
SIMULATED,Collect,TD-IG3,Π,SIM-ABL-5-0089,5.722681291465275
SIMULATED,Collect,TD-IG3,Π,SIM-ABL-5-0090,14.567367246971651
SIMULATED,Collect,TD-IG3,Π,SIM-ABL-5-0091,8.462452205500595
SIMULATED,Collect,TD-IG3,Π,SIM-ABL-5-0092,2.913991099620301
SIMULATED,Collect,TD-IG3,Π,SIM-ABL-5-0093,-9.100890141757036
SIMULATED,Collect,TD-IG3,Π,SIM-ABL-5-0094,7.373932206003822
SIMULATED,Collect,TD-IG3,Π,SIM-ABL-5-0095,8.892120972715157
SIMULATED,Collect,TD-IG3,Π,SIM-ABL-5-0096,-7.30680101325245
SIMULATED,Collect,TD-IG3,Π,SIM-ABL-5-0097,-8.255983886782548
SIMULATED,Collect,TD-IG3,Π,SIM-ABL-5-0098,4.913965281727743
SIMULATED,Collect,TD-IG3,Π,SIM-ABL-5-0099,6.180912709616232
SIMULATED,Collect,TD-IG3,Π,SIM-ABL-5-0100,-4.8714431360113455
SIMULATED,Collect,TD-IG3,Π,SIM-ABL-5-0101,2.197651540835132
SIMULATED,Collect,TD-IG3,Π,SIM-ABL-5-0102,10.262355174704131
SIMULATED,Collect,TD-IG3,Π,SIM-ABL-5-0103,9.453303206560008
SIMULATED,Collect,TD-IG3,Π,SIM-ABL-5-0104,-1.6331388372309905
SIMULATED,Collect,TD-IG3,Π,SIM-ABL-5-0105,-4.75640024672696
SIMULATED,Collect,TD-IG3,Π,SIM-ABL-5-0106,-1.0680220500404864
SIMULATED,Collect,TD-IG3,Π,SIM-ABL-5-0107,-6.743228422146878
SIMULATED,Collect,TD-IG3,Π,SIM-ABL-5-0108,-2.944066070632051
SIMULATED,Collect,TD-IG3,Π,SIM-ABL-5-0109,2.611241885719703
SIMULATED,Collect,TD-IG3,Π,SIM-ABL-5-0110,2.033156869890588
SIMULATED,Collect,TD-IG3,Π,SIM-ABL-5-0111,17.23505736830966
SIMULATED,Collect,TD-IG3,Π,SIM-ABL-5-0112,4.993221512671715
SIMULATED,Collect,TD-IG3,Π,SIM-ABL-5-0113,21.524313892685036
SIMULATED,Collect,TD-IG3,Π,SIM-ABL-5-0114,-17.389670006054352
SIMULATED,Collect,TD-IG3,Π,SIM-ABL-5-0115,-0.887236682698838
SIMULATED,Collect,TD-IG3,Π,SIM-ABL-5-0116,4.066256656924438
SIMULATED,Collect,TD-IG3,Π,SIM-ABL-5-0117,11.596101941349525
SIMULATED,Collect,TD-IG3,Π,SIM-ABL-5-0118,10.237933768775497
SIMULATED,Collect,TD-IG3,Π,SIM-ABL-5-0119,9.114956946450498
SIMULATED,Collect,TD-IG3,Π,SIM-ABL-5-0120,0.7123643308509242
SIMULATED,Collect,TD-IG3,Π,SIM-ABL-5-0121,4.315292105740834
SIMULATED,Collect,TD-IG3,Π,SIM-ABL-5-0122,9.835826811807163
SIMULATED,Collect,TD-IG3,Π,SIM-ABL-5-0123,14.27658797429131
SIMULATED,Collect,TD-IG3,Π,SIM-ABL-5-0124,-1.807481104455459
SIMULATED,Collect,TD-IG3,Π,SIM-ABL-5-0125,1.5877799812935893
SIMULATED,Collect,TD-IG3,Π,SIM-ABL-5-0126,7.586005651560795
SIMULATED,Collect,TD-IG3,Π,SIM-ABL-5-0127,-8.37573328159924
SIMULATED,Collect,TD-IG3,Π,SIM-ABL-5-0128,9.11613590680986
SIMULATED,Collect,TD-IG3,Π,SIM-ABL-5-0129,14.26648923746649
SIMULATED,Collect,TD-IG3,Π,SIM-ABL-5-0130,1.0713411240020156
SIMULATED,Collect,TD-IG3,Π,SIM-ABL-5-0131,13.610289287823695
SIMULATED,Collect,TD-IG3,Π,SIM-ABL-5-0132,8.540755577107658
SIMULATED,Collect,TD-IG3,Π,SIM-ABL-5-0133,3.6216066519349965
SIMULATED,Collect,TD-IG3,Π,SIM-ABL-5-0134,8.619417202197466
SIMULATED,Collect,TD-IG3,Π,SIM-ABL-5-0135,-5.93481769501356
SIMULATED,Collect,TD-IG3,Π,SIM-ABL-5-0136,-4.019917382311343
SIMULATED,Collect,TD-IG3,Π,SIM-ABL-5-0137,7.609528805267971
SIMULATED,Collect,TD-IG3,Π,SIM-ABL-5-0138,-6.795935462808117
SIMULATED,Collect,TD-IG3,Π,SIM-ABL-5-0139,8.345177544650726
SIMULATED,Collect,TD-IG3,Π,SIM-ABL-5-0140,-1.3815334270037947
SIMULATED,Collect,TD-IG3,Π,SIM-ABL-5-0141,-3.734617445276347
SIMULATED,Collect,TD-IG3,Π,SIM-ABL-5-0142,1.372897716736115
SIMULATED,Collect,TD-IG3,Π,SIM-ABL-5-0143,9.856638284070351
SIMULATED,Collect,TD-IG3,Π,SIM-ABL-5-0144,6.099688331092702
SIMULATED,Collect,TD-IG3,Π,SIM-ABL-5-0145,2.207843392645364
SIMULATED,Collect,TD-IG3,Π,SIM-ABL-5-0146,7.728917867938659
SIMULATED,Collect,TD-IG3,Π,SIM-ABL-5-0147,9.47973726936779
SIMULATED,Collect,TD-IG3,Π,SIM-ABL-5-0148,11.443355336717586
SIMULATED,Collect,TD-IG3,Π,SIM-ABL-5-0149,0.592387292164438
SIMULATED,Collect,TD-IG3,Π,SIM-ABL-5-0150,8.919676958533843
SIMULATED,Collect,TD-IG3,Π,SIM-ABL-5-0151,1.2499898534257003
SIMULATED,Collect,TD-IG3,Π,SIM-ABL-5-0152,11.986009354425034
SIMULATED,Collect,TD-IG3,Π,SIM-ABL-5-0153,-4.231801091992855
SIMULATED,Collect,TD-IG3,Π,SIM-ABL-5-0154,8.753672325136735
SIMULATED,Collect,TD-IG3,Π,SIM-ABL-5-0155,1.4854100144445002
SIMULATED,Collect,TD-IG3,Π,SIM-ABL-5-0156,-2.1617753851129105
SIMULATED,Collect,TD-IG3,Π,SIM-ABL-5-0157,5.44352736761488
SIMULATED,Collect,TD-IG3,Π,SIM-ABL-5-0158,-6.6177696743166035
SIMULATED,Collect,TD-IG3,Π,SIM-ABL-5-0159,2.923495541417938
SIMULATED,Collect,TD-IG3,G,SIM-ABL-5-0000,1.092474274239254
SIMULATED,Collect,TD-IG3,G,SIM-ABL-5-0001,-0.4029730948248518
SIMULATED,Collect,TD-IG3,G,SIM-ABL-5-0002,-4.199329609837864
SIMULATED,Collect,TD-IG3,G,SIM-ABL-5-0003,-9.857006021341912
SIMULATED,Collect,TD-IG3,G,SIM-ABL-5-0004,3.4807702014867417
SIMULATED,Collect,TD-IG3,G,SIM-ABL-5-0005,-1.7588127748961266
SIMULATED,Collect,TD-IG3,G,SIM-ABL-5-0006,4.702453495859706
SIMULATED,Collect,TD-IG3,G,SIM-ABL-5-0007,-4.213575174665104
SIMULATED,Collect,TD-IG3,G,SIM-ABL-5-0008,-6.634251355965459
SIMULATED,Collect,TD-IG3,G,SIM-ABL-5-0009,10.218130162225064
SIMULATED,Collect,TD-IG3,G,SIM-ABL-5-0010,-0.44358313971929664
SIMULATED,Collect,TD-IG3,G,SIM-ABL-5-0011,0.9176962537868815
SIMULATED,Collect,TD-IG3,G,SIM-ABL-5-0012,-11.699384763723586
SIMULATED,Collect,TD-IG3,G,SIM-ABL-5-0013,3.224940591831356
SIMULATED,Collect,TD-IG3,G,SIM-ABL-5-0014,0.5510013845098878
SIMULATED,Collect,TD-IG3,G,SIM-ABL-5-0015,-6.985229313858787
SIMULATED,Collect,TD-IG3,G,SIM-ABL-5-0016,-4.522057249650388
SIMULATED,Collect,TD-IG3,G,SIM-ABL-5-0017,8.199830130159995
SIMULATED,Collect,TD-IG3,G,SIM-ABL-5-0018,-3.906591482850761
SIMULATED,Collect,TD-IG3,G,SIM-ABL-5-0019,6.882167217615065
SIMULATED,Collect,TD-IG3,G,SIM-ABL-5-0020,4.61449338675332
SIMULATED,Collect,TD-IG3,G,SIM-ABL-5-0021,5.89664701140459
SIMULATED,Collect,TD-IG3,G,SIM-ABL-5-0022,-8.601655820882819
SIMULATED,Collect,TD-IG3,G,SIM-ABL-5-0023,1.8894658643863784
SIMULATED,Collect,TD-IG3,G,SIM-ABL-5-0024,-2.2982162148572898
SIMULATED,Collect,TD-IG3,G,SIM-ABL-5-0025,12.37338662992621
SIMULATED,Collect,TD-IG3,G,SIM-ABL-5-0026,-6.782776512334806
SIMULATED,Collect,TD-IG3,G,SIM-ABL-5-0027,1.9033982993127312
SIMULATED,Collect,TD-IG3,G,SIM-ABL-5-0028,8.55756764165852
SIMULATED,Collect,TD-IG3,G,SIM-ABL-5-0029,-1.3085187476723528
SIMULATED,Collect,TD-IG3,G,SIM-ABL-5-0030,-5.653812432264244
SIMULATED,Collect,TD-IG3,G,SIM-ABL-5-0031,14.529927637077336
SIMULATED,Collect,TD-IG3,G,SIM-ABL-5-0032,-3.71386973612844
SIMULATED,Collect,TD-IG3,G,SIM-ABL-5-0033,0.03776683599347164
SIMULATED,Collect,TD-IG3,G,SIM-ABL-5-0034,-0.8769881613986066
SIMULATED,Collect,TD-IG3,G,SIM-ABL-5-0035,-11.543184824054334
SIMULATED,Collect,TD-IG3,G,SIM-ABL-5-0036,5.835580653159344
SIMULATED,Collect,TD-IG3,G,SIM-ABL-5-0037,4.489173936422217
SIMULATED,Collect,TD-IG3,G,SIM-ABL-5-0038,-8.033146321836563
SIMULATED,Collect,TD-IG3,G,SIM-ABL-5-0039,7.551309628557303
SIMULATED,Collect,TD-IG3,G,SIM-ABL-5-0040,-4.572185838906461
SIMULATED,Collect,TD-IG3,G,SIM-ABL-5-0041,1.8931129485293192
SIMULATED,Collect,TD-IG3,G,SIM-ABL-5-0042,-4.7679584011370295
SIMULATED,Collect,TD-IG3,G,SIM-ABL-5-0043,-3.7816331381245414
SIMULATED,Collect,TD-IG3,G,SIM-ABL-5-0044,-2.4827367364106676
SIMULATED,Collect,TD-IG3,G,SIM-ABL-5-0045,-9.746377291845029
SIMULATED,Collect,TD-IG3,G,SIM-ABL-5-0046,1.4071551496740944
SIMULATED,Collect,TD-IG3,G,SIM-ABL-5-0047,-3.248729913863336
SIMULATED,Collect,TD-IG3,G,SIM-ABL-5-0048,-6.880790959870635
SIMULATED,Collect,TD-IG3,G,SIM-ABL-5-0049,-5.019504766271661
SIMULATED,Collect,TD-IG3,G,SIM-ABL-5-0050,-1.8337352838534375
SIMULATED,Collect,TD-IG3,G,SIM-ABL-5-0051,-0.2663011423383481
SIMULATED,Collect,TD-IG3,G,SIM-ABL-5-0052,-2.9807873978922306
SIMULATED,Collect,TD-IG3,G,SIM-ABL-5-0053,-7.974984504615772
SIMULATED,Collect,TD-IG3,G,SIM-ABL-5-0054,-7.029342812316495
SIMULATED,Collect,TD-IG3,G,SIM-ABL-5-0055,-4.1721012218394256
SIMULATED,Collect,TD-IG3,G,SIM-ABL-5-0056,0.1625300115751801
SIMULATED,Collect,TD-IG3,G,SIM-ABL-5-0057,-5.4528233432524384
SIMULATED,Collect,TD-IG3,G,SIM-ABL-5-0058,-0.24682222736444714
SIMULATED,Collect,TD-IG3,G,SIM-ABL-5-0059,-1.9005313043617464
SIMULATED,Collect,TD-IG3,G,SIM-ABL-5-0060,-4.110631767054899
SIMULATED,Collect,TD-IG3,G,SIM-ABL-5-0061,-8.7529441653018
SIMULATED,Collect,TD-IG3,G,SIM-ABL-5-0062,1.683723094491274
SIMULATED,Collect,TD-IG3,G,SIM-ABL-5-0063,-0.8467482397692805
SIMULATED,Collect,TD-IG3,G,SIM-ABL-5-0064,2.8405372008092673
SIMULATED,Collect,TD-IG3,G,SIM-ABL-5-0065,14.48641323924182
SIMULATED,Collect,TD-IG3,G,SIM-ABL-5-0066,-0.1304628246078685
SIMULATED,Collect,TD-IG3,G,SIM-ABL-5-0067,9.61079894720838
SIMULATED,Collect,TD-IG3,G,SIM-ABL-5-0068,8.364553532790609
SIMULATED,Collect,TD-IG3,G,SIM-ABL-5-0069,3.5955393645450884
SIMULATED,Collect,TD-IG3,G,SIM-ABL-5-0070,-17.373888391212073
SIMULATED,Collect,TD-IG3,G,SIM-ABL-5-0071,15.787022066060047
SIMULATED,Collect,TD-IG3,G,SIM-ABL-5-0072,4.062470131697097
SIMULATED,Collect,TD-IG3,G,SIM-ABL-5-0073,-0.6320378995182334
SIMULATED,Collect,TD-IG3,G,SIM-ABL-5-0074,11.67460752245529
SIMULATED,Collect,TD-IG3,G,SIM-ABL-5-0075,7.525951474808344
SIMULATED,Collect,TD-IG3,G,SIM-ABL-5-0076,1.2297172007568664
SIMULATED,Collect,TD-IG3,G,SIM-ABL-5-0077,10.757729352603759
SIMULATED,Collect,TD-IG3,G,SIM-ABL-5-0078,2.6100948189657354
SIMULATED,Collect,TD-IG3,G,SIM-ABL-5-0079,4.058474384374488
SIMULATED,Collect,TD-IG3,G,SIM-ABL-5-0080,-0.8354191671424442
SIMULATED,Collect,TD-IG3,G,SIM-ABL-5-0081,-2.5038098014534533
SIMULATED,Collect,TD-IG3,G,SIM-ABL-5-0082,-4.287326653549734
SIMULATED,Collect,TD-IG3,G,SIM-ABL-5-0083,1.824819441685293
SIMULATED,Collect,TD-IG3,G,SIM-ABL-5-0084,-0.8476806383872362
SIMULATED,Collect,TD-IG3,G,SIM-ABL-5-0085,-1.503504549380334
SIMULATED,Collect,TD-IG3,G,SIM-ABL-5-0086,2.2004128264623017
SIMULATED,Collect,TD-IG3,G,SIM-ABL-5-0087,-1.9848822657754717
SIMULATED,Collect,TD-IG3,G,SIM-ABL-5-0088,-0.1491621235471008
SIMULATED,Collect,TD-IG3,G,SIM-ABL-5-0089,0.4941624458847569
SIMULATED,Collect,TD-IG3,G,SIM-ABL-5-0090,-1.7634262570809964
SIMULATED,Collect,TD-IG3,G,SIM-ABL-5-0091,-4.369868172613772
SIMULATED,Collect,TD-IG3,G,SIM-ABL-5-0092,-2.7725259591411215
SIMULATED,Collect,TD-IG3,G,SIM-ABL-5-0093,-6.056980849858314
SIMULATED,Collect,TD-IG3,G,SIM-ABL-5-0094,-3.8108659521574664
SIMULATED,Collect,TD-IG3,G,SIM-ABL-5-0095,2.242997367099283
SIMULATED,Collect,TD-IG3,G,SIM-ABL-5-0096,4.432336963670716
SIMULATED,Collect,TD-IG3,G,SIM-ABL-5-0097,-11.395715543742403
SIMULATED,Collect,TD-IG3,G,SIM-ABL-5-0098,-14.954927105917115
SIMULATED,Collect,TD-IG3,G,SIM-ABL-5-0099,-5.905115949158302
SIMULATED,Collect,TD-IG3,G,SIM-ABL-5-0100,8.660615510150736
SIMULATED,Collect,TD-IG3,G,SIM-ABL-5-0101,-4.651734493647228
SIMULATED,Collect,TD-IG3,G,SIM-ABL-5-0102,-5.733481548414472
SIMULATED,Collect,TD-IG3,G,SIM-ABL-5-0103,2.1481863236709304
SIMULATED,Collect,TD-IG3,G,SIM-ABL-5-0104,-3.6563383221946335
SIMULATED,Collect,TD-IG3,G,SIM-ABL-5-0105,-3.9943821996978013
SIMULATED,Collect,TD-IG3,G,SIM-ABL-5-0106,-0.21706114188793801
SIMULATED,Collect,TD-IG3,G,SIM-ABL-5-0107,10.982588511398209
SIMULATED,Collect,TD-IG3,G,SIM-ABL-5-0108,4.374331807517072
SIMULATED,Collect,TD-IG3,G,SIM-ABL-5-0109,16.55747225547861
SIMULATED,Collect,TD-IG3,G,SIM-ABL-5-0110,15.67207679696218
SIMULATED,Collect,TD-IG3,G,SIM-ABL-5-0111,-12.633973145765813
SIMULATED,Collect,TD-IG3,G,SIM-ABL-5-0112,-13.669314345100302
SIMULATED,Collect,TD-IG3,G,SIM-ABL-5-0113,0.0560675714579143
SIMULATED,Collect,TD-IG3,G,SIM-ABL-5-0114,1.9488780984394818
SIMULATED,Collect,TD-IG3,G,SIM-ABL-5-0115,-0.8478632372981096
SIMULATED,Collect,TD-IG3,G,SIM-ABL-5-0116,4.259388712445725
SIMULATED,Collect,TD-IG3,G,SIM-ABL-5-0117,9.93952141627663
SIMULATED,Collect,TD-IG3,G,SIM-ABL-5-0118,-3.847949819998953
SIMULATED,Collect,TD-IG3,G,SIM-ABL-5-0119,-9.590714741723561
SIMULATED,Collect,TD-IG3,G,SIM-ABL-5-0120,12.385788105328995
SIMULATED,Collect,TD-IG3,G,SIM-ABL-5-0121,-0.928399012838566
SIMULATED,Collect,TD-IG3,G,SIM-ABL-5-0122,-4.765549303789327
SIMULATED,Collect,TD-IG3,G,SIM-ABL-5-0123,1.594865005930563
SIMULATED,Collect,TD-IG3,G,SIM-ABL-5-0124,-0.6084569303122098
SIMULATED,Collect,TD-IG3,G,SIM-ABL-5-0125,-13.504622950330461
SIMULATED,Collect,TD-IG3,G,SIM-ABL-5-0126,4.4145764026474685
SIMULATED,Collect,TD-IG3,G,SIM-ABL-5-0127,11.001477323538246
SIMULATED,Collect,TD-IG3,G,SIM-ABL-5-0128,-3.06131199739076
SIMULATED,Collect,TD-IG3,G,SIM-ABL-5-0129,-5.628954044884798
SIMULATED,Collect,TD-IG3,G,SIM-ABL-5-0130,-3.50248751217668
SIMULATED,Collect,TD-IG3,G,SIM-ABL-5-0131,-3.4892177817383985
SIMULATED,Collect,TD-IG3,G,SIM-ABL-5-0132,12.02389777489877
SIMULATED,Collect,TD-IG3,G,SIM-ABL-5-0133,-5.165928479632828
SIMULATED,Collect,TD-IG3,G,SIM-ABL-5-0134,-1.7246250749154486
SIMULATED,Collect,TD-IG3,G,SIM-ABL-5-0135,5.389200081911605
SIMULATED,Collect,TD-IG3,G,SIM-ABL-5-0136,2.37322493758123
SIMULATED,Collect,TD-IG3,G,SIM-ABL-5-0137,-4.29425593110515
SIMULATED,Collect,TD-IG3,G,SIM-ABL-5-0138,-2.8928070265527417
SIMULATED,Collect,TD-IG3,G,SIM-ABL-5-0139,4.66805208090163
SIMULATED,Collect,TD-IG3,G,SIM-ABL-5-0140,-7.6507539556450315
SIMULATED,Collect,TD-IG3,G,SIM-ABL-5-0141,-10.16290440991826
SIMULATED,Collect,TD-IG3,G,SIM-ABL-5-0142,5.421514131491479
SIMULATED,Collect,TD-IG3,G,SIM-ABL-5-0143,-3.425393020351377
SIMULATED,Collect,TD-IG3,G,SIM-ABL-5-0144,-5.688191751353846
SIMULATED,Collect,TD-IG3,G,SIM-ABL-5-0145,-4.468775222520404
SIMULATED,Collect,TD-IG3,G,SIM-ABL-5-0146,0.9114600269818844
SIMULATED,Collect,TD-IG3,G,SIM-ABL-5-0147,5.277846176657972
SIMULATED,Collect,TD-IG3,G,SIM-ABL-5-0148,7.706422854762916
SIMULATED,Collect,TD-IG3,G,SIM-ABL-5-0149,-13.031647221272557
SIMULATED,Collect,TD-IG3,G,SIM-ABL-5-0150,4.733025019040041
SIMULATED,Collect,TD-IG3,G,SIM-ABL-5-0151,6.968555011400445
SIMULATED,Collect,TD-IG3,G,SIM-ABL-5-0152,12.169993930931563
SIMULATED,Collect,TD-IG3,G,SIM-ABL-5-0153,1.17729672738925
SIMULATED,Collect,TD-IG3,G,SIM-ABL-5-0154,-13.594261885313303
SIMULATED,Collect,TD-IG3,G,SIM-ABL-5-0155,-0.37973144888039556
SIMULATED,Collect,TD-IG3,G,SIM-ABL-5-0156,10.04252327974117
SIMULATED,Collect,TD-IG3,G,SIM-ABL-5-0157,-1.308930840381466
SIMULATED,Collect,TD-IG3,G,SIM-ABL-5-0158,7.790047607624426
SIMULATED,Collect,TD-IG3,G,SIM-ABL-5-0159,2.90054853842033
SIMULATED,Collect,TD-TG2,A,SIM-ABL-6-0000,-1.0441151138654874
SIMULATED,Collect,TD-TG2,A,SIM-ABL-6-0001,2.400558287599505
SIMULATED,Collect,TD-TG2,A,SIM-ABL-6-0002,10.845539963534007
SIMULATED,Collect,TD-TG2,A,SIM-ABL-6-0003,-1.998517950307257
SIMULATED,Collect,TD-TG2,A,SIM-ABL-6-0004,-8.18932560764868
SIMULATED,Collect,TD-TG2,A,SIM-ABL-6-0005,4.483808836720033
SIMULATED,Collect,TD-TG2,A,SIM-ABL-6-0006,5.5314620220233826
SIMULATED,Collect,TD-TG2,A,SIM-ABL-6-0007,-2.214488571578142
SIMULATED,Collect,TD-TG2,A,SIM-ABL-6-0008,9.122442402831119
SIMULATED,Collect,TD-TG2,A,SIM-ABL-6-0009,-1.523865170306952
SIMULATED,Collect,TD-TG2,A,SIM-ABL-6-0010,8.82375667496684
SIMULATED,Collect,TD-TG2,A,SIM-ABL-6-0011,10.119766956143835
SIMULATED,Collect,TD-TG2,A,SIM-ABL-6-0012,9.109433225158522
SIMULATED,Collect,TD-TG2,A,SIM-ABL-6-0013,2.0810047835730865
SIMULATED,Collect,TD-TG2,A,SIM-ABL-6-0014,13.61126946538375
SIMULATED,Collect,TD-TG2,A,SIM-ABL-6-0015,-5.762766817536087
SIMULATED,Collect,TD-TG2,A,SIM-ABL-6-0016,5.533239578598589
SIMULATED,Collect,TD-TG2,A,SIM-ABL-6-0017,6.7845415789150865
SIMULATED,Collect,TD-TG2,A,SIM-ABL-6-0018,16.43715635312983
SIMULATED,Collect,TD-TG2,A,SIM-ABL-6-0019,17.105828146941402
SIMULATED,Collect,TD-TG2,A,SIM-ABL-6-0020,7.796836538853373
SIMULATED,Collect,TD-TG2,A,SIM-ABL-6-0021,-5.292693975577992
SIMULATED,Collect,TD-TG2,A,SIM-ABL-6-0022,4.419020056480214
SIMULATED,Collect,TD-TG2,A,SIM-ABL-6-0023,7.457219416695455
SIMULATED,Collect,TD-TG2,A,SIM-ABL-6-0024,-3.0925652557603094
SIMULATED,Collect,TD-TG2,A,SIM-ABL-6-0025,6.652565036497079
SIMULATED,Collect,TD-TG2,A,SIM-ABL-6-0026,5.744989345542382
SIMULATED,Collect,TD-TG2,A,SIM-ABL-6-0027,-4.635205586234507
SIMULATED,Collect,TD-TG2,A,SIM-ABL-6-0028,4.445920341734753
SIMULATED,Collect,TD-TG2,A,SIM-ABL-6-0029,-1.1994129515801748
SIMULATED,Collect,TD-TG2,A,SIM-ABL-6-0030,4.539631674926404
SIMULATED,Collect,TD-TG2,A,SIM-ABL-6-0031,6.736940829341851
SIMULATED,Collect,TD-TG2,A,SIM-ABL-6-0032,8.520850197936776
SIMULATED,Collect,TD-TG2,A,SIM-ABL-6-0033,4.992020827652361
SIMULATED,Collect,TD-TG2,A,SIM-ABL-6-0034,-5.791733028519257
SIMULATED,Collect,TD-TG2,A,SIM-ABL-6-0035,8.383336190046375
SIMULATED,Collect,TD-TG2,A,SIM-ABL-6-0036,-4.18115396319949
SIMULATED,Collect,TD-TG2,A,SIM-ABL-6-0037,6.28205009268236
SIMULATED,Collect,TD-TG2,A,SIM-ABL-6-0038,5.927646571213558
SIMULATED,Collect,TD-TG2,A,SIM-ABL-6-0039,3.012211744351822
SIMULATED,Collect,TD-TG2,A,SIM-ABL-6-0040,-3.7434894188634633
SIMULATED,Collect,TD-TG2,A,SIM-ABL-6-0041,-3.5007272032167753
SIMULATED,Collect,TD-TG2,A,SIM-ABL-6-0042,1.468461037598531
SIMULATED,Collect,TD-TG2,A,SIM-ABL-6-0043,1.0644298516383262
SIMULATED,Collect,TD-TG2,A,SIM-ABL-6-0044,5.8882160476766225
SIMULATED,Collect,TD-TG2,A,SIM-ABL-6-0045,-2.8328746679099592
SIMULATED,Collect,TD-TG2,A,SIM-ABL-6-0046,3.3254660104629425
SIMULATED,Collect,TD-TG2,A,SIM-ABL-6-0047,-1.6022792658978195
SIMULATED,Collect,TD-TG2,A,SIM-ABL-6-0048,10.892862285376097
SIMULATED,Collect,TD-TG2,A,SIM-ABL-6-0049,3.6176500494066905
SIMULATED,Collect,TD-TG2,A,SIM-ABL-6-0050,-0.18588996264270596
SIMULATED,Collect,TD-TG2,A,SIM-ABL-6-0051,1.4290443367621453
SIMULATED,Collect,TD-TG2,A,SIM-ABL-6-0052,3.6247618422030277
SIMULATED,Collect,TD-TG2,A,SIM-ABL-6-0053,-8.151972464036156
SIMULATED,Collect,TD-TG2,A,SIM-ABL-6-0054,-5.950174833563113
SIMULATED,Collect,TD-TG2,A,SIM-ABL-6-0055,-0.408498727318665
SIMULATED,Collect,TD-TG2,A,SIM-ABL-6-0056,-9.666600552519817
SIMULATED,Collect,TD-TG2,A,SIM-ABL-6-0057,5.098084673293753
SIMULATED,Collect,TD-TG2,A,SIM-ABL-6-0058,-1.3581600129697167
SIMULATED,Collect,TD-TG2,A,SIM-ABL-6-0059,-3.127575171390487
SIMULATED,Collect,TD-TG2,A,SIM-ABL-6-0060,-5.086957114494109
SIMULATED,Collect,TD-TG2,A,SIM-ABL-6-0061,6.620323755725223
SIMULATED,Collect,TD-TG2,A,SIM-ABL-6-0062,0.9709161235403534
SIMULATED,Collect,TD-TG2,A,SIM-ABL-6-0063,8.740498703787948
SIMULATED,Collect,TD-TG2,A,SIM-ABL-6-0064,0.6593641580367791
SIMULATED,Collect,TD-TG2,A,SIM-ABL-6-0065,4.329158967066782
SIMULATED,Collect,TD-TG2,A,SIM-ABL-6-0066,-10.72974175876974
SIMULATED,Collect,TD-TG2,A,SIM-ABL-6-0067,-2.225812715752285
SIMULATED,Collect,TD-TG2,A,SIM-ABL-6-0068,-3.929320544123378
SIMULATED,Collect,TD-TG2,A,SIM-ABL-6-0069,-0.18554024677980052
SIMULATED,Collect,TD-TG2,A,SIM-ABL-6-0070,2.0704268416138385
SIMULATED,Collect,TD-TG2,A,SIM-ABL-6-0071,-5.178426794374274
SIMULATED,Collect,TD-TG2,A,SIM-ABL-6-0072,12.656775422073572
SIMULATED,Collect,TD-TG2,A,SIM-ABL-6-0073,7.541283025907635
SIMULATED,Collect,TD-TG2,A,SIM-ABL-6-0074,-17.551049568434287
SIMULATED,Collect,TD-TG2,A,SIM-ABL-6-0075,1.3319010336853345
SIMULATED,Collect,TD-TG2,A,SIM-ABL-6-0076,0.7531981755414355
SIMULATED,Collect,TD-TG2,A,SIM-ABL-6-0077,-2.9962142836056818
SIMULATED,Collect,TD-TG2,A,SIM-ABL-6-0078,-0.681034990025521
SIMULATED,Collect,TD-TG2,A,SIM-ABL-6-0079,-10.244354046639184
SIMULATED,Collect,TD-TG2,A,SIM-ABL-6-0080,1.1235316041337473
SIMULATED,Collect,TD-TG2,A,SIM-ABL-6-0081,6.246102038910672
SIMULATED,Collect,TD-TG2,A,SIM-ABL-6-0082,11.207827563977972
SIMULATED,Collect,TD-TG2,A,SIM-ABL-6-0083,-0.11903612343362435
SIMULATED,Collect,TD-TG2,A,SIM-ABL-6-0084,5.658512731663307
SIMULATED,Collect,TD-TG2,A,SIM-ABL-6-0085,2.900042501787467
SIMULATED,Collect,TD-TG2,A,SIM-ABL-6-0086,-7.628513431170232
SIMULATED,Collect,TD-TG2,A,SIM-ABL-6-0087,-4.441594542734445
SIMULATED,Collect,TD-TG2,A,SIM-ABL-6-0088,7.768909646428775
SIMULATED,Collect,TD-TG2,A,SIM-ABL-6-0089,14.08972702154139
SIMULATED,Collect,TD-TG2,A,SIM-ABL-6-0090,11.307546011245634
SIMULATED,Collect,TD-TG2,A,SIM-ABL-6-0091,2.3621922196784486
SIMULATED,Collect,TD-TG2,A,SIM-ABL-6-0092,-15.944306460341942
SIMULATED,Collect,TD-TG2,A,SIM-ABL-6-0093,-1.4991372654823634
SIMULATED,Collect,TD-TG2,A,SIM-ABL-6-0094,4.265329485742103
SIMULATED,Collect,TD-TG2,A,SIM-ABL-6-0095,5.667447019685729
SIMULATED,Collect,TD-TG2,A,SIM-ABL-6-0096,-8.04404253900858
SIMULATED,Collect,TD-TG2,A,SIM-ABL-6-0097,-8.391754840889417
SIMULATED,Collect,TD-TG2,A,SIM-ABL-6-0098,4.823253216891929
SIMULATED,Collect,TD-TG2,A,SIM-ABL-6-0099,-1.5022319172978218
SIMULATED,Collect,TD-TG2,A,SIM-ABL-6-0100,-8.125323167976605
SIMULATED,Collect,TD-TG2,A,SIM-ABL-6-0101,-0.36988684289588303
SIMULATED,Collect,TD-TG2,A,SIM-ABL-6-0102,-1.3580217210102832
SIMULATED,Collect,TD-TG2,A,SIM-ABL-6-0103,4.321720261160909
SIMULATED,Collect,TD-TG2,A,SIM-ABL-6-0104,-3.3824449986592438
SIMULATED,Collect,TD-TG2,A,SIM-ABL-6-0105,11.523005034635858
SIMULATED,Collect,TD-TG2,A,SIM-ABL-6-0106,12.300302710293543
SIMULATED,Collect,TD-TG2,A,SIM-ABL-6-0107,11.704255851136365
SIMULATED,Collect,TD-TG2,A,SIM-ABL-6-0108,7.294322687490829
SIMULATED,Collect,TD-TG2,A,SIM-ABL-6-0109,2.53888012461565
SIMULATED,Collect,TD-TG2,A,SIM-ABL-6-0110,5.690825149904597
SIMULATED,Collect,TD-TG2,A,SIM-ABL-6-0111,7.564165223750527
SIMULATED,Collect,TD-TG2,A,SIM-ABL-6-0112,-1.3782584608011321
SIMULATED,Collect,TD-TG2,A,SIM-ABL-6-0113,-5.303651680815527
SIMULATED,Collect,TD-TG2,A,SIM-ABL-6-0114,-10.79029700527856
SIMULATED,Collect,TD-TG2,A,SIM-ABL-6-0115,0.9386218989628178
SIMULATED,Collect,TD-TG2,A,SIM-ABL-6-0116,4.982122399168843
SIMULATED,Collect,TD-TG2,A,SIM-ABL-6-0117,9.090419858977327
SIMULATED,Collect,TD-TG2,A,SIM-ABL-6-0118,8.709622626262137
SIMULATED,Collect,TD-TG2,A,SIM-ABL-6-0119,2.4773303798147124
SIMULATED,Collect,TD-TG2,A,SIM-ABL-6-0120,-1.793839777181062
SIMULATED,Collect,TD-TG2,A,SIM-ABL-6-0121,-11.080956672738338
SIMULATED,Collect,TD-TG2,A,SIM-ABL-6-0122,5.68415907915449
SIMULATED,Collect,TD-TG2,A,SIM-ABL-6-0123,-5.14557137680905
SIMULATED,Collect,TD-TG2,A,SIM-ABL-6-0124,-11.195797069708526
SIMULATED,Collect,TD-TG2,A,SIM-ABL-6-0125,-12.921272690559121
SIMULATED,Collect,TD-TG2,A,SIM-ABL-6-0126,8.614088987835785
SIMULATED,Collect,TD-TG2,A,SIM-ABL-6-0127,2.935572390129974
SIMULATED,Collect,TD-TG2,A,SIM-ABL-6-0128,11.196762026661364
SIMULATED,Collect,TD-TG2,A,SIM-ABL-6-0129,5.595539460198321
SIMULATED,Collect,TD-TG2,A,SIM-ABL-6-0130,-4.055501808181994
SIMULATED,Collect,TD-TG2,A,SIM-ABL-6-0131,-2.710394618438335
SIMULATED,Collect,TD-TG2,A,SIM-ABL-6-0132,-0.285797837066584
SIMULATED,Collect,TD-TG2,A,SIM-ABL-6-0133,-8.969240061618542
SIMULATED,Collect,TD-TG2,A,SIM-ABL-6-0134,-6.6916236261063595
SIMULATED,Collect,TD-TG2,A,SIM-ABL-6-0135,3.780037128719437
SIMULATED,Collect,TD-TG2,A,SIM-ABL-6-0136,10.044044359458258
SIMULATED,Collect,TD-TG2,A,SIM-ABL-6-0137,-6.5117392827607405
SIMULATED,Collect,TD-TG2,A,SIM-ABL-6-0138,7.053413947516266
SIMULATED,Collect,TD-TG2,A,SIM-ABL-6-0139,-7.969813345738039
SIMULATED,Collect,TD-TG2,A,SIM-ABL-6-0140,-3.4004939149191724
SIMULATED,Collect,TD-TG2,A,SIM-ABL-6-0141,-6.441211547980543
SIMULATED,Collect,TD-TG2,A,SIM-ABL-6-0142,6.059607681246088
SIMULATED,Collect,TD-TG2,A,SIM-ABL-6-0143,8.239041182370913
SIMULATED,Collect,TD-TG2,A,SIM-ABL-6-0144,5.5439509809516325
SIMULATED,Collect,TD-TG2,A,SIM-ABL-6-0145,2.5351255772007932
SIMULATED,Collect,TD-TG2,A,SIM-ABL-6-0146,-5.785728714315054
SIMULATED,Collect,TD-TG2,A,SIM-ABL-6-0147,8.650884916812931
SIMULATED,Collect,TD-TG2,A,SIM-ABL-6-0148,1.2883733472068628
SIMULATED,Collect,TD-TG2,A,SIM-ABL-6-0149,9.287377716122995
SIMULATED,Collect,TD-TG2,A,SIM-ABL-6-0150,-9.928981371210458
SIMULATED,Collect,TD-TG2,A,SIM-ABL-6-0151,16.38592858519471
SIMULATED,Collect,TD-TG2,A,SIM-ABL-6-0152,-3.6319635583855296
SIMULATED,Collect,TD-TG2,A,SIM-ABL-6-0153,-22.378254341824302
SIMULATED,Collect,TD-TG2,A,SIM-ABL-6-0154,-2.751995324542306
SIMULATED,Collect,TD-TG2,A,SIM-ABL-6-0155,1.874584115826994
SIMULATED,Collect,TD-TG2,A,SIM-ABL-6-0156,8.599740029165162
SIMULATED,Collect,TD-TG2,A,SIM-ABL-6-0157,0.10502773632986773
SIMULATED,Collect,TD-TG2,A,SIM-ABL-6-0158,8.548354259257033
SIMULATED,Collect,TD-TG2,A,SIM-ABL-6-0159,3.4857314464141607
SIMULATED,Collect,TD-TG2,K,SIM-ABL-6-0000,6.843616952251648
SIMULATED,Collect,TD-TG2,K,SIM-ABL-6-0001,6.761715329337071
SIMULATED,Collect,TD-TG2,K,SIM-ABL-6-0002,19.482226590318685
SIMULATED,Collect,TD-TG2,K,SIM-ABL-6-0003,0.5091565414094368
SIMULATED,Collect,TD-TG2,K,SIM-ABL-6-0004,-1.930823350132329
SIMULATED,Collect,TD-TG2,K,SIM-ABL-6-0005,-4.675422887479008
SIMULATED,Collect,TD-TG2,K,SIM-ABL-6-0006,-10.088294473863604
SIMULATED,Collect,TD-TG2,K,SIM-ABL-6-0007,-10.188539439995287
SIMULATED,Collect,TD-TG2,K,SIM-ABL-6-0008,1.8284387866701373
SIMULATED,Collect,TD-TG2,K,SIM-ABL-6-0009,5.91958714744708
SIMULATED,Collect,TD-TG2,K,SIM-ABL-6-0010,5.163261955196108
SIMULATED,Collect,TD-TG2,K,SIM-ABL-6-0011,-6.352699249066582
SIMULATED,Collect,TD-TG2,K,SIM-ABL-6-0012,-4.06802408603688
SIMULATED,Collect,TD-TG2,K,SIM-ABL-6-0013,3.3662333532891817
SIMULATED,Collect,TD-TG2,K,SIM-ABL-6-0014,-6.920101512025136
SIMULATED,Collect,TD-TG2,K,SIM-ABL-6-0015,-0.9651772194380559
SIMULATED,Collect,TD-TG2,K,SIM-ABL-6-0016,4.195711227908326
SIMULATED,Collect,TD-TG2,K,SIM-ABL-6-0017,4.147695158045546
SIMULATED,Collect,TD-TG2,K,SIM-ABL-6-0018,9.883538585677693
SIMULATED,Collect,TD-TG2,K,SIM-ABL-6-0019,2.310237846976969
SIMULATED,Collect,TD-TG2,K,SIM-ABL-6-0020,4.685123089253569
SIMULATED,Collect,TD-TG2,K,SIM-ABL-6-0021,8.735219381755703
SIMULATED,Collect,TD-TG2,K,SIM-ABL-6-0022,1.4122880515455603
SIMULATED,Collect,TD-TG2,K,SIM-ABL-6-0023,7.902636056979497
SIMULATED,Collect,TD-TG2,K,SIM-ABL-6-0024,16.942844179766595
SIMULATED,Collect,TD-TG2,K,SIM-ABL-6-0025,3.2440507466399953
SIMULATED,Collect,TD-TG2,K,SIM-ABL-6-0026,0.5816223263654516
SIMULATED,Collect,TD-TG2,K,SIM-ABL-6-0027,3.4234053388051464
SIMULATED,Collect,TD-TG2,K,SIM-ABL-6-0028,-7.848582770103928
SIMULATED,Collect,TD-TG2,K,SIM-ABL-6-0029,-3.3025737554417303
SIMULATED,Collect,TD-TG2,K,SIM-ABL-6-0030,8.018137183105793
SIMULATED,Collect,TD-TG2,K,SIM-ABL-6-0031,1.5067261900999183
SIMULATED,Collect,TD-TG2,K,SIM-ABL-6-0032,6.694817447694624
SIMULATED,Collect,TD-TG2,K,SIM-ABL-6-0033,-1.555541178175753
SIMULATED,Collect,TD-TG2,K,SIM-ABL-6-0034,1.005958343219775
SIMULATED,Collect,TD-TG2,K,SIM-ABL-6-0035,-7.627053000415204
SIMULATED,Collect,TD-TG2,K,SIM-ABL-6-0036,-5.98796575150668
SIMULATED,Collect,TD-TG2,K,SIM-ABL-6-0037,1.5210419024153987
SIMULATED,Collect,TD-TG2,K,SIM-ABL-6-0038,-1.59832166001893
SIMULATED,Collect,TD-TG2,K,SIM-ABL-6-0039,1.0129552330495981
SIMULATED,Collect,TD-TG2,K,SIM-ABL-6-0040,2.2343737382338134
SIMULATED,Collect,TD-TG2,K,SIM-ABL-6-0041,-2.23838975577321
SIMULATED,Collect,TD-TG2,K,SIM-ABL-6-0042,16.299240884061124
SIMULATED,Collect,TD-TG2,K,SIM-ABL-6-0043,-0.46362430281486233
SIMULATED,Collect,TD-TG2,K,SIM-ABL-6-0044,13.15509501589629
SIMULATED,Collect,TD-TG2,K,SIM-ABL-6-0045,2.8330472798621766
SIMULATED,Collect,TD-TG2,K,SIM-ABL-6-0046,-16.162638608355635
SIMULATED,Collect,TD-TG2,K,SIM-ABL-6-0047,-9.513812668438666
SIMULATED,Collect,TD-TG2,K,SIM-ABL-6-0048,7.689446507146598
SIMULATED,Collect,TD-TG2,K,SIM-ABL-6-0049,1.2631014313685953
SIMULATED,Collect,TD-TG2,K,SIM-ABL-6-0050,-10.010144632227279
SIMULATED,Collect,TD-TG2,K,SIM-ABL-6-0051,0.581059645598256
SIMULATED,Collect,TD-TG2,K,SIM-ABL-6-0052,-6.2208056252911685
SIMULATED,Collect,TD-TG2,K,SIM-ABL-6-0053,5.428944507661987
SIMULATED,Collect,TD-TG2,K,SIM-ABL-6-0054,0.26495611110065975
SIMULATED,Collect,TD-TG2,K,SIM-ABL-6-0055,-5.555136069210077
SIMULATED,Collect,TD-TG2,K,SIM-ABL-6-0056,-5.115045308306988
SIMULATED,Collect,TD-TG2,K,SIM-ABL-6-0057,-1.8892982485576733
SIMULATED,Collect,TD-TG2,K,SIM-ABL-6-0058,17.946929666922337
SIMULATED,Collect,TD-TG2,K,SIM-ABL-6-0059,9.720415693961039
SIMULATED,Collect,TD-TG2,K,SIM-ABL-6-0060,-2.9479512408231026
SIMULATED,Collect,TD-TG2,K,SIM-ABL-6-0061,4.327442153402405
SIMULATED,Collect,TD-TG2,K,SIM-ABL-6-0062,-1.2927604771373908
SIMULATED,Collect,TD-TG2,K,SIM-ABL-6-0063,-2.7951695415822666
SIMULATED,Collect,TD-TG2,K,SIM-ABL-6-0064,3.0183944784148746
SIMULATED,Collect,TD-TG2,K,SIM-ABL-6-0065,-4.017579925769024
SIMULATED,Collect,TD-TG2,K,SIM-ABL-6-0066,3.7553806649419963
SIMULATED,Collect,TD-TG2,K,SIM-ABL-6-0067,-6.098856234940822
SIMULATED,Collect,TD-TG2,K,SIM-ABL-6-0068,-7.60971953275399
SIMULATED,Collect,TD-TG2,K,SIM-ABL-6-0069,-9.44968605122786
SIMULATED,Collect,TD-TG2,K,SIM-ABL-6-0070,8.907491989646754
SIMULATED,Collect,TD-TG2,K,SIM-ABL-6-0071,6.556939631306707
SIMULATED,Collect,TD-TG2,K,SIM-ABL-6-0072,13.524258387674895
SIMULATED,Collect,TD-TG2,K,SIM-ABL-6-0073,-4.391303522478651
SIMULATED,Collect,TD-TG2,K,SIM-ABL-6-0074,10.97680924931365
SIMULATED,Collect,TD-TG2,K,SIM-ABL-6-0075,-0.8251169034594996
SIMULATED,Collect,TD-TG2,K,SIM-ABL-6-0076,11.298643487332525
SIMULATED,Collect,TD-TG2,K,SIM-ABL-6-0077,-0.5557827620189393
SIMULATED,Collect,TD-TG2,K,SIM-ABL-6-0078,-2.722699417576104
SIMULATED,Collect,TD-TG2,K,SIM-ABL-6-0079,3.08084779833004
SIMULATED,Collect,TD-TG2,K,SIM-ABL-6-0080,5.002693572907022
SIMULATED,Collect,TD-TG2,K,SIM-ABL-6-0081,-1.5647341364615883
SIMULATED,Collect,TD-TG2,K,SIM-ABL-6-0082,-1.5181656600900846
SIMULATED,Collect,TD-TG2,K,SIM-ABL-6-0083,3.6956455986657204
SIMULATED,Collect,TD-TG2,K,SIM-ABL-6-0084,6.549250709684362
SIMULATED,Collect,TD-TG2,K,SIM-ABL-6-0085,-3.128691812253553
SIMULATED,Collect,TD-TG2,K,SIM-ABL-6-0086,7.271563280374057
SIMULATED,Collect,TD-TG2,K,SIM-ABL-6-0087,3.1338300133619006
SIMULATED,Collect,TD-TG2,K,SIM-ABL-6-0088,-1.0547901471256793
SIMULATED,Collect,TD-TG2,K,SIM-ABL-6-0089,-9.82087011876553
SIMULATED,Collect,TD-TG2,K,SIM-ABL-6-0090,-2.117165049667495
SIMULATED,Collect,TD-TG2,K,SIM-ABL-6-0091,9.630137639490998
SIMULATED,Collect,TD-TG2,K,SIM-ABL-6-0092,8.079598128668989
SIMULATED,Collect,TD-TG2,K,SIM-ABL-6-0093,1.629790454753859
SIMULATED,Collect,TD-TG2,K,SIM-ABL-6-0094,5.295299452112165
SIMULATED,Collect,TD-TG2,K,SIM-ABL-6-0095,6.59647224124585
SIMULATED,Collect,TD-TG2,K,SIM-ABL-6-0096,8.337094639038654
SIMULATED,Collect,TD-TG2,K,SIM-ABL-6-0097,-2.803784796770344
SIMULATED,Collect,TD-TG2,K,SIM-ABL-6-0098,0.4808608918845203
SIMULATED,Collect,TD-TG2,K,SIM-ABL-6-0099,3.1962890380214883
SIMULATED,Collect,TD-TG2,K,SIM-ABL-6-0100,-11.715157735801894
SIMULATED,Collect,TD-TG2,K,SIM-ABL-6-0101,9.932101849130705
SIMULATED,Collect,TD-TG2,K,SIM-ABL-6-0102,7.58746453701776
SIMULATED,Collect,TD-TG2,K,SIM-ABL-6-0103,1.8171798648413435
SIMULATED,Collect,TD-TG2,K,SIM-ABL-6-0104,-3.333382487469298
SIMULATED,Collect,TD-TG2,K,SIM-ABL-6-0105,13.643095752109783
SIMULATED,Collect,TD-TG2,K,SIM-ABL-6-0106,-1.974993266815595
SIMULATED,Collect,TD-TG2,K,SIM-ABL-6-0107,-1.2490501993579146
SIMULATED,Collect,TD-TG2,K,SIM-ABL-6-0108,-1.750304058020264
SIMULATED,Collect,TD-TG2,K,SIM-ABL-6-0109,7.91750513038135
SIMULATED,Collect,TD-TG2,K,SIM-ABL-6-0110,-1.425704342451846
SIMULATED,Collect,TD-TG2,K,SIM-ABL-6-0111,-4.438808187713172
SIMULATED,Collect,TD-TG2,K,SIM-ABL-6-0112,-0.399623956275839
SIMULATED,Collect,TD-TG2,K,SIM-ABL-6-0113,11.574560479853725
SIMULATED,Collect,TD-TG2,K,SIM-ABL-6-0114,-3.202210034005212
SIMULATED,Collect,TD-TG2,K,SIM-ABL-6-0115,9.86067314087119
SIMULATED,Collect,TD-TG2,K,SIM-ABL-6-0116,-1.0573353911066201
SIMULATED,Collect,TD-TG2,K,SIM-ABL-6-0117,-4.450250695321993
SIMULATED,Collect,TD-TG2,K,SIM-ABL-6-0118,9.551312102555425
SIMULATED,Collect,TD-TG2,K,SIM-ABL-6-0119,22.928160031785488
SIMULATED,Collect,TD-TG2,K,SIM-ABL-6-0120,1.963005956781402
SIMULATED,Collect,TD-TG2,K,SIM-ABL-6-0121,10.672665032636456
SIMULATED,Collect,TD-TG2,K,SIM-ABL-6-0122,-0.9802497903775125
SIMULATED,Collect,TD-TG2,K,SIM-ABL-6-0123,9.55321171304251
SIMULATED,Collect,TD-TG2,K,SIM-ABL-6-0124,8.514757372197614
SIMULATED,Collect,TD-TG2,K,SIM-ABL-6-0125,-2.16558158666459
SIMULATED,Collect,TD-TG2,K,SIM-ABL-6-0126,7.506912474541223
SIMULATED,Collect,TD-TG2,K,SIM-ABL-6-0127,-0.4481348977141768
SIMULATED,Collect,TD-TG2,K,SIM-ABL-6-0128,12.587858879968397
SIMULATED,Collect,TD-TG2,K,SIM-ABL-6-0129,-5.225128432607757
SIMULATED,Collect,TD-TG2,K,SIM-ABL-6-0130,9.425215344778906
SIMULATED,Collect,TD-TG2,K,SIM-ABL-6-0131,0.3949930067923284
SIMULATED,Collect,TD-TG2,K,SIM-ABL-6-0132,-0.8567137627062711
SIMULATED,Collect,TD-TG2,K,SIM-ABL-6-0133,1.7235942114769847
SIMULATED,Collect,TD-TG2,K,SIM-ABL-6-0134,4.341793970775571
SIMULATED,Collect,TD-TG2,K,SIM-ABL-6-0135,4.515731972912715
SIMULATED,Collect,TD-TG2,K,SIM-ABL-6-0136,0.9140427380133818
SIMULATED,Collect,TD-TG2,K,SIM-ABL-6-0137,-2.2296167455688485
SIMULATED,Collect,TD-TG2,K,SIM-ABL-6-0138,2.550662335306674
SIMULATED,Collect,TD-TG2,K,SIM-ABL-6-0139,-8.942651574593832
SIMULATED,Collect,TD-TG2,K,SIM-ABL-6-0140,-5.003255753672624
SIMULATED,Collect,TD-TG2,K,SIM-ABL-6-0141,4.694720553094687
SIMULATED,Collect,TD-TG2,K,SIM-ABL-6-0142,13.486618541931522
SIMULATED,Collect,TD-TG2,K,SIM-ABL-6-0143,-3.1046427153760234
SIMULATED,Collect,TD-TG2,K,SIM-ABL-6-0144,-15.862550346517324
SIMULATED,Collect,TD-TG2,K,SIM-ABL-6-0145,1.0712870169305158
SIMULATED,Collect,TD-TG2,K,SIM-ABL-6-0146,-2.203236801905117
SIMULATED,Collect,TD-TG2,K,SIM-ABL-6-0147,5.530098172028332
SIMULATED,Collect,TD-TG2,K,SIM-ABL-6-0148,8.686774615740521
SIMULATED,Collect,TD-TG2,K,SIM-ABL-6-0149,7.368037041638335
SIMULATED,Collect,TD-TG2,K,SIM-ABL-6-0150,2.1916233650029895
SIMULATED,Collect,TD-TG2,K,SIM-ABL-6-0151,5.573994581766549
SIMULATED,Collect,TD-TG2,K,SIM-ABL-6-0152,14.558854932211764
SIMULATED,Collect,TD-TG2,K,SIM-ABL-6-0153,-5.121750173065221
SIMULATED,Collect,TD-TG2,K,SIM-ABL-6-0154,19.00254801120159
SIMULATED,Collect,TD-TG2,K,SIM-ABL-6-0155,4.649871608995118
SIMULATED,Collect,TD-TG2,K,SIM-ABL-6-0156,-0.419731549163894
SIMULATED,Collect,TD-TG2,K,SIM-ABL-6-0157,6.734375244252982
SIMULATED,Collect,TD-TG2,K,SIM-ABL-6-0158,5.6620272787573445
SIMULATED,Collect,TD-TG2,K,SIM-ABL-6-0159,-0.7370349188202932
SIMULATED,Collect,TD-TG2,V,SIM-ABL-6-0000,-1.4654225052164727
SIMULATED,Collect,TD-TG2,V,SIM-ABL-6-0001,15.460663175683376
SIMULATED,Collect,TD-TG2,V,SIM-ABL-6-0002,-3.497361934603463
SIMULATED,Collect,TD-TG2,V,SIM-ABL-6-0003,4.205184836772549
SIMULATED,Collect,TD-TG2,V,SIM-ABL-6-0004,1.849826818705008
SIMULATED,Collect,TD-TG2,V,SIM-ABL-6-0005,1.3349642887656326
SIMULATED,Collect,TD-TG2,V,SIM-ABL-6-0006,6.572069672002991
SIMULATED,Collect,TD-TG2,V,SIM-ABL-6-0007,1.0719508013070054
SIMULATED,Collect,TD-TG2,V,SIM-ABL-6-0008,-8.551512487379684
SIMULATED,Collect,TD-TG2,V,SIM-ABL-6-0009,3.435711755887011
SIMULATED,Collect,TD-TG2,V,SIM-ABL-6-0010,7.269563723991008
SIMULATED,Collect,TD-TG2,V,SIM-ABL-6-0011,13.877441620899388
SIMULATED,Collect,TD-TG2,V,SIM-ABL-6-0012,7.791045776144893
SIMULATED,Collect,TD-TG2,V,SIM-ABL-6-0013,4.496019270367717
SIMULATED,Collect,TD-TG2,V,SIM-ABL-6-0014,-1.6277883577062855
SIMULATED,Collect,TD-TG2,V,SIM-ABL-6-0015,4.813990528179974
SIMULATED,Collect,TD-TG2,V,SIM-ABL-6-0016,11.02992788074679
SIMULATED,Collect,TD-TG2,V,SIM-ABL-6-0017,-0.5458290668674761
SIMULATED,Collect,TD-TG2,V,SIM-ABL-6-0018,-0.005936184969544955
SIMULATED,Collect,TD-TG2,V,SIM-ABL-6-0019,-1.3656366501876225
SIMULATED,Collect,TD-TG2,V,SIM-ABL-6-0020,-4.892652159953669
SIMULATED,Collect,TD-TG2,V,SIM-ABL-6-0021,3.708958484284155
SIMULATED,Collect,TD-TG2,V,SIM-ABL-6-0022,-0.6918288456329329
SIMULATED,Collect,TD-TG2,V,SIM-ABL-6-0023,-0.9665228496241471
SIMULATED,Collect,TD-TG2,V,SIM-ABL-6-0024,-14.574643534132257
SIMULATED,Collect,TD-TG2,V,SIM-ABL-6-0025,1.3427488367146856
SIMULATED,Collect,TD-TG2,V,SIM-ABL-6-0026,0.26460613626652296
SIMULATED,Collect,TD-TG2,V,SIM-ABL-6-0027,-0.5527926434912527
SIMULATED,Collect,TD-TG2,V,SIM-ABL-6-0028,4.647697941425338
SIMULATED,Collect,TD-TG2,V,SIM-ABL-6-0029,-6.439317924021888
SIMULATED,Collect,TD-TG2,V,SIM-ABL-6-0030,0.6136415051023703
SIMULATED,Collect,TD-TG2,V,SIM-ABL-6-0031,7.049420689541525
SIMULATED,Collect,TD-TG2,V,SIM-ABL-6-0032,1.954919280565086
SIMULATED,Collect,TD-TG2,V,SIM-ABL-6-0033,-9.494674834852288
SIMULATED,Collect,TD-TG2,V,SIM-ABL-6-0034,-2.8224850341812155
SIMULATED,Collect,TD-TG2,V,SIM-ABL-6-0035,8.848314747177197
SIMULATED,Collect,TD-TG2,V,SIM-ABL-6-0036,6.571084703782256
SIMULATED,Collect,TD-TG2,V,SIM-ABL-6-0037,-3.9931233438002876
SIMULATED,Collect,TD-TG2,V,SIM-ABL-6-0038,-6.9641432310069815
SIMULATED,Collect,TD-TG2,V,SIM-ABL-6-0039,-1.600816900275033
SIMULATED,Collect,TD-TG2,V,SIM-ABL-6-0040,11.925470685271607
SIMULATED,Collect,TD-TG2,V,SIM-ABL-6-0041,-6.693631582698052
SIMULATED,Collect,TD-TG2,V,SIM-ABL-6-0042,0.6499505670258968
SIMULATED,Collect,TD-TG2,V,SIM-ABL-6-0043,-4.488269903632071
SIMULATED,Collect,TD-TG2,V,SIM-ABL-6-0044,-6.336765512894184
SIMULATED,Collect,TD-TG2,V,SIM-ABL-6-0045,2.3544955324153403
SIMULATED,Collect,TD-TG2,V,SIM-ABL-6-0046,19.291959104370942
SIMULATED,Collect,TD-TG2,V,SIM-ABL-6-0047,-1.5450651489612486
SIMULATED,Collect,TD-TG2,V,SIM-ABL-6-0048,3.594141507175105
SIMULATED,Collect,TD-TG2,V,SIM-ABL-6-0049,-7.117156373264257
SIMULATED,Collect,TD-TG2,V,SIM-ABL-6-0050,-6.905702334761215
SIMULATED,Collect,TD-TG2,V,SIM-ABL-6-0051,1.6827170323569751
SIMULATED,Collect,TD-TG2,V,SIM-ABL-6-0052,-5.281289293069048
SIMULATED,Collect,TD-TG2,V,SIM-ABL-6-0053,11.416195178291787
SIMULATED,Collect,TD-TG2,V,SIM-ABL-6-0054,-7.553661483376152
SIMULATED,Collect,TD-TG2,V,SIM-ABL-6-0055,-3.911375787117354
SIMULATED,Collect,TD-TG2,V,SIM-ABL-6-0056,6.710312444725437
SIMULATED,Collect,TD-TG2,V,SIM-ABL-6-0057,-10.835705422847148
SIMULATED,Collect,TD-TG2,V,SIM-ABL-6-0058,-12.179307587770417
SIMULATED,Collect,TD-TG2,V,SIM-ABL-6-0059,7.519602594364092
SIMULATED,Collect,TD-TG2,V,SIM-ABL-6-0060,-13.522480105326025
SIMULATED,Collect,TD-TG2,V,SIM-ABL-6-0061,6.106410880108005
SIMULATED,Collect,TD-TG2,V,SIM-ABL-6-0062,-9.910962231630242
SIMULATED,Collect,TD-TG2,V,SIM-ABL-6-0063,-1.0595335968628354
SIMULATED,Collect,TD-TG2,V,SIM-ABL-6-0064,6.559244418189432
SIMULATED,Collect,TD-TG2,V,SIM-ABL-6-0065,1.2109454739311232
SIMULATED,Collect,TD-TG2,V,SIM-ABL-6-0066,-1.156750023392808
SIMULATED,Collect,TD-TG2,V,SIM-ABL-6-0067,8.770745346674326
SIMULATED,Collect,TD-TG2,V,SIM-ABL-6-0068,-5.3745050040313105
SIMULATED,Collect,TD-TG2,V,SIM-ABL-6-0069,-5.022300702702634
SIMULATED,Collect,TD-TG2,V,SIM-ABL-6-0070,3.187686861906717
SIMULATED,Collect,TD-TG2,V,SIM-ABL-6-0071,-1.36043707369972
SIMULATED,Collect,TD-TG2,V,SIM-ABL-6-0072,6.732412933889454
SIMULATED,Collect,TD-TG2,V,SIM-ABL-6-0073,12.506520996387666
SIMULATED,Collect,TD-TG2,V,SIM-ABL-6-0074,0.7421213246332317
SIMULATED,Collect,TD-TG2,V,SIM-ABL-6-0075,5.267428624779384
SIMULATED,Collect,TD-TG2,V,SIM-ABL-6-0076,-2.3308551963206607
SIMULATED,Collect,TD-TG2,V,SIM-ABL-6-0077,2.1764241012726044
SIMULATED,Collect,TD-TG2,V,SIM-ABL-6-0078,-5.175513330175551
SIMULATED,Collect,TD-TG2,V,SIM-ABL-6-0079,14.01403794064147
SIMULATED,Collect,TD-TG2,V,SIM-ABL-6-0080,3.4710230024455164
SIMULATED,Collect,TD-TG2,V,SIM-ABL-6-0081,-1.192982086417261
SIMULATED,Collect,TD-TG2,V,SIM-ABL-6-0082,-9.29288579432692
SIMULATED,Collect,TD-TG2,V,SIM-ABL-6-0083,-9.223165162425586
SIMULATED,Collect,TD-TG2,V,SIM-ABL-6-0084,7.318455505423931
SIMULATED,Collect,TD-TG2,V,SIM-ABL-6-0085,-1.473133556795317
SIMULATED,Collect,TD-TG2,V,SIM-ABL-6-0086,8.21861332859387
SIMULATED,Collect,TD-TG2,V,SIM-ABL-6-0087,-2.1227358155956377
SIMULATED,Collect,TD-TG2,V,SIM-ABL-6-0088,-10.003475679521467
SIMULATED,Collect,TD-TG2,V,SIM-ABL-6-0089,13.71207483564066
SIMULATED,Collect,TD-TG2,V,SIM-ABL-6-0090,4.0427540795804315
SIMULATED,Collect,TD-TG2,V,SIM-ABL-6-0091,6.220253087524963
SIMULATED,Collect,TD-TG2,V,SIM-ABL-6-0092,-11.984378751002113
SIMULATED,Collect,TD-TG2,V,SIM-ABL-6-0093,13.032202688260078
SIMULATED,Collect,TD-TG2,V,SIM-ABL-6-0094,5.217069221726198
SIMULATED,Collect,TD-TG2,V,SIM-ABL-6-0095,-1.31818098073095
SIMULATED,Collect,TD-TG2,V,SIM-ABL-6-0096,-5.981728935725261
SIMULATED,Collect,TD-TG2,V,SIM-ABL-6-0097,-3.503439069675384
SIMULATED,Collect,TD-TG2,V,SIM-ABL-6-0098,-2.7477679496084573
SIMULATED,Collect,TD-TG2,V,SIM-ABL-6-0099,-1.408374812614695
SIMULATED,Collect,TD-TG2,V,SIM-ABL-6-0100,1.4892751333124652
SIMULATED,Collect,TD-TG2,V,SIM-ABL-6-0101,-13.102288448512518
SIMULATED,Collect,TD-TG2,V,SIM-ABL-6-0102,6.349824027570318
SIMULATED,Collect,TD-TG2,V,SIM-ABL-6-0103,-2.7536645479053137
SIMULATED,Collect,TD-TG2,V,SIM-ABL-6-0104,0.19368449508733954
SIMULATED,Collect,TD-TG2,V,SIM-ABL-6-0105,6.717037146202894
SIMULATED,Collect,TD-TG2,V,SIM-ABL-6-0106,-5.823202954697129
SIMULATED,Collect,TD-TG2,V,SIM-ABL-6-0107,-3.200830137157361
SIMULATED,Collect,TD-TG2,V,SIM-ABL-6-0108,-11.814050510530365
SIMULATED,Collect,TD-TG2,V,SIM-ABL-6-0109,9.71404030849137
SIMULATED,Collect,TD-TG2,V,SIM-ABL-6-0110,-2.5140630378826545
SIMULATED,Collect,TD-TG2,V,SIM-ABL-6-0111,-6.5494290734937275
SIMULATED,Collect,TD-TG2,V,SIM-ABL-6-0112,-7.0788347974722265
SIMULATED,Collect,TD-TG2,V,SIM-ABL-6-0113,12.45781540224965
SIMULATED,Collect,TD-TG2,V,SIM-ABL-6-0114,36.74299767123884
SIMULATED,Collect,TD-TG2,V,SIM-ABL-6-0115,13.05149817821696
SIMULATED,Collect,TD-TG2,V,SIM-ABL-6-0116,3.7817291256579066
SIMULATED,Collect,TD-TG2,V,SIM-ABL-6-0117,-5.695242521729186
SIMULATED,Collect,TD-TG2,V,SIM-ABL-6-0118,6.098170465108132
SIMULATED,Collect,TD-TG2,V,SIM-ABL-6-0119,3.094968904590213
SIMULATED,Collect,TD-TG2,V,SIM-ABL-6-0120,-4.36078152219928
SIMULATED,Collect,TD-TG2,V,SIM-ABL-6-0121,4.2094983938776664
SIMULATED,Collect,TD-TG2,V,SIM-ABL-6-0122,12.93102775807502
SIMULATED,Collect,TD-TG2,V,SIM-ABL-6-0123,6.763365167100931
SIMULATED,Collect,TD-TG2,V,SIM-ABL-6-0124,-5.261523605523068
SIMULATED,Collect,TD-TG2,V,SIM-ABL-6-0125,12.758052546099309
SIMULATED,Collect,TD-TG2,V,SIM-ABL-6-0126,13.30444274463227
SIMULATED,Collect,TD-TG2,V,SIM-ABL-6-0127,3.0202969819910277
SIMULATED,Collect,TD-TG2,V,SIM-ABL-6-0128,9.953100573408939
SIMULATED,Collect,TD-TG2,V,SIM-ABL-6-0129,-3.2483151433758906
SIMULATED,Collect,TD-TG2,V,SIM-ABL-6-0130,-4.078754215745641
SIMULATED,Collect,TD-TG2,V,SIM-ABL-6-0131,3.19988012949545
SIMULATED,Collect,TD-TG2,V,SIM-ABL-6-0132,8.012192259382207
SIMULATED,Collect,TD-TG2,V,SIM-ABL-6-0133,-2.3712980554685688
SIMULATED,Collect,TD-TG2,V,SIM-ABL-6-0134,3.744034722715419
SIMULATED,Collect,TD-TG2,V,SIM-ABL-6-0135,4.925008597971907
SIMULATED,Collect,TD-TG2,V,SIM-ABL-6-0136,2.0533767863842844
SIMULATED,Collect,TD-TG2,V,SIM-ABL-6-0137,1.8210271323958946
SIMULATED,Collect,TD-TG2,V,SIM-ABL-6-0138,13.13950786701881
SIMULATED,Collect,TD-TG2,V,SIM-ABL-6-0139,4.076880326532787
SIMULATED,Collect,TD-TG2,V,SIM-ABL-6-0140,-12.606990407437914
SIMULATED,Collect,TD-TG2,V,SIM-ABL-6-0141,-10.799799768919968
SIMULATED,Collect,TD-TG2,V,SIM-ABL-6-0142,8.258218927299069
SIMULATED,Collect,TD-TG2,V,SIM-ABL-6-0143,3.353306832375301
SIMULATED,Collect,TD-TG2,V,SIM-ABL-6-0144,-6.156303330352883
SIMULATED,Collect,TD-TG2,V,SIM-ABL-6-0145,14.535281209950655
SIMULATED,Collect,TD-TG2,V,SIM-ABL-6-0146,9.44696839685211
SIMULATED,Collect,TD-TG2,V,SIM-ABL-6-0147,0.8230839667911988
SIMULATED,Collect,TD-TG2,V,SIM-ABL-6-0148,2.741008459088164
SIMULATED,Collect,TD-TG2,V,SIM-ABL-6-0149,7.829174792282418
SIMULATED,Collect,TD-TG2,V,SIM-ABL-6-0150,7.005909129047088
SIMULATED,Collect,TD-TG2,V,SIM-ABL-6-0151,-6.84349160176708
SIMULATED,Collect,TD-TG2,V,SIM-ABL-6-0152,2.039071156247301
SIMULATED,Collect,TD-TG2,V,SIM-ABL-6-0153,6.312309329718723
SIMULATED,Collect,TD-TG2,V,SIM-ABL-6-0154,-2.6913331550180315
SIMULATED,Collect,TD-TG2,V,SIM-ABL-6-0155,-6.060467848182904
SIMULATED,Collect,TD-TG2,V,SIM-ABL-6-0156,1.0132281833325412
SIMULATED,Collect,TD-TG2,V,SIM-ABL-6-0157,7.630486224050999
SIMULATED,Collect,TD-TG2,V,SIM-ABL-6-0158,2.70568253611924
SIMULATED,Collect,TD-TG2,V,SIM-ABL-6-0159,-10.298568979484541
SIMULATED,Collect,TD-TG2,T,SIM-ABL-6-0000,13.220719879407138
SIMULATED,Collect,TD-TG2,T,SIM-ABL-6-0001,-2.7596458389967684
SIMULATED,Collect,TD-TG2,T,SIM-ABL-6-0002,3.801623007150862
SIMULATED,Collect,TD-TG2,T,SIM-ABL-6-0003,-11.296530364054322
SIMULATED,Collect,TD-TG2,T,SIM-ABL-6-0004,2.6087288223171843
SIMULATED,Collect,TD-TG2,T,SIM-ABL-6-0005,7.48358435961133
SIMULATED,Collect,TD-TG2,T,SIM-ABL-6-0006,-1.6821084139016098
SIMULATED,Collect,TD-TG2,T,SIM-ABL-6-0007,-5.751766782816242
SIMULATED,Collect,TD-TG2,T,SIM-ABL-6-0008,6.474595926477122
SIMULATED,Collect,TD-TG2,T,SIM-ABL-6-0009,13.608415974434374
SIMULATED,Collect,TD-TG2,T,SIM-ABL-6-0010,-6.412330303318063
SIMULATED,Collect,TD-TG2,T,SIM-ABL-6-0011,-11.951593461247489
SIMULATED,Collect,TD-TG2,T,SIM-ABL-6-0012,-0.716806488863893
SIMULATED,Collect,TD-TG2,T,SIM-ABL-6-0013,-3.8764072289391938
SIMULATED,Collect,TD-TG2,T,SIM-ABL-6-0014,2.4006866901545516
SIMULATED,Collect,TD-TG2,T,SIM-ABL-6-0015,3.3410219690492493
SIMULATED,Collect,TD-TG2,T,SIM-ABL-6-0016,-9.227102436019837
SIMULATED,Collect,TD-TG2,T,SIM-ABL-6-0017,-4.29448844353273
SIMULATED,Collect,TD-TG2,T,SIM-ABL-6-0018,2.8669358556561813
SIMULATED,Collect,TD-TG2,T,SIM-ABL-6-0019,12.684191234771093
SIMULATED,Collect,TD-TG2,T,SIM-ABL-6-0020,-3.339130105791845
SIMULATED,Collect,TD-TG2,T,SIM-ABL-6-0021,8.734792965248827
SIMULATED,Collect,TD-TG2,T,SIM-ABL-6-0022,-0.6103298376870749
SIMULATED,Collect,TD-TG2,T,SIM-ABL-6-0023,6.987427345180214
SIMULATED,Collect,TD-TG2,T,SIM-ABL-6-0024,5.398608538526121
SIMULATED,Collect,TD-TG2,T,SIM-ABL-6-0025,-5.272222736251955
SIMULATED,Collect,TD-TG2,T,SIM-ABL-6-0026,18.784460258089464
SIMULATED,Collect,TD-TG2,T,SIM-ABL-6-0027,0.6194591796749321
SIMULATED,Collect,TD-TG2,T,SIM-ABL-6-0028,2.6307094053609976
SIMULATED,Collect,TD-TG2,T,SIM-ABL-6-0029,-11.213964622032206
SIMULATED,Collect,TD-TG2,T,SIM-ABL-6-0030,-10.638063617807557
SIMULATED,Collect,TD-TG2,T,SIM-ABL-6-0031,-2.664119347722155
SIMULATED,Collect,TD-TG2,T,SIM-ABL-6-0032,9.981836133798094
SIMULATED,Collect,TD-TG2,T,SIM-ABL-6-0033,6.633985774948265
SIMULATED,Collect,TD-TG2,T,SIM-ABL-6-0034,-2.91792010932944
SIMULATED,Collect,TD-TG2,T,SIM-ABL-6-0035,2.164400476344249
SIMULATED,Collect,TD-TG2,T,SIM-ABL-6-0036,4.13982184270461
SIMULATED,Collect,TD-TG2,T,SIM-ABL-6-0037,-10.21041993665547
SIMULATED,Collect,TD-TG2,T,SIM-ABL-6-0038,2.2094620126964113
SIMULATED,Collect,TD-TG2,T,SIM-ABL-6-0039,6.872344107800819
SIMULATED,Collect,TD-TG2,T,SIM-ABL-6-0040,11.802699029178067
SIMULATED,Collect,TD-TG2,T,SIM-ABL-6-0041,-2.4679764057727236
SIMULATED,Collect,TD-TG2,T,SIM-ABL-6-0042,5.517597931634263
SIMULATED,Collect,TD-TG2,T,SIM-ABL-6-0043,4.095986645321958
SIMULATED,Collect,TD-TG2,T,SIM-ABL-6-0044,3.842624944294706
SIMULATED,Collect,TD-TG2,T,SIM-ABL-6-0045,7.978322646672451
SIMULATED,Collect,TD-TG2,T,SIM-ABL-6-0046,-5.625876634200473
SIMULATED,Collect,TD-TG2,T,SIM-ABL-6-0047,-10.948704784983372
SIMULATED,Collect,TD-TG2,T,SIM-ABL-6-0048,11.610881269609996
SIMULATED,Collect,TD-TG2,T,SIM-ABL-6-0049,7.456475366719003
SIMULATED,Collect,TD-TG2,T,SIM-ABL-6-0050,-1.6847431653204312
SIMULATED,Collect,TD-TG2,T,SIM-ABL-6-0051,-2.4294365254806953
SIMULATED,Collect,TD-TG2,T,SIM-ABL-6-0052,-4.0200541417352245
SIMULATED,Collect,TD-TG2,T,SIM-ABL-6-0053,2.1707179595481545
SIMULATED,Collect,TD-TG2,T,SIM-ABL-6-0054,-11.757416572651984
SIMULATED,Collect,TD-TG2,T,SIM-ABL-6-0055,9.758551579145175
SIMULATED,Collect,TD-TG2,T,SIM-ABL-6-0056,-7.6288674113380015
SIMULATED,Collect,TD-TG2,T,SIM-ABL-6-0057,3.12739530975376
SIMULATED,Collect,TD-TG2,T,SIM-ABL-6-0058,-1.8458358140448325
SIMULATED,Collect,TD-TG2,T,SIM-ABL-6-0059,-1.7664157575660533
SIMULATED,Collect,TD-TG2,T,SIM-ABL-6-0060,6.748729184990546
SIMULATED,Collect,TD-TG2,T,SIM-ABL-6-0061,-2.31797741442282
SIMULATED,Collect,TD-TG2,T,SIM-ABL-6-0062,1.836562336764843
SIMULATED,Collect,TD-TG2,T,SIM-ABL-6-0063,-1.2749937888304212
SIMULATED,Collect,TD-TG2,T,SIM-ABL-6-0064,-4.089364745924701
SIMULATED,Collect,TD-TG2,T,SIM-ABL-6-0065,-0.28462145335180833
SIMULATED,Collect,TD-TG2,T,SIM-ABL-6-0066,4.305542322052301
SIMULATED,Collect,TD-TG2,T,SIM-ABL-6-0067,-0.04494458022123826
SIMULATED,Collect,TD-TG2,T,SIM-ABL-6-0068,-10.85281023408284
SIMULATED,Collect,TD-TG2,T,SIM-ABL-6-0069,-0.20335146137441606
SIMULATED,Collect,TD-TG2,T,SIM-ABL-6-0070,7.712975651797164
SIMULATED,Collect,TD-TG2,T,SIM-ABL-6-0071,2.2789018868824007
SIMULATED,Collect,TD-TG2,T,SIM-ABL-6-0072,-0.8687934192648321
SIMULATED,Collect,TD-TG2,T,SIM-ABL-6-0073,8.438229513993958
SIMULATED,Collect,TD-TG2,T,SIM-ABL-6-0074,7.487365921385853
SIMULATED,Collect,TD-TG2,T,SIM-ABL-6-0075,4.2839238472925105
SIMULATED,Collect,TD-TG2,T,SIM-ABL-6-0076,5.505592572435969
SIMULATED,Collect,TD-TG2,T,SIM-ABL-6-0077,-1.5003609507188234
SIMULATED,Collect,TD-TG2,T,SIM-ABL-6-0078,3.030456926151781
SIMULATED,Collect,TD-TG2,T,SIM-ABL-6-0079,2.140622410044262
SIMULATED,Collect,TD-TG2,T,SIM-ABL-6-0080,0.2696308060674738
SIMULATED,Collect,TD-TG2,T,SIM-ABL-6-0081,14.686169986375221
SIMULATED,Collect,TD-TG2,T,SIM-ABL-6-0082,2.1581221680457707
SIMULATED,Collect,TD-TG2,T,SIM-ABL-6-0083,-7.247378509348854
SIMULATED,Collect,TD-TG2,T,SIM-ABL-6-0084,5.800553570141773
SIMULATED,Collect,TD-TG2,T,SIM-ABL-6-0085,-1.9226629932852553
SIMULATED,Collect,TD-TG2,T,SIM-ABL-6-0086,-1.2096408267832341
SIMULATED,Collect,TD-TG2,T,SIM-ABL-6-0087,-2.0787792022636693
SIMULATED,Collect,TD-TG2,T,SIM-ABL-6-0088,7.827590075428798
SIMULATED,Collect,TD-TG2,T,SIM-ABL-6-0089,5.103302527659864
SIMULATED,Collect,TD-TG2,T,SIM-ABL-6-0090,-2.1804536702515063
SIMULATED,Collect,TD-TG2,T,SIM-ABL-6-0091,0.8883986330641334
SIMULATED,Collect,TD-TG2,T,SIM-ABL-6-0092,9.423512707434258
SIMULATED,Collect,TD-TG2,T,SIM-ABL-6-0093,3.7630029840070924
SIMULATED,Collect,TD-TG2,T,SIM-ABL-6-0094,-6.0578336245247435
SIMULATED,Collect,TD-TG2,T,SIM-ABL-6-0095,-7.992295431539995
SIMULATED,Collect,TD-TG2,T,SIM-ABL-6-0096,2.332582337391234
SIMULATED,Collect,TD-TG2,T,SIM-ABL-6-0097,-0.039577816676873434
SIMULATED,Collect,TD-TG2,T,SIM-ABL-6-0098,1.9018386874334885
SIMULATED,Collect,TD-TG2,T,SIM-ABL-6-0099,12.274639157709585
SIMULATED,Collect,TD-TG2,T,SIM-ABL-6-0100,9.529004258685264
SIMULATED,Collect,TD-TG2,T,SIM-ABL-6-0101,-0.2024876200422736
SIMULATED,Collect,TD-TG2,T,SIM-ABL-6-0102,16.3711662555089
SIMULATED,Collect,TD-TG2,T,SIM-ABL-6-0103,10.917528233106976
SIMULATED,Collect,TD-TG2,T,SIM-ABL-6-0104,13.651352448304115
SIMULATED,Collect,TD-TG2,T,SIM-ABL-6-0105,3.5519017132680273
SIMULATED,Collect,TD-TG2,T,SIM-ABL-6-0106,6.88932180586964
SIMULATED,Collect,TD-TG2,T,SIM-ABL-6-0107,3.693947434870895
SIMULATED,Collect,TD-TG2,T,SIM-ABL-6-0108,-1.6603018767425595
SIMULATED,Collect,TD-TG2,T,SIM-ABL-6-0109,0.42453021298291005
SIMULATED,Collect,TD-TG2,T,SIM-ABL-6-0110,-0.10467194251446732
SIMULATED,Collect,TD-TG2,T,SIM-ABL-6-0111,-0.48108096925351296
SIMULATED,Collect,TD-TG2,T,SIM-ABL-6-0112,-2.1203001469586686
SIMULATED,Collect,TD-TG2,T,SIM-ABL-6-0113,4.688017751438309
SIMULATED,Collect,TD-TG2,T,SIM-ABL-6-0114,7.506498384074824
SIMULATED,Collect,TD-TG2,T,SIM-ABL-6-0115,16.907621665379736
SIMULATED,Collect,TD-TG2,T,SIM-ABL-6-0116,7.92804700580194
SIMULATED,Collect,TD-TG2,T,SIM-ABL-6-0117,-0.8010535348002783
SIMULATED,Collect,TD-TG2,T,SIM-ABL-6-0118,1.0644078785800677
SIMULATED,Collect,TD-TG2,T,SIM-ABL-6-0119,2.4405774697055254
SIMULATED,Collect,TD-TG2,T,SIM-ABL-6-0120,4.302638009747435
SIMULATED,Collect,TD-TG2,T,SIM-ABL-6-0121,4.441456740196944
SIMULATED,Collect,TD-TG2,T,SIM-ABL-6-0122,-5.3749891153395275
SIMULATED,Collect,TD-TG2,T,SIM-ABL-6-0123,1.432175901850983
SIMULATED,Collect,TD-TG2,T,SIM-ABL-6-0124,1.3161423181472731
SIMULATED,Collect,TD-TG2,T,SIM-ABL-6-0125,12.862163424220071
SIMULATED,Collect,TD-TG2,T,SIM-ABL-6-0126,7.7933555586785115
SIMULATED,Collect,TD-TG2,T,SIM-ABL-6-0127,6.16051760967607
SIMULATED,Collect,TD-TG2,T,SIM-ABL-6-0128,0.9172169045105258
SIMULATED,Collect,TD-TG2,T,SIM-ABL-6-0129,-3.737725738554009
SIMULATED,Collect,TD-TG2,T,SIM-ABL-6-0130,-1.2082187636942372
SIMULATED,Collect,TD-TG2,T,SIM-ABL-6-0131,-3.637857903208404
SIMULATED,Collect,TD-TG2,T,SIM-ABL-6-0132,4.885761008599454
SIMULATED,Collect,TD-TG2,T,SIM-ABL-6-0133,-6.453874633845011
SIMULATED,Collect,TD-TG2,T,SIM-ABL-6-0134,11.968270892415546
SIMULATED,Collect,TD-TG2,T,SIM-ABL-6-0135,-2.263103799845881
SIMULATED,Collect,TD-TG2,T,SIM-ABL-6-0136,7.871598227947867
SIMULATED,Collect,TD-TG2,T,SIM-ABL-6-0137,-5.378671847114747
SIMULATED,Collect,TD-TG2,T,SIM-ABL-6-0138,-0.6468814938907896
SIMULATED,Collect,TD-TG2,T,SIM-ABL-6-0139,-0.8547574501539017
SIMULATED,Collect,TD-TG2,T,SIM-ABL-6-0140,9.696055616382699
SIMULATED,Collect,TD-TG2,T,SIM-ABL-6-0141,4.203395381675273
SIMULATED,Collect,TD-TG2,T,SIM-ABL-6-0142,-0.6972722772010482
SIMULATED,Collect,TD-TG2,T,SIM-ABL-6-0143,7.821946203430299
SIMULATED,Collect,TD-TG2,T,SIM-ABL-6-0144,-3.169246213782413
SIMULATED,Collect,TD-TG2,T,SIM-ABL-6-0145,-5.331509288712299
SIMULATED,Collect,TD-TG2,T,SIM-ABL-6-0146,4.3731336662737075
SIMULATED,Collect,TD-TG2,T,SIM-ABL-6-0147,-6.2428848955705885
SIMULATED,Collect,TD-TG2,T,SIM-ABL-6-0148,0.6511806645672642
SIMULATED,Collect,TD-TG2,T,SIM-ABL-6-0149,10.546791260798068
SIMULATED,Collect,TD-TG2,T,SIM-ABL-6-0150,11.086355870836242
SIMULATED,Collect,TD-TG2,T,SIM-ABL-6-0151,-1.5874902005576694
SIMULATED,Collect,TD-TG2,T,SIM-ABL-6-0152,-3.0955094899454347
SIMULATED,Collect,TD-TG2,T,SIM-ABL-6-0153,-4.553694976018127
SIMULATED,Collect,TD-TG2,T,SIM-ABL-6-0154,-5.644849514095119
SIMULATED,Collect,TD-TG2,T,SIM-ABL-6-0155,8.37943837736459
SIMULATED,Collect,TD-TG2,T,SIM-ABL-6-0156,-10.181741205478938
SIMULATED,Collect,TD-TG2,T,SIM-ABL-6-0157,5.947434228819949
SIMULATED,Collect,TD-TG2,T,SIM-ABL-6-0158,-3.5657699512861085
SIMULATED,Collect,TD-TG2,T,SIM-ABL-6-0159,-3.0897300862102095
SIMULATED,Collect,TD-TG2,Π,SIM-ABL-6-0000,-1.594738768957959
SIMULATED,Collect,TD-TG2,Π,SIM-ABL-6-0001,12.514095684130027
SIMULATED,Collect,TD-TG2,Π,SIM-ABL-6-0002,4.876559765465339
SIMULATED,Collect,TD-TG2,Π,SIM-ABL-6-0003,-9.37197682086494
SIMULATED,Collect,TD-TG2,Π,SIM-ABL-6-0004,-9.159319435931579
SIMULATED,Collect,TD-TG2,Π,SIM-ABL-6-0005,1.0165393291238232
SIMULATED,Collect,TD-TG2,Π,SIM-ABL-6-0006,-0.06280098434865566
SIMULATED,Collect,TD-TG2,Π,SIM-ABL-6-0007,-9.872963938778568
SIMULATED,Collect,TD-TG2,Π,SIM-ABL-6-0008,-11.675634997004993
SIMULATED,Collect,TD-TG2,Π,SIM-ABL-6-0009,1.4493388635629456
SIMULATED,Collect,TD-TG2,Π,SIM-ABL-6-0010,-4.677044524495676
SIMULATED,Collect,TD-TG2,Π,SIM-ABL-6-0011,-17.389991488640785
SIMULATED,Collect,TD-TG2,Π,SIM-ABL-6-0012,-4.405754408154178
SIMULATED,Collect,TD-TG2,Π,SIM-ABL-6-0013,-4.5858801406623595
SIMULATED,Collect,TD-TG2,Π,SIM-ABL-6-0014,9.308302463905735
SIMULATED,Collect,TD-TG2,Π,SIM-ABL-6-0015,0.435014284953648
SIMULATED,Collect,TD-TG2,Π,SIM-ABL-6-0016,-13.025068509832675
SIMULATED,Collect,TD-TG2,Π,SIM-ABL-6-0017,-4.8665620527068185
SIMULATED,Collect,TD-TG2,Π,SIM-ABL-6-0018,13.075010101163924
SIMULATED,Collect,TD-TG2,Π,SIM-ABL-6-0019,-7.272537059719777
SIMULATED,Collect,TD-TG2,Π,SIM-ABL-6-0020,5.548045441629972
SIMULATED,Collect,TD-TG2,Π,SIM-ABL-6-0021,8.608207216046754
SIMULATED,Collect,TD-TG2,Π,SIM-ABL-6-0022,-6.444424433477828
SIMULATED,Collect,TD-TG2,Π,SIM-ABL-6-0023,-8.210328857400626
SIMULATED,Collect,TD-TG2,Π,SIM-ABL-6-0024,-19.57277874275441
SIMULATED,Collect,TD-TG2,Π,SIM-ABL-6-0025,-4.028879706654134
SIMULATED,Collect,TD-TG2,Π,SIM-ABL-6-0026,-4.332645535108313
SIMULATED,Collect,TD-TG2,Π,SIM-ABL-6-0027,-2.7821245932072483
SIMULATED,Collect,TD-TG2,Π,SIM-ABL-6-0028,15.312912317629651
SIMULATED,Collect,TD-TG2,Π,SIM-ABL-6-0029,1.3564309023782162
SIMULATED,Collect,TD-TG2,Π,SIM-ABL-6-0030,-2.0792992049213668
SIMULATED,Collect,TD-TG2,Π,SIM-ABL-6-0031,-15.99724294049637
SIMULATED,Collect,TD-TG2,Π,SIM-ABL-6-0032,4.748286098869677
SIMULATED,Collect,TD-TG2,Π,SIM-ABL-6-0033,0.04150261996748905
SIMULATED,Collect,TD-TG2,Π,SIM-ABL-6-0034,-6.321257980680251
SIMULATED,Collect,TD-TG2,Π,SIM-ABL-6-0035,-11.284261773687978
SIMULATED,Collect,TD-TG2,Π,SIM-ABL-6-0036,-5.012710549246821
SIMULATED,Collect,TD-TG2,Π,SIM-ABL-6-0037,-2.2727900513509565
SIMULATED,Collect,TD-TG2,Π,SIM-ABL-6-0038,-8.823360555776391
SIMULATED,Collect,TD-TG2,Π,SIM-ABL-6-0039,0.6442805050531879
SIMULATED,Collect,TD-TG2,Π,SIM-ABL-6-0040,-17.20346736544315
SIMULATED,Collect,TD-TG2,Π,SIM-ABL-6-0041,-2.9750326638995745
SIMULATED,Collect,TD-TG2,Π,SIM-ABL-6-0042,-5.921391638437214
SIMULATED,Collect,TD-TG2,Π,SIM-ABL-6-0043,-11.014615137783812
SIMULATED,Collect,TD-TG2,Π,SIM-ABL-6-0044,-2.3830865658124813
SIMULATED,Collect,TD-TG2,Π,SIM-ABL-6-0045,-2.219011024423379
SIMULATED,Collect,TD-TG2,Π,SIM-ABL-6-0046,3.77334009493642
SIMULATED,Collect,TD-TG2,Π,SIM-ABL-6-0047,-11.170904998120596
SIMULATED,Collect,TD-TG2,Π,SIM-ABL-6-0048,1.0990097548377253
SIMULATED,Collect,TD-TG2,Π,SIM-ABL-6-0049,9.222481169854808
SIMULATED,Collect,TD-TG2,Π,SIM-ABL-6-0050,-1.7025325019921387
SIMULATED,Collect,TD-TG2,Π,SIM-ABL-6-0051,-1.5260967367745482
SIMULATED,Collect,TD-TG2,Π,SIM-ABL-6-0052,6.6045679732058975
SIMULATED,Collect,TD-TG2,Π,SIM-ABL-6-0053,0.5053504310653949
SIMULATED,Collect,TD-TG2,Π,SIM-ABL-6-0054,2.9401164175659757
SIMULATED,Collect,TD-TG2,Π,SIM-ABL-6-0055,5.675444639241954
SIMULATED,Collect,TD-TG2,Π,SIM-ABL-6-0056,-9.231302154862144
SIMULATED,Collect,TD-TG2,Π,SIM-ABL-6-0057,-5.772001909439997
SIMULATED,Collect,TD-TG2,Π,SIM-ABL-6-0058,2.359240215765228
SIMULATED,Collect,TD-TG2,Π,SIM-ABL-6-0059,0.7797244526354623
SIMULATED,Collect,TD-TG2,Π,SIM-ABL-6-0060,-7.9727868413957985
SIMULATED,Collect,TD-TG2,Π,SIM-ABL-6-0061,-5.295538274339531
SIMULATED,Collect,TD-TG2,Π,SIM-ABL-6-0062,5.287166571739903
SIMULATED,Collect,TD-TG2,Π,SIM-ABL-6-0063,-4.663110213804748
SIMULATED,Collect,TD-TG2,Π,SIM-ABL-6-0064,0.2459348695050938
SIMULATED,Collect,TD-TG2,Π,SIM-ABL-6-0065,-14.86265659062066
SIMULATED,Collect,TD-TG2,Π,SIM-ABL-6-0066,8.94774258792005
SIMULATED,Collect,TD-TG2,Π,SIM-ABL-6-0067,-3.79061203733684
SIMULATED,Collect,TD-TG2,Π,SIM-ABL-6-0068,6.991760763149584
SIMULATED,Collect,TD-TG2,Π,SIM-ABL-6-0069,0.2700488889299637
SIMULATED,Collect,TD-TG2,Π,SIM-ABL-6-0070,-3.4646131744936173
SIMULATED,Collect,TD-TG2,Π,SIM-ABL-6-0071,3.0751951072857264
SIMULATED,Collect,TD-TG2,Π,SIM-ABL-6-0072,-4.375881472530023
SIMULATED,Collect,TD-TG2,Π,SIM-ABL-6-0073,9.671265905151975
SIMULATED,Collect,TD-TG2,Π,SIM-ABL-6-0074,1.7508273225967566
SIMULATED,Collect,TD-TG2,Π,SIM-ABL-6-0075,4.053551221421456
SIMULATED,Collect,TD-TG2,Π,SIM-ABL-6-0076,-5.658054020655586
SIMULATED,Collect,TD-TG2,Π,SIM-ABL-6-0077,-7.531494300343683
SIMULATED,Collect,TD-TG2,Π,SIM-ABL-6-0078,8.250971636010588
SIMULATED,Collect,TD-TG2,Π,SIM-ABL-6-0079,-7.077175083620864
SIMULATED,Collect,TD-TG2,Π,SIM-ABL-6-0080,-0.6472516992045142
SIMULATED,Collect,TD-TG2,Π,SIM-ABL-6-0081,1.1765984463607193
SIMULATED,Collect,TD-TG2,Π,SIM-ABL-6-0082,-4.313938686250911
SIMULATED,Collect,TD-TG2,Π,SIM-ABL-6-0083,4.755638062937427
SIMULATED,Collect,TD-TG2,Π,SIM-ABL-6-0084,4.493853132135483
SIMULATED,Collect,TD-TG2,Π,SIM-ABL-6-0085,7.235391073239686
SIMULATED,Collect,TD-TG2,Π,SIM-ABL-6-0086,-0.22324177287734082
SIMULATED,Collect,TD-TG2,Π,SIM-ABL-6-0087,-2.949628035551377
SIMULATED,Collect,TD-TG2,Π,SIM-ABL-6-0088,8.411158467857593
SIMULATED,Collect,TD-TG2,Π,SIM-ABL-6-0089,21.005689764260357
SIMULATED,Collect,TD-TG2,Π,SIM-ABL-6-0090,3.030396973878395
SIMULATED,Collect,TD-TG2,Π,SIM-ABL-6-0091,-3.831687796986886
SIMULATED,Collect,TD-TG2,Π,SIM-ABL-6-0092,8.78849592802433
SIMULATED,Collect,TD-TG2,Π,SIM-ABL-6-0093,3.869747706400085
SIMULATED,Collect,TD-TG2,Π,SIM-ABL-6-0094,-10.015122944086016
SIMULATED,Collect,TD-TG2,Π,SIM-ABL-6-0095,-6.5111436994752765
SIMULATED,Collect,TD-TG2,Π,SIM-ABL-6-0096,-0.07937336110547477
SIMULATED,Collect,TD-TG2,Π,SIM-ABL-6-0097,9.970801853368016
SIMULATED,Collect,TD-TG2,Π,SIM-ABL-6-0098,-0.9102222791487697
SIMULATED,Collect,TD-TG2,Π,SIM-ABL-6-0099,1.116897385098913
SIMULATED,Collect,TD-TG2,Π,SIM-ABL-6-0100,-8.10548559063845
SIMULATED,Collect,TD-TG2,Π,SIM-ABL-6-0101,-1.9546948569903333
SIMULATED,Collect,TD-TG2,Π,SIM-ABL-6-0102,9.640877689230946
SIMULATED,Collect,TD-TG2,Π,SIM-ABL-6-0103,-0.705453891574235
SIMULATED,Collect,TD-TG2,Π,SIM-ABL-6-0104,-2.5905292351013265
SIMULATED,Collect,TD-TG2,Π,SIM-ABL-6-0105,-5.8607952229856455
SIMULATED,Collect,TD-TG2,Π,SIM-ABL-6-0106,-4.858414491719442
SIMULATED,Collect,TD-TG2,Π,SIM-ABL-6-0107,16.264616504556784
SIMULATED,Collect,TD-TG2,Π,SIM-ABL-6-0108,12.550404370910238
SIMULATED,Collect,TD-TG2,Π,SIM-ABL-6-0109,-3.3670470839907547
SIMULATED,Collect,TD-TG2,Π,SIM-ABL-6-0110,3.0583375963055404
SIMULATED,Collect,TD-TG2,Π,SIM-ABL-6-0111,-1.3037043324835034
SIMULATED,Collect,TD-TG2,Π,SIM-ABL-6-0112,-6.2235409805362565
SIMULATED,Collect,TD-TG2,Π,SIM-ABL-6-0113,-2.501494044370895
SIMULATED,Collect,TD-TG2,Π,SIM-ABL-6-0114,-7.366969543677733
SIMULATED,Collect,TD-TG2,Π,SIM-ABL-6-0115,-3.428922999196336
SIMULATED,Collect,TD-TG2,Π,SIM-ABL-6-0116,-0.20835468488376052
SIMULATED,Collect,TD-TG2,Π,SIM-ABL-6-0117,-9.656416397426796
SIMULATED,Collect,TD-TG2,Π,SIM-ABL-6-0118,2.703069986710141
SIMULATED,Collect,TD-TG2,Π,SIM-ABL-6-0119,-1.9899331395544944
SIMULATED,Collect,TD-TG2,Π,SIM-ABL-6-0120,-7.452115028695779
SIMULATED,Collect,TD-TG2,Π,SIM-ABL-6-0121,-1.6943989733627116
SIMULATED,Collect,TD-TG2,Π,SIM-ABL-6-0122,-0.01967041785695045
SIMULATED,Collect,TD-TG2,Π,SIM-ABL-6-0123,12.658730707987703
SIMULATED,Collect,TD-TG2,Π,SIM-ABL-6-0124,-0.18082319739771247
SIMULATED,Collect,TD-TG2,Π,SIM-ABL-6-0125,-6.3587333380469175
SIMULATED,Collect,TD-TG2,Π,SIM-ABL-6-0126,-1.376211702691004
SIMULATED,Collect,TD-TG2,Π,SIM-ABL-6-0127,3.271860668844177
SIMULATED,Collect,TD-TG2,Π,SIM-ABL-6-0128,5.756057677343552
SIMULATED,Collect,TD-TG2,Π,SIM-ABL-6-0129,-4.657486178231391
SIMULATED,Collect,TD-TG2,Π,SIM-ABL-6-0130,2.4267059943228895
SIMULATED,Collect,TD-TG2,Π,SIM-ABL-6-0131,8.0510822102091
SIMULATED,Collect,TD-TG2,Π,SIM-ABL-6-0132,-6.0079436282592145
SIMULATED,Collect,TD-TG2,Π,SIM-ABL-6-0133,9.720512760869747
SIMULATED,Collect,TD-TG2,Π,SIM-ABL-6-0134,-10.613141800000404
SIMULATED,Collect,TD-TG2,Π,SIM-ABL-6-0135,2.377955022821729
SIMULATED,Collect,TD-TG2,Π,SIM-ABL-6-0136,5.061911577635199
SIMULATED,Collect,TD-TG2,Π,SIM-ABL-6-0137,14.130789519697048
SIMULATED,Collect,TD-TG2,Π,SIM-ABL-6-0138,0.16215267087061336
SIMULATED,Collect,TD-TG2,Π,SIM-ABL-6-0139,-13.264341862797638
SIMULATED,Collect,TD-TG2,Π,SIM-ABL-6-0140,7.023141676174589
SIMULATED,Collect,TD-TG2,Π,SIM-ABL-6-0141,-7.220056453250811
SIMULATED,Collect,TD-TG2,Π,SIM-ABL-6-0142,-2.3803130718572953
SIMULATED,Collect,TD-TG2,Π,SIM-ABL-6-0143,2.0970061300848557
SIMULATED,Collect,TD-TG2,Π,SIM-ABL-6-0144,-6.791047264904295
SIMULATED,Collect,TD-TG2,Π,SIM-ABL-6-0145,7.367053699654527
SIMULATED,Collect,TD-TG2,Π,SIM-ABL-6-0146,-3.13879638001526
SIMULATED,Collect,TD-TG2,Π,SIM-ABL-6-0147,-4.497673496759651
SIMULATED,Collect,TD-TG2,Π,SIM-ABL-6-0148,1.1783451747792162
SIMULATED,Collect,TD-TG2,Π,SIM-ABL-6-0149,2.459066233194036
SIMULATED,Collect,TD-TG2,Π,SIM-ABL-6-0150,4.1885292435991825
SIMULATED,Collect,TD-TG2,Π,SIM-ABL-6-0151,2.288006557976913
SIMULATED,Collect,TD-TG2,Π,SIM-ABL-6-0152,-9.053339748250975
SIMULATED,Collect,TD-TG2,Π,SIM-ABL-6-0153,4.350079078529637
SIMULATED,Collect,TD-TG2,Π,SIM-ABL-6-0154,1.8345694273732822
SIMULATED,Collect,TD-TG2,Π,SIM-ABL-6-0155,-4.197040863646837
SIMULATED,Collect,TD-TG2,Π,SIM-ABL-6-0156,-9.24505396798512
SIMULATED,Collect,TD-TG2,Π,SIM-ABL-6-0157,-9.452354148647126
SIMULATED,Collect,TD-TG2,Π,SIM-ABL-6-0158,5.403001790121856
SIMULATED,Collect,TD-TG2,Π,SIM-ABL-6-0159,-7.4778697036282455
SIMULATED,Collect,TD-TG2,G,SIM-ABL-6-0000,-0.032409341046636175
SIMULATED,Collect,TD-TG2,G,SIM-ABL-6-0001,12.79143598276991
SIMULATED,Collect,TD-TG2,G,SIM-ABL-6-0002,-7.036041638604558
SIMULATED,Collect,TD-TG2,G,SIM-ABL-6-0003,-2.0471902312144987
SIMULATED,Collect,TD-TG2,G,SIM-ABL-6-0004,-2.6634810267656217
SIMULATED,Collect,TD-TG2,G,SIM-ABL-6-0005,-4.04654811389624
SIMULATED,Collect,TD-TG2,G,SIM-ABL-6-0006,10.184637203705568
SIMULATED,Collect,TD-TG2,G,SIM-ABL-6-0007,16.495809574753956
SIMULATED,Collect,TD-TG2,G,SIM-ABL-6-0008,1.8480583086680045
SIMULATED,Collect,TD-TG2,G,SIM-ABL-6-0009,1.064227539539056
SIMULATED,Collect,TD-TG2,G,SIM-ABL-6-0010,11.6690142200175
SIMULATED,Collect,TD-TG2,G,SIM-ABL-6-0011,0.7933363994336937
SIMULATED,Collect,TD-TG2,G,SIM-ABL-6-0012,-1.925755918681565
SIMULATED,Collect,TD-TG2,G,SIM-ABL-6-0013,1.9194397511644674
SIMULATED,Collect,TD-TG2,G,SIM-ABL-6-0014,2.5128537871407413
SIMULATED,Collect,TD-TG2,G,SIM-ABL-6-0015,0.25784010053255757
SIMULATED,Collect,TD-TG2,G,SIM-ABL-6-0016,7.222805478949939
SIMULATED,Collect,TD-TG2,G,SIM-ABL-6-0017,16.548482095530755
SIMULATED,Collect,TD-TG2,G,SIM-ABL-6-0018,3.7667444190482655
SIMULATED,Collect,TD-TG2,G,SIM-ABL-6-0019,-9.53033044094466
SIMULATED,Collect,TD-TG2,G,SIM-ABL-6-0020,0.953030584239724
SIMULATED,Collect,TD-TG2,G,SIM-ABL-6-0021,0.8530904522402101
SIMULATED,Collect,TD-TG2,G,SIM-ABL-6-0022,6.87093041384971
SIMULATED,Collect,TD-TG2,G,SIM-ABL-6-0023,5.779199053318637
SIMULATED,Collect,TD-TG2,G,SIM-ABL-6-0024,-2.671254098444553
SIMULATED,Collect,TD-TG2,G,SIM-ABL-6-0025,-1.9850949690781936
SIMULATED,Collect,TD-TG2,G,SIM-ABL-6-0026,0.8631524924781173
SIMULATED,Collect,TD-TG2,G,SIM-ABL-6-0027,1.1374351675155718
SIMULATED,Collect,TD-TG2,G,SIM-ABL-6-0028,0.12264187415839667
SIMULATED,Collect,TD-TG2,G,SIM-ABL-6-0029,3.36764631670919
SIMULATED,Collect,TD-TG2,G,SIM-ABL-6-0030,2.338436085778361
SIMULATED,Collect,TD-TG2,G,SIM-ABL-6-0031,0.5426346600008669
SIMULATED,Collect,TD-TG2,G,SIM-ABL-6-0032,17.599476977695186
SIMULATED,Collect,TD-TG2,G,SIM-ABL-6-0033,-4.619903814462677
SIMULATED,Collect,TD-TG2,G,SIM-ABL-6-0034,5.983383129569147
SIMULATED,Collect,TD-TG2,G,SIM-ABL-6-0035,-10.060265115249523
SIMULATED,Collect,TD-TG2,G,SIM-ABL-6-0036,-4.854288226061202
SIMULATED,Collect,TD-TG2,G,SIM-ABL-6-0037,-2.7599600239358812
SIMULATED,Collect,TD-TG2,G,SIM-ABL-6-0038,7.690805781908743
SIMULATED,Collect,TD-TG2,G,SIM-ABL-6-0039,-1.070611192032727
SIMULATED,Collect,TD-TG2,G,SIM-ABL-6-0040,-8.842762442267508
SIMULATED,Collect,TD-TG2,G,SIM-ABL-6-0041,-11.884796862847987
SIMULATED,Collect,TD-TG2,G,SIM-ABL-6-0042,15.274239179756623
SIMULATED,Collect,TD-TG2,G,SIM-ABL-6-0043,2.3352383588303733
SIMULATED,Collect,TD-TG2,G,SIM-ABL-6-0044,-12.258270016175764
SIMULATED,Collect,TD-TG2,G,SIM-ABL-6-0045,-8.301020148746975
SIMULATED,Collect,TD-TG2,G,SIM-ABL-6-0046,0.0650449141187478
SIMULATED,Collect,TD-TG2,G,SIM-ABL-6-0047,-5.6893834736159015
SIMULATED,Collect,TD-TG2,G,SIM-ABL-6-0048,-7.354843697308962
SIMULATED,Collect,TD-TG2,G,SIM-ABL-6-0049,-1.836101715600632
SIMULATED,Collect,TD-TG2,G,SIM-ABL-6-0050,-8.520070251588349
SIMULATED,Collect,TD-TG2,G,SIM-ABL-6-0051,9.068471140419192
SIMULATED,Collect,TD-TG2,G,SIM-ABL-6-0052,-0.869412228057086
SIMULATED,Collect,TD-TG2,G,SIM-ABL-6-0053,-0.8976287758169232
SIMULATED,Collect,TD-TG2,G,SIM-ABL-6-0054,6.303999341568369
SIMULATED,Collect,TD-TG2,G,SIM-ABL-6-0055,-2.795042325807162
SIMULATED,Collect,TD-TG2,G,SIM-ABL-6-0056,-3.2052667884820956
SIMULATED,Collect,TD-TG2,G,SIM-ABL-6-0057,-10.241392117915066
SIMULATED,Collect,TD-TG2,G,SIM-ABL-6-0058,0.8793093719506382
SIMULATED,Collect,TD-TG2,G,SIM-ABL-6-0059,1.6243574170216564
SIMULATED,Collect,TD-TG2,G,SIM-ABL-6-0060,1.0860631041836002
SIMULATED,Collect,TD-TG2,G,SIM-ABL-6-0061,7.774048232644114
SIMULATED,Collect,TD-TG2,G,SIM-ABL-6-0062,10.612031754281308
SIMULATED,Collect,TD-TG2,G,SIM-ABL-6-0063,6.14879199277505
SIMULATED,Collect,TD-TG2,G,SIM-ABL-6-0064,4.57776298481613
SIMULATED,Collect,TD-TG2,G,SIM-ABL-6-0065,2.747666493332469
SIMULATED,Collect,TD-TG2,G,SIM-ABL-6-0066,-3.0589801827422534
SIMULATED,Collect,TD-TG2,G,SIM-ABL-6-0067,-0.24146720281687784
SIMULATED,Collect,TD-TG2,G,SIM-ABL-6-0068,2.70181742281569
SIMULATED,Collect,TD-TG2,G,SIM-ABL-6-0069,-1.1157442490345932
SIMULATED,Collect,TD-TG2,G,SIM-ABL-6-0070,14.644437343935191
SIMULATED,Collect,TD-TG2,G,SIM-ABL-6-0071,10.349585198892031
SIMULATED,Collect,TD-TG2,G,SIM-ABL-6-0072,7.72102567056678
SIMULATED,Collect,TD-TG2,G,SIM-ABL-6-0073,5.830872027430707
SIMULATED,Collect,TD-TG2,G,SIM-ABL-6-0074,7.2402888958089955
SIMULATED,Collect,TD-TG2,G,SIM-ABL-6-0075,-10.893304320102771
SIMULATED,Collect,TD-TG2,G,SIM-ABL-6-0076,1.904241143392641
SIMULATED,Collect,TD-TG2,G,SIM-ABL-6-0077,8.229242926861334
SIMULATED,Collect,TD-TG2,G,SIM-ABL-6-0078,8.607449747635897
SIMULATED,Collect,TD-TG2,G,SIM-ABL-6-0079,6.145103862790172
SIMULATED,Collect,TD-TG2,G,SIM-ABL-6-0080,-3.1416697494260655
SIMULATED,Collect,TD-TG2,G,SIM-ABL-6-0081,-1.5045194623703446
SIMULATED,Collect,TD-TG2,G,SIM-ABL-6-0082,5.792864814634823
SIMULATED,Collect,TD-TG2,G,SIM-ABL-6-0083,-7.336525008227643
SIMULATED,Collect,TD-TG2,G,SIM-ABL-6-0084,4.3976054264196724
SIMULATED,Collect,TD-TG2,G,SIM-ABL-6-0085,-0.10627114108433189
SIMULATED,Collect,TD-TG2,G,SIM-ABL-6-0086,-1.71433466907946
SIMULATED,Collect,TD-TG2,G,SIM-ABL-6-0087,-1.0583568747224408
SIMULATED,Collect,TD-TG2,G,SIM-ABL-6-0088,2.646388161797251
SIMULATED,Collect,TD-TG2,G,SIM-ABL-6-0089,-1.2834247611392937
SIMULATED,Collect,TD-TG2,G,SIM-ABL-6-0090,-8.564585255655514
SIMULATED,Collect,TD-TG2,G,SIM-ABL-6-0091,-3.972688329982387
SIMULATED,Collect,TD-TG2,G,SIM-ABL-6-0092,4.459006143793579
SIMULATED,Collect,TD-TG2,G,SIM-ABL-6-0093,-5.718676340408031
SIMULATED,Collect,TD-TG2,G,SIM-ABL-6-0094,-2.9424229310425263
SIMULATED,Collect,TD-TG2,G,SIM-ABL-6-0095,2.193723520962045
SIMULATED,Collect,TD-TG2,G,SIM-ABL-6-0096,8.302923750498717
SIMULATED,Collect,TD-TG2,G,SIM-ABL-6-0097,-5.125145422345934
SIMULATED,Collect,TD-TG2,G,SIM-ABL-6-0098,15.583500653827628
SIMULATED,Collect,TD-TG2,G,SIM-ABL-6-0099,-3.832724595062727
SIMULATED,Collect,TD-TG2,G,SIM-ABL-6-0100,0.13363288082196056
SIMULATED,Collect,TD-TG2,G,SIM-ABL-6-0101,-1.1338205994015995
SIMULATED,Collect,TD-TG2,G,SIM-ABL-6-0102,0.6682905202056049
SIMULATED,Collect,TD-TG2,G,SIM-ABL-6-0103,-1.5338712591299066
SIMULATED,Collect,TD-TG2,G,SIM-ABL-6-0104,-1.604572189181716
SIMULATED,Collect,TD-TG2,G,SIM-ABL-6-0105,8.88226488297194
SIMULATED,Collect,TD-TG2,G,SIM-ABL-6-0106,7.631057858375809
SIMULATED,Collect,TD-TG2,G,SIM-ABL-6-0107,8.082891997183893
SIMULATED,Collect,TD-TG2,G,SIM-ABL-6-0108,-3.475491279414957
SIMULATED,Collect,TD-TG2,G,SIM-ABL-6-0109,-2.2473791720818364
SIMULATED,Collect,TD-TG2,G,SIM-ABL-6-0110,-8.234426462293767
SIMULATED,Collect,TD-TG2,G,SIM-ABL-6-0111,-13.676695330432093
SIMULATED,Collect,TD-TG2,G,SIM-ABL-6-0112,2.054545340619491
SIMULATED,Collect,TD-TG2,G,SIM-ABL-6-0113,-3.87669000348136
SIMULATED,Collect,TD-TG2,G,SIM-ABL-6-0114,-4.012183222294426
SIMULATED,Collect,TD-TG2,G,SIM-ABL-6-0115,-12.480826314587496
SIMULATED,Collect,TD-TG2,G,SIM-ABL-6-0116,0.6862435277793985
SIMULATED,Collect,TD-TG2,G,SIM-ABL-6-0117,-13.556695942927245
SIMULATED,Collect,TD-TG2,G,SIM-ABL-6-0118,-4.202686681294745
SIMULATED,Collect,TD-TG2,G,SIM-ABL-6-0119,-5.504872620203344
SIMULATED,Collect,TD-TG2,G,SIM-ABL-6-0120,-4.156154860319858
SIMULATED,Collect,TD-TG2,G,SIM-ABL-6-0121,-8.095187117124107
SIMULATED,Collect,TD-TG2,G,SIM-ABL-6-0122,-2.0983667714147956
SIMULATED,Collect,TD-TG2,G,SIM-ABL-6-0123,1.1815866987249732
SIMULATED,Collect,TD-TG2,G,SIM-ABL-6-0124,11.471033396765037
SIMULATED,Collect,TD-TG2,G,SIM-ABL-6-0125,2.752865088312554
SIMULATED,Collect,TD-TG2,G,SIM-ABL-6-0126,-7.99251193893238
SIMULATED,Collect,TD-TG2,G,SIM-ABL-6-0127,1.0050512802221765
SIMULATED,Collect,TD-TG2,G,SIM-ABL-6-0128,5.769965961343613
SIMULATED,Collect,TD-TG2,G,SIM-ABL-6-0129,1.3056011814065354
SIMULATED,Collect,TD-TG2,G,SIM-ABL-6-0130,1.5217033143675076
SIMULATED,Collect,TD-TG2,G,SIM-ABL-6-0131,2.5762549725523547
SIMULATED,Collect,TD-TG2,G,SIM-ABL-6-0132,-8.67983483142628
SIMULATED,Collect,TD-TG2,G,SIM-ABL-6-0133,-4.621367774545246
SIMULATED,Collect,TD-TG2,G,SIM-ABL-6-0134,6.718149282745535
SIMULATED,Collect,TD-TG2,G,SIM-ABL-6-0135,-4.99294939228805
SIMULATED,Collect,TD-TG2,G,SIM-ABL-6-0136,4.144067975962225
SIMULATED,Collect,TD-TG2,G,SIM-ABL-6-0137,4.597577309941765
SIMULATED,Collect,TD-TG2,G,SIM-ABL-6-0138,5.018477101312568
SIMULATED,Collect,TD-TG2,G,SIM-ABL-6-0139,-4.930099890422836
SIMULATED,Collect,TD-TG2,G,SIM-ABL-6-0140,-11.834605101018086
SIMULATED,Collect,TD-TG2,G,SIM-ABL-6-0141,3.246139419225197
SIMULATED,Collect,TD-TG2,G,SIM-ABL-6-0142,6.2068336820012915
SIMULATED,Collect,TD-TG2,G,SIM-ABL-6-0143,7.464583168704707
SIMULATED,Collect,TD-TG2,G,SIM-ABL-6-0144,0.16355486394922614
SIMULATED,Collect,TD-TG2,G,SIM-ABL-6-0145,11.047828389978344
SIMULATED,Collect,TD-TG2,G,SIM-ABL-6-0146,-9.874956096842464
SIMULATED,Collect,TD-TG2,G,SIM-ABL-6-0147,1.4925136291639431
SIMULATED,Collect,TD-TG2,G,SIM-ABL-6-0148,-6.550349422471197
SIMULATED,Collect,TD-TG2,G,SIM-ABL-6-0149,-5.173998284401103
SIMULATED,Collect,TD-TG2,G,SIM-ABL-6-0150,-2.5738971274346865
SIMULATED,Collect,TD-TG2,G,SIM-ABL-6-0151,2.9193948282986257
SIMULATED,Collect,TD-TG2,G,SIM-ABL-6-0152,-3.103002991916286
SIMULATED,Collect,TD-TG2,G,SIM-ABL-6-0153,8.341319107378606
SIMULATED,Collect,TD-TG2,G,SIM-ABL-6-0154,12.094292613183484
SIMULATED,Collect,TD-TG2,G,SIM-ABL-6-0155,6.806022229481185
SIMULATED,Collect,TD-TG2,G,SIM-ABL-6-0156,8.86043221000512
SIMULATED,Collect,TD-TG2,G,SIM-ABL-6-0157,2.7704044170012088
SIMULATED,Collect,TD-TG2,G,SIM-ABL-6-0158,-4.408741756541785
SIMULATED,Collect,TD-TG2,G,SIM-ABL-6-0159,8.127578708870432
SIMULATED,Collect,TD-AR2,A,SIM-ABL-7-0000,-0.29307898636037494
SIMULATED,Collect,TD-AR2,A,SIM-ABL-7-0001,-1.2235701376052033
SIMULATED,Collect,TD-AR2,A,SIM-ABL-7-0002,-4.434720684196727
SIMULATED,Collect,TD-AR2,A,SIM-ABL-7-0003,18.527432109990947
SIMULATED,Collect,TD-AR2,A,SIM-ABL-7-0004,-0.9286185325306586
SIMULATED,Collect,TD-AR2,A,SIM-ABL-7-0005,15.846454640911523
SIMULATED,Collect,TD-AR2,A,SIM-ABL-7-0006,8.26386346138076
SIMULATED,Collect,TD-AR2,A,SIM-ABL-7-0007,5.768867682275822
SIMULATED,Collect,TD-AR2,A,SIM-ABL-7-0008,-4.627677816296154
SIMULATED,Collect,TD-AR2,A,SIM-ABL-7-0009,-3.0595820409562826
SIMULATED,Collect,TD-AR2,A,SIM-ABL-7-0010,-3.1575239766591023
SIMULATED,Collect,TD-AR2,A,SIM-ABL-7-0011,7.162022979482883
SIMULATED,Collect,TD-AR2,A,SIM-ABL-7-0012,6.3543749631085875
SIMULATED,Collect,TD-AR2,A,SIM-ABL-7-0013,-6.772738991503642
SIMULATED,Collect,TD-AR2,A,SIM-ABL-7-0014,-0.8027105950568294
SIMULATED,Collect,TD-AR2,A,SIM-ABL-7-0015,12.170964600579017
SIMULATED,Collect,TD-AR2,A,SIM-ABL-7-0016,-2.0140009432097603
SIMULATED,Collect,TD-AR2,A,SIM-ABL-7-0017,-10.51419556220634
SIMULATED,Collect,TD-AR2,A,SIM-ABL-7-0018,-8.880193690000027
SIMULATED,Collect,TD-AR2,A,SIM-ABL-7-0019,-1.0804669802492002
SIMULATED,Collect,TD-AR2,A,SIM-ABL-7-0020,14.109601543447964
SIMULATED,Collect,TD-AR2,A,SIM-ABL-7-0021,7.680583027128095
SIMULATED,Collect,TD-AR2,A,SIM-ABL-7-0022,9.118192098281739
SIMULATED,Collect,TD-AR2,A,SIM-ABL-7-0023,7.076341714297888
SIMULATED,Collect,TD-AR2,A,SIM-ABL-7-0024,-0.27396653065202076
SIMULATED,Collect,TD-AR2,A,SIM-ABL-7-0025,-4.308188835103242
SIMULATED,Collect,TD-AR2,A,SIM-ABL-7-0026,-2.4758313448931566
SIMULATED,Collect,TD-AR2,A,SIM-ABL-7-0027,-3.66971263684677
SIMULATED,Collect,TD-AR2,A,SIM-ABL-7-0028,11.157228991054641
SIMULATED,Collect,TD-AR2,A,SIM-ABL-7-0029,-6.057581793964675
SIMULATED,Collect,TD-AR2,A,SIM-ABL-7-0030,2.7651618263851394
SIMULATED,Collect,TD-AR2,A,SIM-ABL-7-0031,0.10870015864143365
SIMULATED,Collect,TD-AR2,A,SIM-ABL-7-0032,4.99412516955851
SIMULATED,Collect,TD-AR2,A,SIM-ABL-7-0033,7.96007449763036
SIMULATED,Collect,TD-AR2,A,SIM-ABL-7-0034,4.560006539680087
SIMULATED,Collect,TD-AR2,A,SIM-ABL-7-0035,11.901287241756282
SIMULATED,Collect,TD-AR2,A,SIM-ABL-7-0036,-4.729958437277046
SIMULATED,Collect,TD-AR2,A,SIM-ABL-7-0037,-11.796775825744168
SIMULATED,Collect,TD-AR2,A,SIM-ABL-7-0038,-2.2735142361966014
SIMULATED,Collect,TD-AR2,A,SIM-ABL-7-0039,-9.709721490023975
SIMULATED,Collect,TD-AR2,A,SIM-ABL-7-0040,0.13283440881382752
SIMULATED,Collect,TD-AR2,A,SIM-ABL-7-0041,13.573798037629636
SIMULATED,Collect,TD-AR2,A,SIM-ABL-7-0042,-8.858678059303122
SIMULATED,Collect,TD-AR2,A,SIM-ABL-7-0043,2.981364686876708
SIMULATED,Collect,TD-AR2,A,SIM-ABL-7-0044,-3.698735808238716
SIMULATED,Collect,TD-AR2,A,SIM-ABL-7-0045,4.071065901837286
SIMULATED,Collect,TD-AR2,A,SIM-ABL-7-0046,-17.108671221536778
SIMULATED,Collect,TD-AR2,A,SIM-ABL-7-0047,-5.291838617776545
SIMULATED,Collect,TD-AR2,A,SIM-ABL-7-0048,8.874951707824632
SIMULATED,Collect,TD-AR2,A,SIM-ABL-7-0049,-6.705403558200209
SIMULATED,Collect,TD-AR2,A,SIM-ABL-7-0050,-0.5396241404529085
SIMULATED,Collect,TD-AR2,A,SIM-ABL-7-0051,7.292736594445299
SIMULATED,Collect,TD-AR2,A,SIM-ABL-7-0052,1.2872764567246746
SIMULATED,Collect,TD-AR2,A,SIM-ABL-7-0053,8.141637209122349
SIMULATED,Collect,TD-AR2,A,SIM-ABL-7-0054,-0.8294545897137449
SIMULATED,Collect,TD-AR2,A,SIM-ABL-7-0055,4.41227378219025
SIMULATED,Collect,TD-AR2,A,SIM-ABL-7-0056,-0.2932615688570404
SIMULATED,Collect,TD-AR2,A,SIM-ABL-7-0057,-4.6325359944479105
SIMULATED,Collect,TD-AR2,A,SIM-ABL-7-0058,-9.1774777608616
SIMULATED,Collect,TD-AR2,A,SIM-ABL-7-0059,-11.341977269222024
SIMULATED,Collect,TD-AR2,A,SIM-ABL-7-0060,-1.2695975585933852
SIMULATED,Collect,TD-AR2,A,SIM-ABL-7-0061,7.7178481663715885
SIMULATED,Collect,TD-AR2,A,SIM-ABL-7-0062,-6.2928396556797495
SIMULATED,Collect,TD-AR2,A,SIM-ABL-7-0063,3.081503373056709
SIMULATED,Collect,TD-AR2,A,SIM-ABL-7-0064,2.4036003909422674
SIMULATED,Collect,TD-AR2,A,SIM-ABL-7-0065,7.9334341204078695
SIMULATED,Collect,TD-AR2,A,SIM-ABL-7-0066,7.643263611710594
SIMULATED,Collect,TD-AR2,A,SIM-ABL-7-0067,0.8240305772529057
SIMULATED,Collect,TD-AR2,A,SIM-ABL-7-0068,-6.436932654668176
SIMULATED,Collect,TD-AR2,A,SIM-ABL-7-0069,-12.680223291105937
SIMULATED,Collect,TD-AR2,A,SIM-ABL-7-0070,-7.570638131952952
SIMULATED,Collect,TD-AR2,A,SIM-ABL-7-0071,2.5271728534650606
SIMULATED,Collect,TD-AR2,A,SIM-ABL-7-0072,-7.107523637802179
SIMULATED,Collect,TD-AR2,A,SIM-ABL-7-0073,-0.38928521107849884
SIMULATED,Collect,TD-AR2,A,SIM-ABL-7-0074,6.879061213222584
SIMULATED,Collect,TD-AR2,A,SIM-ABL-7-0075,-3.103417016999652
SIMULATED,Collect,TD-AR2,A,SIM-ABL-7-0076,-5.436017055213751
SIMULATED,Collect,TD-AR2,A,SIM-ABL-7-0077,5.2063144054524395
SIMULATED,Collect,TD-AR2,A,SIM-ABL-7-0078,-9.929437958825059
SIMULATED,Collect,TD-AR2,A,SIM-ABL-7-0079,0.8834139468831266
SIMULATED,Collect,TD-AR2,A,SIM-ABL-7-0080,13.029306716678464
SIMULATED,Collect,TD-AR2,A,SIM-ABL-7-0081,-1.1206319129161377
SIMULATED,Collect,TD-AR2,A,SIM-ABL-7-0082,0.36250906784085735
SIMULATED,Collect,TD-AR2,A,SIM-ABL-7-0083,-5.3726134171246995
SIMULATED,Collect,TD-AR2,A,SIM-ABL-7-0084,-3.844013558555992
SIMULATED,Collect,TD-AR2,A,SIM-ABL-7-0085,7.975581691863842
SIMULATED,Collect,TD-AR2,A,SIM-ABL-7-0086,1.0968123203091886
SIMULATED,Collect,TD-AR2,A,SIM-ABL-7-0087,5.759725338869315
SIMULATED,Collect,TD-AR2,A,SIM-ABL-7-0088,-2.264744190545888
SIMULATED,Collect,TD-AR2,A,SIM-ABL-7-0089,-4.277949188324615
SIMULATED,Collect,TD-AR2,A,SIM-ABL-7-0090,-6.543368433119097
SIMULATED,Collect,TD-AR2,A,SIM-ABL-7-0091,-4.022665463781163
SIMULATED,Collect,TD-AR2,A,SIM-ABL-7-0092,2.8992707933433843
SIMULATED,Collect,TD-AR2,A,SIM-ABL-7-0093,-1.4066299185979325
SIMULATED,Collect,TD-AR2,A,SIM-ABL-7-0094,11.901081299290187
SIMULATED,Collect,TD-AR2,A,SIM-ABL-7-0095,-5.701366029939035
SIMULATED,Collect,TD-AR2,A,SIM-ABL-7-0096,0.21409868784917185
SIMULATED,Collect,TD-AR2,A,SIM-ABL-7-0097,7.776482291029095
SIMULATED,Collect,TD-AR2,A,SIM-ABL-7-0098,-7.06476438070311
SIMULATED,Collect,TD-AR2,A,SIM-ABL-7-0099,-7.407349372026192
SIMULATED,Collect,TD-AR2,A,SIM-ABL-7-0100,19.364823414326302
SIMULATED,Collect,TD-AR2,A,SIM-ABL-7-0101,-2.9982743103345304
SIMULATED,Collect,TD-AR2,A,SIM-ABL-7-0102,-0.9044607653417893
SIMULATED,Collect,TD-AR2,A,SIM-ABL-7-0103,-5.2096425411708145
SIMULATED,Collect,TD-AR2,A,SIM-ABL-7-0104,4.337740468391098
SIMULATED,Collect,TD-AR2,A,SIM-ABL-7-0105,3.598182338446494
SIMULATED,Collect,TD-AR2,A,SIM-ABL-7-0106,-0.627685188026756
SIMULATED,Collect,TD-AR2,A,SIM-ABL-7-0107,7.52737571653174
SIMULATED,Collect,TD-AR2,A,SIM-ABL-7-0108,-4.8267711612197095
SIMULATED,Collect,TD-AR2,A,SIM-ABL-7-0109,-12.275408886908005
SIMULATED,Collect,TD-AR2,A,SIM-ABL-7-0110,2.097231965708065
SIMULATED,Collect,TD-AR2,A,SIM-ABL-7-0111,1.959217358045627
SIMULATED,Collect,TD-AR2,A,SIM-ABL-7-0112,2.1868951237953937
SIMULATED,Collect,TD-AR2,A,SIM-ABL-7-0113,4.181115776379486
SIMULATED,Collect,TD-AR2,A,SIM-ABL-7-0114,3.142708943637712
SIMULATED,Collect,TD-AR2,A,SIM-ABL-7-0115,8.616234261384312
SIMULATED,Collect,TD-AR2,A,SIM-ABL-7-0116,1.6233504672015764
SIMULATED,Collect,TD-AR2,A,SIM-ABL-7-0117,-14.441251853226458
SIMULATED,Collect,TD-AR2,A,SIM-ABL-7-0118,-9.233695359118911
SIMULATED,Collect,TD-AR2,A,SIM-ABL-7-0119,0.7887023866275313
SIMULATED,Collect,TD-AR2,A,SIM-ABL-7-0120,-3.7892143758404684
SIMULATED,Collect,TD-AR2,A,SIM-ABL-7-0121,5.299490164374775
SIMULATED,Collect,TD-AR2,A,SIM-ABL-7-0122,-15.676810931772732
SIMULATED,Collect,TD-AR2,A,SIM-ABL-7-0123,1.637777735192376
SIMULATED,Collect,TD-AR2,A,SIM-ABL-7-0124,-1.0951829321867024
SIMULATED,Collect,TD-AR2,A,SIM-ABL-7-0125,8.629801528902249
SIMULATED,Collect,TD-AR2,A,SIM-ABL-7-0126,16.05540284486878
SIMULATED,Collect,TD-AR2,A,SIM-ABL-7-0127,-0.7386453780945954
SIMULATED,Collect,TD-AR2,A,SIM-ABL-7-0128,-1.1476188439159465
SIMULATED,Collect,TD-AR2,A,SIM-ABL-7-0129,9.501798996522817
SIMULATED,Collect,TD-AR2,A,SIM-ABL-7-0130,2.4700939470553025
SIMULATED,Collect,TD-AR2,A,SIM-ABL-7-0131,-12.679798599133601
SIMULATED,Collect,TD-AR2,A,SIM-ABL-7-0132,-0.31159204697788395
SIMULATED,Collect,TD-AR2,A,SIM-ABL-7-0133,-4.038760995059143
SIMULATED,Collect,TD-AR2,A,SIM-ABL-7-0134,-12.88312450472036
SIMULATED,Collect,TD-AR2,A,SIM-ABL-7-0135,1.5839830818741119
SIMULATED,Collect,TD-AR2,A,SIM-ABL-7-0136,6.649348975465023
SIMULATED,Collect,TD-AR2,A,SIM-ABL-7-0137,-11.239864808301414
SIMULATED,Collect,TD-AR2,A,SIM-ABL-7-0138,-0.3138670825447108
SIMULATED,Collect,TD-AR2,A,SIM-ABL-7-0139,0.32008441685652617
SIMULATED,Collect,TD-AR2,A,SIM-ABL-7-0140,10.784002713942286
SIMULATED,Collect,TD-AR2,A,SIM-ABL-7-0141,3.448567548520206
SIMULATED,Collect,TD-AR2,A,SIM-ABL-7-0142,-5.619693147031742
SIMULATED,Collect,TD-AR2,A,SIM-ABL-7-0143,6.524499597243778
SIMULATED,Collect,TD-AR2,A,SIM-ABL-7-0144,-0.14475094122116944
SIMULATED,Collect,TD-AR2,A,SIM-ABL-7-0145,12.154575121931554
SIMULATED,Collect,TD-AR2,A,SIM-ABL-7-0146,-3.841585496133008
SIMULATED,Collect,TD-AR2,A,SIM-ABL-7-0147,-9.17630934084195
SIMULATED,Collect,TD-AR2,A,SIM-ABL-7-0148,-5.917494347269937
SIMULATED,Collect,TD-AR2,A,SIM-ABL-7-0149,2.4389671758090685
SIMULATED,Collect,TD-AR2,A,SIM-ABL-7-0150,6.392881729183858
SIMULATED,Collect,TD-AR2,A,SIM-ABL-7-0151,6.214329198849436
SIMULATED,Collect,TD-AR2,A,SIM-ABL-7-0152,1.5877317293296442
SIMULATED,Collect,TD-AR2,A,SIM-ABL-7-0153,2.5191837610706167
SIMULATED,Collect,TD-AR2,A,SIM-ABL-7-0154,-3.803246742224241
SIMULATED,Collect,TD-AR2,A,SIM-ABL-7-0155,-9.17741003268312
SIMULATED,Collect,TD-AR2,A,SIM-ABL-7-0156,1.8667609575553799
SIMULATED,Collect,TD-AR2,A,SIM-ABL-7-0157,7.467299315314627
SIMULATED,Collect,TD-AR2,A,SIM-ABL-7-0158,0.9560952432736933
SIMULATED,Collect,TD-AR2,A,SIM-ABL-7-0159,9.490723089383733
SIMULATED,Collect,TD-AR2,K,SIM-ABL-7-0000,-12.980170139764653
SIMULATED,Collect,TD-AR2,K,SIM-ABL-7-0001,2.379995840189768
SIMULATED,Collect,TD-AR2,K,SIM-ABL-7-0002,9.58649546199796
SIMULATED,Collect,TD-AR2,K,SIM-ABL-7-0003,0.6491018077848865
SIMULATED,Collect,TD-AR2,K,SIM-ABL-7-0004,3.0033512721373
SIMULATED,Collect,TD-AR2,K,SIM-ABL-7-0005,9.80976170622216
SIMULATED,Collect,TD-AR2,K,SIM-ABL-7-0006,7.299149697305138
SIMULATED,Collect,TD-AR2,K,SIM-ABL-7-0007,-9.23144329380422
SIMULATED,Collect,TD-AR2,K,SIM-ABL-7-0008,-3.751205261400212
SIMULATED,Collect,TD-AR2,K,SIM-ABL-7-0009,0.5323566662204793
SIMULATED,Collect,TD-AR2,K,SIM-ABL-7-0010,1.8246360744196726
SIMULATED,Collect,TD-AR2,K,SIM-ABL-7-0011,7.1118944977642915
SIMULATED,Collect,TD-AR2,K,SIM-ABL-7-0012,9.15382686322169
SIMULATED,Collect,TD-AR2,K,SIM-ABL-7-0013,13.524584017864852
SIMULATED,Collect,TD-AR2,K,SIM-ABL-7-0014,4.991441536738961
SIMULATED,Collect,TD-AR2,K,SIM-ABL-7-0015,13.122815744493371
SIMULATED,Collect,TD-AR2,K,SIM-ABL-7-0016,3.7225193574862017
SIMULATED,Collect,TD-AR2,K,SIM-ABL-7-0017,-8.49935752161277
SIMULATED,Collect,TD-AR2,K,SIM-ABL-7-0018,2.351387646950106
SIMULATED,Collect,TD-AR2,K,SIM-ABL-7-0019,1.6825510391493659
SIMULATED,Collect,TD-AR2,K,SIM-ABL-7-0020,1.6839978539535172
SIMULATED,Collect,TD-AR2,K,SIM-ABL-7-0021,3.391918904396076
SIMULATED,Collect,TD-AR2,K,SIM-ABL-7-0022,10.668884097294079
SIMULATED,Collect,TD-AR2,K,SIM-ABL-7-0023,-1.4237300140479134
SIMULATED,Collect,TD-AR2,K,SIM-ABL-7-0024,-6.043099008095755
SIMULATED,Collect,TD-AR2,K,SIM-ABL-7-0025,19.848285643338848
SIMULATED,Collect,TD-AR2,K,SIM-ABL-7-0026,8.584895323021483
SIMULATED,Collect,TD-AR2,K,SIM-ABL-7-0027,4.16826321184177
SIMULATED,Collect,TD-AR2,K,SIM-ABL-7-0028,-5.499556090600596
SIMULATED,Collect,TD-AR2,K,SIM-ABL-7-0029,-10.675068211561959
SIMULATED,Collect,TD-AR2,K,SIM-ABL-7-0030,-0.05249768117191289
SIMULATED,Collect,TD-AR2,K,SIM-ABL-7-0031,14.751338908877468
SIMULATED,Collect,TD-AR2,K,SIM-ABL-7-0032,-15.650101808610936
SIMULATED,Collect,TD-AR2,K,SIM-ABL-7-0033,8.929260218553964
SIMULATED,Collect,TD-AR2,K,SIM-ABL-7-0034,4.116857758860576
SIMULATED,Collect,TD-AR2,K,SIM-ABL-7-0035,4.41846390872632
SIMULATED,Collect,TD-AR2,K,SIM-ABL-7-0036,2.2051216009592656
SIMULATED,Collect,TD-AR2,K,SIM-ABL-7-0037,16.8342030191651
SIMULATED,Collect,TD-AR2,K,SIM-ABL-7-0038,4.0443036452582986
SIMULATED,Collect,TD-AR2,K,SIM-ABL-7-0039,-0.25812342557899237
SIMULATED,Collect,TD-AR2,K,SIM-ABL-7-0040,-2.7113089250953517
SIMULATED,Collect,TD-AR2,K,SIM-ABL-7-0041,1.4894766945031277
SIMULATED,Collect,TD-AR2,K,SIM-ABL-7-0042,-8.838777029059521
SIMULATED,Collect,TD-AR2,K,SIM-ABL-7-0043,6.895089540827952
SIMULATED,Collect,TD-AR2,K,SIM-ABL-7-0044,3.944787124490605
SIMULATED,Collect,TD-AR2,K,SIM-ABL-7-0045,-7.659467697720057
SIMULATED,Collect,TD-AR2,K,SIM-ABL-7-0046,-5.922850273954975
SIMULATED,Collect,TD-AR2,K,SIM-ABL-7-0047,6.474503642900632
SIMULATED,Collect,TD-AR2,K,SIM-ABL-7-0048,4.1139525909898484
SIMULATED,Collect,TD-AR2,K,SIM-ABL-7-0049,9.101487522985831
SIMULATED,Collect,TD-AR2,K,SIM-ABL-7-0050,6.210244134724597
SIMULATED,Collect,TD-AR2,K,SIM-ABL-7-0051,1.0747496902159381
SIMULATED,Collect,TD-AR2,K,SIM-ABL-7-0052,3.6435098512728294
SIMULATED,Collect,TD-AR2,K,SIM-ABL-7-0053,0.8086490263730064
SIMULATED,Collect,TD-AR2,K,SIM-ABL-7-0054,4.988545361155287
SIMULATED,Collect,TD-AR2,K,SIM-ABL-7-0055,-3.69539755748523
SIMULATED,Collect,TD-AR2,K,SIM-ABL-7-0056,3.8077207505139348
SIMULATED,Collect,TD-AR2,K,SIM-ABL-7-0057,-4.818329598518524
SIMULATED,Collect,TD-AR2,K,SIM-ABL-7-0058,1.686706222456449
SIMULATED,Collect,TD-AR2,K,SIM-ABL-7-0059,-1.4937723744576439
SIMULATED,Collect,TD-AR2,K,SIM-ABL-7-0060,-13.36220737262604
SIMULATED,Collect,TD-AR2,K,SIM-ABL-7-0061,-2.1112792698491627
SIMULATED,Collect,TD-AR2,K,SIM-ABL-7-0062,-1.0991808930431843
SIMULATED,Collect,TD-AR2,K,SIM-ABL-7-0063,9.661385147571899
SIMULATED,Collect,TD-AR2,K,SIM-ABL-7-0064,-0.10209818730132092
SIMULATED,Collect,TD-AR2,K,SIM-ABL-7-0065,-1.7290066969746856
SIMULATED,Collect,TD-AR2,K,SIM-ABL-7-0066,-5.249643945227415
SIMULATED,Collect,TD-AR2,K,SIM-ABL-7-0067,13.950328719782783
SIMULATED,Collect,TD-AR2,K,SIM-ABL-7-0068,-1.3016102685948332
SIMULATED,Collect,TD-AR2,K,SIM-ABL-7-0069,11.027954454371914
SIMULATED,Collect,TD-AR2,K,SIM-ABL-7-0070,11.73589805939823
SIMULATED,Collect,TD-AR2,K,SIM-ABL-7-0071,-2.575322315483128
SIMULATED,Collect,TD-AR2,K,SIM-ABL-7-0072,-4.6885482349836405
SIMULATED,Collect,TD-AR2,K,SIM-ABL-7-0073,0.6662330069093949
SIMULATED,Collect,TD-AR2,K,SIM-ABL-7-0074,-2.0014116584710933
SIMULATED,Collect,TD-AR2,K,SIM-ABL-7-0075,3.3296443450650193
SIMULATED,Collect,TD-AR2,K,SIM-ABL-7-0076,4.613117886694366
SIMULATED,Collect,TD-AR2,K,SIM-ABL-7-0077,-3.5809060683334217
SIMULATED,Collect,TD-AR2,K,SIM-ABL-7-0078,5.316587362932511
SIMULATED,Collect,TD-AR2,K,SIM-ABL-7-0079,0.9229767735186307
SIMULATED,Collect,TD-AR2,K,SIM-ABL-7-0080,-11.559265421050062
SIMULATED,Collect,TD-AR2,K,SIM-ABL-7-0081,1.8152710955418794
SIMULATED,Collect,TD-AR2,K,SIM-ABL-7-0082,17.278094606424748
SIMULATED,Collect,TD-AR2,K,SIM-ABL-7-0083,-2.0457408859290864
SIMULATED,Collect,TD-AR2,K,SIM-ABL-7-0084,5.160399367262352
SIMULATED,Collect,TD-AR2,K,SIM-ABL-7-0085,-9.838589558522893
SIMULATED,Collect,TD-AR2,K,SIM-ABL-7-0086,10.607973657017043
SIMULATED,Collect,TD-AR2,K,SIM-ABL-7-0087,3.1072933888414505
SIMULATED,Collect,TD-AR2,K,SIM-ABL-7-0088,3.874062634315465
SIMULATED,Collect,TD-AR2,K,SIM-ABL-7-0089,15.043392253722004
SIMULATED,Collect,TD-AR2,K,SIM-ABL-7-0090,-4.80931335155554
SIMULATED,Collect,TD-AR2,K,SIM-ABL-7-0091,-7.9566835292411415
SIMULATED,Collect,TD-AR2,K,SIM-ABL-7-0092,1.2545171451527408
SIMULATED,Collect,TD-AR2,K,SIM-ABL-7-0093,2.725190596313848
SIMULATED,Collect,TD-AR2,K,SIM-ABL-7-0094,5.44106337178214
SIMULATED,Collect,TD-AR2,K,SIM-ABL-7-0095,-2.8546641392140617
SIMULATED,Collect,TD-AR2,K,SIM-ABL-7-0096,-6.056693927277703
SIMULATED,Collect,TD-AR2,K,SIM-ABL-7-0097,3.9344780972094062
SIMULATED,Collect,TD-AR2,K,SIM-ABL-7-0098,-7.1814037270288225
SIMULATED,Collect,TD-AR2,K,SIM-ABL-7-0099,-0.8397423111363498
SIMULATED,Collect,TD-AR2,K,SIM-ABL-7-0100,0.2066307508866112
SIMULATED,Collect,TD-AR2,K,SIM-ABL-7-0101,-3.760412437214805
SIMULATED,Collect,TD-AR2,K,SIM-ABL-7-0102,1.6796936003308558
SIMULATED,Collect,TD-AR2,K,SIM-ABL-7-0103,-3.653645041612086
SIMULATED,Collect,TD-AR2,K,SIM-ABL-7-0104,9.969106525484188
SIMULATED,Collect,TD-AR2,K,SIM-ABL-7-0105,-7.964305286859631
SIMULATED,Collect,TD-AR2,K,SIM-ABL-7-0106,-5.239369290233348
SIMULATED,Collect,TD-AR2,K,SIM-ABL-7-0107,14.516074149566062
SIMULATED,Collect,TD-AR2,K,SIM-ABL-7-0108,2.0636948897104035
SIMULATED,Collect,TD-AR2,K,SIM-ABL-7-0109,-7.965098552956489
SIMULATED,Collect,TD-AR2,K,SIM-ABL-7-0110,2.732883092941471
SIMULATED,Collect,TD-AR2,K,SIM-ABL-7-0111,6.267333941144733
SIMULATED,Collect,TD-AR2,K,SIM-ABL-7-0112,-1.6883046241039081
SIMULATED,Collect,TD-AR2,K,SIM-ABL-7-0113,17.77159136682265
SIMULATED,Collect,TD-AR2,K,SIM-ABL-7-0114,0.9778563170260377
SIMULATED,Collect,TD-AR2,K,SIM-ABL-7-0115,-1.6563467915088324
SIMULATED,Collect,TD-AR2,K,SIM-ABL-7-0116,-12.006555566253102
SIMULATED,Collect,TD-AR2,K,SIM-ABL-7-0117,-10.714505615035897
SIMULATED,Collect,TD-AR2,K,SIM-ABL-7-0118,0.7504023473253834
SIMULATED,Collect,TD-AR2,K,SIM-ABL-7-0119,17.202905103443758
SIMULATED,Collect,TD-AR2,K,SIM-ABL-7-0120,2.4609488616040798
SIMULATED,Collect,TD-AR2,K,SIM-ABL-7-0121,0.7562249657441269
SIMULATED,Collect,TD-AR2,K,SIM-ABL-7-0122,0.4271969280446588
SIMULATED,Collect,TD-AR2,K,SIM-ABL-7-0123,6.037521746558067
SIMULATED,Collect,TD-AR2,K,SIM-ABL-7-0124,-4.409035351304301
SIMULATED,Collect,TD-AR2,K,SIM-ABL-7-0125,-4.168091706671136
SIMULATED,Collect,TD-AR2,K,SIM-ABL-7-0126,4.096736180119977
SIMULATED,Collect,TD-AR2,K,SIM-ABL-7-0127,3.839283031753924
SIMULATED,Collect,TD-AR2,K,SIM-ABL-7-0128,-3.2106299028739245
SIMULATED,Collect,TD-AR2,K,SIM-ABL-7-0129,-11.57877598330058
SIMULATED,Collect,TD-AR2,K,SIM-ABL-7-0130,-2.900314460690694
SIMULATED,Collect,TD-AR2,K,SIM-ABL-7-0131,16.704980233202143
SIMULATED,Collect,TD-AR2,K,SIM-ABL-7-0132,-0.555243731319401
SIMULATED,Collect,TD-AR2,K,SIM-ABL-7-0133,7.960335740801462
SIMULATED,Collect,TD-AR2,K,SIM-ABL-7-0134,-8.421442842813532
SIMULATED,Collect,TD-AR2,K,SIM-ABL-7-0135,-12.71383034128349
SIMULATED,Collect,TD-AR2,K,SIM-ABL-7-0136,5.7898408626565425
SIMULATED,Collect,TD-AR2,K,SIM-ABL-7-0137,0.15511523543582362
SIMULATED,Collect,TD-AR2,K,SIM-ABL-7-0138,10.99051330180163
SIMULATED,Collect,TD-AR2,K,SIM-ABL-7-0139,2.701278031796287
SIMULATED,Collect,TD-AR2,K,SIM-ABL-7-0140,13.468081170544366
SIMULATED,Collect,TD-AR2,K,SIM-ABL-7-0141,4.490939903396192
SIMULATED,Collect,TD-AR2,K,SIM-ABL-7-0142,6.304020415947425
SIMULATED,Collect,TD-AR2,K,SIM-ABL-7-0143,-2.766705960896282
SIMULATED,Collect,TD-AR2,K,SIM-ABL-7-0144,2.5454502945800037
SIMULATED,Collect,TD-AR2,K,SIM-ABL-7-0145,-1.8386222402258139
SIMULATED,Collect,TD-AR2,K,SIM-ABL-7-0146,-1.5396940509535244
SIMULATED,Collect,TD-AR2,K,SIM-ABL-7-0147,14.182350293585513
SIMULATED,Collect,TD-AR2,K,SIM-ABL-7-0148,5.111873417152911
SIMULATED,Collect,TD-AR2,K,SIM-ABL-7-0149,2.5275537106637227
SIMULATED,Collect,TD-AR2,K,SIM-ABL-7-0150,-7.1584778582852735
SIMULATED,Collect,TD-AR2,K,SIM-ABL-7-0151,0.5624055383105699
SIMULATED,Collect,TD-AR2,K,SIM-ABL-7-0152,6.642222676263472
SIMULATED,Collect,TD-AR2,K,SIM-ABL-7-0153,0.18923030040203415
SIMULATED,Collect,TD-AR2,K,SIM-ABL-7-0154,-12.489016405404175
SIMULATED,Collect,TD-AR2,K,SIM-ABL-7-0155,1.44608728833857
SIMULATED,Collect,TD-AR2,K,SIM-ABL-7-0156,-8.525548551626157
SIMULATED,Collect,TD-AR2,K,SIM-ABL-7-0157,11.80462195098556
SIMULATED,Collect,TD-AR2,K,SIM-ABL-7-0158,5.065718937389051
SIMULATED,Collect,TD-AR2,K,SIM-ABL-7-0159,12.207470594480057
SIMULATED,Collect,TD-AR2,V,SIM-ABL-7-0000,4.402275095822471
SIMULATED,Collect,TD-AR2,V,SIM-ABL-7-0001,-1.0697239629158846
SIMULATED,Collect,TD-AR2,V,SIM-ABL-7-0002,3.754415353290802
SIMULATED,Collect,TD-AR2,V,SIM-ABL-7-0003,7.6100543699702765
SIMULATED,Collect,TD-AR2,V,SIM-ABL-7-0004,0.0842177645228297
SIMULATED,Collect,TD-AR2,V,SIM-ABL-7-0005,-0.8858178019451781
SIMULATED,Collect,TD-AR2,V,SIM-ABL-7-0006,9.908669985741625
SIMULATED,Collect,TD-AR2,V,SIM-ABL-7-0007,13.381589959130084
SIMULATED,Collect,TD-AR2,V,SIM-ABL-7-0008,12.772610584964161
SIMULATED,Collect,TD-AR2,V,SIM-ABL-7-0009,8.117094178044216
SIMULATED,Collect,TD-AR2,V,SIM-ABL-7-0010,8.197447626497947
SIMULATED,Collect,TD-AR2,V,SIM-ABL-7-0011,8.47381079690421
SIMULATED,Collect,TD-AR2,V,SIM-ABL-7-0012,2.796329548473423
SIMULATED,Collect,TD-AR2,V,SIM-ABL-7-0013,5.302353604868641
SIMULATED,Collect,TD-AR2,V,SIM-ABL-7-0014,-2.0149092380957487
SIMULATED,Collect,TD-AR2,V,SIM-ABL-7-0015,12.177812293082589
SIMULATED,Collect,TD-AR2,V,SIM-ABL-7-0016,7.3874734400084305
SIMULATED,Collect,TD-AR2,V,SIM-ABL-7-0017,-0.6651284116022751
SIMULATED,Collect,TD-AR2,V,SIM-ABL-7-0018,7.471877801750527
SIMULATED,Collect,TD-AR2,V,SIM-ABL-7-0019,15.267901184614546
SIMULATED,Collect,TD-AR2,V,SIM-ABL-7-0020,7.703489808184372
SIMULATED,Collect,TD-AR2,V,SIM-ABL-7-0021,2.7416924524488415
SIMULATED,Collect,TD-AR2,V,SIM-ABL-7-0022,6.5319377559832335
SIMULATED,Collect,TD-AR2,V,SIM-ABL-7-0023,-2.0098979861949564
SIMULATED,Collect,TD-AR2,V,SIM-ABL-7-0024,-9.155370728144536
SIMULATED,Collect,TD-AR2,V,SIM-ABL-7-0025,1.2074924938916043
SIMULATED,Collect,TD-AR2,V,SIM-ABL-7-0026,3.595215405555313
SIMULATED,Collect,TD-AR2,V,SIM-ABL-7-0027,7.93637758996436
SIMULATED,Collect,TD-AR2,V,SIM-ABL-7-0028,-0.19944994909413527
SIMULATED,Collect,TD-AR2,V,SIM-ABL-7-0029,8.6212497920586
SIMULATED,Collect,TD-AR2,V,SIM-ABL-7-0030,3.0667809541255346
SIMULATED,Collect,TD-AR2,V,SIM-ABL-7-0031,4.694354023927914
SIMULATED,Collect,TD-AR2,V,SIM-ABL-7-0032,8.464415828456264
SIMULATED,Collect,TD-AR2,V,SIM-ABL-7-0033,-2.296147747026085
SIMULATED,Collect,TD-AR2,V,SIM-ABL-7-0034,9.361571153920295
SIMULATED,Collect,TD-AR2,V,SIM-ABL-7-0035,-12.762451443173692
SIMULATED,Collect,TD-AR2,V,SIM-ABL-7-0036,-1.8428243773187196
SIMULATED,Collect,TD-AR2,V,SIM-ABL-7-0037,1.8779829155448082
SIMULATED,Collect,TD-AR2,V,SIM-ABL-7-0038,5.87401403462018
SIMULATED,Collect,TD-AR2,V,SIM-ABL-7-0039,3.157023453296775
SIMULATED,Collect,TD-AR2,V,SIM-ABL-7-0040,12.955989358764226
SIMULATED,Collect,TD-AR2,V,SIM-ABL-7-0041,-0.640997817955097
SIMULATED,Collect,TD-AR2,V,SIM-ABL-7-0042,-10.112086756792449
SIMULATED,Collect,TD-AR2,V,SIM-ABL-7-0043,-2.2149317373827975
SIMULATED,Collect,TD-AR2,V,SIM-ABL-7-0044,15.453103997362108
SIMULATED,Collect,TD-AR2,V,SIM-ABL-7-0045,-1.8108087054305635
SIMULATED,Collect,TD-AR2,V,SIM-ABL-7-0046,-7.7884095074438715
SIMULATED,Collect,TD-AR2,V,SIM-ABL-7-0047,-0.24689709377829905
SIMULATED,Collect,TD-AR2,V,SIM-ABL-7-0048,-1.7466518356660732
SIMULATED,Collect,TD-AR2,V,SIM-ABL-7-0049,6.771918921651755
SIMULATED,Collect,TD-AR2,V,SIM-ABL-7-0050,-3.8977545407602747
SIMULATED,Collect,TD-AR2,V,SIM-ABL-7-0051,5.3805139059701546
SIMULATED,Collect,TD-AR2,V,SIM-ABL-7-0052,-4.065101202223372
SIMULATED,Collect,TD-AR2,V,SIM-ABL-7-0053,-8.55565277023883
SIMULATED,Collect,TD-AR2,V,SIM-ABL-7-0054,-4.817209581177698
SIMULATED,Collect,TD-AR2,V,SIM-ABL-7-0055,1.0558676455839966
SIMULATED,Collect,TD-AR2,V,SIM-ABL-7-0056,19.606842058859534
SIMULATED,Collect,TD-AR2,V,SIM-ABL-7-0057,-2.1748453124409792
SIMULATED,Collect,TD-AR2,V,SIM-ABL-7-0058,1.4461621697220828
SIMULATED,Collect,TD-AR2,V,SIM-ABL-7-0059,9.537313325531342
SIMULATED,Collect,TD-AR2,V,SIM-ABL-7-0060,4.104400278995014
SIMULATED,Collect,TD-AR2,V,SIM-ABL-7-0061,-1.486558478188794
SIMULATED,Collect,TD-AR2,V,SIM-ABL-7-0062,6.7879886612650235
SIMULATED,Collect,TD-AR2,V,SIM-ABL-7-0063,3.6490081164258794
SIMULATED,Collect,TD-AR2,V,SIM-ABL-7-0064,4.82983880633061
SIMULATED,Collect,TD-AR2,V,SIM-ABL-7-0065,7.020918868279614
SIMULATED,Collect,TD-AR2,V,SIM-ABL-7-0066,9.169856482523498
SIMULATED,Collect,TD-AR2,V,SIM-ABL-7-0067,0.7817938584625144
SIMULATED,Collect,TD-AR2,V,SIM-ABL-7-0068,-11.007010061399694
SIMULATED,Collect,TD-AR2,V,SIM-ABL-7-0069,16.2244377591607
SIMULATED,Collect,TD-AR2,V,SIM-ABL-7-0070,1.545025400188822
SIMULATED,Collect,TD-AR2,V,SIM-ABL-7-0071,17.4027568939739
SIMULATED,Collect,TD-AR2,V,SIM-ABL-7-0072,8.918893483748237
SIMULATED,Collect,TD-AR2,V,SIM-ABL-7-0073,11.710440248068108
SIMULATED,Collect,TD-AR2,V,SIM-ABL-7-0074,4.005185028047217
SIMULATED,Collect,TD-AR2,V,SIM-ABL-7-0075,-1.5263791093122716
SIMULATED,Collect,TD-AR2,V,SIM-ABL-7-0076,5.887954000642781
SIMULATED,Collect,TD-AR2,V,SIM-ABL-7-0077,5.252747134763103
SIMULATED,Collect,TD-AR2,V,SIM-ABL-7-0078,17.156443171451684
SIMULATED,Collect,TD-AR2,V,SIM-ABL-7-0079,2.5190140846340006
SIMULATED,Collect,TD-AR2,V,SIM-ABL-7-0080,0.6813061488446905
SIMULATED,Collect,TD-AR2,V,SIM-ABL-7-0081,10.87337835608367
SIMULATED,Collect,TD-AR2,V,SIM-ABL-7-0082,9.614122662807755
SIMULATED,Collect,TD-AR2,V,SIM-ABL-7-0083,7.753660565636093
SIMULATED,Collect,TD-AR2,V,SIM-ABL-7-0084,-1.9120697849155617
SIMULATED,Collect,TD-AR2,V,SIM-ABL-7-0085,-2.8371068521332985
SIMULATED,Collect,TD-AR2,V,SIM-ABL-7-0086,7.361936495588212
SIMULATED,Collect,TD-AR2,V,SIM-ABL-7-0087,-0.43461724684326164
SIMULATED,Collect,TD-AR2,V,SIM-ABL-7-0088,-0.9078949011613799
SIMULATED,Collect,TD-AR2,V,SIM-ABL-7-0089,9.759884717095689
SIMULATED,Collect,TD-AR2,V,SIM-ABL-7-0090,8.187072209721304
SIMULATED,Collect,TD-AR2,V,SIM-ABL-7-0091,-7.643403724371451
SIMULATED,Collect,TD-AR2,V,SIM-ABL-7-0092,0.4787560781508442
SIMULATED,Collect,TD-AR2,V,SIM-ABL-7-0093,-6.975966747048101
SIMULATED,Collect,TD-AR2,V,SIM-ABL-7-0094,5.493396614126152
SIMULATED,Collect,TD-AR2,V,SIM-ABL-7-0095,0.4202161342878137
SIMULATED,Collect,TD-AR2,V,SIM-ABL-7-0096,7.322928965194047
SIMULATED,Collect,TD-AR2,V,SIM-ABL-7-0097,4.041273018390534
SIMULATED,Collect,TD-AR2,V,SIM-ABL-7-0098,4.117484427482507
SIMULATED,Collect,TD-AR2,V,SIM-ABL-7-0099,-3.4885100045823574
SIMULATED,Collect,TD-AR2,V,SIM-ABL-7-0100,5.001055653898378
SIMULATED,Collect,TD-AR2,V,SIM-ABL-7-0101,10.375609417274624
SIMULATED,Collect,TD-AR2,V,SIM-ABL-7-0102,3.280399082460457
SIMULATED,Collect,TD-AR2,V,SIM-ABL-7-0103,-2.274221405493557
SIMULATED,Collect,TD-AR2,V,SIM-ABL-7-0104,12.965321938302841
SIMULATED,Collect,TD-AR2,V,SIM-ABL-7-0105,3.1431766847345557
SIMULATED,Collect,TD-AR2,V,SIM-ABL-7-0106,5.871694973686637
SIMULATED,Collect,TD-AR2,V,SIM-ABL-7-0107,-2.053179293177143
SIMULATED,Collect,TD-AR2,V,SIM-ABL-7-0108,5.166655891305308
SIMULATED,Collect,TD-AR2,V,SIM-ABL-7-0109,-1.6936549978151705
SIMULATED,Collect,TD-AR2,V,SIM-ABL-7-0110,9.320779090301933
SIMULATED,Collect,TD-AR2,V,SIM-ABL-7-0111,8.812291101478923
SIMULATED,Collect,TD-AR2,V,SIM-ABL-7-0112,4.631926259337712
SIMULATED,Collect,TD-AR2,V,SIM-ABL-7-0113,6.45404728627058
SIMULATED,Collect,TD-AR2,V,SIM-ABL-7-0114,1.6423671072654147
SIMULATED,Collect,TD-AR2,V,SIM-ABL-7-0115,0.5545166697670796
SIMULATED,Collect,TD-AR2,V,SIM-ABL-7-0116,-8.469857501427477
SIMULATED,Collect,TD-AR2,V,SIM-ABL-7-0117,-0.07344418384679496
SIMULATED,Collect,TD-AR2,V,SIM-ABL-7-0118,9.155875606416327
SIMULATED,Collect,TD-AR2,V,SIM-ABL-7-0119,5.308502887668807
SIMULATED,Collect,TD-AR2,V,SIM-ABL-7-0120,13.432138235941572
SIMULATED,Collect,TD-AR2,V,SIM-ABL-7-0121,10.768386214276768
SIMULATED,Collect,TD-AR2,V,SIM-ABL-7-0122,15.27272783919026
SIMULATED,Collect,TD-AR2,V,SIM-ABL-7-0123,2.2480218783709214
SIMULATED,Collect,TD-AR2,V,SIM-ABL-7-0124,0.050592107665410335
SIMULATED,Collect,TD-AR2,V,SIM-ABL-7-0125,6.825399975960604
SIMULATED,Collect,TD-AR2,V,SIM-ABL-7-0126,15.254997275535837
SIMULATED,Collect,TD-AR2,V,SIM-ABL-7-0127,13.09243284886176
SIMULATED,Collect,TD-AR2,V,SIM-ABL-7-0128,9.5536291162534
SIMULATED,Collect,TD-AR2,V,SIM-ABL-7-0129,10.598404179452455
SIMULATED,Collect,TD-AR2,V,SIM-ABL-7-0130,5.768166493657517
SIMULATED,Collect,TD-AR2,V,SIM-ABL-7-0131,-5.873560428618411
SIMULATED,Collect,TD-AR2,V,SIM-ABL-7-0132,17.62760630189235
SIMULATED,Collect,TD-AR2,V,SIM-ABL-7-0133,5.371307743102898
SIMULATED,Collect,TD-AR2,V,SIM-ABL-7-0134,-2.042709546651049
SIMULATED,Collect,TD-AR2,V,SIM-ABL-7-0135,1.3414381726595912
SIMULATED,Collect,TD-AR2,V,SIM-ABL-7-0136,7.5934793411378445
SIMULATED,Collect,TD-AR2,V,SIM-ABL-7-0137,-5.942249299200032
SIMULATED,Collect,TD-AR2,V,SIM-ABL-7-0138,-0.23748492494933515
SIMULATED,Collect,TD-AR2,V,SIM-ABL-7-0139,5.834876476618244
SIMULATED,Collect,TD-AR2,V,SIM-ABL-7-0140,8.863639332131084
SIMULATED,Collect,TD-AR2,V,SIM-ABL-7-0141,10.6663193658657
SIMULATED,Collect,TD-AR2,V,SIM-ABL-7-0142,-0.774876459729712
SIMULATED,Collect,TD-AR2,V,SIM-ABL-7-0143,2.498863576853049
SIMULATED,Collect,TD-AR2,V,SIM-ABL-7-0144,-5.6488700009877135
SIMULATED,Collect,TD-AR2,V,SIM-ABL-7-0145,-1.5150715820541798
SIMULATED,Collect,TD-AR2,V,SIM-ABL-7-0146,9.173969233903424
SIMULATED,Collect,TD-AR2,V,SIM-ABL-7-0147,9.624100745069082
SIMULATED,Collect,TD-AR2,V,SIM-ABL-7-0148,0.17045855037791435
SIMULATED,Collect,TD-AR2,V,SIM-ABL-7-0149,2.4696088902691335
SIMULATED,Collect,TD-AR2,V,SIM-ABL-7-0150,-5.347249975435936
SIMULATED,Collect,TD-AR2,V,SIM-ABL-7-0151,5.447564862972434
SIMULATED,Collect,TD-AR2,V,SIM-ABL-7-0152,-3.249642632874826
SIMULATED,Collect,TD-AR2,V,SIM-ABL-7-0153,9.64365154693731
SIMULATED,Collect,TD-AR2,V,SIM-ABL-7-0154,7.161998333635179
SIMULATED,Collect,TD-AR2,V,SIM-ABL-7-0155,5.705221549560904
SIMULATED,Collect,TD-AR2,V,SIM-ABL-7-0156,9.635401010712918
SIMULATED,Collect,TD-AR2,V,SIM-ABL-7-0157,0.540252153789818
SIMULATED,Collect,TD-AR2,V,SIM-ABL-7-0158,-1.1763795965751562
SIMULATED,Collect,TD-AR2,V,SIM-ABL-7-0159,16.737389295143682
SIMULATED,Collect,TD-AR2,T,SIM-ABL-7-0000,-6.932208201608066
SIMULATED,Collect,TD-AR2,T,SIM-ABL-7-0001,3.1491679265863373
SIMULATED,Collect,TD-AR2,T,SIM-ABL-7-0002,-6.506308325460188
SIMULATED,Collect,TD-AR2,T,SIM-ABL-7-0003,1.7472396401279724
SIMULATED,Collect,TD-AR2,T,SIM-ABL-7-0004,5.852359615720155
SIMULATED,Collect,TD-AR2,T,SIM-ABL-7-0005,4.547176931737959
SIMULATED,Collect,TD-AR2,T,SIM-ABL-7-0006,-8.797103991025638
SIMULATED,Collect,TD-AR2,T,SIM-ABL-7-0007,-4.006771084278948
SIMULATED,Collect,TD-AR2,T,SIM-ABL-7-0008,-7.328324114781132
SIMULATED,Collect,TD-AR2,T,SIM-ABL-7-0009,-0.8220787294180983
SIMULATED,Collect,TD-AR2,T,SIM-ABL-7-0010,-5.859781026544175
SIMULATED,Collect,TD-AR2,T,SIM-ABL-7-0011,-7.364242896347887
SIMULATED,Collect,TD-AR2,T,SIM-ABL-7-0012,-7.843511697578204
SIMULATED,Collect,TD-AR2,T,SIM-ABL-7-0013,0.6151409177427012
SIMULATED,Collect,TD-AR2,T,SIM-ABL-7-0014,2.326006994670228
SIMULATED,Collect,TD-AR2,T,SIM-ABL-7-0015,-6.480110090752089
SIMULATED,Collect,TD-AR2,T,SIM-ABL-7-0016,-0.6601042969795063
SIMULATED,Collect,TD-AR2,T,SIM-ABL-7-0017,-17.267168022043183
SIMULATED,Collect,TD-AR2,T,SIM-ABL-7-0018,1.9143238004399277
SIMULATED,Collect,TD-AR2,T,SIM-ABL-7-0019,20.530427879815736
SIMULATED,Collect,TD-AR2,T,SIM-ABL-7-0020,10.287898115177146
SIMULATED,Collect,TD-AR2,T,SIM-ABL-7-0021,10.778209427843109
SIMULATED,Collect,TD-AR2,T,SIM-ABL-7-0022,-5.507798626129854
SIMULATED,Collect,TD-AR2,T,SIM-ABL-7-0023,6.441061926253961
SIMULATED,Collect,TD-AR2,T,SIM-ABL-7-0024,-0.11392365788406755
SIMULATED,Collect,TD-AR2,T,SIM-ABL-7-0025,5.319361551505926
SIMULATED,Collect,TD-AR2,T,SIM-ABL-7-0026,8.119374561845197
SIMULATED,Collect,TD-AR2,T,SIM-ABL-7-0027,-6.2344756199091576
SIMULATED,Collect,TD-AR2,T,SIM-ABL-7-0028,-1.2850118576395704
SIMULATED,Collect,TD-AR2,T,SIM-ABL-7-0029,-6.137466795144724
SIMULATED,Collect,TD-AR2,T,SIM-ABL-7-0030,-14.490127718149509
SIMULATED,Collect,TD-AR2,T,SIM-ABL-7-0031,-4.916569907916916
SIMULATED,Collect,TD-AR2,T,SIM-ABL-7-0032,4.037185066347454
SIMULATED,Collect,TD-AR2,T,SIM-ABL-7-0033,2.3201317258733156
SIMULATED,Collect,TD-AR2,T,SIM-ABL-7-0034,-6.884838447697158
SIMULATED,Collect,TD-AR2,T,SIM-ABL-7-0035,1.5414247629407463
SIMULATED,Collect,TD-AR2,T,SIM-ABL-7-0036,1.898917388793301
SIMULATED,Collect,TD-AR2,T,SIM-ABL-7-0037,5.721375633803176
SIMULATED,Collect,TD-AR2,T,SIM-ABL-7-0038,7.9213540559397515
SIMULATED,Collect,TD-AR2,T,SIM-ABL-7-0039,11.309526507445112
SIMULATED,Collect,TD-AR2,T,SIM-ABL-7-0040,-12.934788315833888
SIMULATED,Collect,TD-AR2,T,SIM-ABL-7-0041,-6.584679038912572
SIMULATED,Collect,TD-AR2,T,SIM-ABL-7-0042,-2.3623023550815567
SIMULATED,Collect,TD-AR2,T,SIM-ABL-7-0043,8.010646716056382
SIMULATED,Collect,TD-AR2,T,SIM-ABL-7-0044,3.2661275612849243
SIMULATED,Collect,TD-AR2,T,SIM-ABL-7-0045,3.8643619551325346
SIMULATED,Collect,TD-AR2,T,SIM-ABL-7-0046,-18.05274259263314
SIMULATED,Collect,TD-AR2,T,SIM-ABL-7-0047,11.254063125009422
SIMULATED,Collect,TD-AR2,T,SIM-ABL-7-0048,-1.2005162472701891
SIMULATED,Collect,TD-AR2,T,SIM-ABL-7-0049,2.675004401574913
SIMULATED,Collect,TD-AR2,T,SIM-ABL-7-0050,-6.008591763125351
SIMULATED,Collect,TD-AR2,T,SIM-ABL-7-0051,-5.022261590354928
SIMULATED,Collect,TD-AR2,T,SIM-ABL-7-0052,5.184977100035472
SIMULATED,Collect,TD-AR2,T,SIM-ABL-7-0053,-1.7009072323577976
SIMULATED,Collect,TD-AR2,T,SIM-ABL-7-0054,3.654904584186486
SIMULATED,Collect,TD-AR2,T,SIM-ABL-7-0055,-9.539171351805026
SIMULATED,Collect,TD-AR2,T,SIM-ABL-7-0056,5.711569551661833
SIMULATED,Collect,TD-AR2,T,SIM-ABL-7-0057,-5.9246740386256285
SIMULATED,Collect,TD-AR2,T,SIM-ABL-7-0058,1.083678559597494
SIMULATED,Collect,TD-AR2,T,SIM-ABL-7-0059,-9.082791011437832
SIMULATED,Collect,TD-AR2,T,SIM-ABL-7-0060,6.666392695526436
SIMULATED,Collect,TD-AR2,T,SIM-ABL-7-0061,7.135507248649464
SIMULATED,Collect,TD-AR2,T,SIM-ABL-7-0062,8.941349159795337
SIMULATED,Collect,TD-AR2,T,SIM-ABL-7-0063,-2.6137025458365746
SIMULATED,Collect,TD-AR2,T,SIM-ABL-7-0064,0.6120169028900002
SIMULATED,Collect,TD-AR2,T,SIM-ABL-7-0065,-5.788311134591795
SIMULATED,Collect,TD-AR2,T,SIM-ABL-7-0066,-5.164820859467826
SIMULATED,Collect,TD-AR2,T,SIM-ABL-7-0067,4.799405280374345
SIMULATED,Collect,TD-AR2,T,SIM-ABL-7-0068,0.6280536610114322
SIMULATED,Collect,TD-AR2,T,SIM-ABL-7-0069,-6.896233233962024
SIMULATED,Collect,TD-AR2,T,SIM-ABL-7-0070,0.5835706778804806
SIMULATED,Collect,TD-AR2,T,SIM-ABL-7-0071,0.1642867278532516
SIMULATED,Collect,TD-AR2,T,SIM-ABL-7-0072,-3.3948118207701916
SIMULATED,Collect,TD-AR2,T,SIM-ABL-7-0073,-0.22625667337482003
SIMULATED,Collect,TD-AR2,T,SIM-ABL-7-0074,-10.222692428665969
SIMULATED,Collect,TD-AR2,T,SIM-ABL-7-0075,0.4218956527052613
SIMULATED,Collect,TD-AR2,T,SIM-ABL-7-0076,-8.612535162067074
SIMULATED,Collect,TD-AR2,T,SIM-ABL-7-0077,-3.625085715909039
SIMULATED,Collect,TD-AR2,T,SIM-ABL-7-0078,-6.8672225809039364
SIMULATED,Collect,TD-AR2,T,SIM-ABL-7-0079,2.379127388491475
SIMULATED,Collect,TD-AR2,T,SIM-ABL-7-0080,-2.729400964712438
SIMULATED,Collect,TD-AR2,T,SIM-ABL-7-0081,-0.5561644550213799
SIMULATED,Collect,TD-AR2,T,SIM-ABL-7-0082,-1.2672567479786012
SIMULATED,Collect,TD-AR2,T,SIM-ABL-7-0083,3.3379269854133193
SIMULATED,Collect,TD-AR2,T,SIM-ABL-7-0084,-9.283255878339627
SIMULATED,Collect,TD-AR2,T,SIM-ABL-7-0085,1.1277507519011185
SIMULATED,Collect,TD-AR2,T,SIM-ABL-7-0086,0.6176809684516804
SIMULATED,Collect,TD-AR2,T,SIM-ABL-7-0087,3.0823130079554795
SIMULATED,Collect,TD-AR2,T,SIM-ABL-7-0088,3.5980417363002015
SIMULATED,Collect,TD-AR2,T,SIM-ABL-7-0089,3.8040378816251765
SIMULATED,Collect,TD-AR2,T,SIM-ABL-7-0090,4.752480498920184
SIMULATED,Collect,TD-AR2,T,SIM-ABL-7-0091,-5.646151919430336
SIMULATED,Collect,TD-AR2,T,SIM-ABL-7-0092,-8.260300298855055
SIMULATED,Collect,TD-AR2,T,SIM-ABL-7-0093,2.1943370725244664
SIMULATED,Collect,TD-AR2,T,SIM-ABL-7-0094,2.5691652494265522
SIMULATED,Collect,TD-AR2,T,SIM-ABL-7-0095,7.100595206500488
SIMULATED,Collect,TD-AR2,T,SIM-ABL-7-0096,-1.3507258335710541
SIMULATED,Collect,TD-AR2,T,SIM-ABL-7-0097,-16.87829400153887
SIMULATED,Collect,TD-AR2,T,SIM-ABL-7-0098,8.469374599715543
SIMULATED,Collect,TD-AR2,T,SIM-ABL-7-0099,6.039136290597513
SIMULATED,Collect,TD-AR2,T,SIM-ABL-7-0100,-9.092965529958406
SIMULATED,Collect,TD-AR2,T,SIM-ABL-7-0101,16.047296693187786
SIMULATED,Collect,TD-AR2,T,SIM-ABL-7-0102,0.53628516223081
SIMULATED,Collect,TD-AR2,T,SIM-ABL-7-0103,-10.39538754959729
SIMULATED,Collect,TD-AR2,T,SIM-ABL-7-0104,-11.923292109471436
SIMULATED,Collect,TD-AR2,T,SIM-ABL-7-0105,-5.627469892983538
SIMULATED,Collect,TD-AR2,T,SIM-ABL-7-0106,8.537794908368893
SIMULATED,Collect,TD-AR2,T,SIM-ABL-7-0107,13.459164761059071
SIMULATED,Collect,TD-AR2,T,SIM-ABL-7-0108,0.9912669039888071
SIMULATED,Collect,TD-AR2,T,SIM-ABL-7-0109,-6.00418721727414
SIMULATED,Collect,TD-AR2,T,SIM-ABL-7-0110,10.551826686369445
SIMULATED,Collect,TD-AR2,T,SIM-ABL-7-0111,-6.485853864508342
SIMULATED,Collect,TD-AR2,T,SIM-ABL-7-0112,-3.9341131685567605
SIMULATED,Collect,TD-AR2,T,SIM-ABL-7-0113,-8.396530348680557
SIMULATED,Collect,TD-AR2,T,SIM-ABL-7-0114,-13.003635690266195
SIMULATED,Collect,TD-AR2,T,SIM-ABL-7-0115,-7.299040233568775
SIMULATED,Collect,TD-AR2,T,SIM-ABL-7-0116,-2.1510728838745994
SIMULATED,Collect,TD-AR2,T,SIM-ABL-7-0117,-6.26301838302644
SIMULATED,Collect,TD-AR2,T,SIM-ABL-7-0118,2.924282727275488
SIMULATED,Collect,TD-AR2,T,SIM-ABL-7-0119,-5.396814354029888
SIMULATED,Collect,TD-AR2,T,SIM-ABL-7-0120,1.8178954668966583
SIMULATED,Collect,TD-AR2,T,SIM-ABL-7-0121,-8.918807162335915
SIMULATED,Collect,TD-AR2,T,SIM-ABL-7-0122,-15.54730479888435
SIMULATED,Collect,TD-AR2,T,SIM-ABL-7-0123,-2.7489438902001933
SIMULATED,Collect,TD-AR2,T,SIM-ABL-7-0124,6.893517972162902
SIMULATED,Collect,TD-AR2,T,SIM-ABL-7-0125,2.3280812445425836
SIMULATED,Collect,TD-AR2,T,SIM-ABL-7-0126,7.224128233589434
SIMULATED,Collect,TD-AR2,T,SIM-ABL-7-0127,2.665641028757793
SIMULATED,Collect,TD-AR2,T,SIM-ABL-7-0128,-1.7615662274123605
SIMULATED,Collect,TD-AR2,T,SIM-ABL-7-0129,0.6251745081957532
SIMULATED,Collect,TD-AR2,T,SIM-ABL-7-0130,-4.863914860244211
SIMULATED,Collect,TD-AR2,T,SIM-ABL-7-0131,-0.3227778127122518
SIMULATED,Collect,TD-AR2,T,SIM-ABL-7-0132,21.612600894403272
SIMULATED,Collect,TD-AR2,T,SIM-ABL-7-0133,7.216483441156286
SIMULATED,Collect,TD-AR2,T,SIM-ABL-7-0134,20.39737427519111
SIMULATED,Collect,TD-AR2,T,SIM-ABL-7-0135,0.3142963429076494
SIMULATED,Collect,TD-AR2,T,SIM-ABL-7-0136,8.159264774224201
SIMULATED,Collect,TD-AR2,T,SIM-ABL-7-0137,12.807574791918329
SIMULATED,Collect,TD-AR2,T,SIM-ABL-7-0138,3.0693555908943955
SIMULATED,Collect,TD-AR2,T,SIM-ABL-7-0139,-8.61573054156654
SIMULATED,Collect,TD-AR2,T,SIM-ABL-7-0140,8.965162318011014
SIMULATED,Collect,TD-AR2,T,SIM-ABL-7-0141,-2.059977972572082
SIMULATED,Collect,TD-AR2,T,SIM-ABL-7-0142,-1.3404463030741403
SIMULATED,Collect,TD-AR2,T,SIM-ABL-7-0143,-13.550134495073394
SIMULATED,Collect,TD-AR2,T,SIM-ABL-7-0144,7.150584390367498
SIMULATED,Collect,TD-AR2,T,SIM-ABL-7-0145,5.370527044303392
SIMULATED,Collect,TD-AR2,T,SIM-ABL-7-0146,-10.864240896300839
SIMULATED,Collect,TD-AR2,T,SIM-ABL-7-0147,1.2228771054143779
SIMULATED,Collect,TD-AR2,T,SIM-ABL-7-0148,-9.698192516812869
SIMULATED,Collect,TD-AR2,T,SIM-ABL-7-0149,2.5840128399132554
SIMULATED,Collect,TD-AR2,T,SIM-ABL-7-0150,3.7208203275958773
SIMULATED,Collect,TD-AR2,T,SIM-ABL-7-0151,-13.946144923022091
SIMULATED,Collect,TD-AR2,T,SIM-ABL-7-0152,-0.8504032667371337
SIMULATED,Collect,TD-AR2,T,SIM-ABL-7-0153,-16.645542763332465
SIMULATED,Collect,TD-AR2,T,SIM-ABL-7-0154,-2.0826725935895345
SIMULATED,Collect,TD-AR2,T,SIM-ABL-7-0155,4.58294260325107
SIMULATED,Collect,TD-AR2,T,SIM-ABL-7-0156,3.0325109803720913
SIMULATED,Collect,TD-AR2,T,SIM-ABL-7-0157,2.838118591515485
SIMULATED,Collect,TD-AR2,T,SIM-ABL-7-0158,2.2445600637124556
SIMULATED,Collect,TD-AR2,T,SIM-ABL-7-0159,-2.330043179456736
SIMULATED,Collect,TD-AR2,Π,SIM-ABL-7-0000,6.35937680720093
SIMULATED,Collect,TD-AR2,Π,SIM-ABL-7-0001,3.7493694632969587
SIMULATED,Collect,TD-AR2,Π,SIM-ABL-7-0002,3.2931692126612466
SIMULATED,Collect,TD-AR2,Π,SIM-ABL-7-0003,-0.30067862475078244
SIMULATED,Collect,TD-AR2,Π,SIM-ABL-7-0004,5.1211134251925445
SIMULATED,Collect,TD-AR2,Π,SIM-ABL-7-0005,-5.238775462776371
SIMULATED,Collect,TD-AR2,Π,SIM-ABL-7-0006,-9.23540219369937
SIMULATED,Collect,TD-AR2,Π,SIM-ABL-7-0007,6.455272425758258
SIMULATED,Collect,TD-AR2,Π,SIM-ABL-7-0008,10.345536481069223
SIMULATED,Collect,TD-AR2,Π,SIM-ABL-7-0009,-5.421692895609596
SIMULATED,Collect,TD-AR2,Π,SIM-ABL-7-0010,4.146867575494491
SIMULATED,Collect,TD-AR2,Π,SIM-ABL-7-0011,5.1911570002497545
SIMULATED,Collect,TD-AR2,Π,SIM-ABL-7-0012,12.208142084531742
SIMULATED,Collect,TD-AR2,Π,SIM-ABL-7-0013,-2.1275561679415036
SIMULATED,Collect,TD-AR2,Π,SIM-ABL-7-0014,11.511101193263997
SIMULATED,Collect,TD-AR2,Π,SIM-ABL-7-0015,15.350615362400184
SIMULATED,Collect,TD-AR2,Π,SIM-ABL-7-0016,8.963263676102796
SIMULATED,Collect,TD-AR2,Π,SIM-ABL-7-0017,7.228894432887268
SIMULATED,Collect,TD-AR2,Π,SIM-ABL-7-0018,7.183271484806235
SIMULATED,Collect,TD-AR2,Π,SIM-ABL-7-0019,18.48447968559736
SIMULATED,Collect,TD-AR2,Π,SIM-ABL-7-0020,-8.866965097723385
SIMULATED,Collect,TD-AR2,Π,SIM-ABL-7-0021,-5.810060674827366
SIMULATED,Collect,TD-AR2,Π,SIM-ABL-7-0022,2.3653854409928003
SIMULATED,Collect,TD-AR2,Π,SIM-ABL-7-0023,-5.6770882395686
SIMULATED,Collect,TD-AR2,Π,SIM-ABL-7-0024,4.534707834392797
SIMULATED,Collect,TD-AR2,Π,SIM-ABL-7-0025,-0.8207330087687967
SIMULATED,Collect,TD-AR2,Π,SIM-ABL-7-0026,4.516352710038248
SIMULATED,Collect,TD-AR2,Π,SIM-ABL-7-0027,2.1060771846634956
SIMULATED,Collect,TD-AR2,Π,SIM-ABL-7-0028,-1.942180480904138
SIMULATED,Collect,TD-AR2,Π,SIM-ABL-7-0029,-3.128640985841323
SIMULATED,Collect,TD-AR2,Π,SIM-ABL-7-0030,13.553057603863966
SIMULATED,Collect,TD-AR2,Π,SIM-ABL-7-0031,3.947727166131396
SIMULATED,Collect,TD-AR2,Π,SIM-ABL-7-0032,-3.411317630148573
SIMULATED,Collect,TD-AR2,Π,SIM-ABL-7-0033,2.4981457433150207
SIMULATED,Collect,TD-AR2,Π,SIM-ABL-7-0034,3.423411709519587
SIMULATED,Collect,TD-AR2,Π,SIM-ABL-7-0035,-10.221058240078296
SIMULATED,Collect,TD-AR2,Π,SIM-ABL-7-0036,-10.883244452120683
SIMULATED,Collect,TD-AR2,Π,SIM-ABL-7-0037,3.747088422870079
SIMULATED,Collect,TD-AR2,Π,SIM-ABL-7-0038,4.91207819300593
SIMULATED,Collect,TD-AR2,Π,SIM-ABL-7-0039,5.663917095391796
SIMULATED,Collect,TD-AR2,Π,SIM-ABL-7-0040,-0.25594980691613434
SIMULATED,Collect,TD-AR2,Π,SIM-ABL-7-0041,-7.519846325488444
SIMULATED,Collect,TD-AR2,Π,SIM-ABL-7-0042,-7.555841857071575
SIMULATED,Collect,TD-AR2,Π,SIM-ABL-7-0043,-1.1741945670057168
SIMULATED,Collect,TD-AR2,Π,SIM-ABL-7-0044,-5.183968780434802
SIMULATED,Collect,TD-AR2,Π,SIM-ABL-7-0045,-2.6433301297035863
SIMULATED,Collect,TD-AR2,Π,SIM-ABL-7-0046,-5.740643038721809
SIMULATED,Collect,TD-AR2,Π,SIM-ABL-7-0047,-6.617297322208713
SIMULATED,Collect,TD-AR2,Π,SIM-ABL-7-0048,6.477956778443687
SIMULATED,Collect,TD-AR2,Π,SIM-ABL-7-0049,-0.04241589988474925
SIMULATED,Collect,TD-AR2,Π,SIM-ABL-7-0050,5.892997164806087
SIMULATED,Collect,TD-AR2,Π,SIM-ABL-7-0051,-8.317702640871172
SIMULATED,Collect,TD-AR2,Π,SIM-ABL-7-0052,-3.8640140271744645
SIMULATED,Collect,TD-AR2,Π,SIM-ABL-7-0053,2.7397473658571885
SIMULATED,Collect,TD-AR2,Π,SIM-ABL-7-0054,7.288160030187037
SIMULATED,Collect,TD-AR2,Π,SIM-ABL-7-0055,-6.641048073180516
SIMULATED,Collect,TD-AR2,Π,SIM-ABL-7-0056,1.6870330988893392
SIMULATED,Collect,TD-AR2,Π,SIM-ABL-7-0057,-13.402343638656447
SIMULATED,Collect,TD-AR2,Π,SIM-ABL-7-0058,1.4418618408931838
SIMULATED,Collect,TD-AR2,Π,SIM-ABL-7-0059,6.590561792316394
SIMULATED,Collect,TD-AR2,Π,SIM-ABL-7-0060,-4.965837816801876
SIMULATED,Collect,TD-AR2,Π,SIM-ABL-7-0061,-0.9519054880896636
SIMULATED,Collect,TD-AR2,Π,SIM-ABL-7-0062,12.207076339990792
SIMULATED,Collect,TD-AR2,Π,SIM-ABL-7-0063,-0.9894662318150609
SIMULATED,Collect,TD-AR2,Π,SIM-ABL-7-0064,-2.212228514551767
SIMULATED,Collect,TD-AR2,Π,SIM-ABL-7-0065,15.37652381406278
SIMULATED,Collect,TD-AR2,Π,SIM-ABL-7-0066,11.208941997985072
SIMULATED,Collect,TD-AR2,Π,SIM-ABL-7-0067,13.471658504174702
SIMULATED,Collect,TD-AR2,Π,SIM-ABL-7-0068,3.5238778549582883
SIMULATED,Collect,TD-AR2,Π,SIM-ABL-7-0069,1.1649987143769616
SIMULATED,Collect,TD-AR2,Π,SIM-ABL-7-0070,-1.4833221500751275
SIMULATED,Collect,TD-AR2,Π,SIM-ABL-7-0071,7.78910721569015
SIMULATED,Collect,TD-AR2,Π,SIM-ABL-7-0072,8.556128172371151
SIMULATED,Collect,TD-AR2,Π,SIM-ABL-7-0073,10.552054837956657
SIMULATED,Collect,TD-AR2,Π,SIM-ABL-7-0074,9.405321205339508
SIMULATED,Collect,TD-AR2,Π,SIM-ABL-7-0075,0.2108929470141725
SIMULATED,Collect,TD-AR2,Π,SIM-ABL-7-0076,1.9919228289902282
SIMULATED,Collect,TD-AR2,Π,SIM-ABL-7-0077,8.437450041334305
SIMULATED,Collect,TD-AR2,Π,SIM-ABL-7-0078,5.762416267256322
SIMULATED,Collect,TD-AR2,Π,SIM-ABL-7-0079,3.153908809148203
SIMULATED,Collect,TD-AR2,Π,SIM-ABL-7-0080,1.5600423285942866
SIMULATED,Collect,TD-AR2,Π,SIM-ABL-7-0081,-2.229677569668472
SIMULATED,Collect,TD-AR2,Π,SIM-ABL-7-0082,-1.8905972652411667
SIMULATED,Collect,TD-AR2,Π,SIM-ABL-7-0083,-1.5943440311676407
SIMULATED,Collect,TD-AR2,Π,SIM-ABL-7-0084,6.101876018516559
SIMULATED,Collect,TD-AR2,Π,SIM-ABL-7-0085,-14.96393196565263
SIMULATED,Collect,TD-AR2,Π,SIM-ABL-7-0086,5.722636230712544
SIMULATED,Collect,TD-AR2,Π,SIM-ABL-7-0087,-2.023823682972144
SIMULATED,Collect,TD-AR2,Π,SIM-ABL-7-0088,11.891184099750273
SIMULATED,Collect,TD-AR2,Π,SIM-ABL-7-0089,1.0361591373998804
SIMULATED,Collect,TD-AR2,Π,SIM-ABL-7-0090,7.101120424107398
SIMULATED,Collect,TD-AR2,Π,SIM-ABL-7-0091,-7.166455803076961
SIMULATED,Collect,TD-AR2,Π,SIM-ABL-7-0092,-1.9928135469318173
SIMULATED,Collect,TD-AR2,Π,SIM-ABL-7-0093,-8.239271080554488
SIMULATED,Collect,TD-AR2,Π,SIM-ABL-7-0094,12.988820623684012
SIMULATED,Collect,TD-AR2,Π,SIM-ABL-7-0095,9.356662974238704
SIMULATED,Collect,TD-AR2,Π,SIM-ABL-7-0096,-14.207641683777872
SIMULATED,Collect,TD-AR2,Π,SIM-ABL-7-0097,-4.744987230067721
SIMULATED,Collect,TD-AR2,Π,SIM-ABL-7-0098,3.4900470532167205
SIMULATED,Collect,TD-AR2,Π,SIM-ABL-7-0099,4.220112650728917
SIMULATED,Collect,TD-AR2,Π,SIM-ABL-7-0100,-6.667570169624221
SIMULATED,Collect,TD-AR2,Π,SIM-ABL-7-0101,8.920260855251067
SIMULATED,Collect,TD-AR2,Π,SIM-ABL-7-0102,-1.536060976628668
SIMULATED,Collect,TD-AR2,Π,SIM-ABL-7-0103,12.183813934321256
SIMULATED,Collect,TD-AR2,Π,SIM-ABL-7-0104,-0.7652053014895766
SIMULATED,Collect,TD-AR2,Π,SIM-ABL-7-0105,3.6547035769819898
SIMULATED,Collect,TD-AR2,Π,SIM-ABL-7-0106,-8.071463780617362
SIMULATED,Collect,TD-AR2,Π,SIM-ABL-7-0107,5.915533241402597
SIMULATED,Collect,TD-AR2,Π,SIM-ABL-7-0108,3.27746976798999
SIMULATED,Collect,TD-AR2,Π,SIM-ABL-7-0109,3.8276214657908163
SIMULATED,Collect,TD-AR2,Π,SIM-ABL-7-0110,1.226184949884806
SIMULATED,Collect,TD-AR2,Π,SIM-ABL-7-0111,1.1320412625787357
SIMULATED,Collect,TD-AR2,Π,SIM-ABL-7-0112,-4.702840248018984
SIMULATED,Collect,TD-AR2,Π,SIM-ABL-7-0113,-3.6512843923164384
SIMULATED,Collect,TD-AR2,Π,SIM-ABL-7-0114,1.191381169250078
SIMULATED,Collect,TD-AR2,Π,SIM-ABL-7-0115,11.021645943382312
SIMULATED,Collect,TD-AR2,Π,SIM-ABL-7-0116,-4.063267832924054
SIMULATED,Collect,TD-AR2,Π,SIM-ABL-7-0117,0.1194982744215467
SIMULATED,Collect,TD-AR2,Π,SIM-ABL-7-0118,-0.5829115188401144
SIMULATED,Collect,TD-AR2,Π,SIM-ABL-7-0119,-11.529336310825444
SIMULATED,Collect,TD-AR2,Π,SIM-ABL-7-0120,-14.913613148573262
SIMULATED,Collect,TD-AR2,Π,SIM-ABL-7-0121,-4.147087697715862
SIMULATED,Collect,TD-AR2,Π,SIM-ABL-7-0122,9.026249089632067
SIMULATED,Collect,TD-AR2,Π,SIM-ABL-7-0123,0.7799781059981663
SIMULATED,Collect,TD-AR2,Π,SIM-ABL-7-0124,-0.6101561910672857
SIMULATED,Collect,TD-AR2,Π,SIM-ABL-7-0125,-3.1253149002274183
SIMULATED,Collect,TD-AR2,Π,SIM-ABL-7-0126,12.353417655798147
SIMULATED,Collect,TD-AR2,Π,SIM-ABL-7-0127,-5.8897852502805295
SIMULATED,Collect,TD-AR2,Π,SIM-ABL-7-0128,8.464714475082582
SIMULATED,Collect,TD-AR2,Π,SIM-ABL-7-0129,5.211651826975591
SIMULATED,Collect,TD-AR2,Π,SIM-ABL-7-0130,1.7664796908400229
SIMULATED,Collect,TD-AR2,Π,SIM-ABL-7-0131,0.48914402989709593
SIMULATED,Collect,TD-AR2,Π,SIM-ABL-7-0132,-1.1789768594109795
SIMULATED,Collect,TD-AR2,Π,SIM-ABL-7-0133,5.839900294702872
SIMULATED,Collect,TD-AR2,Π,SIM-ABL-7-0134,-1.56868946908361
SIMULATED,Collect,TD-AR2,Π,SIM-ABL-7-0135,10.243333237073143
SIMULATED,Collect,TD-AR2,Π,SIM-ABL-7-0136,-0.5929237820544035
SIMULATED,Collect,TD-AR2,Π,SIM-ABL-7-0137,5.670544718884749
SIMULATED,Collect,TD-AR2,Π,SIM-ABL-7-0138,4.661986838750682
SIMULATED,Collect,TD-AR2,Π,SIM-ABL-7-0139,-6.478628008604427
SIMULATED,Collect,TD-AR2,Π,SIM-ABL-7-0140,12.458700365403649
SIMULATED,Collect,TD-AR2,Π,SIM-ABL-7-0141,10.03503099409666
SIMULATED,Collect,TD-AR2,Π,SIM-ABL-7-0142,0.7504722633168259
SIMULATED,Collect,TD-AR2,Π,SIM-ABL-7-0143,13.870078390617357
SIMULATED,Collect,TD-AR2,Π,SIM-ABL-7-0144,4.52765683030461
SIMULATED,Collect,TD-AR2,Π,SIM-ABL-7-0145,9.484454801547354
SIMULATED,Collect,TD-AR2,Π,SIM-ABL-7-0146,1.0847886344306952
SIMULATED,Collect,TD-AR2,Π,SIM-ABL-7-0147,6.033285528835819
SIMULATED,Collect,TD-AR2,Π,SIM-ABL-7-0148,5.592647699196286
SIMULATED,Collect,TD-AR2,Π,SIM-ABL-7-0149,7.972165554372441
SIMULATED,Collect,TD-AR2,Π,SIM-ABL-7-0150,11.531197203209578
SIMULATED,Collect,TD-AR2,Π,SIM-ABL-7-0151,4.178219122552385
SIMULATED,Collect,TD-AR2,Π,SIM-ABL-7-0152,-1.6339801272682901
SIMULATED,Collect,TD-AR2,Π,SIM-ABL-7-0153,9.730395040643701
SIMULATED,Collect,TD-AR2,Π,SIM-ABL-7-0154,-0.68442178425719
SIMULATED,Collect,TD-AR2,Π,SIM-ABL-7-0155,5.74064893384391
SIMULATED,Collect,TD-AR2,Π,SIM-ABL-7-0156,-10.173590417207658
SIMULATED,Collect,TD-AR2,Π,SIM-ABL-7-0157,-1.4599626336453666
SIMULATED,Collect,TD-AR2,Π,SIM-ABL-7-0158,2.047023720487282
SIMULATED,Collect,TD-AR2,Π,SIM-ABL-7-0159,-4.787859464945384
SIMULATED,Collect,TD-AR2,G,SIM-ABL-7-0000,0.8510116567174448
SIMULATED,Collect,TD-AR2,G,SIM-ABL-7-0001,-5.022543044051107
SIMULATED,Collect,TD-AR2,G,SIM-ABL-7-0002,3.1547281431136867
SIMULATED,Collect,TD-AR2,G,SIM-ABL-7-0003,8.836343586280954
SIMULATED,Collect,TD-AR2,G,SIM-ABL-7-0004,-4.050077833877582
SIMULATED,Collect,TD-AR2,G,SIM-ABL-7-0005,16.652165590694114
SIMULATED,Collect,TD-AR2,G,SIM-ABL-7-0006,6.903413984368224
SIMULATED,Collect,TD-AR2,G,SIM-ABL-7-0007,-0.919906967483135
SIMULATED,Collect,TD-AR2,G,SIM-ABL-7-0008,-7.736236350551338
SIMULATED,Collect,TD-AR2,G,SIM-ABL-7-0009,10.441756088761354
SIMULATED,Collect,TD-AR2,G,SIM-ABL-7-0010,3.1064617540907604
SIMULATED,Collect,TD-AR2,G,SIM-ABL-7-0011,18.295694617558706
SIMULATED,Collect,TD-AR2,G,SIM-ABL-7-0012,1.918165378245126
SIMULATED,Collect,TD-AR2,G,SIM-ABL-7-0013,7.371312223796363
SIMULATED,Collect,TD-AR2,G,SIM-ABL-7-0014,5.8718652792785235
SIMULATED,Collect,TD-AR2,G,SIM-ABL-7-0015,-0.4681969305347504
SIMULATED,Collect,TD-AR2,G,SIM-ABL-7-0016,2.358521034731612
SIMULATED,Collect,TD-AR2,G,SIM-ABL-7-0017,-4.990220608250307
SIMULATED,Collect,TD-AR2,G,SIM-ABL-7-0018,6.060105513918581
SIMULATED,Collect,TD-AR2,G,SIM-ABL-7-0019,15.245692806286154
SIMULATED,Collect,TD-AR2,G,SIM-ABL-7-0020,-1.7471510506306913
SIMULATED,Collect,TD-AR2,G,SIM-ABL-7-0021,-6.641389374340634
SIMULATED,Collect,TD-AR2,G,SIM-ABL-7-0022,3.322248320269483
SIMULATED,Collect,TD-AR2,G,SIM-ABL-7-0023,-8.638303529181382
SIMULATED,Collect,TD-AR2,G,SIM-ABL-7-0024,3.913111970100811
SIMULATED,Collect,TD-AR2,G,SIM-ABL-7-0025,-6.156031086971045
SIMULATED,Collect,TD-AR2,G,SIM-ABL-7-0026,3.6508833878755116
SIMULATED,Collect,TD-AR2,G,SIM-ABL-7-0027,3.1974012681776363
SIMULATED,Collect,TD-AR2,G,SIM-ABL-7-0028,1.3388167648908078
SIMULATED,Collect,TD-AR2,G,SIM-ABL-7-0029,-9.786169529840517
SIMULATED,Collect,TD-AR2,G,SIM-ABL-7-0030,-2.521487675789378
SIMULATED,Collect,TD-AR2,G,SIM-ABL-7-0031,-3.9606927661570754
SIMULATED,Collect,TD-AR2,G,SIM-ABL-7-0032,6.991195819418521
SIMULATED,Collect,TD-AR2,G,SIM-ABL-7-0033,8.897273013322318
SIMULATED,Collect,TD-AR2,G,SIM-ABL-7-0034,6.570687147954335
SIMULATED,Collect,TD-AR2,G,SIM-ABL-7-0035,-9.384917719005678
SIMULATED,Collect,TD-AR2,G,SIM-ABL-7-0036,7.844771454076889
SIMULATED,Collect,TD-AR2,G,SIM-ABL-7-0037,5.947830971356893
SIMULATED,Collect,TD-AR2,G,SIM-ABL-7-0038,-5.583762569951236
SIMULATED,Collect,TD-AR2,G,SIM-ABL-7-0039,11.905416919242718
SIMULATED,Collect,TD-AR2,G,SIM-ABL-7-0040,-5.591288921869553
SIMULATED,Collect,TD-AR2,G,SIM-ABL-7-0041,3.5266912367921757
SIMULATED,Collect,TD-AR2,G,SIM-ABL-7-0042,1.0728312853975346
SIMULATED,Collect,TD-AR2,G,SIM-ABL-7-0043,8.377114524170143
SIMULATED,Collect,TD-AR2,G,SIM-ABL-7-0044,1.0116192383812763
SIMULATED,Collect,TD-AR2,G,SIM-ABL-7-0045,2.30219567381175
SIMULATED,Collect,TD-AR2,G,SIM-ABL-7-0046,5.589608002084974
SIMULATED,Collect,TD-AR2,G,SIM-ABL-7-0047,11.085325634633794
SIMULATED,Collect,TD-AR2,G,SIM-ABL-7-0048,4.167759404036228
SIMULATED,Collect,TD-AR2,G,SIM-ABL-7-0049,10.9458750961895
SIMULATED,Collect,TD-AR2,G,SIM-ABL-7-0050,5.8938374453135385
SIMULATED,Collect,TD-AR2,G,SIM-ABL-7-0051,1.0593247714421818
SIMULATED,Collect,TD-AR2,G,SIM-ABL-7-0052,-9.908972248791276
SIMULATED,Collect,TD-AR2,G,SIM-ABL-7-0053,-4.39322722757068
SIMULATED,Collect,TD-AR2,G,SIM-ABL-7-0054,-4.047873291472452
SIMULATED,Collect,TD-AR2,G,SIM-ABL-7-0055,-0.8917954623951907
SIMULATED,Collect,TD-AR2,G,SIM-ABL-7-0056,-0.7716066706605287
SIMULATED,Collect,TD-AR2,G,SIM-ABL-7-0057,5.881518847978326
SIMULATED,Collect,TD-AR2,G,SIM-ABL-7-0058,5.09103857243954
SIMULATED,Collect,TD-AR2,G,SIM-ABL-7-0059,2.3549654328729526
SIMULATED,Collect,TD-AR2,G,SIM-ABL-7-0060,7.232847908198593
SIMULATED,Collect,TD-AR2,G,SIM-ABL-7-0061,-8.928101554148373
SIMULATED,Collect,TD-AR2,G,SIM-ABL-7-0062,-4.000148522811645
SIMULATED,Collect,TD-AR2,G,SIM-ABL-7-0063,10.19996229843331
SIMULATED,Collect,TD-AR2,G,SIM-ABL-7-0064,-1.479651204423118
SIMULATED,Collect,TD-AR2,G,SIM-ABL-7-0065,4.040671763956274
SIMULATED,Collect,TD-AR2,G,SIM-ABL-7-0066,6.806675298234381
SIMULATED,Collect,TD-AR2,G,SIM-ABL-7-0067,-1.4336538107027756
SIMULATED,Collect,TD-AR2,G,SIM-ABL-7-0068,-1.07068808377978
SIMULATED,Collect,TD-AR2,G,SIM-ABL-7-0069,4.926215099432966
SIMULATED,Collect,TD-AR2,G,SIM-ABL-7-0070,3.2430951826690944
SIMULATED,Collect,TD-AR2,G,SIM-ABL-7-0071,5.6101557971939355
SIMULATED,Collect,TD-AR2,G,SIM-ABL-7-0072,-6.857407799718366
SIMULATED,Collect,TD-AR2,G,SIM-ABL-7-0073,5.258971459102647
SIMULATED,Collect,TD-AR2,G,SIM-ABL-7-0074,-12.632835161941035
SIMULATED,Collect,TD-AR2,G,SIM-ABL-7-0075,2.1004785052912327
SIMULATED,Collect,TD-AR2,G,SIM-ABL-7-0076,6.605689420889997
SIMULATED,Collect,TD-AR2,G,SIM-ABL-7-0077,8.10476966564843
SIMULATED,Collect,TD-AR2,G,SIM-ABL-7-0078,-4.786686385943288
SIMULATED,Collect,TD-AR2,G,SIM-ABL-7-0079,1.7920310054562003
SIMULATED,Collect,TD-AR2,G,SIM-ABL-7-0080,11.746057910867687
SIMULATED,Collect,TD-AR2,G,SIM-ABL-7-0081,-4.339562763573361
SIMULATED,Collect,TD-AR2,G,SIM-ABL-7-0082,-0.3849268076630308
SIMULATED,Collect,TD-AR2,G,SIM-ABL-7-0083,1.1219208791078192
SIMULATED,Collect,TD-AR2,G,SIM-ABL-7-0084,8.034203607934288
SIMULATED,Collect,TD-AR2,G,SIM-ABL-7-0085,9.351875592121269
SIMULATED,Collect,TD-AR2,G,SIM-ABL-7-0086,7.771907345362731
SIMULATED,Collect,TD-AR2,G,SIM-ABL-7-0087,1.8145558912275204
SIMULATED,Collect,TD-AR2,G,SIM-ABL-7-0088,9.409234970582672
SIMULATED,Collect,TD-AR2,G,SIM-ABL-7-0089,-0.7839494168659185
SIMULATED,Collect,TD-AR2,G,SIM-ABL-7-0090,1.2330881449248132
SIMULATED,Collect,TD-AR2,G,SIM-ABL-7-0091,3.8003282812073214
SIMULATED,Collect,TD-AR2,G,SIM-ABL-7-0092,6.305461226495863
SIMULATED,Collect,TD-AR2,G,SIM-ABL-7-0093,-1.4176623262481556
SIMULATED,Collect,TD-AR2,G,SIM-ABL-7-0094,-4.738233140061845
SIMULATED,Collect,TD-AR2,G,SIM-ABL-7-0095,-14.114942052689731
SIMULATED,Collect,TD-AR2,G,SIM-ABL-7-0096,6.561194135241656
SIMULATED,Collect,TD-AR2,G,SIM-ABL-7-0097,2.640525504975775
SIMULATED,Collect,TD-AR2,G,SIM-ABL-7-0098,9.814758879718449
SIMULATED,Collect,TD-AR2,G,SIM-ABL-7-0099,0.47097445650819436
SIMULATED,Collect,TD-AR2,G,SIM-ABL-7-0100,6.070746916985956
SIMULATED,Collect,TD-AR2,G,SIM-ABL-7-0101,9.610126614058354
SIMULATED,Collect,TD-AR2,G,SIM-ABL-7-0102,-4.466985111358993
SIMULATED,Collect,TD-AR2,G,SIM-ABL-7-0103,1.8254772304011917
SIMULATED,Collect,TD-AR2,G,SIM-ABL-7-0104,-6.930282360243949
SIMULATED,Collect,TD-AR2,G,SIM-ABL-7-0105,0.1781800659341055
SIMULATED,Collect,TD-AR2,G,SIM-ABL-7-0106,-0.24307734983447693
SIMULATED,Collect,TD-AR2,G,SIM-ABL-7-0107,12.724346175078534
SIMULATED,Collect,TD-AR2,G,SIM-ABL-7-0108,-3.383795935470988
SIMULATED,Collect,TD-AR2,G,SIM-ABL-7-0109,-1.394010292225322
SIMULATED,Collect,TD-AR2,G,SIM-ABL-7-0110,-3.998617482989597
SIMULATED,Collect,TD-AR2,G,SIM-ABL-7-0111,5.359072957553011
SIMULATED,Collect,TD-AR2,G,SIM-ABL-7-0112,0.5563220078145745
SIMULATED,Collect,TD-AR2,G,SIM-ABL-7-0113,12.695033100280757
SIMULATED,Collect,TD-AR2,G,SIM-ABL-7-0114,-2.1863922657308006
SIMULATED,Collect,TD-AR2,G,SIM-ABL-7-0115,2.720073289541603
SIMULATED,Collect,TD-AR2,G,SIM-ABL-7-0116,-3.281000301490476
SIMULATED,Collect,TD-AR2,G,SIM-ABL-7-0117,5.199844710024044
SIMULATED,Collect,TD-AR2,G,SIM-ABL-7-0118,-0.47219453816239687
SIMULATED,Collect,TD-AR2,G,SIM-ABL-7-0119,1.0359446595867476
SIMULATED,Collect,TD-AR2,G,SIM-ABL-7-0120,12.445026805314853
SIMULATED,Collect,TD-AR2,G,SIM-ABL-7-0121,-7.17606762753124
SIMULATED,Collect,TD-AR2,G,SIM-ABL-7-0122,-3.196920445734664
SIMULATED,Collect,TD-AR2,G,SIM-ABL-7-0123,7.236292277012741
SIMULATED,Collect,TD-AR2,G,SIM-ABL-7-0124,5.370025438103459
SIMULATED,Collect,TD-AR2,G,SIM-ABL-7-0125,-3.164384113636398
SIMULATED,Collect,TD-AR2,G,SIM-ABL-7-0126,-16.132775541530297
SIMULATED,Collect,TD-AR2,G,SIM-ABL-7-0127,2.24309944852534
SIMULATED,Collect,TD-AR2,G,SIM-ABL-7-0128,1.5319288007528316
SIMULATED,Collect,TD-AR2,G,SIM-ABL-7-0129,0.143941066459508
SIMULATED,Collect,TD-AR2,G,SIM-ABL-7-0130,-2.9273554128285006
SIMULATED,Collect,TD-AR2,G,SIM-ABL-7-0131,19.42341444799787
SIMULATED,Collect,TD-AR2,G,SIM-ABL-7-0132,-6.041912893438998
SIMULATED,Collect,TD-AR2,G,SIM-ABL-7-0133,7.199762807603198
SIMULATED,Collect,TD-AR2,G,SIM-ABL-7-0134,6.893149398739084
SIMULATED,Collect,TD-AR2,G,SIM-ABL-7-0135,3.0752988761905256
SIMULATED,Collect,TD-AR2,G,SIM-ABL-7-0136,8.265050071839822
SIMULATED,Collect,TD-AR2,G,SIM-ABL-7-0137,-9.234185035226563
SIMULATED,Collect,TD-AR2,G,SIM-ABL-7-0138,-1.6717014948717885
SIMULATED,Collect,TD-AR2,G,SIM-ABL-7-0139,-8.976601153592654
SIMULATED,Collect,TD-AR2,G,SIM-ABL-7-0140,0.21635218460511707
SIMULATED,Collect,TD-AR2,G,SIM-ABL-7-0141,4.035139545165415
SIMULATED,Collect,TD-AR2,G,SIM-ABL-7-0142,-8.387206426093083
SIMULATED,Collect,TD-AR2,G,SIM-ABL-7-0143,10.222344776579103
SIMULATED,Collect,TD-AR2,G,SIM-ABL-7-0144,-7.771195636396954
SIMULATED,Collect,TD-AR2,G,SIM-ABL-7-0145,6.664017118877897
SIMULATED,Collect,TD-AR2,G,SIM-ABL-7-0146,0.643996424967491
SIMULATED,Collect,TD-AR2,G,SIM-ABL-7-0147,6.409300404201839
SIMULATED,Collect,TD-AR2,G,SIM-ABL-7-0148,0.1507877369073629
SIMULATED,Collect,TD-AR2,G,SIM-ABL-7-0149,8.048160558279095
SIMULATED,Collect,TD-AR2,G,SIM-ABL-7-0150,5.214157518006506
SIMULATED,Collect,TD-AR2,G,SIM-ABL-7-0151,2.1800351252712664
SIMULATED,Collect,TD-AR2,G,SIM-ABL-7-0152,2.600224479368535
SIMULATED,Collect,TD-AR2,G,SIM-ABL-7-0153,1.2388533417977798
SIMULATED,Collect,TD-AR2,G,SIM-ABL-7-0154,5.084993367927393
SIMULATED,Collect,TD-AR2,G,SIM-ABL-7-0155,8.629520882185613
SIMULATED,Collect,TD-AR2,G,SIM-ABL-7-0156,12.638260969323582
SIMULATED,Collect,TD-AR2,G,SIM-ABL-7-0157,-11.679038766500646
SIMULATED,Collect,TD-AR2,G,SIM-ABL-7-0158,-0.15595216316126548
SIMULATED,Collect,TD-AR2,G,SIM-ABL-7-0159,4.17773282018803
