provenance,setting,domain,input_group,y0_quality,seed_quality,p2e_quality,blinded_outcome,seed_major_regression,p2e_major_regression
SIMULATED,Reuse,TD-SV4,SIM-C2-0-0000,0.30648458038953097,0.8566801406907486,-0.4784583030102766,Seed wins,0,0
SIMULATED,Reuse,TD-SV4,SIM-C2-0-0001,0.03831752883795108,0.06885579456213209,0.7112320425502825,P2E wins,0,0
SIMULATED,Reuse,TD-SV4,SIM-C2-0-0002,-0.9077945663896824,-0.7314689562624068,-1.536428139903852,Seed wins,0,0
SIMULATED,Reuse,TD-SV4,SIM-C2-0-0003,-0.7206996769070534,-0.6204698868180671,-0.017414458364141072,P2E wins,0,0
SIMULATED,Reuse,TD-SV4,SIM-C2-0-0004,-1.3320817938930607,-0.48867736787980265,-0.6135569316407143,Tie,0,0
SIMULATED,Reuse,TD-SV4,SIM-C2-0-0005,2.2149739567504865,2.521574066132194,2.3924542704747553,Tie,0,0
SIMULATED,Reuse,TD-SV4,SIM-C2-0-0006,-0.2340753534249431,0.3891657642443546,0.34441881368313454,Tie,0,0
SIMULATED,Reuse,TD-SV4,SIM-C2-0-0007,1.4640685261563338,2.2610606816127743,1.3308682032909627,Seed wins,0,0
SIMULATED,Reuse,TD-SV4,SIM-C2-0-0008,-0.3183736581983527,0.7298388039826147,0.7036574529896943,Tie,0,0
SIMULATED,Reuse,TD-SV4,SIM-C2-0-0009,-0.6764372694077637,-0.10524734922196405,0.5880561727162963,P2E wins,0,0
SIMULATED,Reuse,TD-SV4,SIM-C2-0-0010,1.9305229201111969,1.9358513142371958,2.321025706147568,P2E wins,0,0
SIMULATED,Reuse,TD-SV4,SIM-C2-0-0011,-0.7130832698579671,-0.20983117178928012,-0.056624309801650376,P2E wins,0,0
SIMULATED,Reuse,TD-SV4,SIM-C2-0-0012,1.0726918008888622,-0.2292022161171159,1.273439554915923,P2E wins,1,0
SIMULATED,Reuse,TD-SV4,SIM-C2-0-0013,0.30714903165535795,0.6111970524507506,0.22640582186433086,Seed wins,0,0
SIMULATED,Reuse,TD-SV4,SIM-C2-0-0014,-0.08664604087469321,0.6928590159736269,0.41447669111220997,Seed wins,0,0
SIMULATED,Reuse,TD-SV4,SIM-C2-0-0015,-0.00596071418905386,-0.13718016101410627,0.286600326468078,P2E wins,0,0
SIMULATED,Reuse,TD-SV4,SIM-C2-0-0016,-1.1884039197263452,-1.8559218125570416,-0.4056454986476826,P2E wins,0,0
SIMULATED,Reuse,TD-SV4,SIM-C2-0-0017,-0.2127702150240709,0.29048784315844756,0.4047574424279973,Tie,0,0
SIMULATED,Reuse,TD-SV4,SIM-C2-0-0018,1.2977087569492356,1.657084496536922,2.003848780382312,P2E wins,0,0
SIMULATED,Reuse,TD-SV4,SIM-C2-0-0019,0.05550026775096242,-0.10093470688263445,0.8292928371134384,P2E wins,0,0
SIMULATED,Reuse,TD-SV4,SIM-C2-0-0020,0.7268689683577254,1.1845788347241673,1.3227005289564888,Tie,0,0
SIMULATED,Reuse,TD-SV4,SIM-C2-0-0021,0.37147974741657885,0.5510646577289081,0.12636020386753943,Seed wins,0,0
SIMULATED,Reuse,TD-SV4,SIM-C2-0-0022,0.6116687537046251,-0.5099246269762161,0.23187821713720325,P2E wins,1,0
SIMULATED,Reuse,TD-SV4,SIM-C2-0-0023,0.011063166211177521,0.6191119395387444,0.43627015366390653,Seed wins,0,0
SIMULATED,Reuse,TD-SV4,SIM-C2-0-0024,-0.3977180377957105,-1.037239439334436,0.8440062734414051,P2E wins,0,0
SIMULATED,Reuse,TD-SV4,SIM-C2-0-0025,1.1643850314976771,0.6157452886067045,1.5570418293048258,P2E wins,0,0
SIMULATED,Reuse,TD-SV4,SIM-C2-0-0026,0.5702132895547768,0.5385252659543037,1.622577045782113,P2E wins,0,0
SIMULATED,Reuse,TD-SV4,SIM-C2-0-0027,-1.1710309647613517,-0.880710174313578,-0.7635652788229756,Tie,0,0
SIMULATED,Reuse,TD-SV4,SIM-C2-0-0028,1.58618203210772,2.1979185700069443,3.2992791098364833,P2E wins,0,0
SIMULATED,Reuse,TD-SV4,SIM-C2-0-0029,0.4677181998856267,-0.1341668961644255,0.8182667817665024,P2E wins,0,0
SIMULATED,Reuse,TD-SV4,SIM-C2-0-0030,-0.06257775088724496,0.1197978690789564,0.5028652711857402,P2E wins,0,0
SIMULATED,Reuse,TD-SV4,SIM-C2-0-0031,0.02618186449778207,-0.5024566596246927,0.8516847197794715,P2E wins,0,0
SIMULATED,Reuse,TD-SV4,SIM-C2-0-0032,1.9748335844921165,1.6242685106659853,1.465983998765218,Seed wins,0,0
SIMULATED,Reuse,TD-SV4,SIM-C2-0-0033,0.20660398645379094,0.3889905698272713,0.11897739965247237,Seed wins,0,0
SIMULATED,Reuse,TD-SV4,SIM-C2-0-0034,1.3280204842613557,1.5096940176342875,2.252702201327807,P2E wins,0,0
SIMULATED,Reuse,TD-SV4,SIM-C2-0-0035,-1.1754413281601623,-1.1663734754733324,-1.1949217790844378,Tie,0,0
SIMULATED,Reuse,TD-SV4,SIM-C2-0-0036,-0.5135822979727692,-0.59286822378991,-0.1274112823885562,P2E wins,0,0
SIMULATED,Reuse,TD-SV4,SIM-C2-0-0037,0.8081485530749571,0.4679716623450234,0.43846053338329805,Abstain,0,0
SIMULATED,Reuse,TD-SV4,SIM-C2-0-0038,-0.581780835681344,0.3367468394708383,-0.028582983785404817,Seed wins,0,0
SIMULATED,Reuse,TD-SV4,SIM-C2-0-0039,-0.028059247442980866,0.09343080516053535,-0.25512511162762885,Seed wins,0,0
SIMULATED,Reuse,TD-SV4,SIM-C2-0-0040,0.9503946691305902,0.4940730761231742,1.0560974427873184,P2E wins,0,0
SIMULATED,Reuse,TD-SV4,SIM-C2-0-0041,-0.785119936852126,-0.1888408486916815,-0.16887541551568774,Tie,0,0
SIMULATED,Reuse,TD-SV4,SIM-C2-0-0042,1.2084214482728315,1.2414042027741856,2.397793340171492,P2E wins,0,0
SIMULATED,Reuse,TD-SV4,SIM-C2-0-0043,0.4329986730844261,0.24780067131689326,0.6407714862650398,P2E wins,0,0
SIMULATED,Reuse,TD-SV4,SIM-C2-0-0044,-0.2685502362708363,0.11444815670868863,0.7241197743048453,P2E wins,0,0
SIMULATED,Reuse,TD-SV4,SIM-C2-0-0045,0.021483806011463973,-0.15241484161492846,0.3828179873377581,P2E wins,0,0
SIMULATED,Reuse,TD-SV4,SIM-C2-0-0046,1.6104918353965085,1.7531149064452574,1.4971714084688679,Seed wins,0,0
SIMULATED,Reuse,TD-SV4,SIM-C2-0-0047,-0.29138592103278177,-0.7774009182921173,-0.873046477756326,Tie,0,0
SIMULATED,Reuse,TD-SV4,SIM-C2-0-0048,-0.04605022165698834,0.3849864466713431,1.3072455856073035,P2E wins,0,0
SIMULATED,Reuse,TD-SV4,SIM-C2-0-0049,0.583252682751383,0.233092877233405,1.125125097665396,P2E wins,0,0
SIMULATED,Reuse,TD-SV4,SIM-C2-0-0050,2.3935979722912224,2.526334773702817,2.6574644609720033,Tie,0,0
SIMULATED,Reuse,TD-SV4,SIM-C2-0-0051,0.9833941098725367,1.567491998687661,1.6753338373616034,Tie,0,0
SIMULATED,Reuse,TD-SV4,SIM-C2-0-0052,-0.804793280831595,-0.19433622143551768,-0.884484588187451,Seed wins,0,0
SIMULATED,Reuse,TD-SV4,SIM-C2-0-0053,0.4012903041153429,1.4174773028163363,-0.07686987533640388,Seed wins,0,0
SIMULATED,Reuse,TD-SV4,SIM-C2-0-0054,0.11555795863898735,0.7307855716379947,0.25756741981522013,Seed wins,0,0
SIMULATED,Reuse,TD-SV4,SIM-C2-0-0055,0.07975606051478185,0.7567887637733591,1.1347086126309764,P2E wins,0,0
SIMULATED,Reuse,TD-SV4,SIM-C2-0-0056,0.1475188691764334,0.5268984720938901,0.5268979888773268,Tie,0,0
SIMULATED,Reuse,TD-SV4,SIM-C2-0-0057,-1.8859307902498346,-1.2148318820008168,-0.2612934036802368,P2E wins,0,0
SIMULATED,Reuse,TD-SV4,SIM-C2-0-0058,1.1221707925201756,1.8537956065999663,1.6858873170784083,Seed wins,0,0
SIMULATED,Reuse,TD-SV4,SIM-C2-0-0059,-0.525308103720888,-0.003938309801707313,-0.5656221401468667,Seed wins,0,0
SIMULATED,Reuse,TD-SV4,SIM-C2-0-0060,0.7626426796824143,1.1553468851771465,2.2658553793953202,Abstain,0,0
SIMULATED,Reuse,TD-SV4,SIM-C2-0-0061,-1.7062653295264347,-0.4377054346794257,-0.13319718500229816,P2E wins,0,0
SIMULATED,Reuse,TD-SV4,SIM-C2-0-0062,-0.07278978706393517,0.18060799415290088,-0.45570660509623606,Seed wins,0,0
SIMULATED,Reuse,TD-SV4,SIM-C2-0-0063,0.10719971642540303,0.45579966765251556,-0.22213391127233717,Seed wins,0,0
SIMULATED,Reuse,TD-SV4,SIM-C2-0-0064,-2.871584679947289,-2.823996225168212,-1.8730046408388195,P2E wins,0,0
SIMULATED,Reuse,TD-SV4,SIM-C2-0-0065,-3.2100192337500424,-3.010906035759171,-1.9622530518051653,P2E wins,0,0
SIMULATED,Reuse,TD-SV4,SIM-C2-0-0066,-0.8549909720229727,-0.38540731896020686,0.32079581115825856,P2E wins,0,0
SIMULATED,Reuse,TD-SV4,SIM-C2-0-0067,0.030524681506845338,1.3507859081786209,1.5317145262945089,P2E wins,0,0
SIMULATED,Reuse,TD-SV4,SIM-C2-0-0068,0.693353926927109,1.0586028175817606,0.36302049484474175,Seed wins,0,0
SIMULATED,Reuse,TD-SV4,SIM-C2-0-0069,0.03207532103225369,-0.18261659770754907,1.34196269855915,P2E wins,0,0
SIMULATED,Reuse,TD-SV4,SIM-C2-0-0070,0.7549619942266248,1.5501349049653101,1.0368764362762075,Seed wins,0,0
SIMULATED,Reuse,TD-SV4,SIM-C2-0-0071,-0.693598698407334,-0.9362043233220554,0.5197982057638164,P2E wins,0,0
SIMULATED,Reuse,TD-SV4,SIM-C2-0-0072,-1.310852857354134,-1.1685916897401616,0.43373600880165974,P2E wins,0,0
SIMULATED,Reuse,TD-SV4,SIM-C2-0-0073,0.4298155013684618,-0.08700753227111713,1.0389226635313735,P2E wins,0,0
SIMULATED,Reuse,TD-SV4,SIM-C2-0-0074,-1.5290048110988883,-0.049763150868395,-1.104545989322119,Seed wins,0,0
SIMULATED,Reuse,TD-SV4,SIM-C2-0-0075,-1.2858582953802746,-0.8116531674056564,-0.5155326389896067,P2E wins,0,0
SIMULATED,Reuse,TD-SV4,SIM-C2-0-0076,1.226791919348969,1.8367720110617873,2.7844984179815118,P2E wins,0,0
SIMULATED,Reuse,TD-SV4,SIM-C2-0-0077,-1.0122347152606284,-0.09853529217218204,-1.3017322117906471,Seed wins,0,0
SIMULATED,Reuse,TD-SV4,SIM-C2-0-0078,-0.4147460446905051,0.4818726922328828,1.3628235440576855,P2E wins,0,0
SIMULATED,Reuse,TD-SV4,SIM-C2-0-0079,-0.33606065871791874,1.0615014634262148,-0.0018765723305117776,Seed wins,0,0
SIMULATED,Reuse,TD-SV4,SIM-C2-0-0080,-0.9482615550310284,-0.5953839292791409,0.8347252368400341,P2E wins,0,0
SIMULATED,Reuse,TD-SV4,SIM-C2-0-0081,-2.066216356291321,-1.794241984148534,-1.2870189669098615,P2E wins,0,0
SIMULATED,Reuse,TD-SV4,SIM-C2-0-0082,0.38332344272175317,0.5624267363562089,1.7441958352158244,P2E wins,0,0
SIMULATED,Reuse,TD-SV4,SIM-C2-0-0083,1.5409347686619266,1.9706922846569588,2.7814620331313757,P2E wins,0,0
SIMULATED,Reuse,TD-SV4,SIM-C2-0-0084,1.021886965735347,0.7273129226937919,1.132207255384809,P2E wins,0,0
SIMULATED,Reuse,TD-SV4,SIM-C2-0-0085,-1.7739429914046914,-1.4546569177900275,-0.9200077208601025,P2E wins,0,0
SIMULATED,Reuse,TD-SV4,SIM-C2-0-0086,-0.9875735298263574,-1.2720141203141582,-1.2879151056892213,Tie,0,0
SIMULATED,Reuse,TD-SV4,SIM-C2-0-0087,-0.3741411485071076,0.046680664947747696,-0.5198483329344405,Seed wins,0,0
SIMULATED,Reuse,TD-SV4,SIM-C2-0-0088,-0.08297707833361115,1.1938157517834762,0.5813755684626284,Seed wins,0,0
SIMULATED,Reuse,TD-SV4,SIM-C2-0-0089,-1.1063018928623147,-0.7935408999008566,-0.8366219665492655,Tie,0,0
SIMULATED,Reuse,TD-SV4,SIM-C2-0-0090,-0.5099877712235983,-0.3575328980901466,0.620929934576264,P2E wins,0,0
SIMULATED,Reuse,TD-SV4,SIM-C2-0-0091,-0.453010082189338,-1.2079565260629856,-0.36621221948382215,P2E wins,0,0
SIMULATED,Reuse,TD-SV4,SIM-C2-0-0092,-0.5547112632952668,-0.9228769873808121,-0.3348713643308856,P2E wins,0,0
SIMULATED,Reuse,TD-SV4,SIM-C2-0-0093,1.0711674393008352,0.5506541604805844,1.8903769298981734,P2E wins,0,0
SIMULATED,Reuse,TD-SV4,SIM-C2-0-0094,0.08868987714976685,0.14293794189168235,1.2863172949024009,P2E wins,0,0
SIMULATED,Reuse,TD-SV4,SIM-C2-0-0095,-2.180397005166262,-2.063260000306744,-0.9749748245263052,P2E wins,0,0
SIMULATED,Reuse,TD-SV4,SIM-C2-0-0096,-0.7608983558662508,-1.1465940662028915,0.034820191076042895,P2E wins,0,0
SIMULATED,Reuse,TD-SV4,SIM-C2-0-0097,2.0430993687865464,2.723918949410327,3.536987769402225,P2E wins,0,0
SIMULATED,Reuse,TD-SV4,SIM-C2-0-0098,-0.10998606180785325,-0.38317172494434176,0.6390236181708191,P2E wins,0,0
SIMULATED,Reuse,TD-SV4,SIM-C2-0-0099,0.7951188239346013,1.4960756244775513,1.8750834265578762,P2E wins,0,0
SIMULATED,Reuse,TD-SV4,SIM-C2-0-0100,0.8355277717451507,0.12742830671807837,2.7328925509343365,P2E wins,0,0
SIMULATED,Reuse,TD-SV4,SIM-C2-0-0101,-0.4081821312149999,0.6912198479618451,1.476331201686624,P2E wins,0,0
SIMULATED,Reuse,TD-SV4,SIM-C2-0-0102,-0.38668794418215485,-0.42132999963001183,0.1483729668576298,P2E wins,0,0
SIMULATED,Reuse,TD-SV4,SIM-C2-0-0103,-0.7227418283853456,-1.1580240857322384,0.25549724088993075,P2E wins,0,0
SIMULATED,Reuse,TD-SV4,SIM-C2-0-0104,1.6248833180642892,1.6483884687787258,1.9292052100526749,P2E wins,0,0
SIMULATED,Reuse,TD-SV4,SIM-C2-0-0105,-0.26959913146814685,0.6846720487764931,0.042340946162262666,Seed wins,0,0
SIMULATED,Reuse,TD-SV4,SIM-C2-0-0106,-0.15481610588208877,0.08680898255890902,0.37147900342501466,P2E wins,0,0
SIMULATED,Reuse,TD-SV4,SIM-C2-0-0107,0.5844146281458521,0.41170590218602776,1.7430815879185366,P2E wins,0,0
SIMULATED,Reuse,TD-SV4,SIM-C2-0-0108,-2.0297898762414768,-1.1609031996998236,-1.3634452063779183,Seed wins,0,0
SIMULATED,Reuse,TD-SV4,SIM-C2-0-0109,1.3784790041427193,1.5328176414742174,1.3840156085954505,Tie,0,0
SIMULATED,Reuse,TD-SV4,SIM-C2-0-0110,0.832654616117622,1.871965757283279,0.44161544423576493,Seed wins,0,0
SIMULATED,Reuse,TD-SV4,SIM-C2-0-0111,-0.0040181976012996995,0.06296193397161814,-0.005283271198813666,Tie,0,0
SIMULATED,Reuse,TD-SV4,SIM-C2-0-0112,-0.3634792058708946,-0.13862384686185222,-0.1729184326377611,Tie,0,0
SIMULATED,Reuse,TD-SV4,SIM-C2-0-0113,0.1894595780003855,-0.43533315603420975,0.5152778046957265,P2E wins,0,0
SIMULATED,Reuse,TD-SV4,SIM-C2-0-0114,0.717609312662343,1.4962521665320019,2.42226045788184,P2E wins,0,0
SIMULATED,Reuse,TD-SV4,SIM-C2-0-0115,-1.975903804376314,-1.1379388976399998,-0.9631114070578971,P2E wins,0,0
SIMULATED,Reuse,TD-SV4,SIM-C2-0-0116,1.1213436846642486,2.0712888343530445,1.8288337429565482,Seed wins,0,0
SIMULATED,Reuse,TD-SV4,SIM-C2-0-0117,1.3897347288813373,1.9673089140353988,1.331509315188948,Seed wins,0,0
SIMULATED,Reuse,TD-SV4,SIM-C2-0-0118,-0.7597094674162146,0.2817883207101599,-0.45851330127327244,Seed wins,0,0
SIMULATED,Reuse,TD-SV4,SIM-C2-0-0119,0.2480858838417956,1.3315940004793292,1.5246456328101101,P2E wins,0,0
SIMULATED,Reuse,TD-SV4,SIM-C2-0-0120,-0.7148023739643798,-0.8031005148444106,0.02788112180900501,P2E wins,0,0
SIMULATED,Reuse,TD-SV4,SIM-C2-0-0121,0.8777553287305884,1.0331480157754773,0.576202379726942,Seed wins,0,0
SIMULATED,Reuse,TD-SV4,SIM-C2-0-0122,-0.7967382218680922,-0.2460099957403462,0.21873140630836788,P2E wins,0,0
SIMULATED,Reuse,TD-SV4,SIM-C2-0-0123,-1.0145470996469663,-0.8988239678489391,-0.9385309049645014,Tie,0,0
SIMULATED,Reuse,TD-SV4,SIM-C2-0-0124,0.6592821733759332,1.0129011262771463,0.25887743692692006,Seed wins,0,0
SIMULATED,Reuse,TD-SV4,SIM-C2-0-0125,-1.067994287559127,-1.229665529614329,-1.9532918423347345,Seed wins,0,1
SIMULATED,Reuse,TD-SV4,SIM-C2-0-0126,-1.7857024951933769,-1.0966032967318005,-0.12655120330538527,P2E wins,0,0
SIMULATED,Reuse,TD-SV4,SIM-C2-0-0127,-0.17688907235722998,0.2117925990384002,0.9826053050113241,P2E wins,0,0
SIMULATED,Reuse,TD-SV4,SIM-C2-0-0128,2.117032694028531,2.044551815843813,2.400324364218039,P2E wins,0,0
SIMULATED,Reuse,TD-SV4,SIM-C2-0-0129,0.5325413798512945,0.856405292941978,1.4684837342040329,P2E wins,0,0
SIMULATED,Reuse,TD-SV4,SIM-C2-0-0130,0.13301479256313506,0.3002948876958873,-0.27536951937111176,Seed wins,0,0
SIMULATED,Reuse,TD-SV4,SIM-C2-0-0131,0.1288089272154078,0.0060905411239151955,0.8867380937448146,P2E wins,0,0
SIMULATED,Reuse,TD-SV4,SIM-C2-0-0132,-0.6627434125381214,-0.9542832510781931,-0.8246560698990222,Tie,0,0
SIMULATED,Reuse,TD-SV4,SIM-C2-0-0133,-0.23663460932039207,-0.2553845118526188,0.050661316644902935,P2E wins,0,0
SIMULATED,Reuse,TD-SV4,SIM-C2-0-0134,-0.9134611372768876,-0.6116159611007723,-0.6914883350740372,Tie,0,0
SIMULATED,Reuse,TD-SV4,SIM-C2-0-0135,0.6500138304919504,1.7500390152351066,2.154883784807997,P2E wins,0,0
SIMULATED,Reuse,TD-SV4,SIM-C2-0-0136,0.5878959685297753,0.7619515325259156,0.5876836418199601,Seed wins,0,0
SIMULATED,Reuse,TD-SV4,SIM-C2-0-0137,-0.272696500468118,0.25303860490693586,0.9356460588700719,P2E wins,0,0
SIMULATED,Reuse,TD-SV4,SIM-C2-0-0138,-1.882463820556373,-1.6032897527953762,-1.0874798614348582,P2E wins,0,0
SIMULATED,Reuse,TD-SV4,SIM-C2-0-0139,-0.6807014267242286,-0.49939678845758906,0.39805859244547925,P2E wins,0,0
SIMULATED,Reuse,TD-SV4,SIM-C2-0-0140,0.11492173564095111,1.0377705555902845,-0.17095713447539795,Seed wins,0,0
SIMULATED,Reuse,TD-SV4,SIM-C2-0-0141,-0.0749582286834867,-0.6223786981001875,1.4500224208457155,P2E wins,0,0
SIMULATED,Reuse,TD-SV4,SIM-C2-0-0142,-0.44501445287800817,0.4036730072020159,-0.1072332847324653,Seed wins,0,0
SIMULATED,Reuse,TD-SV4,SIM-C2-0-0143,1.6623796654280325,1.6970817453103952,1.86607862368218,P2E wins,0,0
SIMULATED,Reuse,TD-SV4,SIM-C2-0-0144,-1.0618496329766784,-1.471362939607928,-0.769395900015502,P2E wins,0,0
SIMULATED,Reuse,TD-SV4,SIM-C2-0-0145,0.10412563877055044,-0.1715836893196011,1.1448685372036098,P2E wins,0,0
SIMULATED,Reuse,TD-SV4,SIM-C2-0-0146,0.49517398109404226,-0.1269155368202428,-0.1670089378765076,Tie,0,0
SIMULATED,Reuse,TD-SV4,SIM-C2-0-0147,0.05953200726917675,-0.019420481069545303,1.084910613542525,P2E wins,0,0
SIMULATED,Reuse,TD-SV4,SIM-C2-0-0148,1.175285675782111,3.2050967434706434,1.8916156467593979,Seed wins,0,0
SIMULATED,Reuse,TD-SV4,SIM-C2-0-0149,0.07227023905463167,-0.13268716685476267,1.1674516993846413,P2E wins,0,0
SIMULATED,Reuse,TD-SV4,SIM-C2-0-0150,-0.7976734937293695,0.7210086962874802,0.5322198963577012,Seed wins,0,0
SIMULATED,Reuse,TD-SV4,SIM-C2-0-0151,-1.0377964306821108,-1.9147798871047303,-0.5723072904107979,P2E wins,1,0
SIMULATED,Reuse,TD-SV4,SIM-C2-0-0152,1.0255635342672849,1.262895736701599,1.783782729917383,P2E wins,0,0
SIMULATED,Reuse,TD-SV4,SIM-C2-0-0153,-2.474545351050448,-2.552059908001531,-1.9244105816222479,P2E wins,0,0
SIMULATED,Reuse,TD-SV4,SIM-C2-0-0154,0.21294655461290554,0.4793286539589365,0.02628658726435204,Seed wins,0,0
SIMULATED,Reuse,TD-SV4,SIM-C2-0-0155,-1.2986402966236346,-0.6595503278101851,-0.9829036302857157,Seed wins,0,0
SIMULATED,Reuse,TD-SV4,SIM-C2-0-0156,1.1178371911105909,1.0087220602764562,2.1020588888006477,P2E wins,0,0
SIMULATED,Reuse,TD-SV4,SIM-C2-0-0157,1.7917849361130627,2.2739369012819943,3.3895881331984725,P2E wins,0,0
SIMULATED,Reuse,TD-SV4,SIM-C2-0-0158,-0.17689833909104516,-0.6095731433960488,0.5441317318351799,P2E wins,0,0
SIMULATED,Reuse,TD-SV4,SIM-C2-0-0159,1.2548321948188468,1.0286779597286284,1.7795320413689732,P2E wins,0,0
SIMULATED,Reuse,TD-IG1,SIM-C2-1-0000,1.3172758466390422,1.7759611201130345,1.0411526379717788,Seed wins,0,0
SIMULATED,Reuse,TD-IG1,SIM-C2-1-0001,0.07129120277141404,1.1947633386769196,1.283081708822881,Tie,0,0
SIMULATED,Reuse,TD-IG1,SIM-C2-1-0002,-0.1842818610402499,-0.08167068886738696,-0.29488912724386357,Seed wins,0,0
SIMULATED,Reuse,TD-IG1,SIM-C2-1-0003,0.03911332618928892,0.4301143962280882,1.2753161612481372,P2E wins,0,0
SIMULATED,Reuse,TD-IG1,SIM-C2-1-0004,0.40334996186706895,0.6180846550633057,-0.17716122866710682,Seed wins,0,0
SIMULATED,Reuse,TD-IG1,SIM-C2-1-0005,1.519199141724997,0.852542640678077,1.2468038735028548,P2E wins,0,0
SIMULATED,Reuse,TD-IG1,SIM-C2-1-0006,-0.4953944250361877,-1.0727798338985046,-0.14697943863388258,P2E wins,0,0
SIMULATED,Reuse,TD-IG1,SIM-C2-1-0007,0.521636120750628,1.0407298274011731,0.7153579204759344,Seed wins,0,0
SIMULATED,Reuse,TD-IG1,SIM-C2-1-0008,-0.11265092429141764,0.853099920756306,-0.915129856233899,Seed wins,0,1
SIMULATED,Reuse,TD-IG1,SIM-C2-1-0009,0.7021868815584961,1.1087134983559248,0.9747723768057811,Tie,0,0
SIMULATED,Reuse,TD-IG1,SIM-C2-1-0010,1.1051961001162387,0.7004224411431543,1.4129876533839831,P2E wins,0,0
SIMULATED,Reuse,TD-IG1,SIM-C2-1-0011,1.6696962309379362,2.5957682789657444,1.8813883190530134,Seed wins,0,0
SIMULATED,Reuse,TD-IG1,SIM-C2-1-0012,-1.6023516839898209,-0.7918563864780845,-0.8579258504752318,Tie,0,0
SIMULATED,Reuse,TD-IG1,SIM-C2-1-0013,0.3075411841378634,1.5469868812968524,1.4062030034406732,Tie,0,0
SIMULATED,Reuse,TD-IG1,SIM-C2-1-0014,1.3529737111937215,1.4929911640474638,1.7459782242003545,P2E wins,0,0
SIMULATED,Reuse,TD-IG1,SIM-C2-1-0015,-1.0926435702590533,-0.6536002989640398,-0.5789701929204581,Tie,0,0
SIMULATED,Reuse,TD-IG1,SIM-C2-1-0016,0.16355301628827584,0.5752799089654377,-0.7956770455406559,Seed wins,0,1
SIMULATED,Reuse,TD-IG1,SIM-C2-1-0017,-0.41594014981139443,-1.3664743527352248,0.14966363781964015,P2E wins,1,0
SIMULATED,Reuse,TD-IG1,SIM-C2-1-0018,0.7113780721016851,0.7882900658220142,0.43532553196695634,Seed wins,0,0
SIMULATED,Reuse,TD-IG1,SIM-C2-1-0019,0.9544839193031542,1.7542852328679839,0.938321581299481,Seed wins,0,0
SIMULATED,Reuse,TD-IG1,SIM-C2-1-0020,-0.7664145223936835,-0.3494880697654244,-0.5605701520200925,Seed wins,0,0
SIMULATED,Reuse,TD-IG1,SIM-C2-1-0021,-0.6196414291771235,1.3482778204227572,-0.684940819014436,Seed wins,0,0
SIMULATED,Reuse,TD-IG1,SIM-C2-1-0022,-1.2196152675324325,-2.3802785095104824,-1.5395186311494329,P2E wins,1,0
SIMULATED,Reuse,TD-IG1,SIM-C2-1-0023,-0.3933127684694002,0.31956572946127815,0.7656694618191768,P2E wins,0,0
SIMULATED,Reuse,TD-IG1,SIM-C2-1-0024,0.21280980190069707,-0.03858702925775556,-0.7101944497388876,Seed wins,0,1
SIMULATED,Reuse,TD-IG1,SIM-C2-1-0025,1.0598578654845676,1.518800615414523,0.9551166849849633,Seed wins,0,0
SIMULATED,Reuse,TD-IG1,SIM-C2-1-0026,0.13085843936033006,0.6770415105791123,0.4058726280181838,Seed wins,0,0
SIMULATED,Reuse,TD-IG1,SIM-C2-1-0027,-0.500955105825418,-1.5296917436336608,-0.4030215569724078,Abstain,1,0
SIMULATED,Reuse,TD-IG1,SIM-C2-1-0028,0.12137762577289668,0.8453910502890416,1.098204533561571,P2E wins,0,0
SIMULATED,Reuse,TD-IG1,SIM-C2-1-0029,-0.5735084146854916,-0.025332418159141085,0.809783958790726,P2E wins,0,0
SIMULATED,Reuse,TD-IG1,SIM-C2-1-0030,-1.115280779556606,-0.8069876699990337,-1.164838869022335,Seed wins,0,0
SIMULATED,Reuse,TD-IG1,SIM-C2-1-0031,1.3620941865391705,2.036014481202469,1.67209911732542,Seed wins,0,0
SIMULATED,Reuse,TD-IG1,SIM-C2-1-0032,-0.880145528646019,-1.0023995828738799,-0.9613874765703312,Tie,0,0
SIMULATED,Reuse,TD-IG1,SIM-C2-1-0033,-1.1122933037170641,-0.2285240176021931,-0.6447652849602155,Seed wins,0,0
SIMULATED,Reuse,TD-IG1,SIM-C2-1-0034,-0.2318254603418147,-0.6303390715691471,-0.08022283784458847,P2E wins,0,0
SIMULATED,Reuse,TD-IG1,SIM-C2-1-0035,-0.678051425445302,-0.7946844615326205,-0.8044498997576361,Tie,0,0
SIMULATED,Reuse,TD-IG1,SIM-C2-1-0036,1.5519055842638323,2.694030767166858,1.3733051437430195,Seed wins,0,0
SIMULATED,Reuse,TD-IG1,SIM-C2-1-0037,0.05891531879762555,0.3992607470000507,0.5521089756517408,P2E wins,0,0
SIMULATED,Reuse,TD-IG1,SIM-C2-1-0038,1.0596882496154965,0.5955506366332232,-0.36832965407544727,Seed wins,0,1
SIMULATED,Reuse,TD-IG1,SIM-C2-1-0039,-0.8546945480385386,-0.7645388270056381,0.5778951786210976,P2E wins,0,0
SIMULATED,Reuse,TD-IG1,SIM-C2-1-0040,0.341633221589356,0.7065468264884255,0.8298144823157496,Tie,0,0
SIMULATED,Reuse,TD-IG1,SIM-C2-1-0041,1.4517864282452932,1.0355675217812879,1.732833963695251,P2E wins,0,0
SIMULATED,Reuse,TD-IG1,SIM-C2-1-0042,-0.3963774148093471,-0.5445465813116654,-0.43748417882115676,Tie,0,0
SIMULATED,Reuse,TD-IG1,SIM-C2-1-0043,0.9681476393162675,1.0143311385308766,1.1581171117238367,Abstain,0,0
SIMULATED,Reuse,TD-IG1,SIM-C2-1-0044,0.009095100370692668,0.6206716224916262,1.0603001450997225,P2E wins,0,0
SIMULATED,Reuse,TD-IG1,SIM-C2-1-0045,0.6657080946454251,0.851171167780787,2.0028358197653064,P2E wins,0,0
SIMULATED,Reuse,TD-IG1,SIM-C2-1-0046,-0.078460580927541,-0.7411420794275706,0.5586333243285879,P2E wins,0,0
SIMULATED,Reuse,TD-IG1,SIM-C2-1-0047,-0.2122628329970563,-0.362035279742305,-0.9529999318619016,Seed wins,0,0
SIMULATED,Reuse,TD-IG1,SIM-C2-1-0048,-0.21076857606296956,0.24432269585071092,1.3070969059562396,P2E wins,0,0
SIMULATED,Reuse,TD-IG1,SIM-C2-1-0049,-0.3392187858923458,-0.24821949865570742,0.035020718314410615,P2E wins,0,0
SIMULATED,Reuse,TD-IG1,SIM-C2-1-0050,-1.943794470889427,-0.9910742963458147,-0.7277282975872592,P2E wins,0,0
SIMULATED,Reuse,TD-IG1,SIM-C2-1-0051,-0.8653749672432867,-1.2458604938254587,-0.29374415700164996,P2E wins,0,0
SIMULATED,Reuse,TD-IG1,SIM-C2-1-0052,0.41005305801052694,1.1744890424586156,1.4918200482502189,P2E wins,0,0
SIMULATED,Reuse,TD-IG1,SIM-C2-1-0053,-0.3744195188925133,0.5684446337034716,0.6336346674074405,Tie,0,0
SIMULATED,Reuse,TD-IG1,SIM-C2-1-0054,1.2520032819914781,1.3869577854179818,2.0522225428274354,P2E wins,0,0
SIMULATED,Reuse,TD-IG1,SIM-C2-1-0055,0.9301988323801077,2.1008777848140054,1.929848796204609,Seed wins,0,0
SIMULATED,Reuse,TD-IG1,SIM-C2-1-0056,0.8633811569866011,1.265399651264341,1.9035129123025978,P2E wins,0,0
SIMULATED,Reuse,TD-IG1,SIM-C2-1-0057,-2.3683160081257797,-1.962288615098656,-1.569337067700662,P2E wins,0,0
SIMULATED,Reuse,TD-IG1,SIM-C2-1-0058,0.3133189760052292,0.8963497234069507,2.1080864544002065,P2E wins,0,0
SIMULATED,Reuse,TD-IG1,SIM-C2-1-0059,1.3877746376162705,1.6791294789112403,0.5835316069341239,Seed wins,0,1
SIMULATED,Reuse,TD-IG1,SIM-C2-1-0060,-0.008330273532708538,1.0281382003892707,0.30724170549693325,Seed wins,0,0
SIMULATED,Reuse,TD-IG1,SIM-C2-1-0061,-0.5878606623349028,-0.3744897008541831,-0.3969544007483528,Tie,0,0
SIMULATED,Reuse,TD-IG1,SIM-C2-1-0062,1.7488258801016143,1.3385363115528217,2.0900274314010296,P2E wins,0,0
SIMULATED,Reuse,TD-IG1,SIM-C2-1-0063,-1.7865834398954366,-2.3811543490103846,-1.6032753662098438,P2E wins,0,0
SIMULATED,Reuse,TD-IG1,SIM-C2-1-0064,1.3526252870730329,2.0991871955065453,1.0763220080014482,Seed wins,0,0
SIMULATED,Reuse,TD-IG1,SIM-C2-1-0065,0.19835426975398596,0.14614189402221517,0.2412299122724444,Tie,0,0
SIMULATED,Reuse,TD-IG1,SIM-C2-1-0066,0.041320073846876824,-0.24900002003649352,0.8152563745417333,P2E wins,0,0
SIMULATED,Reuse,TD-IG1,SIM-C2-1-0067,1.2716247711504194,1.3866332711045226,0.8540073464011526,Seed wins,0,0
SIMULATED,Reuse,TD-IG1,SIM-C2-1-0068,-1.3691385011437498,-1.5273143960275943,-1.6353019912704914,Tie,0,0
SIMULATED,Reuse,TD-IG1,SIM-C2-1-0069,0.9480384136662439,0.7320198017796605,1.890782686159746,P2E wins,0,0
SIMULATED,Reuse,TD-IG1,SIM-C2-1-0070,-0.20481198885273957,-0.10965732680636875,0.03824431446101778,Tie,0,0
SIMULATED,Reuse,TD-IG1,SIM-C2-1-0071,-0.8862119362306063,0.2473944014960715,-1.5014614479001178,Seed wins,0,0
SIMULATED,Reuse,TD-IG1,SIM-C2-1-0072,0.4579746784790423,0.08549140734448829,0.3329538047216018,P2E wins,0,0
SIMULATED,Reuse,TD-IG1,SIM-C2-1-0073,-0.9922126401007192,-0.49574340687556523,-0.7965468822715429,Seed wins,0,0
SIMULATED,Reuse,TD-IG1,SIM-C2-1-0074,-1.030121644593272,-0.4131936244823341,-1.1506028403131623,Seed wins,0,0
SIMULATED,Reuse,TD-IG1,SIM-C2-1-0075,0.41098158432828513,0.00401125334636121,0.17094750328896713,P2E wins,0,0
SIMULATED,Reuse,TD-IG1,SIM-C2-1-0076,-0.1884582298728119,-0.5761722774876303,0.04158016991874543,P2E wins,0,0
SIMULATED,Reuse,TD-IG1,SIM-C2-1-0077,0.39566390262201867,0.7327187980177953,1.1195874530538203,P2E wins,0,0
SIMULATED,Reuse,TD-IG1,SIM-C2-1-0078,-0.3524031275403369,0.09777530042809801,-0.7626977818399346,Seed wins,0,0
SIMULATED,Reuse,TD-IG1,SIM-C2-1-0079,-0.3898760052119987,-0.041641529019895596,-0.3445477344589263,Seed wins,0,0
SIMULATED,Reuse,TD-IG1,SIM-C2-1-0080,-0.07066661693080248,0.14394850293370517,0.4511684581671694,P2E wins,0,0
SIMULATED,Reuse,TD-IG1,SIM-C2-1-0081,-0.04101108378579103,0.19141640806706126,-0.9010128649141436,Seed wins,0,1
SIMULATED,Reuse,TD-IG1,SIM-C2-1-0082,-0.17389223557223984,-0.7762422435462859,-1.2155897263929365,Seed wins,0,1
SIMULATED,Reuse,TD-IG1,SIM-C2-1-0083,-1.5984198344008849,-2.0581180597385336,-1.2317183078234515,P2E wins,0,0
SIMULATED,Reuse,TD-IG1,SIM-C2-1-0084,-0.5869323188012098,0.5899802306968471,0.44819169890268273,Tie,0,0
SIMULATED,Reuse,TD-IG1,SIM-C2-1-0085,-0.7689625342501437,0.22006923880931023,-0.19952074248556573,Seed wins,0,0
SIMULATED,Reuse,TD-IG1,SIM-C2-1-0086,0.6620796632300764,1.0466631028175792,0.8066054982075519,Seed wins,0,0
SIMULATED,Reuse,TD-IG1,SIM-C2-1-0087,-0.05886729989442182,0.30868584893979195,0.13485770887006457,Seed wins,0,0
SIMULATED,Reuse,TD-IG1,SIM-C2-1-0088,1.546297168594466,1.9507177809102034,1.3327071370811938,Seed wins,0,0
SIMULATED,Reuse,TD-IG1,SIM-C2-1-0089,-1.1996724071481952,0.25678086812483547,0.014793911857618303,Abstain,0,0
SIMULATED,Reuse,TD-IG1,SIM-C2-1-0090,-0.5245175964750663,-0.7298903418879245,-0.6414673405923282,Tie,0,0
SIMULATED,Reuse,TD-IG1,SIM-C2-1-0091,-0.39271826600438775,-0.6063393991469389,-0.36984778292294274,P2E wins,0,0
SIMULATED,Reuse,TD-IG1,SIM-C2-1-0092,0.3642006116123935,1.3445545240509564,1.477314984672105,Tie,0,0
SIMULATED,Reuse,TD-IG1,SIM-C2-1-0093,0.6607138668419702,1.7667122920020288,0.9077925160817626,Seed wins,0,0
SIMULATED,Reuse,TD-IG1,SIM-C2-1-0094,-0.05328510454072575,0.021331338337673963,-0.24614650360998352,Seed wins,0,0
SIMULATED,Reuse,TD-IG1,SIM-C2-1-0095,0.7286310156445669,2.4744810715265526,1.4883941053972145,Seed wins,0,0
SIMULATED,Reuse,TD-IG1,SIM-C2-1-0096,-0.7610842740145457,-1.5942877689951116,-0.3893390651324204,P2E wins,1,0
SIMULATED,Reuse,TD-IG1,SIM-C2-1-0097,-1.0839941705496279,-1.860614154674776,-0.7781830536702088,P2E wins,0,0
SIMULATED,Reuse,TD-IG1,SIM-C2-1-0098,0.15430365614635033,1.0853231530074432,0.06840127315814254,Abstain,0,0
SIMULATED,Reuse,TD-IG1,SIM-C2-1-0099,-0.8790097679140376,-0.580567330187479,0.232221390464344,P2E wins,0,0
SIMULATED,Reuse,TD-IG1,SIM-C2-1-0100,0.06570074766069298,0.22140744809613166,0.8810430230712105,P2E wins,0,0
SIMULATED,Reuse,TD-IG1,SIM-C2-1-0101,2.4835059592323323,2.4314569729873683,2.5981707017575353,P2E wins,0,0
SIMULATED,Reuse,TD-IG1,SIM-C2-1-0102,-0.1130574879526489,-0.08119145656017562,0.3526696465078919,P2E wins,0,0
SIMULATED,Reuse,TD-IG1,SIM-C2-1-0103,0.9438181366238443,-0.13098638548502683,1.1484436274593655,P2E wins,1,0
SIMULATED,Reuse,TD-IG1,SIM-C2-1-0104,-0.39885938383841807,-0.19616863675675567,-0.5923690017444956,Seed wins,0,0
SIMULATED,Reuse,TD-IG1,SIM-C2-1-0105,1.5948743167242752,1.8081262352108247,3.2010605708409843,P2E wins,0,0
SIMULATED,Reuse,TD-IG1,SIM-C2-1-0106,-0.11932530009587439,-0.13395074846969535,0.018921096430000173,P2E wins,0,0
SIMULATED,Reuse,TD-IG1,SIM-C2-1-0107,0.48644939524956904,1.2798509991409344,1.4417733587943804,P2E wins,0,0
SIMULATED,Reuse,TD-IG1,SIM-C2-1-0108,-0.9532070491738177,-1.1281555679296884,-0.6151627720351136,P2E wins,0,0
SIMULATED,Reuse,TD-IG1,SIM-C2-1-0109,-0.3081433465177828,0.2286412824426497,-0.8542629270706574,Seed wins,0,0
SIMULATED,Reuse,TD-IG1,SIM-C2-1-0110,1.0252696645541393,1.6756426429352316,0.8436179023349952,Seed wins,0,0
SIMULATED,Reuse,TD-IG1,SIM-C2-1-0111,-0.44389387361858285,-0.34639646626158227,-0.2648024565875874,Abstain,0,0
SIMULATED,Reuse,TD-IG1,SIM-C2-1-0112,1.079362764988014,1.4306651135871573,1.8358438481000043,P2E wins,0,0
SIMULATED,Reuse,TD-IG1,SIM-C2-1-0113,0.9443959028686996,0.11016523695786262,0.9593787015802251,P2E wins,1,0
SIMULATED,Reuse,TD-IG1,SIM-C2-1-0114,-0.9018143071314875,-0.8403846841275715,-1.2444452436451339,Seed wins,0,0
SIMULATED,Reuse,TD-IG1,SIM-C2-1-0115,0.5843280064991395,0.39159552010154186,1.7711486009857433,P2E wins,0,0
SIMULATED,Reuse,TD-IG1,SIM-C2-1-0116,0.543383042926707,0.31744836981140667,0.25144408896835097,Tie,0,0
SIMULATED,Reuse,TD-IG1,SIM-C2-1-0117,-1.664622419529635,-0.8754176119231012,-0.13793927591035704,P2E wins,0,0
SIMULATED,Reuse,TD-IG1,SIM-C2-1-0118,-1.0048232937372177,-0.757443329798603,0.08480197319115607,P2E wins,0,0
SIMULATED,Reuse,TD-IG1,SIM-C2-1-0119,0.7722873608478895,1.548799600286665,0.09128692598978416,Seed wins,0,0
SIMULATED,Reuse,TD-IG1,SIM-C2-1-0120,-0.5686290524073521,0.29996351840499624,-1.0318291995036366,Seed wins,0,0
SIMULATED,Reuse,TD-IG1,SIM-C2-1-0121,1.766291780764994,2.069822933167483,2.780982260474455,P2E wins,0,0
SIMULATED,Reuse,TD-IG1,SIM-C2-1-0122,0.9594344253307765,1.5880923016583024,1.1149749472769799,Seed wins,0,0
SIMULATED,Reuse,TD-IG1,SIM-C2-1-0123,-0.07215881997675182,0.7816583255126592,0.2842506783761083,Seed wins,0,0
SIMULATED,Reuse,TD-IG1,SIM-C2-1-0124,-0.1275374077759902,0.555846857149348,0.157042085781415,Seed wins,0,0
SIMULATED,Reuse,TD-IG1,SIM-C2-1-0125,-1.634695656310875,-2.16478267927153,-0.8877253299286185,P2E wins,0,0
SIMULATED,Reuse,TD-IG1,SIM-C2-1-0126,-0.18039116817780262,-1.1396468587924455,0.9689596477591707,P2E wins,1,0
SIMULATED,Reuse,TD-IG1,SIM-C2-1-0127,-0.05546033162192356,-0.8139371617799642,-0.9265017332524951,Tie,0,1
SIMULATED,Reuse,TD-IG1,SIM-C2-1-0128,-0.5085621738737472,0.78336556787999,-0.19450739084287727,Seed wins,0,0
SIMULATED,Reuse,TD-IG1,SIM-C2-1-0129,-3.67279824616049,-3.663209424746465,-3.3031264377146448,P2E wins,0,0
SIMULATED,Reuse,TD-IG1,SIM-C2-1-0130,1.6185069579490785,2.199891706055424,1.3857912578135307,Seed wins,0,0
SIMULATED,Reuse,TD-IG1,SIM-C2-1-0131,-1.4957969509639661,-1.6457811081379965,-2.181958500752823,Seed wins,0,0
SIMULATED,Reuse,TD-IG1,SIM-C2-1-0132,-0.08633443246582578,-0.8893424569173057,-0.2818675577876205,P2E wins,1,0
SIMULATED,Reuse,TD-IG1,SIM-C2-1-0133,-0.8285558366888208,-2.1470810818744157,-0.0857864201904418,P2E wins,1,0
SIMULATED,Reuse,TD-IG1,SIM-C2-1-0134,1.0549011529373908,0.595724043913775,1.0714340957691846,P2E wins,0,0
SIMULATED,Reuse,TD-IG1,SIM-C2-1-0135,0.630478873804588,0.7965350064203482,0.7000633726165595,Tie,0,0
SIMULATED,Reuse,TD-IG1,SIM-C2-1-0136,0.17520726197901557,-0.2459496211506855,0.529760924271668,Abstain,0,0
SIMULATED,Reuse,TD-IG1,SIM-C2-1-0137,0.48301409475250107,0.7809717339025214,0.9640880290920695,P2E wins,0,0
SIMULATED,Reuse,TD-IG1,SIM-C2-1-0138,-1.1958359860927825,-1.2859147976588576,-1.3492939664394343,Tie,0,0
SIMULATED,Reuse,TD-IG1,SIM-C2-1-0139,0.23732597247647078,0.11595991585219584,1.310762290278858,P2E wins,0,0
SIMULATED,Reuse,TD-IG1,SIM-C2-1-0140,0.23019957302754585,0.6010651543866233,0.6745919681163006,Tie,0,0
SIMULATED,Reuse,TD-IG1,SIM-C2-1-0141,0.4367158906784628,0.7323413909352927,0.9817528435246211,P2E wins,0,0
SIMULATED,Reuse,TD-IG1,SIM-C2-1-0142,0.2926543436422174,1.3891340252357507,0.5740264798913076,Seed wins,0,0
SIMULATED,Reuse,TD-IG1,SIM-C2-1-0143,-0.8171342354627501,-1.3883443097065737,-0.9330485164636466,P2E wins,0,0
SIMULATED,Reuse,TD-IG1,SIM-C2-1-0144,-0.6887099777654552,-1.0114738045482992,0.35319801173350124,P2E wins,0,0
SIMULATED,Reuse,TD-IG1,SIM-C2-1-0145,0.459318383640526,0.3435545329795173,-0.7076121075065707,Seed wins,0,1
SIMULATED,Reuse,TD-IG1,SIM-C2-1-0146,0.4813022081374296,-0.6205938110408363,1.0965395296230098,Abstain,1,0
SIMULATED,Reuse,TD-IG1,SIM-C2-1-0147,1.0162694571174133,1.2632054953027014,1.9549452448668059,P2E wins,0,0
SIMULATED,Reuse,TD-IG1,SIM-C2-1-0148,-1.7667278003268707,-1.2635248783380477,-1.246760015414904,Tie,0,0
SIMULATED,Reuse,TD-IG1,SIM-C2-1-0149,0.7948239287373021,0.4463722329059798,0.13121638787716394,Seed wins,0,0
SIMULATED,Reuse,TD-IG1,SIM-C2-1-0150,-0.5066358303354237,-0.4607733662311657,-0.5948668643592376,Tie,0,0
SIMULATED,Reuse,TD-IG1,SIM-C2-1-0151,-0.33822357070343484,-0.05439587025977509,-0.8349002308862611,Seed wins,0,0
SIMULATED,Reuse,TD-IG1,SIM-C2-1-0152,1.8626726151556554,2.4748401605720027,1.9801643223916274,Seed wins,0,0
SIMULATED,Reuse,TD-IG1,SIM-C2-1-0153,1.162890058292553,1.827325473447167,1.63250796450516,Seed wins,0,0
SIMULATED,Reuse,TD-IG1,SIM-C2-1-0154,0.4919479586227781,0.15094521249378978,1.6979400467758277,P2E wins,0,0
SIMULATED,Reuse,TD-IG1,SIM-C2-1-0155,0.6650791605448442,2.027613018375071,0.6763178153185607,Seed wins,0,0
SIMULATED,Reuse,TD-IG1,SIM-C2-1-0156,1.499883852318277,1.7004511379553962,1.9141064089680655,P2E wins,0,0
SIMULATED,Reuse,TD-IG1,SIM-C2-1-0157,-0.22839418986222204,-0.2795222942152704,-1.044688207313028,Seed wins,0,1
SIMULATED,Reuse,TD-IG1,SIM-C2-1-0158,-0.6376693606540464,-0.4081278762774481,-0.5394480219654469,Tie,0,0
SIMULATED,Reuse,TD-IG1,SIM-C2-1-0159,0.2440060820715997,1.3944914785034692,0.8301651677988697,Seed wins,0,0
SIMULATED,Reuse,TD-TG1,SIM-C2-2-0000,-0.33953231338432716,-0.47523517298296514,-0.9987540153695167,Seed wins,0,0
SIMULATED,Reuse,TD-TG1,SIM-C2-2-0001,1.3699206271530455,0.9949099185125361,1.4891069015188516,P2E wins,0,0
SIMULATED,Reuse,TD-TG1,SIM-C2-2-0002,-0.9662169014550872,-0.7766080812181021,-0.884258724139928,Tie,0,0
SIMULATED,Reuse,TD-TG1,SIM-C2-2-0003,1.9394383309805727,1.646507235510921,2.5850173760389685,P2E wins,0,0
SIMULATED,Reuse,TD-TG1,SIM-C2-2-0004,2.2399556130556615,1.4809893573623758,2.3093755271964405,P2E wins,0,0
SIMULATED,Reuse,TD-TG1,SIM-C2-2-0005,-0.30580935363697914,0.1723415129634645,-0.2791098003931932,Seed wins,0,0
SIMULATED,Reuse,TD-TG1,SIM-C2-2-0006,0.5919715694577756,0.7790087815669028,2.3299367225767305,P2E wins,0,0
SIMULATED,Reuse,TD-TG1,SIM-C2-2-0007,-0.3752713091268648,-0.8856334995442037,1.010215167027479,P2E wins,0,0
SIMULATED,Reuse,TD-TG1,SIM-C2-2-0008,-0.0772984819628562,-0.10398803207874467,0.48827131154522824,P2E wins,0,0
SIMULATED,Reuse,TD-TG1,SIM-C2-2-0009,0.3330223334908448,0.1511637352417498,0.25784581399099116,Tie,0,0
SIMULATED,Reuse,TD-TG1,SIM-C2-2-0010,2.269002235227687,2.297262934840457,3.558083423734125,P2E wins,0,0
SIMULATED,Reuse,TD-TG1,SIM-C2-2-0011,0.892217368653162,0.5780289642262426,0.9736706281412778,P2E wins,0,0
SIMULATED,Reuse,TD-TG1,SIM-C2-2-0012,1.4284504730149223,1.3946675656893417,2.1439576839670615,P2E wins,0,0
SIMULATED,Reuse,TD-TG1,SIM-C2-2-0013,0.1323542189670254,0.3309798211140399,-0.462408524230807,Seed wins,0,0
SIMULATED,Reuse,TD-TG1,SIM-C2-2-0014,0.9296478582977744,1.0179175068559376,0.5812666079932609,Seed wins,0,0
SIMULATED,Reuse,TD-TG1,SIM-C2-2-0015,-2.032064770913743,-2.6038395653844253,-3.3523175711412287,Seed wins,0,1
SIMULATED,Reuse,TD-TG1,SIM-C2-2-0016,-0.04003864274403492,-0.296074440251724,0.3494677996065907,P2E wins,0,0
SIMULATED,Reuse,TD-TG1,SIM-C2-2-0017,-0.12969963102419538,-0.25423915959418186,-0.4784117257891226,Seed wins,0,0
SIMULATED,Reuse,TD-TG1,SIM-C2-2-0018,-0.6014708932468115,-0.506764299631671,0.3742354783519098,P2E wins,0,0
SIMULATED,Reuse,TD-TG1,SIM-C2-2-0019,-0.19703919240405685,1.4918372582812662,0.049717215134683745,Seed wins,0,0
SIMULATED,Reuse,TD-TG1,SIM-C2-2-0020,-0.3984406825682502,-0.4383956679283906,-0.684458942422485,Seed wins,0,0
SIMULATED,Reuse,TD-TG1,SIM-C2-2-0021,0.5289505975878886,1.6395463950535811,0.6572250090401098,Seed wins,0,0
SIMULATED,Reuse,TD-TG1,SIM-C2-2-0022,0.4247317550770589,-0.3525789728271371,0.44377123477383384,P2E wins,0,0
SIMULATED,Reuse,TD-TG1,SIM-C2-2-0023,0.46542709975175045,0.014453802309402103,0.8779982492713562,P2E wins,0,0
SIMULATED,Reuse,TD-TG1,SIM-C2-2-0024,-0.13923670875019623,0.4036535803282322,0.05463385025687906,Seed wins,0,0
SIMULATED,Reuse,TD-TG1,SIM-C2-2-0025,-0.06506444577520461,0.1332316538466905,0.25473649364951817,Tie,0,0
SIMULATED,Reuse,TD-TG1,SIM-C2-2-0026,0.9976263427678687,1.3533104126271471,1.4839703061825236,Tie,0,0
SIMULATED,Reuse,TD-TG1,SIM-C2-2-0027,0.11559577646053769,0.8428669060230354,0.7840152396983979,Tie,0,0
SIMULATED,Reuse,TD-TG1,SIM-C2-2-0028,0.14752251096446167,1.6768789723622397,0.1414324479979271,Seed wins,0,0
SIMULATED,Reuse,TD-TG1,SIM-C2-2-0029,-0.005936583177907115,-0.7736826964903095,1.6582046049859,P2E wins,0,0
SIMULATED,Reuse,TD-TG1,SIM-C2-2-0030,-1.3614615249030186,-1.681970998137384,-0.45202825053105733,P2E wins,0,0
SIMULATED,Reuse,TD-TG1,SIM-C2-2-0031,-0.46351738466707326,-0.3409340466364721,-1.0834969342795664,Seed wins,0,0
SIMULATED,Reuse,TD-TG1,SIM-C2-2-0032,-1.0552163557715728,-1.141408035241282,0.12690864595737128,P2E wins,0,0
SIMULATED,Reuse,TD-TG1,SIM-C2-2-0033,0.8627030286587145,1.450391594215265,2.112933339680948,P2E wins,0,0
SIMULATED,Reuse,TD-TG1,SIM-C2-2-0034,0.19031337466420967,-1.0793737234128904,0.07669235701546662,P2E wins,1,0
SIMULATED,Reuse,TD-TG1,SIM-C2-2-0035,0.5051538054692165,0.9658900709749086,1.4113268996486121,P2E wins,0,0
SIMULATED,Reuse,TD-TG1,SIM-C2-2-0036,-0.5788124557070115,-0.6591241172421233,-0.9705102306349976,Seed wins,0,0
SIMULATED,Reuse,TD-TG1,SIM-C2-2-0037,0.009820388603063878,0.4136187469292577,1.3247965376641286,P2E wins,0,0
SIMULATED,Reuse,TD-TG1,SIM-C2-2-0038,1.1290604957988208,0.7432836900196401,2.172982525147355,P2E wins,0,0
SIMULATED,Reuse,TD-TG1,SIM-C2-2-0039,-0.21502253259840712,0.0160644676460589,-0.12028081222964479,Tie,0,0
SIMULATED,Reuse,TD-TG1,SIM-C2-2-0040,-0.4809347406707371,0.04361440428846497,-0.711382222692351,Abstain,0,0
SIMULATED,Reuse,TD-TG1,SIM-C2-2-0041,-0.579370219708751,-0.2568271176689959,-0.5147418368718103,Seed wins,0,0
SIMULATED,Reuse,TD-TG1,SIM-C2-2-0042,0.2088627511492737,0.8740127598288201,1.8831078233545278,P2E wins,0,0
SIMULATED,Reuse,TD-TG1,SIM-C2-2-0043,0.5700875771648913,0.4757284965251696,-0.17820758009473536,Seed wins,0,0
SIMULATED,Reuse,TD-TG1,SIM-C2-2-0044,-0.49566562609848275,-0.9692351383397062,-0.024610382677906217,P2E wins,0,0
SIMULATED,Reuse,TD-TG1,SIM-C2-2-0045,-0.7904079800016237,-0.7838580476875289,-0.6441286436530749,Tie,0,0
SIMULATED,Reuse,TD-TG1,SIM-C2-2-0046,1.931993300139287,2.039808815470684,2.9397896805422947,P2E wins,0,0
SIMULATED,Reuse,TD-TG1,SIM-C2-2-0047,0.8907150249591915,0.8961345963556974,2.0034120893230156,P2E wins,0,0
SIMULATED,Reuse,TD-TG1,SIM-C2-2-0048,-0.42112018527310785,0.12453571154760304,0.9793440869421077,P2E wins,0,0
SIMULATED,Reuse,TD-TG1,SIM-C2-2-0049,0.6574446053977278,-0.07183741196551385,0.8038938761143244,P2E wins,0,0
SIMULATED,Reuse,TD-TG1,SIM-C2-2-0050,1.5306865581488738,2.5647252114620036,1.2917937057803708,Seed wins,0,0
SIMULATED,Reuse,TD-TG1,SIM-C2-2-0051,-0.13844387977434863,0.16058255960510984,0.3263240058707505,P2E wins,0,0
SIMULATED,Reuse,TD-TG1,SIM-C2-2-0052,-0.3532155667101768,-0.28289082000572274,-1.0751836715176917,Seed wins,0,0
SIMULATED,Reuse,TD-TG1,SIM-C2-2-0053,0.6442160366269615,-0.37838940583664527,-1.1081693518639062,Seed wins,1,1
SIMULATED,Reuse,TD-TG1,SIM-C2-2-0054,-1.094006451196874,-1.4261272971397694,-0.7295642815320889,P2E wins,0,0
SIMULATED,Reuse,TD-TG1,SIM-C2-2-0055,-0.6981365548721681,-0.9015835123135229,-0.5706600514090067,P2E wins,0,0
SIMULATED,Reuse,TD-TG1,SIM-C2-2-0056,-0.6151816151860625,-0.6491220768649303,-0.6422279494292881,Tie,0,0
SIMULATED,Reuse,TD-TG1,SIM-C2-2-0057,0.6325126333365233,0.8979857391151289,0.8177697010552709,Tie,0,0
SIMULATED,Reuse,TD-TG1,SIM-C2-2-0058,1.8178549408481985,2.6958195482278233,2.9907728982640744,P2E wins,0,0
SIMULATED,Reuse,TD-TG1,SIM-C2-2-0059,1.3377211191626976,1.1592427894312556,2.0923409350742976,P2E wins,0,0
SIMULATED,Reuse,TD-TG1,SIM-C2-2-0060,0.37573240569912214,0.4615891233827055,1.1646172418457668,P2E wins,0,0
SIMULATED,Reuse,TD-TG1,SIM-C2-2-0061,-0.668775589218624,-0.30908724417676015,-0.12987404780751738,P2E wins,0,0
SIMULATED,Reuse,TD-TG1,SIM-C2-2-0062,0.13885832131832468,0.26710853104647186,-0.7544508045058804,Seed wins,0,1
SIMULATED,Reuse,TD-TG1,SIM-C2-2-0063,-0.93661101064765,-1.0122282894390373,-0.7768777011839474,P2E wins,0,0
SIMULATED,Reuse,TD-TG1,SIM-C2-2-0064,-0.5744439201078432,-0.26771166660093315,0.413856992148251,P2E wins,0,0
SIMULATED,Reuse,TD-TG1,SIM-C2-2-0065,-0.615565092485793,-0.21606822931571668,-0.5594156104334642,Seed wins,0,0
SIMULATED,Reuse,TD-TG1,SIM-C2-2-0066,-0.7093413463436551,0.3557131339969444,0.5129811703065192,P2E wins,0,0
SIMULATED,Reuse,TD-TG1,SIM-C2-2-0067,-0.8807563113285714,-0.7777502220182289,1.2315470606108,P2E wins,0,0
SIMULATED,Reuse,TD-TG1,SIM-C2-2-0068,0.024793869273248257,0.6561256643508785,0.5935801958411551,Tie,0,0
SIMULATED,Reuse,TD-TG1,SIM-C2-2-0069,-0.12476563040919393,0.5160926195497775,0.9998389216176049,P2E wins,0,0
SIMULATED,Reuse,TD-TG1,SIM-C2-2-0070,-0.39517103744351767,-0.8443019008806197,-0.7467202321217576,Tie,0,0
SIMULATED,Reuse,TD-TG1,SIM-C2-2-0071,0.11913119664814419,0.2557026872030467,-0.05177956175131046,Seed wins,0,0
SIMULATED,Reuse,TD-TG1,SIM-C2-2-0072,0.6298134492824041,1.4167820996995617,0.7040349203501695,Seed wins,0,0
SIMULATED,Reuse,TD-TG1,SIM-C2-2-0073,-1.40623739321544,-0.9470769016125175,-0.7366164353526425,P2E wins,0,0
SIMULATED,Reuse,TD-TG1,SIM-C2-2-0074,0.7504339553377148,1.0134912984412574,1.5358136131314613,P2E wins,0,0
SIMULATED,Reuse,TD-TG1,SIM-C2-2-0075,0.6911701634821608,0.31145134095614857,1.1431910135422272,P2E wins,0,0
SIMULATED,Reuse,TD-TG1,SIM-C2-2-0076,-0.011211261619111887,-0.6839108911669443,0.37885597209821914,P2E wins,0,0
SIMULATED,Reuse,TD-TG1,SIM-C2-2-0077,0.8283265071209017,1.0354722554554496,1.4550023805795376,P2E wins,0,0
SIMULATED,Reuse,TD-TG1,SIM-C2-2-0078,1.602904704694417,2.0041399154236554,1.8990360849588022,Tie,0,0
SIMULATED,Reuse,TD-TG1,SIM-C2-2-0079,-1.7718393513073485,-2.6736129072510524,-1.0695899301669607,P2E wins,1,0
SIMULATED,Reuse,TD-TG1,SIM-C2-2-0080,-0.4005352688557817,-0.22375230096053556,0.020523047389122584,P2E wins,0,0
SIMULATED,Reuse,TD-TG1,SIM-C2-2-0081,1.0557887673955084,1.5929825456010556,0.418553819821334,Seed wins,0,0
SIMULATED,Reuse,TD-TG1,SIM-C2-2-0082,-1.879915718541491,-1.1127806784203764,-1.242830112385435,Tie,0,0
SIMULATED,Reuse,TD-TG1,SIM-C2-2-0083,0.2771888922597949,0.06981006831463404,0.605304040969629,P2E wins,0,0
SIMULATED,Reuse,TD-TG1,SIM-C2-2-0084,-0.8529641605677145,-0.8531019993159223,-0.6932640081922067,P2E wins,0,0
SIMULATED,Reuse,TD-TG1,SIM-C2-2-0085,-0.8938945373182388,0.16109432145351332,-0.8793699701738148,Seed wins,0,0
SIMULATED,Reuse,TD-TG1,SIM-C2-2-0086,0.47466905597453696,-0.1694357426217844,0.2257599431773235,P2E wins,0,0
SIMULATED,Reuse,TD-TG1,SIM-C2-2-0087,-0.13095784838622315,-0.46120672605760615,-0.4972602122549924,Tie,0,0
SIMULATED,Reuse,TD-TG1,SIM-C2-2-0088,0.08269366744288577,0.12443939221054554,0.8620841609135611,P2E wins,0,0
SIMULATED,Reuse,TD-TG1,SIM-C2-2-0089,1.3824321111863769,2.149537097596938,2.211694331949215,Tie,0,0
SIMULATED,Reuse,TD-TG1,SIM-C2-2-0090,0.17950036597763674,1.2397597107446328,0.38543923642072636,Seed wins,0,0
SIMULATED,Reuse,TD-TG1,SIM-C2-2-0091,-0.465664080056066,0.3640505131150357,-0.3079993864479954,Seed wins,0,0
SIMULATED,Reuse,TD-TG1,SIM-C2-2-0092,-1.1179593219476718,-1.6113961537517607,-1.0742370457032293,P2E wins,0,0
SIMULATED,Reuse,TD-TG1,SIM-C2-2-0093,-2.2978170873492663,-2.3109250648891297,-2.0525457143613917,P2E wins,0,0
SIMULATED,Reuse,TD-TG1,SIM-C2-2-0094,-0.03924101416391864,-0.6949244318798398,-0.28323936150925677,P2E wins,0,0
SIMULATED,Reuse,TD-TG1,SIM-C2-2-0095,-0.3387293613960034,-0.786456490546212,-0.5107707186041376,P2E wins,0,0
SIMULATED,Reuse,TD-TG1,SIM-C2-2-0096,0.4652962876584872,0.5239869252308499,1.3399741888543457,P2E wins,0,0
SIMULATED,Reuse,TD-TG1,SIM-C2-2-0097,-1.159637118386935,-1.8089117131606762,-1.437304162928307,P2E wins,0,0
SIMULATED,Reuse,TD-TG1,SIM-C2-2-0098,1.320101453918239,0.6816395438585219,1.7217536473269623,P2E wins,0,0
SIMULATED,Reuse,TD-TG1,SIM-C2-2-0099,0.8461646631896297,0.6967147305970218,0.5293277536300469,Abstain,0,0
SIMULATED,Reuse,TD-TG1,SIM-C2-2-0100,0.77661720779079,0.9043829258095184,0.6467519155272239,Seed wins,0,0
SIMULATED,Reuse,TD-TG1,SIM-C2-2-0101,-0.28118777708023046,-0.3467175935246565,-0.0738785295922947,P2E wins,0,0
SIMULATED,Reuse,TD-TG1,SIM-C2-2-0102,-0.7046527308389147,0.07923882943705668,-1.2604664829414012,Seed wins,0,0
SIMULATED,Reuse,TD-TG1,SIM-C2-2-0103,-0.8471372078989182,0.001925105462481036,-0.7940275068981608,Seed wins,0,0
SIMULATED,Reuse,TD-TG1,SIM-C2-2-0104,-0.041382766207547515,0.13010412439413227,-0.906757764364178,Seed wins,0,1
SIMULATED,Reuse,TD-TG1,SIM-C2-2-0105,-0.005617141833837455,0.310137889730579,0.2774052837187282,Tie,0,0
SIMULATED,Reuse,TD-TG1,SIM-C2-2-0106,-1.7136879528368933,-1.4239312986247072,-1.7375090276088703,Seed wins,0,0
SIMULATED,Reuse,TD-TG1,SIM-C2-2-0107,-0.7708865251079267,-0.40979669704533317,-0.993697945060069,Seed wins,0,0
SIMULATED,Reuse,TD-TG1,SIM-C2-2-0108,-0.6589914954000382,0.02820395423989769,-0.8660081844550187,Seed wins,0,0
SIMULATED,Reuse,TD-TG1,SIM-C2-2-0109,1.5474596564265217,1.6968294208719636,2.325731321906225,P2E wins,0,0
SIMULATED,Reuse,TD-TG1,SIM-C2-2-0110,-1.058965794696221,-0.7097201706081042,1.1058217708274847,P2E wins,0,0
SIMULATED,Reuse,TD-TG1,SIM-C2-2-0111,0.36360227685223784,0.6411220504923762,0.7420200138093415,Tie,0,0
SIMULATED,Reuse,TD-TG1,SIM-C2-2-0112,1.4273834912544838,1.6934561846668272,2.286408282858224,P2E wins,0,0
SIMULATED,Reuse,TD-TG1,SIM-C2-2-0113,-0.05440768369582817,0.8148643639373989,0.8865642501472362,Tie,0,0
SIMULATED,Reuse,TD-TG1,SIM-C2-2-0114,-1.7517137693203562,-0.6726460803564682,-1.4419643644191236,Seed wins,0,0
SIMULATED,Reuse,TD-TG1,SIM-C2-2-0115,-0.26824955807952083,-0.10883633051453219,0.23690751213121983,P2E wins,0,0
SIMULATED,Reuse,TD-TG1,SIM-C2-2-0116,-0.7098335262635415,-0.3632724117212086,0.6706352121887111,P2E wins,0,0
SIMULATED,Reuse,TD-TG1,SIM-C2-2-0117,-1.2968294232461486,-0.8920959259658292,-0.6337668945430364,P2E wins,0,0
SIMULATED,Reuse,TD-TG1,SIM-C2-2-0118,-0.1684585291635463,0.5477146787445599,0.009652896769987873,Seed wins,0,0
SIMULATED,Reuse,TD-TG1,SIM-C2-2-0119,-0.7652289986272698,-0.3431509831621273,-2.122961335919058,Abstain,0,1
SIMULATED,Reuse,TD-TG1,SIM-C2-2-0120,-0.6925710063606142,-1.4784028456811307,0.1404208165977024,P2E wins,0,0
SIMULATED,Reuse,TD-TG1,SIM-C2-2-0121,0.27643247855582903,0.07227586265526267,-0.4120474344783748,Seed wins,0,0
SIMULATED,Reuse,TD-TG1,SIM-C2-2-0122,1.2390464027902999,1.9108993506617848,2.950951475631647,P2E wins,0,0
SIMULATED,Reuse,TD-TG1,SIM-C2-2-0123,-0.5012224372420713,0.9268182328701753,0.25015865895983613,Seed wins,0,0
SIMULATED,Reuse,TD-TG1,SIM-C2-2-0124,-0.6260157840908263,-0.813040779300886,-0.6555065919104857,P2E wins,0,0
SIMULATED,Reuse,TD-TG1,SIM-C2-2-0125,-0.401767287539382,0.4033658445269507,-0.9735160978726578,Seed wins,0,0
SIMULATED,Reuse,TD-TG1,SIM-C2-2-0126,0.4109846220520766,1.2961413154974801,1.9473949909633284,P2E wins,0,0
SIMULATED,Reuse,TD-TG1,SIM-C2-2-0127,-0.7470814522527834,-0.11995160919582176,0.6223165172727724,P2E wins,0,0
SIMULATED,Reuse,TD-TG1,SIM-C2-2-0128,1.9393115904506777,2.1660604014857956,2.017414588335984,Tie,0,0
SIMULATED,Reuse,TD-TG1,SIM-C2-2-0129,-0.75687375321979,-0.7224455213127032,0.07163840665218224,P2E wins,0,0
SIMULATED,Reuse,TD-TG1,SIM-C2-2-0130,-0.019380789387033488,2.180571881572461,0.11100569253766657,Seed wins,0,0
SIMULATED,Reuse,TD-TG1,SIM-C2-2-0131,0.35584305022264207,1.394902669767915,0.02188557785124967,Seed wins,0,0
SIMULATED,Reuse,TD-TG1,SIM-C2-2-0132,1.5607336852258593,1.9404919418198092,2.5168064980954084,P2E wins,0,0
SIMULATED,Reuse,TD-TG1,SIM-C2-2-0133,0.9252953576412681,1.9539183209561521,1.6750174439188783,Seed wins,0,0
SIMULATED,Reuse,TD-TG1,SIM-C2-2-0134,-0.8997594170205767,-1.0667740341898337,-0.3997302831091121,P2E wins,0,0
SIMULATED,Reuse,TD-TG1,SIM-C2-2-0135,-0.2446154042902652,0.06300021812730011,1.4595467871032946,P2E wins,0,0
SIMULATED,Reuse,TD-TG1,SIM-C2-2-0136,-0.8177466290475678,-0.3852866603170972,0.067122933945647,P2E wins,0,0
SIMULATED,Reuse,TD-TG1,SIM-C2-2-0137,-2.575441557528623,-2.725746311664217,-2.5483949675730204,P2E wins,0,0
SIMULATED,Reuse,TD-TG1,SIM-C2-2-0138,0.03190958797754086,0.7517185766210168,-0.44714349819071175,Abstain,0,0
SIMULATED,Reuse,TD-TG1,SIM-C2-2-0139,0.3892272809895342,-0.7960790178814104,0.6911177101085136,P2E wins,1,0
SIMULATED,Reuse,TD-TG1,SIM-C2-2-0140,0.3720800072821468,0.37504029920399284,1.333206845081041,P2E wins,0,0
SIMULATED,Reuse,TD-TG1,SIM-C2-2-0141,-0.7141420856858879,0.26184992394349016,-0.346882498302156,Seed wins,0,0
SIMULATED,Reuse,TD-TG1,SIM-C2-2-0142,0.5930979344162652,1.056682199953261,1.1755606117497068,Tie,0,0
SIMULATED,Reuse,TD-TG1,SIM-C2-2-0143,-0.873712620710278,0.22542837240437197,-0.8528078625935814,Seed wins,0,0
SIMULATED,Reuse,TD-TG1,SIM-C2-2-0144,1.9847186633445482,2.1932993020367078,3.5139856399736447,P2E wins,0,0
SIMULATED,Reuse,TD-TG1,SIM-C2-2-0145,2.841883141322364,3.1452508959894336,3.9721386957189297,P2E wins,0,0
SIMULATED,Reuse,TD-TG1,SIM-C2-2-0146,-0.03683429396193648,0.9294367016115093,0.44269876029705313,Seed wins,0,0
SIMULATED,Reuse,TD-TG1,SIM-C2-2-0147,1.2743999911928043,0.9737500197998008,2.298971601331679,P2E wins,0,0
SIMULATED,Reuse,TD-TG1,SIM-C2-2-0148,-0.5176809953106226,-0.16624315093630665,-0.174649456355038,Tie,0,0
SIMULATED,Reuse,TD-TG1,SIM-C2-2-0149,-0.7041897822084464,-0.8884511200504817,1.2154008711938207,P2E wins,0,0
SIMULATED,Reuse,TD-TG1,SIM-C2-2-0150,-0.558406771717986,-0.8072903816833936,-0.6577414701422497,Abstain,0,0
SIMULATED,Reuse,TD-TG1,SIM-C2-2-0151,0.12838426260000269,0.6578460547807454,1.195968658248086,Abstain,0,0
SIMULATED,Reuse,TD-TG1,SIM-C2-2-0152,1.5894019823220242,1.7690912166388184,3.245464737540175,P2E wins,0,0
SIMULATED,Reuse,TD-TG1,SIM-C2-2-0153,0.8804614614423206,0.9225873890168322,0.7320845348731013,Seed wins,0,0
SIMULATED,Reuse,TD-TG1,SIM-C2-2-0154,-0.21359820156739912,-0.9687662510493881,-0.7718926824821226,P2E wins,0,0
SIMULATED,Reuse,TD-TG1,SIM-C2-2-0155,0.11908826469493214,1.0339680368081234,0.9383612075778959,Tie,0,0
SIMULATED,Reuse,TD-TG1,SIM-C2-2-0156,0.8724062421907024,1.5455836346301877,1.6262901915186225,Tie,0,0
SIMULATED,Reuse,TD-TG1,SIM-C2-2-0157,-0.02885971771090013,0.23987619129403248,0.8896961163505007,P2E wins,0,0
SIMULATED,Reuse,TD-TG1,SIM-C2-2-0158,0.458992713113514,0.11742658103225989,0.1516938636914552,Tie,0,0
SIMULATED,Reuse,TD-TG1,SIM-C2-2-0159,-1.8556530126793112,-2.2755728250957596,-1.7378261181364625,P2E wins,0,0
SIMULATED,Reuse,TD-AR1,SIM-C2-3-0000,0.35606690783674316,-0.33586586829276466,1.0139330858555875,P2E wins,0,0
SIMULATED,Reuse,TD-AR1,SIM-C2-3-0001,2.059356458074328,2.5375071171593935,1.3006680608520353,Seed wins,0,0
SIMULATED,Reuse,TD-AR1,SIM-C2-3-0002,-1.6632194772991824,0.3353860330555526,-0.2483097983147372,Seed wins,0,0
SIMULATED,Reuse,TD-AR1,SIM-C2-3-0003,-0.2290736200450554,0.8433497567013013,0.573008454327496,Seed wins,0,0
SIMULATED,Reuse,TD-AR1,SIM-C2-3-0004,-1.0707221382809093,-1.7753836405841148,-1.7817557924856808,Tie,0,0
SIMULATED,Reuse,TD-AR1,SIM-C2-3-0005,-0.14855193346465126,0.024864179698847022,-0.9313157279221387,Seed wins,0,0
SIMULATED,Reuse,TD-AR1,SIM-C2-3-0006,-1.6475948517241201,-1.5576809762112713,-1.3929820961933301,P2E wins,0,0
SIMULATED,Reuse,TD-AR1,SIM-C2-3-0007,-0.6950131083385983,-0.7088474872368946,0.35145928551980077,P2E wins,0,0
SIMULATED,Reuse,TD-AR1,SIM-C2-3-0008,-0.2560170251450871,-0.6774425271658394,-0.2821242637258792,P2E wins,0,0
SIMULATED,Reuse,TD-AR1,SIM-C2-3-0009,1.364990675406736,1.3460549370367032,0.8144788752500249,Seed wins,0,0
SIMULATED,Reuse,TD-AR1,SIM-C2-3-0010,0.9031757892103821,1.0085784168325533,1.5245899618197536,P2E wins,0,0
SIMULATED,Reuse,TD-AR1,SIM-C2-3-0011,1.264281165513749,0.49979148281688224,1.0668922437518928,P2E wins,0,0
SIMULATED,Reuse,TD-AR1,SIM-C2-3-0012,-0.48812249615836495,0.3572981923041756,0.3018118085801732,Tie,0,0
SIMULATED,Reuse,TD-AR1,SIM-C2-3-0013,-1.12450561482633,-0.8521412784209369,-0.9148515956116338,Tie,0,0
SIMULATED,Reuse,TD-AR1,SIM-C2-3-0014,-0.33372725134479514,-0.03564551114370473,-1.2591023060415294,Seed wins,0,1
SIMULATED,Reuse,TD-AR1,SIM-C2-3-0015,-0.4147314731109383,0.10478651930312002,-0.9030482778003502,Seed wins,0,0
SIMULATED,Reuse,TD-AR1,SIM-C2-3-0016,1.7152757874210578,1.0969104816440312,2.119035068879179,P2E wins,0,0
SIMULATED,Reuse,TD-AR1,SIM-C2-3-0017,-0.9683019229602513,-0.8497920017181447,-0.7446196078432183,Tie,0,0
SIMULATED,Reuse,TD-AR1,SIM-C2-3-0018,0.61751268719571,1.6404068479850002,1.2350852030132902,Seed wins,0,0
SIMULATED,Reuse,TD-AR1,SIM-C2-3-0019,-1.456880031266627,-1.0794079291962457,-0.18626967900612557,P2E wins,0,0
SIMULATED,Reuse,TD-AR1,SIM-C2-3-0020,-0.9552479662182376,-0.4930060295809491,-1.3432726888809747,Seed wins,0,0
SIMULATED,Reuse,TD-AR1,SIM-C2-3-0021,-0.13658664369537882,1.2281373308897519,-0.2763872359745577,Seed wins,0,0
SIMULATED,Reuse,TD-AR1,SIM-C2-3-0022,-0.45724775803053497,-0.10252344657168731,0.11925312010541611,Abstain,0,0
SIMULATED,Reuse,TD-AR1,SIM-C2-3-0023,-0.6157555556487215,-0.19629237657685022,-0.96489273111633,Seed wins,0,0
SIMULATED,Reuse,TD-AR1,SIM-C2-3-0024,-1.596797324075862,-0.742705464561302,-0.607677936260187,Tie,0,0
SIMULATED,Reuse,TD-AR1,SIM-C2-3-0025,-2.3963563662580465,-2.26858148237463,-3.9513801295512776,Seed wins,0,1
SIMULATED,Reuse,TD-AR1,SIM-C2-3-0026,-0.12198646501415082,0.7194673424947966,-0.29578088112414225,Seed wins,0,0
SIMULATED,Reuse,TD-AR1,SIM-C2-3-0027,0.6632135289245175,1.401692992606919,0.6804768450799659,Seed wins,0,0
SIMULATED,Reuse,TD-AR1,SIM-C2-3-0028,1.5227497957160356,2.042234050112575,2.5438090875517356,P2E wins,0,0
SIMULATED,Reuse,TD-AR1,SIM-C2-3-0029,-0.277896978533127,-0.2719270642581584,1.273513554207988,P2E wins,0,0
SIMULATED,Reuse,TD-AR1,SIM-C2-3-0030,-0.6870929340053998,0.5754475087673697,-0.9254929755108885,Seed wins,0,0
SIMULATED,Reuse,TD-AR1,SIM-C2-3-0031,0.17907972767183283,0.38451682440484275,0.017410089305783027,Seed wins,0,0
SIMULATED,Reuse,TD-AR1,SIM-C2-3-0032,0.2945139908124354,1.8499465638622068,0.1350190629046985,Seed wins,0,0
SIMULATED,Reuse,TD-AR1,SIM-C2-3-0033,-0.7342300714302782,-0.04260660463147836,-0.33110431993904843,Seed wins,0,0
SIMULATED,Reuse,TD-AR1,SIM-C2-3-0034,0.26491390953200067,1.015075131774444,0.9098481920582961,Tie,0,0
SIMULATED,Reuse,TD-AR1,SIM-C2-3-0035,0.09263414292622833,0.48376095825745813,-0.01908252697649479,Seed wins,0,0
SIMULATED,Reuse,TD-AR1,SIM-C2-3-0036,0.12854340120690003,0.6736243307033547,-0.12994981156557,Seed wins,0,0
SIMULATED,Reuse,TD-AR1,SIM-C2-3-0037,-0.18718348585859,0.7294113236697198,0.648691371572067,Tie,0,0
SIMULATED,Reuse,TD-AR1,SIM-C2-3-0038,1.4057596924351037,0.9456040876692243,1.758437814043963,P2E wins,0,0
SIMULATED,Reuse,TD-AR1,SIM-C2-3-0039,0.7738723892580012,0.8838547358687766,0.8938987085472657,Tie,0,0
SIMULATED,Reuse,TD-AR1,SIM-C2-3-0040,0.7920248936225422,1.5299663616846901,1.0779639828444434,Seed wins,0,0
SIMULATED,Reuse,TD-AR1,SIM-C2-3-0041,0.6668921907689381,0.4235775106334492,1.8705563408507602,P2E wins,0,0
SIMULATED,Reuse,TD-AR1,SIM-C2-3-0042,0.5417471954718226,1.2671437680082775,1.5351580808402248,P2E wins,0,0
SIMULATED,Reuse,TD-AR1,SIM-C2-3-0043,0.47425591054359384,-0.13242504274427191,0.742243821124375,P2E wins,0,0
SIMULATED,Reuse,TD-AR1,SIM-C2-3-0044,1.6319128310697975,1.428656471313136,1.428453455490009,Tie,0,0
SIMULATED,Reuse,TD-AR1,SIM-C2-3-0045,-0.7470176723418649,-0.9980606382918704,-0.6834641913707233,P2E wins,0,0
SIMULATED,Reuse,TD-AR1,SIM-C2-3-0046,-0.9447331491380833,-0.19932279004975983,-0.8831623394578432,Seed wins,0,0
SIMULATED,Reuse,TD-AR1,SIM-C2-3-0047,0.3815858956314564,0.3707161295520059,0.7821458625323267,P2E wins,0,0
SIMULATED,Reuse,TD-AR1,SIM-C2-3-0048,0.8900594056092411,1.0268919116382333,1.3929106715487825,P2E wins,0,0
SIMULATED,Reuse,TD-AR1,SIM-C2-3-0049,-0.5848331260338677,-1.2980096330121724,-1.4192503085142891,Tie,0,1
SIMULATED,Reuse,TD-AR1,SIM-C2-3-0050,3.281178195119965,3.6356297067333414,4.4875262073642475,P2E wins,0,0
SIMULATED,Reuse,TD-AR1,SIM-C2-3-0051,0.253263221772565,0.6705287316623404,0.9539336387224737,P2E wins,0,0
SIMULATED,Reuse,TD-AR1,SIM-C2-3-0052,0.6911108326299443,0.10880515398788215,1.838360525576498,P2E wins,0,0
SIMULATED,Reuse,TD-AR1,SIM-C2-3-0053,-0.17018380535546382,0.18857669417680106,-0.7646984496922611,Seed wins,0,0
SIMULATED,Reuse,TD-AR1,SIM-C2-3-0054,-2.0762190619889096,-1.309055978576566,-1.8861810441286853,Seed wins,0,0
SIMULATED,Reuse,TD-AR1,SIM-C2-3-0055,0.6626193031385474,1.7782569181442194,1.1721602391905424,Abstain,0,0
SIMULATED,Reuse,TD-AR1,SIM-C2-3-0056,0.15928458848054716,0.4354165458024326,-0.43350423510476277,Seed wins,0,0
SIMULATED,Reuse,TD-AR1,SIM-C2-3-0057,-0.8410757341389178,-0.6576244153441086,-0.5355934638680794,Tie,0,0
SIMULATED,Reuse,TD-AR1,SIM-C2-3-0058,-0.42174909864780225,0.008195372614660301,-1.0876255906538277,Seed wins,0,0
SIMULATED,Reuse,TD-AR1,SIM-C2-3-0059,-0.9872187306618408,-0.8334641906670569,-1.4734275682089037,Seed wins,0,0
SIMULATED,Reuse,TD-AR1,SIM-C2-3-0060,1.2989167416218121,0.6914459327253443,0.6412381224235644,Tie,0,0
SIMULATED,Reuse,TD-AR1,SIM-C2-3-0061,-1.2520628418976212,-2.0079457551557,-1.7176944602282571,P2E wins,0,0
SIMULATED,Reuse,TD-AR1,SIM-C2-3-0062,0.7533008598520955,-0.1396249730918856,-0.4188597364626548,Seed wins,1,1
SIMULATED,Reuse,TD-AR1,SIM-C2-3-0063,0.31956664700139714,0.08442945380212835,-0.805954575023299,Seed wins,0,1
SIMULATED,Reuse,TD-AR1,SIM-C2-3-0064,0.5637133397205519,0.6849639422539171,-0.1298610823070936,Seed wins,0,0
SIMULATED,Reuse,TD-AR1,SIM-C2-3-0065,0.004222533545133014,0.27875441763542463,0.5561883560817025,P2E wins,0,0
SIMULATED,Reuse,TD-AR1,SIM-C2-3-0066,0.0460378089523935,1.0301300144471301,0.5270388192203269,Seed wins,0,0
SIMULATED,Reuse,TD-AR1,SIM-C2-3-0067,-1.2541809552210388,-1.8414017298676915,-0.9908714314794502,P2E wins,0,0
SIMULATED,Reuse,TD-AR1,SIM-C2-3-0068,0.7212760174310928,0.2784115588125475,0.9863431078663807,P2E wins,0,0
SIMULATED,Reuse,TD-AR1,SIM-C2-3-0069,0.013779299302302848,0.7010288682947425,-0.5710645502051597,Seed wins,0,0
SIMULATED,Reuse,TD-AR1,SIM-C2-3-0070,-2.644931555465389,-1.9866840582912169,-2.688220678663408,Seed wins,0,0
SIMULATED,Reuse,TD-AR1,SIM-C2-3-0071,-1.075232597044435,-0.5359762049103342,-0.6863108233069218,Seed wins,0,0
SIMULATED,Reuse,TD-AR1,SIM-C2-3-0072,0.27103182612052873,1.6134480023209417,2.5566259597607406,P2E wins,0,0
SIMULATED,Reuse,TD-AR1,SIM-C2-3-0073,-0.6531053310048552,0.16742271728106528,-0.0285688387607953,Seed wins,0,0
SIMULATED,Reuse,TD-AR1,SIM-C2-3-0074,-1.6503203393892865,-2.7145764454815837,-3.1991005733744915,Seed wins,1,1
SIMULATED,Reuse,TD-AR1,SIM-C2-3-0075,-1.2115708783094683,-1.5032863451662388,-1.436680590571073,Tie,0,0
SIMULATED,Reuse,TD-AR1,SIM-C2-3-0076,-1.14571907370108,-2.5381519119217657,-0.3859159876394682,P2E wins,1,0
SIMULATED,Reuse,TD-AR1,SIM-C2-3-0077,-0.2943533689541194,-0.4854745934941224,-0.6159534370624439,Tie,0,0
SIMULATED,Reuse,TD-AR1,SIM-C2-3-0078,0.8984159325309211,1.2387114516523468,2.0084887370966853,P2E wins,0,0
SIMULATED,Reuse,TD-AR1,SIM-C2-3-0079,0.01249189566060047,0.13859326633075886,-0.6524518798762324,Seed wins,0,0
SIMULATED,Reuse,TD-AR1,SIM-C2-3-0080,0.27057600292737777,0.9662653415269677,0.2399359865182872,Seed wins,0,0
SIMULATED,Reuse,TD-AR1,SIM-C2-3-0081,-1.2053844069642365,-0.5540425508338694,-1.1386285086684305,Seed wins,0,0
SIMULATED,Reuse,TD-AR1,SIM-C2-3-0082,1.0628916913202382,1.680220586859361,1.3489221142277243,Seed wins,0,0
SIMULATED,Reuse,TD-AR1,SIM-C2-3-0083,-0.4684723944840785,-0.3061055837007046,-0.8323734422343074,Seed wins,0,0
SIMULATED,Reuse,TD-AR1,SIM-C2-3-0084,-0.020568715432478093,0.49015255730468243,-0.503762129252652,Seed wins,0,0
SIMULATED,Reuse,TD-AR1,SIM-C2-3-0085,0.4574065618722326,0.8000482963519877,0.5070338633865461,Seed wins,0,0
SIMULATED,Reuse,TD-AR1,SIM-C2-3-0086,-0.04968045566738733,0.730024071478025,0.005780871918160291,Seed wins,0,0
SIMULATED,Reuse,TD-AR1,SIM-C2-3-0087,-0.23992520964057631,-0.7531237885575766,-0.4286626411467024,P2E wins,0,0
SIMULATED,Reuse,TD-AR1,SIM-C2-3-0088,-1.0300413565145097,-1.145090707410864,-0.5492152012564098,P2E wins,0,0
SIMULATED,Reuse,TD-AR1,SIM-C2-3-0089,-1.7782013159303682,-0.9199827676313026,-1.9664996215314898,Seed wins,0,0
SIMULATED,Reuse,TD-AR1,SIM-C2-3-0090,-1.0978582060986062,-0.715190738152372,-1.50544686765746,Seed wins,0,0
SIMULATED,Reuse,TD-AR1,SIM-C2-3-0091,-0.2785622633715143,-0.45987600290346026,0.08634841372062946,P2E wins,0,0
SIMULATED,Reuse,TD-AR1,SIM-C2-3-0092,1.0437724050248065,2.539383532726519,1.8091161569242251,Seed wins,0,0
SIMULATED,Reuse,TD-AR1,SIM-C2-3-0093,-0.42426968417917055,-0.5988878327492376,-0.23969430671936204,P2E wins,0,0
SIMULATED,Reuse,TD-AR1,SIM-C2-3-0094,-0.1645535072644502,-0.5025420311990669,-0.7802142357600999,Seed wins,0,0
SIMULATED,Reuse,TD-AR1,SIM-C2-3-0095,-0.10448747033090658,0.0967836502395964,0.8642127244865003,P2E wins,0,0
SIMULATED,Reuse,TD-AR1,SIM-C2-3-0096,1.2786625285381203,1.8945878815133699,1.9213865709014502,Tie,0,0
SIMULATED,Reuse,TD-AR1,SIM-C2-3-0097,1.163478667152679,2.1898307795705625,2.2701870677276776,Tie,0,0
SIMULATED,Reuse,TD-AR1,SIM-C2-3-0098,-0.5366240806728966,-0.026054948654349597,-0.7185029967050515,Seed wins,0,0
SIMULATED,Reuse,TD-AR1,SIM-C2-3-0099,0.8108062561213408,1.8565940089733546,1.988585400109601,Tie,0,0
SIMULATED,Reuse,TD-AR1,SIM-C2-3-0100,-0.048444528453824305,0.4802930301537253,-0.6102734648861723,Seed wins,0,0
SIMULATED,Reuse,TD-AR1,SIM-C2-3-0101,-0.45048381397903714,0.5291383564250425,-0.49557387204906556,Seed wins,0,0
SIMULATED,Reuse,TD-AR1,SIM-C2-3-0102,0.01667663145429343,0.3721658084804439,0.2532721026278141,Tie,0,0
SIMULATED,Reuse,TD-AR1,SIM-C2-3-0103,1.0427620450112403,1.4253929122283442,1.3425460346746139,Tie,0,0
SIMULATED,Reuse,TD-AR1,SIM-C2-3-0104,-1.248778553941902,-1.8969564669237573,-1.9792071218466094,Tie,0,0
SIMULATED,Reuse,TD-AR1,SIM-C2-3-0105,2.169386181238115,3.305359520052261,2.5148356727392605,Seed wins,0,0
SIMULATED,Reuse,TD-AR1,SIM-C2-3-0106,0.9180739537077225,1.2409665317324148,1.3771761009093801,Tie,0,0
SIMULATED,Reuse,TD-AR1,SIM-C2-3-0107,-1.175491400100259,-0.827666275532361,-2.0811545637531434,Seed wins,0,1
SIMULATED,Reuse,TD-AR1,SIM-C2-3-0108,-0.5932213661490409,0.6158117419328502,-0.9510956229206144,Seed wins,0,0
SIMULATED,Reuse,TD-AR1,SIM-C2-3-0109,-1.1598350860739144,-0.694337924517944,-0.3870845917554355,P2E wins,0,0
SIMULATED,Reuse,TD-AR1,SIM-C2-3-0110,0.3210471360360129,1.9919754310762614,0.6526945643604625,Seed wins,0,0
SIMULATED,Reuse,TD-AR1,SIM-C2-3-0111,0.06523328572212317,0.2060087246036867,-0.08590749416328303,Abstain,0,0
SIMULATED,Reuse,TD-AR1,SIM-C2-3-0112,-0.5155064042781078,-1.0467261614195997,-0.18288886067822357,P2E wins,0,0
SIMULATED,Reuse,TD-AR1,SIM-C2-3-0113,-0.3452013384299067,-0.804722906052461,0.6575237037466849,P2E wins,0,0
SIMULATED,Reuse,TD-AR1,SIM-C2-3-0114,-0.523539043325267,0.7525382397275546,0.4204728174613533,Seed wins,0,0
SIMULATED,Reuse,TD-AR1,SIM-C2-3-0115,1.314359280612225,2.384274766919251,1.033427693534664,Seed wins,0,0
SIMULATED,Reuse,TD-AR1,SIM-C2-3-0116,-0.44958532608954593,-0.738814368987209,-0.09779691582513594,P2E wins,0,0
SIMULATED,Reuse,TD-AR1,SIM-C2-3-0117,-1.922987585780076,-2.227435466135329,-0.7335435518140467,P2E wins,0,0
SIMULATED,Reuse,TD-AR1,SIM-C2-3-0118,-1.3738942200168667,-0.9882164391691631,-1.1625490280363626,Seed wins,0,0
SIMULATED,Reuse,TD-AR1,SIM-C2-3-0119,1.9760909440719305,2.231121641637771,3.690695724119847,P2E wins,0,0
SIMULATED,Reuse,TD-AR1,SIM-C2-3-0120,-0.2687478397445035,-0.07998835709376756,-0.9242010524022554,Seed wins,0,0
SIMULATED,Reuse,TD-AR1,SIM-C2-3-0121,-0.4435555823132562,-0.2454099355939362,-2.138196840070246,Seed wins,0,1
SIMULATED,Reuse,TD-AR1,SIM-C2-3-0122,-0.19840898266708684,-0.40809072471072294,-0.11283441864150803,P2E wins,0,0
SIMULATED,Reuse,TD-AR1,SIM-C2-3-0123,0.444268234830812,0.44974350793168494,0.9866312146161189,P2E wins,0,0
SIMULATED,Reuse,TD-AR1,SIM-C2-3-0124,-0.8670682430174497,0.14263592615888154,-1.3752761936793134,Seed wins,0,0
SIMULATED,Reuse,TD-AR1,SIM-C2-3-0125,0.2978465793448101,-0.2554611188858934,0.37952665234552097,P2E wins,0,0
SIMULATED,Reuse,TD-AR1,SIM-C2-3-0126,0.0014628341994008718,1.1659909947189853,1.3894777956116284,P2E wins,0,0
SIMULATED,Reuse,TD-AR1,SIM-C2-3-0127,0.8378960701464792,0.2167435846072049,0.9544962302479182,P2E wins,0,0
SIMULATED,Reuse,TD-AR1,SIM-C2-3-0128,-0.08011609583637755,1.1068873546733868,0.6229225895749533,Seed wins,0,0
SIMULATED,Reuse,TD-AR1,SIM-C2-3-0129,0.9066900367782109,1.8690297510279072,1.1329709737794622,Seed wins,0,0
SIMULATED,Reuse,TD-AR1,SIM-C2-3-0130,-2.9856075703564904,-2.4777710784433555,-0.8498925262993364,P2E wins,0,0
SIMULATED,Reuse,TD-AR1,SIM-C2-3-0131,0.6112110528437232,0.7952936257468493,0.4539443058845373,Seed wins,0,0
SIMULATED,Reuse,TD-AR1,SIM-C2-3-0132,-1.6576705802840703,-1.9360361510783348,-1.787482070704817,Tie,0,0
SIMULATED,Reuse,TD-AR1,SIM-C2-3-0133,-0.6727518666669939,0.4177477373918238,-1.5519666900431426,Seed wins,0,1
SIMULATED,Reuse,TD-AR1,SIM-C2-3-0134,0.5502362475611541,0.0622336468946543,-0.26961791232810256,Seed wins,0,1
SIMULATED,Reuse,TD-AR1,SIM-C2-3-0135,-0.3500420081692808,-0.21141881889978018,0.10789412750964009,P2E wins,0,0
SIMULATED,Reuse,TD-AR1,SIM-C2-3-0136,1.3483524816198742,2.2270552343162766,0.5970001537514289,Seed wins,0,0
SIMULATED,Reuse,TD-AR1,SIM-C2-3-0137,1.4772883017371476,2.063501580851255,1.2862291959886218,Seed wins,0,0
SIMULATED,Reuse,TD-AR1,SIM-C2-3-0138,-2.3570899956832747,-1.943716966996909,-2.4063463025358756,Seed wins,0,0
SIMULATED,Reuse,TD-AR1,SIM-C2-3-0139,-1.0823707176469204,-1.4842515318969212,-0.4734910185220574,P2E wins,0,0
SIMULATED,Reuse,TD-AR1,SIM-C2-3-0140,-1.1061348842918055,-0.9257260391004651,-1.1754619459998898,Seed wins,0,0
SIMULATED,Reuse,TD-AR1,SIM-C2-3-0141,0.11736399833600071,1.462029098896299,0.910549550573827,Seed wins,0,0
SIMULATED,Reuse,TD-AR1,SIM-C2-3-0142,1.7892542529849382,1.3758994519156391,1.552550755010862,Abstain,0,0
SIMULATED,Reuse,TD-AR1,SIM-C2-3-0143,0.25374273473259645,0.5651705702926184,1.1959394113664898,Abstain,0,0
SIMULATED,Reuse,TD-AR1,SIM-C2-3-0144,-0.33265502979437234,0.17999450788580157,0.06265497782020689,Tie,0,0
SIMULATED,Reuse,TD-AR1,SIM-C2-3-0145,-1.7378888133524664,-1.1354115826482725,-0.8006361284597199,P2E wins,0,0
SIMULATED,Reuse,TD-AR1,SIM-C2-3-0146,-0.4668842303621022,-0.3208776102173049,-1.8001273021485193,Seed wins,0,1
SIMULATED,Reuse,TD-AR1,SIM-C2-3-0147,-0.04407561320016975,-1.464952204123463,0.5572312211705065,P2E wins,1,0
SIMULATED,Reuse,TD-AR1,SIM-C2-3-0148,-0.6204767554150818,1.189608587100353,1.4429085433926543,P2E wins,0,0
SIMULATED,Reuse,TD-AR1,SIM-C2-3-0149,-0.4350966917567311,-0.19018704116515858,0.13180272354996397,P2E wins,0,0
SIMULATED,Reuse,TD-AR1,SIM-C2-3-0150,1.4130387579822663,1.6745669837532522,1.3370269429017887,Seed wins,0,0
SIMULATED,Reuse,TD-AR1,SIM-C2-3-0151,0.5954909229969988,1.2686825837747502,-0.010019736284086811,Seed wins,0,0
SIMULATED,Reuse,TD-AR1,SIM-C2-3-0152,0.15510965766793494,1.2313440868534085,0.9236138698389339,Seed wins,0,0
SIMULATED,Reuse,TD-AR1,SIM-C2-3-0153,1.4363492663767143,1.4978619446936206,2.0294581118734287,P2E wins,0,0
SIMULATED,Reuse,TD-AR1,SIM-C2-3-0154,-0.5019527952560741,-0.659803814555602,-0.9984520226973423,Seed wins,0,0
SIMULATED,Reuse,TD-AR1,SIM-C2-3-0155,0.7014826889775658,1.3536658417047254,1.4531130191368793,Tie,0,0
SIMULATED,Reuse,TD-AR1,SIM-C2-3-0156,-0.4217653624691968,-0.7228763357796615,-1.3158500758657452,Abstain,0,1
SIMULATED,Reuse,TD-AR1,SIM-C2-3-0157,-0.8663909145116604,-0.9400604285242071,-0.914622082854106,Tie,0,0
SIMULATED,Reuse,TD-AR1,SIM-C2-3-0158,-0.6615500821960768,-0.37614094376364,-0.7748469338940613,Seed wins,0,0
SIMULATED,Reuse,TD-AR1,SIM-C2-3-0159,-1.8129806510688142,-1.78124063785478,-1.8809179915413932,Abstain,0,0
SIMULATED,Collect,TD-SV2,SIM-C2-4-0000,-0.9214622744353606,0.00866021366003733,0.005199516614199262,Tie,0,0
SIMULATED,Collect,TD-SV2,SIM-C2-4-0001,-0.7269613470500781,-1.1441557389070298,-0.940812181448197,Abstain,0,0
SIMULATED,Collect,TD-SV2,SIM-C2-4-0002,-0.8063133670981828,-0.004325212039167581,-0.0876527656696025,Tie,0,0
SIMULATED,Collect,TD-SV2,SIM-C2-4-0003,0.13065479241013978,0.4833190586741414,1.0847762604103897,P2E wins,0,0
SIMULATED,Collect,TD-SV2,SIM-C2-4-0004,-1.3356821118406508,-0.8476953692947893,-0.9549845608910319,Tie,0,0
SIMULATED,Collect,TD-SV2,SIM-C2-4-0005,0.4054117944795392,0.9953756756665484,0.39429864905499107,Seed wins,0,0
SIMULATED,Collect,TD-SV2,SIM-C2-4-0006,-0.5236666716534952,-0.22303973555682144,0.008773297501552535,P2E wins,0,0
SIMULATED,Collect,TD-SV2,SIM-C2-4-0007,-0.45579532198005296,0.18152868250294357,0.599570438659977,P2E wins,0,0
SIMULATED,Collect,TD-SV2,SIM-C2-4-0008,0.47986676685630336,0.48874355032605027,1.4269225715230691,P2E wins,0,0
SIMULATED,Collect,TD-SV2,SIM-C2-4-0009,0.47594750222234566,0.4190867006604958,0.708847148074884,P2E wins,0,0
SIMULATED,Collect,TD-SV2,SIM-C2-4-0010,0.432631627363939,0.7848394817212001,1.7831803813925666,P2E wins,0,0
SIMULATED,Collect,TD-SV2,SIM-C2-4-0011,-1.7394152727464762,-0.9164668713409996,-2.0618852820657576,Seed wins,0,0
SIMULATED,Collect,TD-SV2,SIM-C2-4-0012,-0.3303924663685723,-0.37826348042136027,-0.17151526783231458,P2E wins,0,0
SIMULATED,Collect,TD-SV2,SIM-C2-4-0013,0.7477856125711112,1.609482166841035,-0.025758575795992833,Seed wins,0,0
SIMULATED,Collect,TD-SV2,SIM-C2-4-0014,-0.2563033734831335,0.06185542740295591,1.155129069174492,P2E wins,0,0
SIMULATED,Collect,TD-SV2,SIM-C2-4-0015,-0.232283580492986,0.14135029948090372,0.28436312053173846,Abstain,0,0
SIMULATED,Collect,TD-SV2,SIM-C2-4-0016,1.6814274158679452,1.4669266596948531,1.696478510618994,P2E wins,0,0
SIMULATED,Collect,TD-SV2,SIM-C2-4-0017,0.9662558993852534,1.2333404759542212,0.19690555352827155,Seed wins,0,0
SIMULATED,Collect,TD-SV2,SIM-C2-4-0018,0.13628999335525438,-0.1565446189822538,-0.4489762723632066,Seed wins,0,0
SIMULATED,Collect,TD-SV2,SIM-C2-4-0019,-0.22141948346346277,0.009713653359856467,0.6894829129121115,P2E wins,0,0
SIMULATED,Collect,TD-SV2,SIM-C2-4-0020,-1.0071954023116063,-1.574700734449527,0.15975003671900095,P2E wins,0,0
SIMULATED,Collect,TD-SV2,SIM-C2-4-0021,1.062166853255029,0.4550973070463722,1.4195530938288887,P2E wins,0,0
SIMULATED,Collect,TD-SV2,SIM-C2-4-0022,0.763826910957125,1.9308077056255804,1.905075486161406,Tie,0,0
SIMULATED,Collect,TD-SV2,SIM-C2-4-0023,0.3334528462977696,0.6811596945702255,0.011387555450544262,Seed wins,0,0
SIMULATED,Collect,TD-SV2,SIM-C2-4-0024,0.4782434964815861,0.5327679918762824,0.6168302026336598,Tie,0,0
SIMULATED,Collect,TD-SV2,SIM-C2-4-0025,0.2961399804672919,0.05083160400914241,-0.6660411945527659,Seed wins,0,1
SIMULATED,Collect,TD-SV2,SIM-C2-4-0026,-2.0510440303571498,-2.400529528289809,-1.9015875648881075,P2E wins,0,0
SIMULATED,Collect,TD-SV2,SIM-C2-4-0027,1.6922184792086767,2.284496397186,1.4570535339369282,Seed wins,0,0
SIMULATED,Collect,TD-SV2,SIM-C2-4-0028,1.3667325694114614,2.4469581698604457,1.364203141277346,Seed wins,0,0
SIMULATED,Collect,TD-SV2,SIM-C2-4-0029,1.104963439867581,1.030298453740463,1.279708282277721,P2E wins,0,0
SIMULATED,Collect,TD-SV2,SIM-C2-4-0030,0.48132823630247445,0.02686970536335681,0.7913706480811962,P2E wins,0,0
SIMULATED,Collect,TD-SV2,SIM-C2-4-0031,-2.709377389168013,-2.218502786204389,-2.0359604467995713,P2E wins,0,0
SIMULATED,Collect,TD-SV2,SIM-C2-4-0032,-1.146001010253524,0.09542528741919443,-1.027105310343129,Seed wins,0,0
SIMULATED,Collect,TD-SV2,SIM-C2-4-0033,-1.2842994830306669,-1.8558486284582032,0.19747032754563487,P2E wins,0,0
SIMULATED,Collect,TD-SV2,SIM-C2-4-0034,0.15837490225130016,0.23725272629400423,0.8669102378972027,P2E wins,0,0
SIMULATED,Collect,TD-SV2,SIM-C2-4-0035,-0.39073458756227464,-1.212847641354994,-1.3650698403020454,Seed wins,1,1
SIMULATED,Collect,TD-SV2,SIM-C2-4-0036,0.42376472395133713,-0.22418118368099593,0.7822397627125373,P2E wins,0,0
SIMULATED,Collect,TD-SV2,SIM-C2-4-0037,0.40115490105660695,0.14566754645995816,0.6286989495656403,P2E wins,0,0
SIMULATED,Collect,TD-SV2,SIM-C2-4-0038,0.23647287802953357,1.608414585978723,1.8582400742418237,P2E wins,0,0
SIMULATED,Collect,TD-SV2,SIM-C2-4-0039,-0.22217475360287245,-0.07900265398396394,-1.375151380289367,Seed wins,0,1
SIMULATED,Collect,TD-SV2,SIM-C2-4-0040,0.47561227527337874,0.5668990987685512,1.5439862483843356,P2E wins,0,0
SIMULATED,Collect,TD-SV2,SIM-C2-4-0041,-0.6011906599135787,-0.5642429227957474,0.1291948632902421,P2E wins,0,0
SIMULATED,Collect,TD-SV2,SIM-C2-4-0042,1.200623784218091,0.9457961707064905,0.9715043057360739,Tie,0,0
SIMULATED,Collect,TD-SV2,SIM-C2-4-0043,0.855009605204544,0.33998989645569094,0.6561438492284812,P2E wins,0,0
SIMULATED,Collect,TD-SV2,SIM-C2-4-0044,-0.7606791106407619,0.07837336938367345,-1.2377468214970415,Seed wins,0,0
SIMULATED,Collect,TD-SV2,SIM-C2-4-0045,-1.6316451379899923,-1.6774938187397646,-1.2623943486110139,P2E wins,0,0
SIMULATED,Collect,TD-SV2,SIM-C2-4-0046,1.6766646880034777,2.2556227075517135,1.9075929795289037,Seed wins,0,0
SIMULATED,Collect,TD-SV2,SIM-C2-4-0047,-2.221001324008294,-1.8541503346093782,-0.7081503987592446,P2E wins,0,0
SIMULATED,Collect,TD-SV2,SIM-C2-4-0048,-0.294408105776786,-0.24419652214748583,0.09022708277850039,Abstain,0,0
SIMULATED,Collect,TD-SV2,SIM-C2-4-0049,0.27383953423377344,0.3010342961697503,0.6477990733089184,P2E wins,0,0
SIMULATED,Collect,TD-SV2,SIM-C2-4-0050,1.5078783661072583,1.4955668347833968,2.1727960526431147,P2E wins,0,0
SIMULATED,Collect,TD-SV2,SIM-C2-4-0051,-1.0684758974213515,-0.5909677974653034,-1.1669264347639232,Seed wins,0,0
SIMULATED,Collect,TD-SV2,SIM-C2-4-0052,0.1591135880843614,-0.8084881115535065,0.3746399899264846,P2E wins,1,0
SIMULATED,Collect,TD-SV2,SIM-C2-4-0053,0.5921147081879652,1.1201555696688013,1.9685142680454324,P2E wins,0,0
SIMULATED,Collect,TD-SV2,SIM-C2-4-0054,-0.8939759702613924,0.36174105537724277,-0.18637061719054104,Seed wins,0,0
SIMULATED,Collect,TD-SV2,SIM-C2-4-0055,-1.607724744723935,-0.30263036365943674,-0.2438110857236464,Tie,0,0
SIMULATED,Collect,TD-SV2,SIM-C2-4-0056,0.19640837840207367,0.8559222703608405,1.4762200419650862,P2E wins,0,0
SIMULATED,Collect,TD-SV2,SIM-C2-4-0057,2.1565777956790035,2.243091001526186,2.4691461807092727,P2E wins,0,0
SIMULATED,Collect,TD-SV2,SIM-C2-4-0058,-0.258656915492445,0.5496785431147785,-0.49791773936532147,Seed wins,0,0
SIMULATED,Collect,TD-SV2,SIM-C2-4-0059,-0.547875296997973,-0.017742663005131276,-0.41078185834103215,Seed wins,0,0
SIMULATED,Collect,TD-SV2,SIM-C2-4-0060,0.7722770638753746,1.3708647991268879,-0.24224308173573528,Seed wins,0,1
SIMULATED,Collect,TD-SV2,SIM-C2-4-0061,2.2917343694211936,3.039485140814803,3.1370057768774275,Tie,0,0
SIMULATED,Collect,TD-SV2,SIM-C2-4-0062,1.57678747966191,2.0997695294560232,1.8191596673178174,Seed wins,0,0
SIMULATED,Collect,TD-SV2,SIM-C2-4-0063,0.4353626280622549,1.05577092815835,1.5311903357354575,P2E wins,0,0
SIMULATED,Collect,TD-SV2,SIM-C2-4-0064,-0.14232726681325328,-0.5729124352688345,0.21341326435300415,Abstain,0,0
SIMULATED,Collect,TD-SV2,SIM-C2-4-0065,-1.5488355999624868,-1.8437738405760762,-0.902268417101445,P2E wins,0,0
SIMULATED,Collect,TD-SV2,SIM-C2-4-0066,-0.20788564175413193,0.33887689537018223,0.014988692921004243,Seed wins,0,0
SIMULATED,Collect,TD-SV2,SIM-C2-4-0067,-1.6149833407337835,-1.6987001940713018,-1.2266635845842953,P2E wins,0,0
SIMULATED,Collect,TD-SV2,SIM-C2-4-0068,1.2231125106340484,2.1518152783410702,2.7505258357088147,P2E wins,0,0
SIMULATED,Collect,TD-SV2,SIM-C2-4-0069,-1.0859367315624369,-1.0069517363518838,-1.3687887975457413,Seed wins,0,0
SIMULATED,Collect,TD-SV2,SIM-C2-4-0070,1.2586143815700022,2.0020925600854036,3.400393634844405,P2E wins,0,0
SIMULATED,Collect,TD-SV2,SIM-C2-4-0071,0.158790789134775,0.6959700655254124,1.210808677834021,P2E wins,0,0
SIMULATED,Collect,TD-SV2,SIM-C2-4-0072,0.24486488408497092,1.3638643068774132,0.5517403985403737,Abstain,0,0
SIMULATED,Collect,TD-SV2,SIM-C2-4-0073,0.8939527842230535,-0.08067121657128362,0.08049218386367696,P2E wins,1,1
SIMULATED,Collect,TD-SV2,SIM-C2-4-0074,-0.47341415507756957,-0.20198155935720713,1.4075788013481183,P2E wins,0,0
SIMULATED,Collect,TD-SV2,SIM-C2-4-0075,-0.9575352157010587,-1.1853493451444486,-1.3830742516745607,Seed wins,0,0
SIMULATED,Collect,TD-SV2,SIM-C2-4-0076,-0.1919824627274983,-0.4517413428100259,0.1755059956202008,P2E wins,0,0
SIMULATED,Collect,TD-SV2,SIM-C2-4-0077,2.455216526149019,2.416444662876952,2.9111204374452497,P2E wins,0,0
SIMULATED,Collect,TD-SV2,SIM-C2-4-0078,-0.744773663067381,-0.010675575680749061,-0.15114563763945438,Tie,0,0
SIMULATED,Collect,TD-SV2,SIM-C2-4-0079,0.9533152631416071,0.5138721208787909,1.989019034390601,P2E wins,0,0
SIMULATED,Collect,TD-SV2,SIM-C2-4-0080,1.8290523854730063,2.1917873107245365,2.6589717451627775,P2E wins,0,0
SIMULATED,Collect,TD-SV2,SIM-C2-4-0081,0.1669726208362967,-0.10673697927734627,0.4808233820435384,P2E wins,0,0
SIMULATED,Collect,TD-SV2,SIM-C2-4-0082,-1.3982681532617507,-0.5432905101780506,-1.4271987770933108,Seed wins,0,0
SIMULATED,Collect,TD-SV2,SIM-C2-4-0083,-0.6453403684924378,-0.20094444539619938,-1.457897901118019,Seed wins,0,1
SIMULATED,Collect,TD-SV2,SIM-C2-4-0084,-0.03226906390679514,0.15331567180569125,0.5229063078579177,P2E wins,0,0
SIMULATED,Collect,TD-SV2,SIM-C2-4-0085,-2.3850947157957805,-2.5429735017823942,-2.2508074883894595,P2E wins,0,0
SIMULATED,Collect,TD-SV2,SIM-C2-4-0086,1.7591681064081734,2.483185061155084,2.7122334343148915,P2E wins,0,0
SIMULATED,Collect,TD-SV2,SIM-C2-4-0087,-0.7445772098994754,-0.6145284336555694,-0.5406529708924399,Tie,0,0
SIMULATED,Collect,TD-SV2,SIM-C2-4-0088,1.54464914031332,1.3458442129056845,1.6740159715286427,P2E wins,0,0
SIMULATED,Collect,TD-SV2,SIM-C2-4-0089,-2.348518690870188,-1.511033188138179,-1.3222714852029398,P2E wins,0,0
SIMULATED,Collect,TD-SV2,SIM-C2-4-0090,1.2547447162362735,2.3491510444570043,2.5445463646389372,P2E wins,0,0
SIMULATED,Collect,TD-SV2,SIM-C2-4-0091,-0.7712600254293387,-0.8369446019650397,0.9078092982837117,P2E wins,0,0
SIMULATED,Collect,TD-SV2,SIM-C2-4-0092,-2.2207704870222145,-2.5741419866140114,-2.251643065988346,P2E wins,0,0
SIMULATED,Collect,TD-SV2,SIM-C2-4-0093,0.6526551738420843,1.471225728302767,2.1867750964056842,P2E wins,0,0
SIMULATED,Collect,TD-SV2,SIM-C2-4-0094,0.7623114132542737,1.6873664739752403,2.395367051080412,P2E wins,0,0
SIMULATED,Collect,TD-SV2,SIM-C2-4-0095,0.05735111833240129,1.502585332428036,0.7013354292067988,Seed wins,0,0
SIMULATED,Collect,TD-SV2,SIM-C2-4-0096,-0.8697454877570768,-0.06585208614112781,-0.73444221917944,Seed wins,0,0
SIMULATED,Collect,TD-SV2,SIM-C2-4-0097,-0.5613976326401812,-0.4534626298449054,-0.4632338899418038,Tie,0,0
SIMULATED,Collect,TD-SV2,SIM-C2-4-0098,1.0965608108338483,0.27359202892497836,1.3573500469822197,P2E wins,1,0
SIMULATED,Collect,TD-SV2,SIM-C2-4-0099,1.4328905395711025,1.4448356141866399,1.8482177897589738,P2E wins,0,0
SIMULATED,Collect,TD-SV2,SIM-C2-4-0100,-0.44198463279162353,0.018740281389746004,0.3426758490289863,P2E wins,0,0
SIMULATED,Collect,TD-SV2,SIM-C2-4-0101,0.7464356240284158,1.389840390489045,0.24685839130506382,Seed wins,0,0
SIMULATED,Collect,TD-SV2,SIM-C2-4-0102,0.9533227253046461,0.4880044306711184,1.2036291620584596,P2E wins,0,0
SIMULATED,Collect,TD-SV2,SIM-C2-4-0103,0.2510996459208527,-1.2241996696191202,0.6063534465346173,P2E wins,1,0
SIMULATED,Collect,TD-SV2,SIM-C2-4-0104,-0.5589972663639114,0.3206501117639511,0.37128712801125763,Abstain,0,0
SIMULATED,Collect,TD-SV2,SIM-C2-4-0105,-0.04831883079620409,-0.6508812633198707,0.020835460477384715,P2E wins,0,0
SIMULATED,Collect,TD-SV2,SIM-C2-4-0106,1.9621671822081799,2.7313681038843587,2.8784697488911464,Tie,0,0
SIMULATED,Collect,TD-SV2,SIM-C2-4-0107,-0.2242691251174006,0.11379770870590739,0.82745863257772,P2E wins,0,0
SIMULATED,Collect,TD-SV2,SIM-C2-4-0108,1.1560407783022233,1.2450004864467097,0.8600056864848873,Seed wins,0,0
SIMULATED,Collect,TD-SV2,SIM-C2-4-0109,0.2747830518536562,0.5896093766067522,-0.6348685840110173,Seed wins,0,1
SIMULATED,Collect,TD-SV2,SIM-C2-4-0110,1.5224463375334938,1.9330968835486417,3.08035290481575,P2E wins,0,0
SIMULATED,Collect,TD-SV2,SIM-C2-4-0111,-1.024902246645071,-0.3129003380797264,0.03977002461924328,P2E wins,0,0
SIMULATED,Collect,TD-SV2,SIM-C2-4-0112,-1.507326383078998,-1.360853644000596,-1.1598148835571314,P2E wins,0,0
SIMULATED,Collect,TD-SV2,SIM-C2-4-0113,2.577435327704747,2.8472293661779844,3.476647156032637,P2E wins,0,0
SIMULATED,Collect,TD-SV2,SIM-C2-4-0114,0.19736468947541694,-0.7805638769555222,1.4565056035391695,P2E wins,1,0
SIMULATED,Collect,TD-SV2,SIM-C2-4-0115,-0.04088549037285975,-0.7145987739405754,1.9089069154281253,P2E wins,0,0
SIMULATED,Collect,TD-SV2,SIM-C2-4-0116,-1.038625490730504,-1.46056089215358,-0.6890153287047445,P2E wins,0,0
SIMULATED,Collect,TD-SV2,SIM-C2-4-0117,-0.8060498561038721,-0.2665250179664846,-0.23286641801628474,Tie,0,0
SIMULATED,Collect,TD-SV2,SIM-C2-4-0118,-0.0014390856725701368,0.9344603252645095,0.5540490324189546,Seed wins,0,0
SIMULATED,Collect,TD-SV2,SIM-C2-4-0119,-0.37059676533596475,0.22178464265793552,0.5773589044380782,P2E wins,0,0
SIMULATED,Collect,TD-SV2,SIM-C2-4-0120,1.6177506470554195,2.7535231739338024,2.6854533830728915,Tie,0,0
SIMULATED,Collect,TD-SV2,SIM-C2-4-0121,0.5454251528306524,-0.23942496218435205,-0.03036187830697379,P2E wins,0,0
SIMULATED,Collect,TD-SV2,SIM-C2-4-0122,-0.7247953079464596,-0.6340723987871374,0.4981555113992201,P2E wins,0,0
SIMULATED,Collect,TD-SV2,SIM-C2-4-0123,0.3534342126912072,0.04488435337829089,1.7940335369027132,P2E wins,0,0
SIMULATED,Collect,TD-SV2,SIM-C2-4-0124,-0.8422895801569245,-1.2647772242552768,-0.20864792636917845,Abstain,0,0
SIMULATED,Collect,TD-SV2,SIM-C2-4-0125,-0.09342927591557094,0.41911559874595034,0.19682082771232973,Seed wins,0,0
SIMULATED,Collect,TD-SV2,SIM-C2-4-0126,0.7745854483707204,0.3491320895721437,1.7343491792557846,P2E wins,0,0
SIMULATED,Collect,TD-SV2,SIM-C2-4-0127,2.004122442554044,2.379856925720263,2.722278263627826,Abstain,0,0
SIMULATED,Collect,TD-SV2,SIM-C2-4-0128,-0.0013719098525498165,0.08401477905492832,-0.357659185823765,Seed wins,0,0
SIMULATED,Collect,TD-SV2,SIM-C2-4-0129,-0.029298760990593004,-0.29991371056579874,0.5091954222589056,P2E wins,0,0
SIMULATED,Collect,TD-SV2,SIM-C2-4-0130,0.4068376097146232,1.0015954447438826,1.1392270348564095,Tie,0,0
SIMULATED,Collect,TD-SV2,SIM-C2-4-0131,-0.03978150707569222,-0.0908083636459871,0.015920610871009683,Tie,0,0
SIMULATED,Collect,TD-SV2,SIM-C2-4-0132,0.21669973183331298,0.5114274483957655,1.2547592839531339,P2E wins,0,0
SIMULATED,Collect,TD-SV2,SIM-C2-4-0133,1.4022493175552322,1.6078330278726407,1.1079109642475489,Seed wins,0,0
SIMULATED,Collect,TD-SV2,SIM-C2-4-0134,1.2006500179225013,1.8066178148372347,1.146742450497174,Seed wins,0,0
SIMULATED,Collect,TD-SV2,SIM-C2-4-0135,-0.2398707444847878,0.636319927590447,0.5611356725246524,Abstain,0,0
SIMULATED,Collect,TD-SV2,SIM-C2-4-0136,1.0620323027431324,2.308206362650586,1.7187825104579162,Seed wins,0,0
SIMULATED,Collect,TD-SV2,SIM-C2-4-0137,-0.05614219463242067,-0.5934455593432497,0.06254528786503483,Abstain,0,0
SIMULATED,Collect,TD-SV2,SIM-C2-4-0138,-0.2057301870679057,0.12305544793459866,0.12443247857156828,Tie,0,0
SIMULATED,Collect,TD-SV2,SIM-C2-4-0139,1.7462604422361123,1.441961387608097,1.5668897299252222,Tie,0,0
SIMULATED,Collect,TD-SV2,SIM-C2-4-0140,-0.02052520355634306,0.502025296179684,0.4512745107472516,Tie,0,0
SIMULATED,Collect,TD-SV2,SIM-C2-4-0141,-0.6149930435491191,-0.2571333671350449,-1.271582617914325,Seed wins,0,0
SIMULATED,Collect,TD-SV2,SIM-C2-4-0142,1.0152706870396182,0.7971352450726561,1.3329770788406465,P2E wins,0,0
SIMULATED,Collect,TD-SV2,SIM-C2-4-0143,1.5728938292705608,1.3796772109864797,2.80633916592655,P2E wins,0,0
SIMULATED,Collect,TD-SV2,SIM-C2-4-0144,-1.1601323351570363,-0.43435657018517015,-1.7921052423502557,Seed wins,0,0
SIMULATED,Collect,TD-SV2,SIM-C2-4-0145,0.21679815257938095,1.2578414631217731,0.2726090947556971,Seed wins,0,0
SIMULATED,Collect,TD-SV2,SIM-C2-4-0146,-0.3384602655615764,0.05349378829158871,-0.8071960258879485,Seed wins,0,0
SIMULATED,Collect,TD-SV2,SIM-C2-4-0147,2.0677983055904954,2.566006030141498,3.4094401934331855,P2E wins,0,0
SIMULATED,Collect,TD-SV2,SIM-C2-4-0148,-0.545638435860254,0.06832043138023905,0.37646229758911265,P2E wins,0,0
SIMULATED,Collect,TD-SV2,SIM-C2-4-0149,-0.05442473692271459,-0.6591390507695067,0.48332381116125916,P2E wins,0,0
SIMULATED,Collect,TD-SV2,SIM-C2-4-0150,0.2504995845186211,0.8337926407540404,1.070433303801169,Abstain,0,0
SIMULATED,Collect,TD-SV2,SIM-C2-4-0151,-1.2324748489721595,-0.5806560096710998,-0.9711720220865987,Seed wins,0,0
SIMULATED,Collect,TD-SV2,SIM-C2-4-0152,-0.32661256247868675,-0.3640400627814178,-0.04206248569238413,P2E wins,0,0
SIMULATED,Collect,TD-SV2,SIM-C2-4-0153,-0.63828845244361,-1.0928115707929633,-0.10347372540180882,P2E wins,0,0
SIMULATED,Collect,TD-SV2,SIM-C2-4-0154,-1.0515454717011334,-0.7799535372230696,-0.8531571094394899,Tie,0,0
SIMULATED,Collect,TD-SV2,SIM-C2-4-0155,-1.1467341515288574,0.435122307461147,-0.8337196012310502,Seed wins,0,0
SIMULATED,Collect,TD-SV2,SIM-C2-4-0156,0.7735955661272894,2.1732711916940435,1.8937738958100434,Seed wins,0,0
SIMULATED,Collect,TD-SV2,SIM-C2-4-0157,-0.2123831788765859,0.28412096309317414,-0.5855765412426128,Seed wins,0,0
SIMULATED,Collect,TD-SV2,SIM-C2-4-0158,0.7682611566426237,1.8421204259609567,1.3357222366072645,Abstain,0,0
SIMULATED,Collect,TD-SV2,SIM-C2-4-0159,0.3648640452942233,1.1631120162467274,2.2313566218963694,P2E wins,0,0
SIMULATED,Collect,TD-IG3,SIM-C2-5-0000,1.5582219165313431,2.3659763207432394,1.332884869862355,Seed wins,0,0
SIMULATED,Collect,TD-IG3,SIM-C2-5-0001,1.506389214268005,2.1991765927298834,2.502803242464624,P2E wins,0,0
SIMULATED,Collect,TD-IG3,SIM-C2-5-0002,0.8812250074011921,0.0134065491662132,1.183746412184119,P2E wins,1,0
SIMULATED,Collect,TD-IG3,SIM-C2-5-0003,0.33712196694041446,0.09952963818857524,1.054946329901211,Abstain,0,0
SIMULATED,Collect,TD-IG3,SIM-C2-5-0004,-1.0283700439261845,-1.4362803382150378,0.5205203869314287,P2E wins,0,0
SIMULATED,Collect,TD-IG3,SIM-C2-5-0005,0.5231622515907485,-0.821758450119431,1.4836019840492045,P2E wins,1,0
SIMULATED,Collect,TD-IG3,SIM-C2-5-0006,1.2559472863062224,0.9397979222593086,1.5940735226440483,P2E wins,0,0
SIMULATED,Collect,TD-IG3,SIM-C2-5-0007,1.8090515937597182,1.8226953775741628,3.029944223018095,P2E wins,0,0
SIMULATED,Collect,TD-IG3,SIM-C2-5-0008,0.61602144551616,0.14569266174806134,1.2706524040931901,P2E wins,0,0
SIMULATED,Collect,TD-IG3,SIM-C2-5-0009,0.6931637897268736,0.7094335299145335,2.1287404523842737,P2E wins,0,0
SIMULATED,Collect,TD-IG3,SIM-C2-5-0010,-0.3671367067574711,-0.21051561681522776,0.6523859592787014,P2E wins,0,0
SIMULATED,Collect,TD-IG3,SIM-C2-5-0011,0.050250676504610584,0.22294317998493468,1.9777602059844597,P2E wins,0,0
SIMULATED,Collect,TD-IG3,SIM-C2-5-0012,-0.36434148252602183,-0.236360720505713,-0.3015960826547527,Tie,0,0
SIMULATED,Collect,TD-IG3,SIM-C2-5-0013,1.576977354070851,1.293350492282334,2.1744988594877013,P2E wins,0,0
SIMULATED,Collect,TD-IG3,SIM-C2-5-0014,-2.0081913116913817,-1.0403805370025043,-0.6153765023092781,P2E wins,0,0
SIMULATED,Collect,TD-IG3,SIM-C2-5-0015,-0.1811257818176792,-0.030833694578768486,-0.021230345086187263,Tie,0,0
SIMULATED,Collect,TD-IG3,SIM-C2-5-0016,0.251126540530092,-0.0640643378517401,0.6679509513959172,P2E wins,0,0
SIMULATED,Collect,TD-IG3,SIM-C2-5-0017,-0.8504720716406888,0.06547634393217872,-0.22546053478924544,Seed wins,0,0
SIMULATED,Collect,TD-IG3,SIM-C2-5-0018,0.018071527487491506,0.3651670406159424,0.672392860805296,P2E wins,0,0
SIMULATED,Collect,TD-IG3,SIM-C2-5-0019,-0.1582651238140187,1.1784672789260933,1.011888602077201,Seed wins,0,0
SIMULATED,Collect,TD-IG3,SIM-C2-5-0020,-0.7270599779606689,0.02983966422478368,-0.5238328423233491,Seed wins,0,0
SIMULATED,Collect,TD-IG3,SIM-C2-5-0021,0.4119013749705847,-0.40245857638577803,1.1810165502095082,P2E wins,1,0
SIMULATED,Collect,TD-IG3,SIM-C2-5-0022,-0.13053558303359383,-0.846305524184739,1.1169430625640857,P2E wins,0,0
SIMULATED,Collect,TD-IG3,SIM-C2-5-0023,-1.1843338545003084,-0.8822370119237712,-1.1585291582936643,Seed wins,0,0
SIMULATED,Collect,TD-IG3,SIM-C2-5-0024,1.2429028092253642,0.7280246199353888,1.3421877048385376,P2E wins,0,0
SIMULATED,Collect,TD-IG3,SIM-C2-5-0025,0.8445330037313441,1.2795287494682173,0.9436910834049796,Seed wins,0,0
SIMULATED,Collect,TD-IG3,SIM-C2-5-0026,-0.3974324905508609,-0.47522317928529856,0.2257896952525271,P2E wins,0,0
SIMULATED,Collect,TD-IG3,SIM-C2-5-0027,-0.09693646648856678,1.0906585606329315,0.48567608138757146,Seed wins,0,0
SIMULATED,Collect,TD-IG3,SIM-C2-5-0028,-0.20507404333186308,0.8302427997451195,0.08855596926521159,Seed wins,0,0
SIMULATED,Collect,TD-IG3,SIM-C2-5-0029,-0.7927942719514486,-0.4840021612902153,0.19606027327334535,P2E wins,0,0
SIMULATED,Collect,TD-IG3,SIM-C2-5-0030,-1.2942053718444968,-1.7090380206236842,-0.5137603208311419,P2E wins,0,0
SIMULATED,Collect,TD-IG3,SIM-C2-5-0031,1.7300656023530376,1.6119144019447484,1.8214942950453987,P2E wins,0,0
SIMULATED,Collect,TD-IG3,SIM-C2-5-0032,0.002267196780657656,0.09623767382038667,1.1570221527444657,P2E wins,0,0
SIMULATED,Collect,TD-IG3,SIM-C2-5-0033,-1.5890758822917814,-1.2996482542818342,-0.1827844382318865,P2E wins,0,0
SIMULATED,Collect,TD-IG3,SIM-C2-5-0034,0.4148972760054343,1.0190160424207773,1.16574570327562,Tie,0,0
SIMULATED,Collect,TD-IG3,SIM-C2-5-0035,-0.7826954642001512,-0.34148557261124124,-0.3297576056815468,Tie,0,0
SIMULATED,Collect,TD-IG3,SIM-C2-5-0036,0.7837773463164649,0.5653713169179283,2.1574470276639204,P2E wins,0,0
SIMULATED,Collect,TD-IG3,SIM-C2-5-0037,-0.5566986153566859,0.14018169023651522,-0.07043575315002089,Seed wins,0,0
SIMULATED,Collect,TD-IG3,SIM-C2-5-0038,0.2275684582550248,1.54622144399868,1.1221102860409522,Seed wins,0,0
SIMULATED,Collect,TD-IG3,SIM-C2-5-0039,-0.8202901319635969,-1.28929837168018,-0.711844519725213,P2E wins,0,0
SIMULATED,Collect,TD-IG3,SIM-C2-5-0040,-0.04524930545144369,0.5252063312288591,0.590211609266705,Tie,0,0
SIMULATED,Collect,TD-IG3,SIM-C2-5-0041,0.7653391785888983,1.2426229848560695,1.6347150327706585,P2E wins,0,0
SIMULATED,Collect,TD-IG3,SIM-C2-5-0042,0.23969901968024332,0.5364982442520723,0.3948986020328248,Tie,0,0
SIMULATED,Collect,TD-IG3,SIM-C2-5-0043,0.7355537235249713,0.25307629405555465,0.3736444895742601,Tie,0,0
SIMULATED,Collect,TD-IG3,SIM-C2-5-0044,-0.833848455936438,-0.4537372726331157,-1.478333257634598,Seed wins,0,0
SIMULATED,Collect,TD-IG3,SIM-C2-5-0045,-1.863088546897234,-1.5079682241741312,-1.9529502757564714,Seed wins,0,0
SIMULATED,Collect,TD-IG3,SIM-C2-5-0046,1.7671446448005708,2.37768976841162,3.0744431748806975,P2E wins,0,0
SIMULATED,Collect,TD-IG3,SIM-C2-5-0047,-0.5614677521773331,-0.3304219115933883,0.3585977186240593,P2E wins,0,0
SIMULATED,Collect,TD-IG3,SIM-C2-5-0048,0.7398652231135016,0.7410491393760078,0.9356569629341991,Abstain,0,0
SIMULATED,Collect,TD-IG3,SIM-C2-5-0049,-1.6160404316390589,-2.4744617914759632,-1.3472943785161768,P2E wins,1,0
SIMULATED,Collect,TD-IG3,SIM-C2-5-0050,-1.1898981254692245,-1.2025450785630083,-0.3025008343729808,P2E wins,0,0
SIMULATED,Collect,TD-IG3,SIM-C2-5-0051,-0.7075772624765401,-0.42584084357766283,0.7371603176003075,P2E wins,0,0
SIMULATED,Collect,TD-IG3,SIM-C2-5-0052,-1.26396255365703,-1.0871619592070885,-0.5528537374251232,P2E wins,0,0
SIMULATED,Collect,TD-IG3,SIM-C2-5-0053,2.594271289554124,3.016101451375242,3.1723731012657947,Abstain,0,0
SIMULATED,Collect,TD-IG3,SIM-C2-5-0054,0.29226697234478755,-0.06417908644053727,-0.17398389523368163,Abstain,0,0
SIMULATED,Collect,TD-IG3,SIM-C2-5-0055,-0.08263663181237327,0.6910473023811008,-0.21989519646503913,Seed wins,0,0
SIMULATED,Collect,TD-IG3,SIM-C2-5-0056,-0.45992808980167177,-0.3905423673582774,-0.04022094669280457,P2E wins,0,0
SIMULATED,Collect,TD-IG3,SIM-C2-5-0057,0.5706366871817043,1.0519553072962067,0.20468913056470472,Seed wins,0,0
SIMULATED,Collect,TD-IG3,SIM-C2-5-0058,-0.8720309032331509,-1.2056694206250316,-0.44771538355790885,P2E wins,0,0
SIMULATED,Collect,TD-IG3,SIM-C2-5-0059,-0.18875710647145313,-0.6547013199388094,-0.48037136693123683,P2E wins,0,0
SIMULATED,Collect,TD-IG3,SIM-C2-5-0060,-0.4593469012933636,-0.20272938512856498,-0.578794127219378,Seed wins,0,0
SIMULATED,Collect,TD-IG3,SIM-C2-5-0061,-1.5086113646879729,-1.825901496122492,-0.007491724632343599,P2E wins,0,0
SIMULATED,Collect,TD-IG3,SIM-C2-5-0062,0.2968381386602668,0.6993588984408151,0.7450246238441425,Tie,0,0
SIMULATED,Collect,TD-IG3,SIM-C2-5-0063,0.7041333967049414,0.9559094816170859,1.3147827171294864,P2E wins,0,0
SIMULATED,Collect,TD-IG3,SIM-C2-5-0064,1.0132358239601003,1.585150600243844,0.8703402636099787,Seed wins,0,0
SIMULATED,Collect,TD-IG3,SIM-C2-5-0065,0.01846140064073323,-0.20102257316821803,0.17634030428252812,P2E wins,0,0
SIMULATED,Collect,TD-IG3,SIM-C2-5-0066,-1.2049497338527382,-0.8047481400215052,-1.153889595971152,Seed wins,0,0
SIMULATED,Collect,TD-IG3,SIM-C2-5-0067,0.8622070751367232,1.1095497464451332,1.9198256359914283,P2E wins,0,0
SIMULATED,Collect,TD-IG3,SIM-C2-5-0068,0.8201698149341803,0.7053171879079843,1.9687694674364908,P2E wins,0,0
SIMULATED,Collect,TD-IG3,SIM-C2-5-0069,0.1677922485246619,0.3378659481023643,-0.11211182740378678,Seed wins,0,0
SIMULATED,Collect,TD-IG3,SIM-C2-5-0070,-0.9396363527950702,-0.6483553295276114,0.2731589439292226,P2E wins,0,0
SIMULATED,Collect,TD-IG3,SIM-C2-5-0071,-0.755478736702126,-0.7283190970685891,-0.5799285163380733,Tie,0,0
SIMULATED,Collect,TD-IG3,SIM-C2-5-0072,-2.4254185901017222,-2.412772547500421,-2.2301928012473278,P2E wins,0,0
SIMULATED,Collect,TD-IG3,SIM-C2-5-0073,0.9346700845661293,0.8696508628918473,2.3900351701925526,P2E wins,0,0
SIMULATED,Collect,TD-IG3,SIM-C2-5-0074,-0.603946147523736,-0.7035964109276633,1.3737589922003055,P2E wins,0,0
SIMULATED,Collect,TD-IG3,SIM-C2-5-0075,-0.30099653802508636,-0.33940876978736256,0.4676193457262504,P2E wins,0,0
SIMULATED,Collect,TD-IG3,SIM-C2-5-0076,-0.7623476801683537,-1.250001841901431,-0.17318154879434633,P2E wins,0,0
SIMULATED,Collect,TD-IG3,SIM-C2-5-0077,0.3883569288612449,-0.32681094059365295,1.4912661616999041,P2E wins,0,0
SIMULATED,Collect,TD-IG3,SIM-C2-5-0078,-1.2392793272089617,-0.6553776943734393,0.2933377505869196,P2E wins,0,0
SIMULATED,Collect,TD-IG3,SIM-C2-5-0079,-0.8301065051024242,-1.7898325342898864,0.3183813432323286,Abstain,1,0
SIMULATED,Collect,TD-IG3,SIM-C2-5-0080,0.528558648419315,0.8346889151839989,2.371392718141606,P2E wins,0,0
SIMULATED,Collect,TD-IG3,SIM-C2-5-0081,-0.8276552716156336,-0.8684048765528375,1.0832057302223808,P2E wins,0,0
SIMULATED,Collect,TD-IG3,SIM-C2-5-0082,0.61104714548647,1.4385902756913886,1.013822403018794,Seed wins,0,0
SIMULATED,Collect,TD-IG3,SIM-C2-5-0083,0.3358326697273298,0.7494570271796575,1.1773118706967602,P2E wins,0,0
SIMULATED,Collect,TD-IG3,SIM-C2-5-0084,0.9237017722531398,1.1079038959188023,0.3555209529618111,Seed wins,0,0
SIMULATED,Collect,TD-IG3,SIM-C2-5-0085,-1.8356431957749932,-1.8151460125120713,-1.7839491407111212,Tie,0,0
SIMULATED,Collect,TD-IG3,SIM-C2-5-0086,-0.043042407196728104,0.5826908130404244,1.9776660832153934,P2E wins,0,0
SIMULATED,Collect,TD-IG3,SIM-C2-5-0087,-1.5847229577225184,-1.7259202050051718,-1.7868255603606298,Tie,0,0
SIMULATED,Collect,TD-IG3,SIM-C2-5-0088,1.8237473295109266,1.944552675668093,1.6089104450449698,Seed wins,0,0
SIMULATED,Collect,TD-IG3,SIM-C2-5-0089,0.11477524187011257,0.8455459483222401,-0.24379784973800256,Seed wins,0,0
SIMULATED,Collect,TD-IG3,SIM-C2-5-0090,0.3562885068445643,0.33157108670569857,0.9321175221884526,P2E wins,0,0
SIMULATED,Collect,TD-IG3,SIM-C2-5-0091,0.618702124960163,1.9217421387331641,0.9870424631516181,Seed wins,0,0
SIMULATED,Collect,TD-IG3,SIM-C2-5-0092,0.35267305076542277,1.4122955122898087,1.824141505768191,P2E wins,0,0
SIMULATED,Collect,TD-IG3,SIM-C2-5-0093,-0.9774522763766754,-0.44962521873898886,0.32516292016056864,P2E wins,0,0
SIMULATED,Collect,TD-IG3,SIM-C2-5-0094,-0.3291016643397188,-0.48950594438182005,0.20670786303619498,P2E wins,0,0
SIMULATED,Collect,TD-IG3,SIM-C2-5-0095,0.533008179961743,1.5401485165532325,1.4615619493643068,Tie,0,0
SIMULATED,Collect,TD-IG3,SIM-C2-5-0096,0.12419955851880968,1.191195004727201,0.7427597042431433,Seed wins,0,0
SIMULATED,Collect,TD-IG3,SIM-C2-5-0097,1.3711448954803553,0.8280563548648125,1.8386116136287152,P2E wins,0,0
SIMULATED,Collect,TD-IG3,SIM-C2-5-0098,-1.1453487967973266,-0.5703042208843042,-0.4920059854522092,Tie,0,0
SIMULATED,Collect,TD-IG3,SIM-C2-5-0099,-1.2040461390097459,-2.130477287463094,-1.304828698678641,P2E wins,1,0
SIMULATED,Collect,TD-IG3,SIM-C2-5-0100,-0.215744288478457,0.24754917817974498,0.09148255747925421,Seed wins,0,0
SIMULATED,Collect,TD-IG3,SIM-C2-5-0101,-0.7036691209764736,-0.9151203061030475,-0.5403346660075907,P2E wins,0,0
SIMULATED,Collect,TD-IG3,SIM-C2-5-0102,0.01479901254256369,0.9198228377081625,0.4853893625603135,Seed wins,0,0
SIMULATED,Collect,TD-IG3,SIM-C2-5-0103,-0.5906114996008476,-0.6957936979989017,-0.32707335044510755,P2E wins,0,0
SIMULATED,Collect,TD-IG3,SIM-C2-5-0104,1.8782414339816156,1.720735195302055,1.7602944187254392,Tie,0,0
SIMULATED,Collect,TD-IG3,SIM-C2-5-0105,0.20896968522637727,-0.11494939075791943,0.6256733042585013,P2E wins,0,0
SIMULATED,Collect,TD-IG3,SIM-C2-5-0106,1.1157279853612132,2.2576155940756344,1.4799150461033512,Seed wins,0,0
SIMULATED,Collect,TD-IG3,SIM-C2-5-0107,-1.4056446973163275,-3.1612132746355126,-1.5973461955428754,P2E wins,1,0
SIMULATED,Collect,TD-IG3,SIM-C2-5-0108,1.3633687385322713,1.4546998251997,1.7417114471743123,Abstain,0,0
SIMULATED,Collect,TD-IG3,SIM-C2-5-0109,0.2942547231467222,1.0678415913589518,0.8785559056811432,Seed wins,0,0
SIMULATED,Collect,TD-IG3,SIM-C2-5-0110,0.3057633842787255,0.3718520746766412,1.0478277912256369,P2E wins,0,0
SIMULATED,Collect,TD-IG3,SIM-C2-5-0111,-1.330882044248434,-1.959821566211497,0.17650311609391034,P2E wins,0,0
SIMULATED,Collect,TD-IG3,SIM-C2-5-0112,0.02372582393891488,0.1700391347166616,-0.16870502125439374,Seed wins,0,0
SIMULATED,Collect,TD-IG3,SIM-C2-5-0113,-2.0033173796509205,-1.2610194167131006,-1.1232429170326395,Tie,0,0
SIMULATED,Collect,TD-IG3,SIM-C2-5-0114,-0.8142254993273341,-0.9070858986729813,-0.6929079044018776,Abstain,0,0
SIMULATED,Collect,TD-IG3,SIM-C2-5-0115,0.9757972574326045,1.0890392565035616,2.2458768983826998,P2E wins,0,0
SIMULATED,Collect,TD-IG3,SIM-C2-5-0116,-1.1947118339828127,-0.1925994763463531,0.6136235831174661,P2E wins,0,0
SIMULATED,Collect,TD-IG3,SIM-C2-5-0117,1.0188305573849012,0.1290352243281443,1.0538459308828174,P2E wins,1,0
SIMULATED,Collect,TD-IG3,SIM-C2-5-0118,-0.010413260435043733,0.29234828774528054,-1.1348052134206597,Seed wins,0,1
SIMULATED,Collect,TD-IG3,SIM-C2-5-0119,2.102818524702866,2.4299705952651123,2.1275729579837814,Seed wins,0,0
SIMULATED,Collect,TD-IG3,SIM-C2-5-0120,-1.9291118461058483,-2.163871844102788,-0.680244485309068,P2E wins,0,0
SIMULATED,Collect,TD-IG3,SIM-C2-5-0121,-1.4209332079777983,-1.4333626726306417,-1.8521802156026284,Seed wins,0,0
SIMULATED,Collect,TD-IG3,SIM-C2-5-0122,-0.052230474791326253,0.31769167287526107,0.3159894991697732,Tie,0,0
SIMULATED,Collect,TD-IG3,SIM-C2-5-0123,0.5952720802056646,-0.23293268689764735,0.7081179856545153,P2E wins,1,0
SIMULATED,Collect,TD-IG3,SIM-C2-5-0124,0.06707902431743545,-0.34093721427788504,1.0452467715838523,P2E wins,0,0
SIMULATED,Collect,TD-IG3,SIM-C2-5-0125,-0.9541941049392412,0.42014222473013374,-0.8384789751138181,Seed wins,0,0
SIMULATED,Collect,TD-IG3,SIM-C2-5-0126,0.8214049418074367,2.080783004787397,2.505499523140475,P2E wins,0,0
SIMULATED,Collect,TD-IG3,SIM-C2-5-0127,0.8209319207012857,1.2156482404980404,0.29716086546893683,Seed wins,0,0
SIMULATED,Collect,TD-IG3,SIM-C2-5-0128,1.7751718716457803,2.0532182943819106,2.4078309962025624,P2E wins,0,0
SIMULATED,Collect,TD-IG3,SIM-C2-5-0129,-1.048067854336897,-0.2529741569883587,-1.1918470581367204,Seed wins,0,0
SIMULATED,Collect,TD-IG3,SIM-C2-5-0130,-0.28111761792003265,0.3766509876590146,0.2675109561465214,Tie,0,0
SIMULATED,Collect,TD-IG3,SIM-C2-5-0131,-0.38125971528793556,-0.19054687515731877,-0.24060608551365079,Tie,0,0
SIMULATED,Collect,TD-IG3,SIM-C2-5-0132,-0.33298588561416576,-0.7379313184150604,-0.27489483626691114,P2E wins,0,0
SIMULATED,Collect,TD-IG3,SIM-C2-5-0133,0.2202051365506669,1.0720978474753249,2.1628437651011088,Abstain,0,0
SIMULATED,Collect,TD-IG3,SIM-C2-5-0134,-1.4559085188758967,-0.9923232307834913,-1.1400365581084622,Tie,0,0
SIMULATED,Collect,TD-IG3,SIM-C2-5-0135,-0.5150755941353867,-0.3878720680391255,-0.4916725609448406,Tie,0,0
SIMULATED,Collect,TD-IG3,SIM-C2-5-0136,0.5464279500876115,1.3106148770910302,1.9647820912030893,P2E wins,0,0
SIMULATED,Collect,TD-IG3,SIM-C2-5-0137,-0.5702858331366932,-0.30650065541483146,0.451697275010325,P2E wins,0,0
SIMULATED,Collect,TD-IG3,SIM-C2-5-0138,1.7432387398712716,2.7144434677251694,1.88932421810987,Seed wins,0,0
SIMULATED,Collect,TD-IG3,SIM-C2-5-0139,-1.0849727918777134,-2.0836647605815015,-1.2895126482117159,P2E wins,1,0
SIMULATED,Collect,TD-IG3,SIM-C2-5-0140,0.11144176534834624,0.2714855284155762,0.22476348535320345,Tie,0,0
SIMULATED,Collect,TD-IG3,SIM-C2-5-0141,0.05551846640747825,-0.042531003292612446,0.5975053620873169,P2E wins,0,0
SIMULATED,Collect,TD-IG3,SIM-C2-5-0142,-0.2184139091696014,0.21994172227067943,1.0218021069282437,P2E wins,0,0
SIMULATED,Collect,TD-IG3,SIM-C2-5-0143,-1.6460483489683047,-1.010051955541571,-0.03636649847201778,P2E wins,0,0
SIMULATED,Collect,TD-IG3,SIM-C2-5-0144,0.34633228705997504,0.5819819413187345,-0.24611307764204726,Seed wins,0,0
SIMULATED,Collect,TD-IG3,SIM-C2-5-0145,-0.4875017077302586,-0.6104614073796393,0.5151796292017048,P2E wins,0,0
SIMULATED,Collect,TD-IG3,SIM-C2-5-0146,0.8414377950067546,1.3672834392692343,2.1194749006994518,P2E wins,0,0
SIMULATED,Collect,TD-IG3,SIM-C2-5-0147,-0.659153012315219,-0.5339992914817479,-0.281059474475461,P2E wins,0,0
SIMULATED,Collect,TD-IG3,SIM-C2-5-0148,0.7399032987648684,1.7047647849337042,1.147576012828067,Seed wins,0,0
SIMULATED,Collect,TD-IG3,SIM-C2-5-0149,0.35523215808839903,0.34352223146427946,1.2954591304837415,P2E wins,0,0
SIMULATED,Collect,TD-IG3,SIM-C2-5-0150,0.04938502431093259,-0.8135609578012597,0.6982624499045424,P2E wins,1,0
SIMULATED,Collect,TD-IG3,SIM-C2-5-0151,0.6943575807164998,1.7146403255241476,1.6571105382354572,Tie,0,0
SIMULATED,Collect,TD-IG3,SIM-C2-5-0152,-1.1960453263394473,-1.3016656966980475,0.07827719903721564,P2E wins,0,0
SIMULATED,Collect,TD-IG3,SIM-C2-5-0153,-0.596905310931485,-1.5421787573693315,-0.912734837172303,P2E wins,1,0
SIMULATED,Collect,TD-IG3,SIM-C2-5-0154,-0.14369504027601135,0.259232150459151,0.3093546001634154,Tie,0,0
SIMULATED,Collect,TD-IG3,SIM-C2-5-0155,-0.736803659310016,-0.3873235131368925,1.199264038865856,P2E wins,0,0
SIMULATED,Collect,TD-IG3,SIM-C2-5-0156,-1.1230592080713424,-1.3513641453315774,-0.5536822107137502,Abstain,0,0
SIMULATED,Collect,TD-IG3,SIM-C2-5-0157,-0.6137632662163437,-0.5935396774009655,0.6230423219499757,P2E wins,0,0
SIMULATED,Collect,TD-IG3,SIM-C2-5-0158,0.09270844268299326,0.13355420780975003,0.15493294785932193,Tie,0,0
SIMULATED,Collect,TD-IG3,SIM-C2-5-0159,-1.8470641021416299,-1.449623833205918,-1.2304828282648306,P2E wins,0,0
SIMULATED,Collect,TD-TG2,SIM-C2-6-0000,-0.41962267236037276,-0.33391514600516903,-0.3615954912892817,Tie,0,0
SIMULATED,Collect,TD-TG2,SIM-C2-6-0001,-1.0967134874729954,-1.46473353550766,-0.23762543852051904,P2E wins,0,0
SIMULATED,Collect,TD-TG2,SIM-C2-6-0002,-0.08445341811467406,0.8010272759230399,0.7181420778761409,Tie,0,0
SIMULATED,Collect,TD-TG2,SIM-C2-6-0003,0.465083212888985,-0.12804878130454755,0.5462469144999611,P2E wins,0,0
SIMULATED,Collect,TD-TG2,SIM-C2-6-0004,0.8612737402509233,1.8733780786089693,0.6842213094532692,Seed wins,0,0
SIMULATED,Collect,TD-TG2,SIM-C2-6-0005,-0.22978930932563202,-0.6549081385032485,-1.0303463770189976,Seed wins,0,1
SIMULATED,Collect,TD-TG2,SIM-C2-6-0006,0.2335043263918939,-0.1364493369537993,0.7551688278385575,P2E wins,0,0
SIMULATED,Collect,TD-TG2,SIM-C2-6-0007,-0.49800806168072675,0.30249651610740025,0.19272620735162582,Tie,0,0
SIMULATED,Collect,TD-TG2,SIM-C2-6-0008,-0.6239285673985384,-0.5352921305592198,-0.12407474796047918,P2E wins,0,0
SIMULATED,Collect,TD-TG2,SIM-C2-6-0009,-0.4404554461226345,1.91008165290878,0.17280555329325553,Seed wins,0,0
SIMULATED,Collect,TD-TG2,SIM-C2-6-0010,1.8513091840645712,1.6417914088584908,2.3496819855053155,P2E wins,0,0
SIMULATED,Collect,TD-TG2,SIM-C2-6-0011,0.0482624967796642,-0.09289497308621941,1.0046296171136175,P2E wins,0,0
SIMULATED,Collect,TD-TG2,SIM-C2-6-0012,-0.989115381464333,-0.30614045592662076,-1.1343405501869617,Seed wins,0,0
SIMULATED,Collect,TD-TG2,SIM-C2-6-0013,-0.28742114668135477,0.31559883933400074,-1.5867981009948868,Seed wins,0,1
SIMULATED,Collect,TD-TG2,SIM-C2-6-0014,0.637604831632485,0.2601364550980645,0.7416246897912887,P2E wins,0,0
SIMULATED,Collect,TD-TG2,SIM-C2-6-0015,-0.3149641557766156,-0.7040280707504698,-0.6385639504910362,Tie,0,0
SIMULATED,Collect,TD-TG2,SIM-C2-6-0016,-0.45470746767900466,-0.5822749501879976,1.2842764189844162,P2E wins,0,0
SIMULATED,Collect,TD-TG2,SIM-C2-6-0017,-1.1879013706986041,-1.2392538774872615,-1.0118028196438749,P2E wins,0,0
SIMULATED,Collect,TD-TG2,SIM-C2-6-0018,-0.10622358034583698,1.240623813822486,-0.7773367662098112,Seed wins,0,0
SIMULATED,Collect,TD-TG2,SIM-C2-6-0019,-0.8173960026415276,-1.5611746920982412,-0.47788730924549605,P2E wins,0,0
SIMULATED,Collect,TD-TG2,SIM-C2-6-0020,0.06899495818019726,0.09621832011876938,0.08338465503216352,Tie,0,0
SIMULATED,Collect,TD-TG2,SIM-C2-6-0021,-0.615293282320016,-0.534899811548984,-0.32073268314884096,P2E wins,0,0
SIMULATED,Collect,TD-TG2,SIM-C2-6-0022,-1.2630701432872922,-1.8920204755914156,-2.0094435945098974,Tie,0,0
SIMULATED,Collect,TD-TG2,SIM-C2-6-0023,-0.7302105888796756,-0.8521088326628787,-0.7568998988247188,Abstain,0,0
SIMULATED,Collect,TD-TG2,SIM-C2-6-0024,0.4298500724463652,0.636686486943054,0.7781698941386048,Abstain,0,0
SIMULATED,Collect,TD-TG2,SIM-C2-6-0025,-0.08901215007394506,0.9014290795537978,0.20550642229110816,Seed wins,0,0
SIMULATED,Collect,TD-TG2,SIM-C2-6-0026,1.1241084000604684,1.6913334986258701,0.9267706013938629,Seed wins,0,0
SIMULATED,Collect,TD-TG2,SIM-C2-6-0027,0.28211113728391307,0.6111648686116233,-0.4014043530704909,Seed wins,0,0
SIMULATED,Collect,TD-TG2,SIM-C2-6-0028,0.87333980078805,2.189424090792047,2.8010959010970446,P2E wins,0,0
SIMULATED,Collect,TD-TG2,SIM-C2-6-0029,-0.7950896950357403,-2.446696369369077,-1.0288257110427994,P2E wins,1,0
SIMULATED,Collect,TD-TG2,SIM-C2-6-0030,-0.4547602176081101,-0.6805635967076835,-0.6152607641977479,Tie,0,0
SIMULATED,Collect,TD-TG2,SIM-C2-6-0031,-1.0136174956302402,-0.7358417735508392,-0.721940813059424,Tie,0,0
SIMULATED,Collect,TD-TG2,SIM-C2-6-0032,0.8749168069274565,1.742718121376119,0.3637881965972679,Seed wins,0,0
SIMULATED,Collect,TD-TG2,SIM-C2-6-0033,-0.5086765302094847,-0.21643840047221863,-0.5555891686517865,Seed wins,0,0
SIMULATED,Collect,TD-TG2,SIM-C2-6-0034,0.10500264390390386,0.199123023480904,1.0592004558637416,Abstain,0,0
SIMULATED,Collect,TD-TG2,SIM-C2-6-0035,-0.804872231381521,-0.9910160288974187,-0.8305511856837471,P2E wins,0,0
SIMULATED,Collect,TD-TG2,SIM-C2-6-0036,1.8149188223576567,1.6980530200175665,2.9256766574850457,P2E wins,0,0
SIMULATED,Collect,TD-TG2,SIM-C2-6-0037,-1.133896336626496,-0.8521676318241124,-1.7546967691064057,Seed wins,0,0
SIMULATED,Collect,TD-TG2,SIM-C2-6-0038,0.4549418180845873,0.20595371924475647,0.8776206369912074,P2E wins,0,0
SIMULATED,Collect,TD-TG2,SIM-C2-6-0039,1.4119089519796992,2.4086563052675993,1.9114845474732234,Seed wins,0,0
SIMULATED,Collect,TD-TG2,SIM-C2-6-0040,-0.9400896561630879,-1.2309631451022347,-0.21928057132298384,P2E wins,0,0
SIMULATED,Collect,TD-TG2,SIM-C2-6-0041,-1.4258285932899875,-0.3519553745976398,-1.0683963235763332,Abstain,0,0
SIMULATED,Collect,TD-TG2,SIM-C2-6-0042,1.7125729930803815,1.3898163003736625,2.0320458288408085,P2E wins,0,0
SIMULATED,Collect,TD-TG2,SIM-C2-6-0043,0.6515078477147977,0.3427833719122353,0.6600994823179656,P2E wins,0,0
SIMULATED,Collect,TD-TG2,SIM-C2-6-0044,-1.2441454217217531,-0.6202982594971381,-0.6242083324620032,Tie,0,0
SIMULATED,Collect,TD-TG2,SIM-C2-6-0045,-0.20175850914375582,-0.5027557477821595,0.02790617138073881,P2E wins,0,0
SIMULATED,Collect,TD-TG2,SIM-C2-6-0046,-0.7021158779154809,0.12219863041638157,-0.45396796815538754,Seed wins,0,0
SIMULATED,Collect,TD-TG2,SIM-C2-6-0047,-0.7545235068268086,-0.7250194543464645,-0.08456613601864538,P2E wins,0,0
SIMULATED,Collect,TD-TG2,SIM-C2-6-0048,0.20423513535283833,-0.4564421172537785,0.15018143159133782,Abstain,0,0
SIMULATED,Collect,TD-TG2,SIM-C2-6-0049,-0.47173844867978076,0.8212354650059521,-0.37291010718135714,Seed wins,0,0
SIMULATED,Collect,TD-TG2,SIM-C2-6-0050,-1.54158862982226,-0.5599143977417923,-1.6184326597226555,Seed wins,0,0
SIMULATED,Collect,TD-TG2,SIM-C2-6-0051,0.8939514229152489,1.453524630643396,1.1129191282717472,Seed wins,0,0
SIMULATED,Collect,TD-TG2,SIM-C2-6-0052,0.9627163803377385,1.2098327349961517,0.9621198713815681,Seed wins,0,0
SIMULATED,Collect,TD-TG2,SIM-C2-6-0053,2.107535086539276,1.8470520015673788,0.7629050598982663,Seed wins,0,1
SIMULATED,Collect,TD-TG2,SIM-C2-6-0054,-1.3145589715727608,-0.4896800800209884,-1.4683857493936558,Seed wins,0,0
SIMULATED,Collect,TD-TG2,SIM-C2-6-0055,0.2509329506116284,0.6345802306386562,0.6139795318358272,Tie,0,0
SIMULATED,Collect,TD-TG2,SIM-C2-6-0056,1.4211499406085488,1.4983530326616987,1.764706817391164,P2E wins,0,0
SIMULATED,Collect,TD-TG2,SIM-C2-6-0057,0.3614165765710769,0.31631920636827454,0.9364699083557535,Abstain,0,0
SIMULATED,Collect,TD-TG2,SIM-C2-6-0058,0.7112644044888785,0.5201572002056079,-0.00827790819110008,Seed wins,0,0
SIMULATED,Collect,TD-TG2,SIM-C2-6-0059,1.0564516327320639,1.0447644243008805,1.6860241153362616,P2E wins,0,0
SIMULATED,Collect,TD-TG2,SIM-C2-6-0060,0.061024903941164145,0.8981112268131776,1.2936325018569421,P2E wins,0,0
SIMULATED,Collect,TD-TG2,SIM-C2-6-0061,0.19672279705944626,0.5391768185468445,-1.159187299162323,Seed wins,0,1
SIMULATED,Collect,TD-TG2,SIM-C2-6-0062,-0.26552811886653427,0.17930208605530856,0.04724419141113596,Tie,0,0
SIMULATED,Collect,TD-TG2,SIM-C2-6-0063,0.22525087787740405,1.0034210893487414,0.28390221003844385,Seed wins,0,0
SIMULATED,Collect,TD-TG2,SIM-C2-6-0064,-0.1766310058730443,-0.4264640029316731,0.434937431749988,P2E wins,0,0
SIMULATED,Collect,TD-TG2,SIM-C2-6-0065,-0.6307053889118531,0.6827396929095177,-0.8984830097758019,Seed wins,0,0
SIMULATED,Collect,TD-TG2,SIM-C2-6-0066,-0.12493260286667313,-0.21306237693047453,0.23997549156224918,P2E wins,0,0
SIMULATED,Collect,TD-TG2,SIM-C2-6-0067,-0.39464375949333236,0.14161536393756313,-0.8214666920426155,Seed wins,0,0
SIMULATED,Collect,TD-TG2,SIM-C2-6-0068,-0.17391683934322982,0.23303227608442223,-0.8008856132191011,Seed wins,0,0
SIMULATED,Collect,TD-TG2,SIM-C2-6-0069,2.0161598141285544,3.4694250468241563,1.8511570320508774,Seed wins,0,0
SIMULATED,Collect,TD-TG2,SIM-C2-6-0070,-1.1879382148909037,-0.7957841320497969,-1.010599531514017,Abstain,0,0
SIMULATED,Collect,TD-TG2,SIM-C2-6-0071,-1.221979152410155,-0.7114755848948258,-0.434779973541537,P2E wins,0,0
SIMULATED,Collect,TD-TG2,SIM-C2-6-0072,0.060626607635654244,-0.35241898786845594,0.4815556999009245,P2E wins,0,0
SIMULATED,Collect,TD-TG2,SIM-C2-6-0073,-0.2334917259405035,0.17705792663640302,-0.7046426168146709,Seed wins,0,0
SIMULATED,Collect,TD-TG2,SIM-C2-6-0074,0.5482129334555044,-0.11132392688121295,-0.13187415072414188,Tie,0,0
SIMULATED,Collect,TD-TG2,SIM-C2-6-0075,-1.4960021113906272,-0.16186340264653365,-1.2082531696201637,Seed wins,0,0
SIMULATED,Collect,TD-TG2,SIM-C2-6-0076,1.3345632329194441,1.9719130152732527,1.9168572046824341,Tie,0,0
SIMULATED,Collect,TD-TG2,SIM-C2-6-0077,0.567999862933454,-0.20500284302898564,1.2880818228053534,P2E wins,0,0
SIMULATED,Collect,TD-TG2,SIM-C2-6-0078,-1.7227548315629253,-1.0494221707070575,-1.375162685277407,Seed wins,0,0
SIMULATED,Collect,TD-TG2,SIM-C2-6-0079,-1.3216721364783484,-1.8895526193039829,-1.6410190088593084,P2E wins,0,0
SIMULATED,Collect,TD-TG2,SIM-C2-6-0080,-1.6214864535125646,-1.094596101895902,-0.26059126325365556,P2E wins,0,0
SIMULATED,Collect,TD-TG2,SIM-C2-6-0081,-0.05087889013718801,2.044609388365182,-0.43490167552568443,Seed wins,0,0
SIMULATED,Collect,TD-TG2,SIM-C2-6-0082,0.7519529064783369,1.3087250286596575,1.381628673907344,Tie,0,0
SIMULATED,Collect,TD-TG2,SIM-C2-6-0083,-0.6352146617018036,-0.6427590593840654,-1.610865529137421,Seed wins,0,1
SIMULATED,Collect,TD-TG2,SIM-C2-6-0084,-0.303176915185649,-0.05339698948716298,-0.8218465963066066,Seed wins,0,0
SIMULATED,Collect,TD-TG2,SIM-C2-6-0085,1.3557862948910684,3.1977684889778475,1.3372841934446118,Seed wins,0,0
SIMULATED,Collect,TD-TG2,SIM-C2-6-0086,-0.5403102524119415,-0.11685297352623775,-0.15273820856828607,Tie,0,0
SIMULATED,Collect,TD-TG2,SIM-C2-6-0087,-0.2161314222852686,0.3077709767688398,-0.2945001947442305,Seed wins,0,0
SIMULATED,Collect,TD-TG2,SIM-C2-6-0088,-2.315291720395293,-2.2930492828513325,-1.5211628792123686,P2E wins,0,0
SIMULATED,Collect,TD-TG2,SIM-C2-6-0089,-1.259754747425998,-1.559727158940905,-1.6604772849258254,Tie,0,0
SIMULATED,Collect,TD-TG2,SIM-C2-6-0090,0.29528937417774676,-0.48379036441217194,0.5332636031579316,P2E wins,0,0
SIMULATED,Collect,TD-TG2,SIM-C2-6-0091,0.8324832662769169,0.15184360820563736,0.5258564087891451,P2E wins,0,0
SIMULATED,Collect,TD-TG2,SIM-C2-6-0092,1.3788816201491874,1.8630986208214275,1.7051834276676865,Seed wins,0,0
SIMULATED,Collect,TD-TG2,SIM-C2-6-0093,0.6557985164079946,0.5187927053576791,-0.01376814007642585,Abstain,0,0
SIMULATED,Collect,TD-TG2,SIM-C2-6-0094,0.908592497665662,0.9134373518042599,0.5042986940300603,Seed wins,0,0
SIMULATED,Collect,TD-TG2,SIM-C2-6-0095,-0.2604972380999948,0.005887990491818401,-0.744237678997731,Seed wins,0,0
SIMULATED,Collect,TD-TG2,SIM-C2-6-0096,0.018033095508440494,0.40860854634213023,0.15280996781821654,Seed wins,0,0
SIMULATED,Collect,TD-TG2,SIM-C2-6-0097,-0.8446758337458491,-0.8810880902670039,-0.37781648740573415,P2E wins,0,0
SIMULATED,Collect,TD-TG2,SIM-C2-6-0098,0.34464706311030435,0.7571333220046599,1.3404000455086829,P2E wins,0,0
SIMULATED,Collect,TD-TG2,SIM-C2-6-0099,-0.46120542559135197,-0.3436867256381104,-0.9722558104046742,Seed wins,0,0
SIMULATED,Collect,TD-TG2,SIM-C2-6-0100,-0.8787034476577374,-0.9522099920309738,-1.204033763520933,Seed wins,0,0
SIMULATED,Collect,TD-TG2,SIM-C2-6-0101,1.009336809321195,0.8723591721832662,0.1261700865845352,Seed wins,0,1
SIMULATED,Collect,TD-TG2,SIM-C2-6-0102,0.37093080061153455,1.3197458802606172,1.3511435920352444,Tie,0,0
SIMULATED,Collect,TD-TG2,SIM-C2-6-0103,0.21111990234022288,0.6460600519874415,0.88749995829706,Abstain,0,0
SIMULATED,Collect,TD-TG2,SIM-C2-6-0104,-0.43298761594986496,1.1051228630042431,0.4949280978472418,Seed wins,0,0
SIMULATED,Collect,TD-TG2,SIM-C2-6-0105,-0.3864779350818473,-0.7968671105783185,-0.6817801320188585,Tie,0,0
SIMULATED,Collect,TD-TG2,SIM-C2-6-0106,-0.6168288772214578,-0.16126364562434947,-0.06345435916619602,Tie,0,0
SIMULATED,Collect,TD-TG2,SIM-C2-6-0107,0.34079564678318164,-0.06546495786335937,0.2156131356178262,Abstain,0,0
SIMULATED,Collect,TD-TG2,SIM-C2-6-0108,-1.430932249079268,-1.1400420418743007,-0.3245609659820351,P2E wins,0,0
SIMULATED,Collect,TD-TG2,SIM-C2-6-0109,0.42154019081392374,1.2423993621514078,0.9889484614929257,Seed wins,0,0
SIMULATED,Collect,TD-TG2,SIM-C2-6-0110,-0.4030175033411243,0.9841391990712107,-1.0470195233180264,Abstain,0,0
SIMULATED,Collect,TD-TG2,SIM-C2-6-0111,0.6286509054403676,0.9955846157345065,0.9865492819562345,Tie,0,0
SIMULATED,Collect,TD-TG2,SIM-C2-6-0112,-0.34311501893900603,-0.107610185267451,-0.20526918055930557,Tie,0,0
SIMULATED,Collect,TD-TG2,SIM-C2-6-0113,-1.1769531108354052,-1.2613957860292722,-1.3014382889759857,Tie,0,0
SIMULATED,Collect,TD-TG2,SIM-C2-6-0114,0.22414312433430345,-0.15148811268985762,0.6576598754242384,P2E wins,0,0
SIMULATED,Collect,TD-TG2,SIM-C2-6-0115,0.05990938323528846,-0.21512566793007926,-1.6087295782828344,Seed wins,0,1
SIMULATED,Collect,TD-TG2,SIM-C2-6-0116,0.14319419814580278,0.18238361314465867,0.9268991305744544,Abstain,0,0
SIMULATED,Collect,TD-TG2,SIM-C2-6-0117,1.1937062038443522,0.4086279189560643,2.0662543611795616,P2E wins,0,0
SIMULATED,Collect,TD-TG2,SIM-C2-6-0118,-1.7754913973195858,-0.8770058472048337,-0.7133696674919399,Abstain,0,0
SIMULATED,Collect,TD-TG2,SIM-C2-6-0119,-0.18671427522223377,0.973021343320097,0.2644747525936296,Seed wins,0,0
SIMULATED,Collect,TD-TG2,SIM-C2-6-0120,-1.5408043961637599,-1.0075197537014682,-1.6310409869699902,Seed wins,0,0
SIMULATED,Collect,TD-TG2,SIM-C2-6-0121,-1.3465850313716452,-1.4089772857044995,-1.7077809787099594,Seed wins,0,0
SIMULATED,Collect,TD-TG2,SIM-C2-6-0122,-1.1223859900388853,-0.7122582388495489,-0.14599891789766917,P2E wins,0,0
SIMULATED,Collect,TD-TG2,SIM-C2-6-0123,-1.7114317681232334,-0.6199362542794801,-0.7496636010242873,Tie,0,0
SIMULATED,Collect,TD-TG2,SIM-C2-6-0124,2.7677273400994338,2.966818517017953,2.472884187276106,Seed wins,0,0
SIMULATED,Collect,TD-TG2,SIM-C2-6-0125,-0.10273841811889318,-0.009760335674570159,-0.21066118299772923,Seed wins,0,0
SIMULATED,Collect,TD-TG2,SIM-C2-6-0126,-0.26320572008972265,-0.4959546817710807,0.34539618963664465,P2E wins,0,0
SIMULATED,Collect,TD-TG2,SIM-C2-6-0127,1.5978186413607884,2.189891200222011,1.5170399028714416,Abstain,0,0
SIMULATED,Collect,TD-TG2,SIM-C2-6-0128,-1.4968862924969109,-1.3400811889508644,-3.001564684589569,Seed wins,0,1
SIMULATED,Collect,TD-TG2,SIM-C2-6-0129,-0.9189898994480012,-0.09139321863420705,-0.6374200824592939,Seed wins,0,0
SIMULATED,Collect,TD-TG2,SIM-C2-6-0130,-0.06439493397044252,1.1610430701439194,-0.8113881954684128,Seed wins,0,0
SIMULATED,Collect,TD-TG2,SIM-C2-6-0131,0.32833829428685024,0.027178177873720566,-0.18184964251426705,Seed wins,0,0
SIMULATED,Collect,TD-TG2,SIM-C2-6-0132,0.5007740628396272,1.0220166282871241,-0.4036705013824524,Seed wins,0,1
SIMULATED,Collect,TD-TG2,SIM-C2-6-0133,0.24531555020730808,1.4575271137314636,0.5131057959971813,Abstain,0,0
SIMULATED,Collect,TD-TG2,SIM-C2-6-0134,0.7804257341414469,1.4917554532880564,0.5726701722761763,Seed wins,0,0
SIMULATED,Collect,TD-TG2,SIM-C2-6-0135,1.049851957399727,1.9809864403935014,0.3927866254063421,Seed wins,0,0
SIMULATED,Collect,TD-TG2,SIM-C2-6-0136,0.5677252952220128,1.1653357347753088,0.8567327880854937,Seed wins,0,0
SIMULATED,Collect,TD-TG2,SIM-C2-6-0137,-1.1586712604064162,-1.1024354683503548,-2.074367929823012,Seed wins,0,1
SIMULATED,Collect,TD-TG2,SIM-C2-6-0138,-0.2549306476054075,-0.20577510333730728,-0.8401383727327445,Seed wins,0,0
SIMULATED,Collect,TD-TG2,SIM-C2-6-0139,0.12781751183548576,0.09965242043430075,0.14696039798550337,Tie,0,0
SIMULATED,Collect,TD-TG2,SIM-C2-6-0140,-1.112196315739316,-0.7084393089835614,-0.5058082340497858,P2E wins,0,0
SIMULATED,Collect,TD-TG2,SIM-C2-6-0141,0.10592814262669635,0.3240272983093529,1.0764902045427929,P2E wins,0,0
SIMULATED,Collect,TD-TG2,SIM-C2-6-0142,-0.40483378875411397,0.6938574148092451,-1.0834867538801576,Seed wins,0,0
SIMULATED,Collect,TD-TG2,SIM-C2-6-0143,0.693918923647132,1.6559152785914173,0.9090383956854572,Seed wins,0,0
SIMULATED,Collect,TD-TG2,SIM-C2-6-0144,0.34044120885599205,-0.3065147694255044,0.751943173955064,P2E wins,0,0
SIMULATED,Collect,TD-TG2,SIM-C2-6-0145,0.6243013808459983,1.5988829604595607,0.7291021776941093,Seed wins,0,0
SIMULATED,Collect,TD-TG2,SIM-C2-6-0146,1.1951332582812801,1.28656810712806,0.890293545250714,Seed wins,0,0
SIMULATED,Collect,TD-TG2,SIM-C2-6-0147,-0.6349237691553162,0.5031205318103422,-1.0386596961306251,Seed wins,0,0
SIMULATED,Collect,TD-TG2,SIM-C2-6-0148,0.7203877209361018,0.3191860869895838,-0.16696678516437602,Seed wins,0,1
SIMULATED,Collect,TD-TG2,SIM-C2-6-0149,2.4826565795580215,3.019468697741075,2.29831256806089,Seed wins,0,0
SIMULATED,Collect,TD-TG2,SIM-C2-6-0150,-0.25324562345715046,-0.38688330165476337,-0.5120846389689724,Tie,0,0
SIMULATED,Collect,TD-TG2,SIM-C2-6-0151,0.3094354790463299,0.37849176621736563,-0.30172020155807056,Seed wins,0,0
SIMULATED,Collect,TD-TG2,SIM-C2-6-0152,0.33050440754381777,1.574933773612294,1.7435852031164973,P2E wins,0,0
SIMULATED,Collect,TD-TG2,SIM-C2-6-0153,0.18941551481569108,0.7067981687904782,0.4455990722659187,Seed wins,0,0
SIMULATED,Collect,TD-TG2,SIM-C2-6-0154,-0.09808137614450513,-0.5734364550223352,0.43878533196374697,P2E wins,0,0
SIMULATED,Collect,TD-TG2,SIM-C2-6-0155,0.5919455873704621,0.30882068240836125,1.323921592071052,Abstain,0,0
SIMULATED,Collect,TD-TG2,SIM-C2-6-0156,0.5002090060894824,0.0420340131754231,-0.13187404497325117,Seed wins,0,0
SIMULATED,Collect,TD-TG2,SIM-C2-6-0157,0.007325953398477914,0.3302854478528915,0.06021647538499135,Seed wins,0,0
SIMULATED,Collect,TD-TG2,SIM-C2-6-0158,-0.2101394389989357,0.157352374041598,-0.4088862801242954,Seed wins,0,0
SIMULATED,Collect,TD-TG2,SIM-C2-6-0159,2.3060636721713097,2.5180623192823486,2.433090089608554,Tie,0,0
SIMULATED,Collect,TD-AR2,SIM-C2-7-0000,0.9119068506241093,1.541540574373796,1.7093996500609152,P2E wins,0,0
SIMULATED,Collect,TD-AR2,SIM-C2-7-0001,1.0149993937638906,1.0997621296788123,0.6119821259658461,Seed wins,0,0
SIMULATED,Collect,TD-AR2,SIM-C2-7-0002,1.8321039465570539,2.2301645313485103,1.0616747129126418,Seed wins,0,0
SIMULATED,Collect,TD-AR2,SIM-C2-7-0003,0.7907467791897583,1.284218163239623,0.6434717965091775,Seed wins,0,0
SIMULATED,Collect,TD-AR2,SIM-C2-7-0004,-0.057832454356926515,0.11977727968427115,0.814516946595213,P2E wins,0,0
SIMULATED,Collect,TD-AR2,SIM-C2-7-0005,-0.7272053201702483,-0.6959645967121784,-1.0146142475201267,Seed wins,0,0
SIMULATED,Collect,TD-AR2,SIM-C2-7-0006,-0.5148015948948519,-0.13078613592400354,0.2280409556148981,P2E wins,0,0
SIMULATED,Collect,TD-AR2,SIM-C2-7-0007,-0.9376714843841416,-1.831325333039263,-0.49969449870237675,P2E wins,1,0
SIMULATED,Collect,TD-AR2,SIM-C2-7-0008,0.45050487807822576,0.8831833984815434,0.31908181096329913,Seed wins,0,0
SIMULATED,Collect,TD-AR2,SIM-C2-7-0009,-0.3451003870626073,-0.845007109325013,-0.9066700368888265,Tie,0,0
SIMULATED,Collect,TD-AR2,SIM-C2-7-0010,-0.23848653024733815,0.0290615112184109,-0.5092449225415041,Abstain,0,0
SIMULATED,Collect,TD-AR2,SIM-C2-7-0011,-1.57903901771709,-1.3633308031210993,0.4750022433132648,P2E wins,0,0
SIMULATED,Collect,TD-AR2,SIM-C2-7-0012,-0.15557661248231985,0.3711029325822638,0.02214993818449934,Seed wins,0,0
SIMULATED,Collect,TD-AR2,SIM-C2-7-0013,-0.7579926634138229,0.4048412225216176,-0.6020937280690166,Seed wins,0,0
SIMULATED,Collect,TD-AR2,SIM-C2-7-0014,0.020404237961305433,0.4087598891932453,0.9587656092800774,P2E wins,0,0
SIMULATED,Collect,TD-AR2,SIM-C2-7-0015,-0.3378779242521957,-0.47853687799983263,0.44311267605001153,P2E wins,0,0
SIMULATED,Collect,TD-AR2,SIM-C2-7-0016,-1.0720573440652834,-0.42906228448420325,0.09589355316780301,P2E wins,0,0
SIMULATED,Collect,TD-AR2,SIM-C2-7-0017,-0.2258765952559709,-0.06634788605617535,0.11578368234432146,P2E wins,0,0
SIMULATED,Collect,TD-AR2,SIM-C2-7-0018,-0.45723654137877445,-0.6297028416301234,-0.33835714619502977,P2E wins,0,0
SIMULATED,Collect,TD-AR2,SIM-C2-7-0019,1.4535308734280772,1.3523728744458619,1.5820490140995274,P2E wins,0,0
SIMULATED,Collect,TD-AR2,SIM-C2-7-0020,-0.2728940675190427,-0.43187207303378194,0.4516102422522704,P2E wins,0,0
SIMULATED,Collect,TD-AR2,SIM-C2-7-0021,-2.144570007187959,-1.8540216700845995,-1.7917789343139043,Tie,0,0
SIMULATED,Collect,TD-AR2,SIM-C2-7-0022,-0.8277276578409973,-0.4940858986157098,0.17355760486361937,P2E wins,0,0
SIMULATED,Collect,TD-AR2,SIM-C2-7-0023,-1.280235210178313,-1.1356408229081625,-1.3287353443998924,Seed wins,0,0
SIMULATED,Collect,TD-AR2,SIM-C2-7-0024,-0.8636666984726572,-1.3309295872031153,-1.9423088587761135,Seed wins,0,1
SIMULATED,Collect,TD-AR2,SIM-C2-7-0025,-2.7101909188907274,-2.7097302781978105,-2.611060868342559,Tie,0,0
SIMULATED,Collect,TD-AR2,SIM-C2-7-0026,-1.1362055587630677,-0.3430933377924335,0.15295124506792662,P2E wins,0,0
SIMULATED,Collect,TD-AR2,SIM-C2-7-0027,0.6427614479253262,1.380264830060761,1.6798494495667409,P2E wins,0,0
SIMULATED,Collect,TD-AR2,SIM-C2-7-0028,0.4083941667979469,0.5911985264185596,0.8235384830204169,P2E wins,0,0
SIMULATED,Collect,TD-AR2,SIM-C2-7-0029,-1.7011833646652184,-2.1909297453583507,-1.8411556444446768,P2E wins,0,0
SIMULATED,Collect,TD-AR2,SIM-C2-7-0030,0.42000330974914335,-0.12054680585347416,0.7711577330232812,Abstain,0,0
SIMULATED,Collect,TD-AR2,SIM-C2-7-0031,-0.12525635356904102,0.3386464199795878,-0.5488524133417103,Seed wins,0,0
SIMULATED,Collect,TD-AR2,SIM-C2-7-0032,0.21888492663912698,0.8587834352690209,0.5601594062590884,Seed wins,0,0
SIMULATED,Collect,TD-AR2,SIM-C2-7-0033,2.1642072751391965,2.6968509193285004,2.2947488272256535,Seed wins,0,0
SIMULATED,Collect,TD-AR2,SIM-C2-7-0034,-2.3996330954079568,-1.7426851054331158,-1.8765345380255174,Tie,0,0
SIMULATED,Collect,TD-AR2,SIM-C2-7-0035,0.09787762843670875,-1.6897211481786554,0.689228141265186,P2E wins,1,0
SIMULATED,Collect,TD-AR2,SIM-C2-7-0036,1.5715224829426493,2.189591826490286,0.671710571594677,Seed wins,0,1
SIMULATED,Collect,TD-AR2,SIM-C2-7-0037,0.23352464547185858,0.0012807751781307442,0.7978796841920114,P2E wins,0,0
SIMULATED,Collect,TD-AR2,SIM-C2-7-0038,1.1277389344706596,1.5857424018738253,1.6515093035583146,Abstain,0,0
SIMULATED,Collect,TD-AR2,SIM-C2-7-0039,-1.6350498306636434,-1.3351063841284763,-0.9100790229506308,P2E wins,0,0
SIMULATED,Collect,TD-AR2,SIM-C2-7-0040,-0.363577823249121,0.5872899540045611,-0.9071349338694811,Seed wins,0,0
SIMULATED,Collect,TD-AR2,SIM-C2-7-0041,0.1166188170234914,0.35056684109299063,-0.20625665328798182,Seed wins,0,0
SIMULATED,Collect,TD-AR2,SIM-C2-7-0042,-1.0898278255395712,-0.9432098317478788,-1.6206693676291741,Seed wins,0,0
SIMULATED,Collect,TD-AR2,SIM-C2-7-0043,-0.0044314780797903896,0.5051687590946975,1.1301056558850078,P2E wins,0,0
SIMULATED,Collect,TD-AR2,SIM-C2-7-0044,1.362930551859841,1.4009098523170298,2.506209960357788,P2E wins,0,0
SIMULATED,Collect,TD-AR2,SIM-C2-7-0045,0.15182404898704843,-0.5656190441481668,1.8848814484840406,P2E wins,0,0
SIMULATED,Collect,TD-AR2,SIM-C2-7-0046,-0.1305057485784561,0.3168925673511062,0.6531035307650164,P2E wins,0,0
SIMULATED,Collect,TD-AR2,SIM-C2-7-0047,-0.22373065464260275,-1.352808383143285,-0.8445483332137824,P2E wins,1,0
SIMULATED,Collect,TD-AR2,SIM-C2-7-0048,-2.69436480145343,-2.523374169728553,-2.009773592375825,Abstain,0,0
SIMULATED,Collect,TD-AR2,SIM-C2-7-0049,-1.3485297103115987,-1.6687322107051694,-1.2280891375002494,P2E wins,0,0
SIMULATED,Collect,TD-AR2,SIM-C2-7-0050,-0.13903156870140265,0.43245980021183306,-0.9853466792040647,Seed wins,0,1
SIMULATED,Collect,TD-AR2,SIM-C2-7-0051,-0.601064457387066,0.2782805922130903,0.8122747275501692,P2E wins,0,0
SIMULATED,Collect,TD-AR2,SIM-C2-7-0052,-0.798363169055415,-1.5143514999759904,-0.528187584328402,Abstain,0,0
SIMULATED,Collect,TD-AR2,SIM-C2-7-0053,-0.9349074555755907,-0.5032511247390794,-0.7141584853792354,Seed wins,0,0
SIMULATED,Collect,TD-AR2,SIM-C2-7-0054,-0.259255250251482,0.6137763505021656,-0.9225925134490016,Seed wins,0,0
SIMULATED,Collect,TD-AR2,SIM-C2-7-0055,-1.1322152075069885,-0.13005858734407816,-1.3660661625730475,Seed wins,0,0
SIMULATED,Collect,TD-AR2,SIM-C2-7-0056,-0.33541548704863566,0.09579219741804756,0.6333304302786538,P2E wins,0,0
SIMULATED,Collect,TD-AR2,SIM-C2-7-0057,-1.9209468362160456,-0.4027121858673759,-1.9808926109268095,Seed wins,0,0
SIMULATED,Collect,TD-AR2,SIM-C2-7-0058,0.15082377917912385,0.022680418359892263,-0.048848400046275,Tie,0,0
SIMULATED,Collect,TD-AR2,SIM-C2-7-0059,0.17718961165407818,0.13903295082045508,1.7172991386741905,P2E wins,0,0
SIMULATED,Collect,TD-AR2,SIM-C2-7-0060,-0.10138599715197197,0.15752990931818772,-0.3445287819277257,Seed wins,0,0
SIMULATED,Collect,TD-AR2,SIM-C2-7-0061,2.5352343161167212,2.566941541687136,3.150457223511543,P2E wins,0,0
SIMULATED,Collect,TD-AR2,SIM-C2-7-0062,-0.12888199362991484,0.4594597803040353,0.4907648059181352,Tie,0,0
SIMULATED,Collect,TD-AR2,SIM-C2-7-0063,-0.9562323479350942,-0.2592011441501197,-0.08168210660901637,P2E wins,0,0
SIMULATED,Collect,TD-AR2,SIM-C2-7-0064,0.7713297731191333,1.1859684618953856,0.7649270949946175,Seed wins,0,0
SIMULATED,Collect,TD-AR2,SIM-C2-7-0065,-0.6720298717881373,0.5860889383852155,0.2008254621658411,Seed wins,0,0
SIMULATED,Collect,TD-AR2,SIM-C2-7-0066,0.03020392567298458,0.31281685834651046,0.6096847422665147,P2E wins,0,0
SIMULATED,Collect,TD-AR2,SIM-C2-7-0067,-0.7582693460195588,-0.19098958423740614,-0.080071587049453,Tie,0,0
SIMULATED,Collect,TD-AR2,SIM-C2-7-0068,0.7467112750076904,0.9994223284703343,0.7117562763614436,Seed wins,0,0
SIMULATED,Collect,TD-AR2,SIM-C2-7-0069,1.6513545141350667,2.0455918876577868,2.4131517414514887,P2E wins,0,0
SIMULATED,Collect,TD-AR2,SIM-C2-7-0070,-1.7370433810255794,-1.1046973373079787,-0.5766930213626978,P2E wins,0,0
SIMULATED,Collect,TD-AR2,SIM-C2-7-0071,0.22150055406480273,0.8587420118137209,-0.2766628219986418,Seed wins,0,0
SIMULATED,Collect,TD-AR2,SIM-C2-7-0072,1.1891420172340479,2.35166716048965,1.6012498730215066,Seed wins,0,0
SIMULATED,Collect,TD-AR2,SIM-C2-7-0073,1.074909340921844,1.6544356090818493,1.9134106824824668,P2E wins,0,0
SIMULATED,Collect,TD-AR2,SIM-C2-7-0074,-0.06649024595298246,0.3601915224006914,0.986140819396141,P2E wins,0,0
SIMULATED,Collect,TD-AR2,SIM-C2-7-0075,0.5842453636138073,0.7380346457015423,1.5481558881585735,P2E wins,0,0
SIMULATED,Collect,TD-AR2,SIM-C2-7-0076,-0.4847172721597573,-1.0452318413400463,-0.9136986932224034,Tie,0,0
SIMULATED,Collect,TD-AR2,SIM-C2-7-0077,-0.1699773615862538,0.11035555007630021,-0.5433979201765602,Seed wins,0,0
SIMULATED,Collect,TD-AR2,SIM-C2-7-0078,-1.8610853058976675,-2.462888107785062,-0.9993692844753992,P2E wins,0,0
SIMULATED,Collect,TD-AR2,SIM-C2-7-0079,-0.8613490765674625,-0.7815271564294692,-0.3275043495670962,P2E wins,0,0
SIMULATED,Collect,TD-AR2,SIM-C2-7-0080,-1.0355404709994251,-0.8215753870507779,-0.17082713556006807,P2E wins,0,0
SIMULATED,Collect,TD-AR2,SIM-C2-7-0081,-0.9871384288205062,-0.7884535475920472,-2.0373073962528645,Seed wins,0,1
SIMULATED,Collect,TD-AR2,SIM-C2-7-0082,1.475840247441584,2.769586820260184,2.5097240323069934,Seed wins,0,0
SIMULATED,Collect,TD-AR2,SIM-C2-7-0083,-1.7001092039803116,-0.8260696067362449,-0.7730457240060931,Tie,0,0
SIMULATED,Collect,TD-AR2,SIM-C2-7-0084,1.939991638993595,1.4856419160094037,2.577837448816784,P2E wins,0,0
SIMULATED,Collect,TD-AR2,SIM-C2-7-0085,0.19981363857168033,-0.0037857458796378696,1.2991186266699914,P2E wins,0,0
SIMULATED,Collect,TD-AR2,SIM-C2-7-0086,-1.2644331939093028,0.14958691316751216,0.20526118129207382,Tie,0,0
SIMULATED,Collect,TD-AR2,SIM-C2-7-0087,2.239542234638257,3.0304428613774324,2.9766999288289515,Tie,0,0
SIMULATED,Collect,TD-AR2,SIM-C2-7-0088,0.6428099465226181,1.299628132853838,1.4017048208868035,Tie,0,0
SIMULATED,Collect,TD-AR2,SIM-C2-7-0089,-0.8750072340881713,-1.0421598978976996,-1.2349205637549707,Seed wins,0,0
SIMULATED,Collect,TD-AR2,SIM-C2-7-0090,-0.6189627674337561,0.05596797012087967,-0.7750957997865444,Seed wins,0,0
SIMULATED,Collect,TD-AR2,SIM-C2-7-0091,0.6746021969360577,0.5105330143204933,0.1036649053412767,Seed wins,0,0
SIMULATED,Collect,TD-AR2,SIM-C2-7-0092,0.9364826905758123,1.4555183662798739,2.6025699400816578,P2E wins,0,0
SIMULATED,Collect,TD-AR2,SIM-C2-7-0093,0.1317882562020788,0.6219881348405989,0.06579373410004552,Seed wins,0,0
SIMULATED,Collect,TD-AR2,SIM-C2-7-0094,-0.16441805762746248,1.003817787684337,0.4757917437913344,Seed wins,0,0
SIMULATED,Collect,TD-AR2,SIM-C2-7-0095,1.5209371648365004,1.6295967986223374,1.1287185387081196,Seed wins,0,0
SIMULATED,Collect,TD-AR2,SIM-C2-7-0096,-0.9461464270358108,-1.2650267136436402,-0.7332951091441459,Abstain,0,0
SIMULATED,Collect,TD-AR2,SIM-C2-7-0097,1.4362253289350444,2.738753951073691,1.5681613208067795,Seed wins,0,0
SIMULATED,Collect,TD-AR2,SIM-C2-7-0098,1.6357892658631434,3.4571064784036802,2.265115920702315,Seed wins,0,0
SIMULATED,Collect,TD-AR2,SIM-C2-7-0099,-0.45178552394783855,0.31837639675269247,0.18064918811705222,Tie,0,0
SIMULATED,Collect,TD-AR2,SIM-C2-7-0100,-0.9088349145770277,-0.5655150367889855,-1.0452579533371142,Seed wins,0,0
SIMULATED,Collect,TD-AR2,SIM-C2-7-0101,-1.270985940942643,-1.425711501903394,-0.6875714794329069,P2E wins,0,0
SIMULATED,Collect,TD-AR2,SIM-C2-7-0102,0.7558459272603123,0.6448186260707468,1.4787989424021242,P2E wins,0,0
SIMULATED,Collect,TD-AR2,SIM-C2-7-0103,1.7179398954874152,2.302600194417361,2.6978602914542087,P2E wins,0,0
SIMULATED,Collect,TD-AR2,SIM-C2-7-0104,-0.24245877016027062,0.07206737552266691,0.5554013565451877,P2E wins,0,0
SIMULATED,Collect,TD-AR2,SIM-C2-7-0105,0.1727686224084295,1.0578006214460047,0.3600182258242715,Abstain,0,0
SIMULATED,Collect,TD-AR2,SIM-C2-7-0106,-0.34948788530010716,-0.6586367469718017,-0.5500769220735657,Tie,0,0
SIMULATED,Collect,TD-AR2,SIM-C2-7-0107,-0.9366652166696525,-0.5241915742622453,0.4681894389954494,P2E wins,0,0
SIMULATED,Collect,TD-AR2,SIM-C2-7-0108,1.0894955068008043,2.198743311294515,1.4537472329395764,Seed wins,0,0
SIMULATED,Collect,TD-AR2,SIM-C2-7-0109,0.2919692049189784,1.3319170987175977,1.0499805511520028,Seed wins,0,0
SIMULATED,Collect,TD-AR2,SIM-C2-7-0110,-0.19458339299598412,-0.32197381673008996,-0.19571720456003522,Tie,0,0
SIMULATED,Collect,TD-AR2,SIM-C2-7-0111,1.3930210494849309,2.3284064636437236,1.7638835051500972,Seed wins,0,0
SIMULATED,Collect,TD-AR2,SIM-C2-7-0112,1.0117749495408956,1.415370657440878,1.814121792317503,P2E wins,0,0
SIMULATED,Collect,TD-AR2,SIM-C2-7-0113,-0.08887380553571707,0.45809242535368955,-0.35174767517827954,Seed wins,0,0
SIMULATED,Collect,TD-AR2,SIM-C2-7-0114,0.9735194537094259,0.8964592782006136,0.38574766707537467,Seed wins,0,0
SIMULATED,Collect,TD-AR2,SIM-C2-7-0115,-0.8747603303764357,-0.912786005131647,0.2911811474266782,P2E wins,0,0
SIMULATED,Collect,TD-AR2,SIM-C2-7-0116,-1.468279085418105,-1.7334406902434245,-1.3269707032803575,P2E wins,0,0
SIMULATED,Collect,TD-AR2,SIM-C2-7-0117,2.0105347678973504,0.6738268809607935,2.2164434077298196,P2E wins,1,0
SIMULATED,Collect,TD-AR2,SIM-C2-7-0118,-0.773796789069184,-0.8066024611562618,-0.2729690463133048,P2E wins,0,0
SIMULATED,Collect,TD-AR2,SIM-C2-7-0119,-0.5366182884317898,0.4575915491528232,0.3085867601237088,Tie,0,0
SIMULATED,Collect,TD-AR2,SIM-C2-7-0120,0.20283055017249732,-0.36648028621159395,-0.014512433746320996,P2E wins,0,0
SIMULATED,Collect,TD-AR2,SIM-C2-7-0121,0.4515329856666903,-0.24092213978382782,-0.3305342796389597,Tie,0,0
SIMULATED,Collect,TD-AR2,SIM-C2-7-0122,0.6548689608042888,0.5337141844147177,0.3447525432621019,Seed wins,0,0
SIMULATED,Collect,TD-AR2,SIM-C2-7-0123,-0.9475731883617813,-0.6201638141739687,0.8587043143750814,P2E wins,0,0
SIMULATED,Collect,TD-AR2,SIM-C2-7-0124,0.7782694954159322,0.998056031183907,1.2600371714294605,P2E wins,0,0
SIMULATED,Collect,TD-AR2,SIM-C2-7-0125,-1.186674591191697,-1.5483592857118293,-1.2711185213417027,P2E wins,0,0
SIMULATED,Collect,TD-AR2,SIM-C2-7-0126,0.8975120582697526,2.7907981183857817,1.258538687194815,Seed wins,0,0
SIMULATED,Collect,TD-AR2,SIM-C2-7-0127,1.5897354354445932,1.8726873144423812,2.6409960677847035,Abstain,0,0
SIMULATED,Collect,TD-AR2,SIM-C2-7-0128,-0.14429989484481257,1.5403240975943826,1.585522163420221,Tie,0,0
SIMULATED,Collect,TD-AR2,SIM-C2-7-0129,0.0943584123842914,-0.09924870907463174,1.0523760036398642,P2E wins,0,0
SIMULATED,Collect,TD-AR2,SIM-C2-7-0130,-0.21929465801057602,0.3748950097201109,0.3474478028724387,Abstain,0,0
SIMULATED,Collect,TD-AR2,SIM-C2-7-0131,1.4823776152658323,1.4302303411739477,0.9515528835186834,Seed wins,0,0
SIMULATED,Collect,TD-AR2,SIM-C2-7-0132,-0.5649379776511977,-1.6986911096513555,-0.96572299633829,Abstain,1,0
SIMULATED,Collect,TD-AR2,SIM-C2-7-0133,0.5327110337889677,1.3731464028884512,0.5459585136480416,Seed wins,0,0
SIMULATED,Collect,TD-AR2,SIM-C2-7-0134,-0.7808149608559519,0.013426936229258835,0.40901909156030647,P2E wins,0,0
SIMULATED,Collect,TD-AR2,SIM-C2-7-0135,-0.7634643373866677,0.28396486154756195,-2.0601790607379695,Seed wins,0,1
SIMULATED,Collect,TD-AR2,SIM-C2-7-0136,0.913172994079874,1.128548835703927,1.312074855422157,P2E wins,0,0
SIMULATED,Collect,TD-AR2,SIM-C2-7-0137,0.4806927065438976,0.3328835337940276,1.3319664267219076,P2E wins,0,0
SIMULATED,Collect,TD-AR2,SIM-C2-7-0138,-0.6340593420495274,-0.7830709372861824,0.34990544121920175,P2E wins,0,0
SIMULATED,Collect,TD-AR2,SIM-C2-7-0139,-0.05409270409510866,0.3408773975004452,0.8968853251752864,P2E wins,0,0
SIMULATED,Collect,TD-AR2,SIM-C2-7-0140,-0.3622352357637538,0.5056236967885813,0.14382862353050613,Seed wins,0,0
SIMULATED,Collect,TD-AR2,SIM-C2-7-0141,0.12611806349187846,-0.1982208768871433,1.7002591513992984,P2E wins,0,0
SIMULATED,Collect,TD-AR2,SIM-C2-7-0142,0.4261543613461913,-0.08336207216829555,0.7215153361197569,P2E wins,0,0
SIMULATED,Collect,TD-AR2,SIM-C2-7-0143,0.5890812109166416,1.563489863557828,1.8195740756871592,P2E wins,0,0
SIMULATED,Collect,TD-AR2,SIM-C2-7-0144,-1.7011246390631516,-1.767628058321261,-1.6497189121236864,Tie,0,0
SIMULATED,Collect,TD-AR2,SIM-C2-7-0145,-0.6037569592271393,-0.4771696205238363,-0.7431485908484452,Seed wins,0,0
SIMULATED,Collect,TD-AR2,SIM-C2-7-0146,-0.30695662185948563,0.3447657771066647,-0.38825035025453497,Seed wins,0,0
SIMULATED,Collect,TD-AR2,SIM-C2-7-0147,0.4431789018470956,0.1899359048392204,1.3094827070353983,P2E wins,0,0
SIMULATED,Collect,TD-AR2,SIM-C2-7-0148,-1.4278042638711175,-1.130756860458222,-1.9031788234854754,Seed wins,0,0
SIMULATED,Collect,TD-AR2,SIM-C2-7-0149,1.3315302472340091,1.548836426835351,1.6374667288007911,Tie,0,0
SIMULATED,Collect,TD-AR2,SIM-C2-7-0150,0.556685534418051,0.2527619812691739,0.12299361652496732,Tie,0,0
SIMULATED,Collect,TD-AR2,SIM-C2-7-0151,1.9959082335380571,2.3207766803693604,2.1533886213943916,Seed wins,0,0
SIMULATED,Collect,TD-AR2,SIM-C2-7-0152,0.71499458422031,0.005804468919809458,-0.7400018916738075,Seed wins,0,1
SIMULATED,Collect,TD-AR2,SIM-C2-7-0153,-0.21514055127086762,-0.6937937227225682,1.1654739261078502,P2E wins,0,0
SIMULATED,Collect,TD-AR2,SIM-C2-7-0154,0.49695129502185426,1.8432540483547282,0.8894479110214004,Seed wins,0,0
SIMULATED,Collect,TD-AR2,SIM-C2-7-0155,0.8620712641209787,1.1650824206722556,1.3030518000214768,Tie,0,0
SIMULATED,Collect,TD-AR2,SIM-C2-7-0156,-0.9315273699178862,-0.8075042104527815,0.14707597947106532,P2E wins,0,0
SIMULATED,Collect,TD-AR2,SIM-C2-7-0157,1.1842871817057947,1.2319532090953014,0.943864603741154,Seed wins,0,0
SIMULATED,Collect,TD-AR2,SIM-C2-7-0158,-0.48582556308854613,-0.5173685763510174,-0.012442531229757081,P2E wins,0,0
SIMULATED,Collect,TD-AR2,SIM-C2-7-0159,1.6563502349406585,3.2704926454012444,2.834024881143577,Seed wins,0,0
